file,m,seed,n,exp_type,mean_sparsity,min_sparsity,max_sparsity,rank,rank_ratio,sumD,rho_m,rho_r,slack_run,mean_resid,mean_sigma,mean_kappa,mean_leverage,tail_mass_001,tail_mass_005,tail_mass_010
n1024_m256_binned_seed0.h5,256,0,1024,binned,0.49931640875001904,0.10000000149011612,0.8999999761581421,256,1.0,255.63200598162075,0.9985625233657061,0.9985625233657061,0.0014374766342939438,0.046807187025470556,0.0014374766342946375,1.5463170177026295,0.2500000000000001,0.01511299114958598,0.004997899175061883,0.0
n1024_m256_binned_seed1.h5,256,1,1024,binned,0.49931640875001904,0.10000000149011612,0.8999999761581421,256,1.0,255.63754356632126,0.9985841545559424,0.9985841545559424,0.0014158454440575952,0.0472089950565004,0.0014158454440582782,1.5691596355300392,0.25000000000000017,0.013466162083843049,0.005999355006617348,0.0
n1024_m256_binned_seed10.h5,256,10,1024,binned,0.49931640875001904,0.10000000149011612,0.8999999761581421,256,1.0,255.62903444777476,0.9985509158116201,0.9985509158116201,0.0014490841883798566,0.04709410129821103,0.0014490841883804345,1.5505992007353335,0.2500000000000001,0.01442561333831439,0.005433220386220711,0.0
n1024_m256_binned_seed100.h5,256,100,1024,binned,0.49931640875001904,0.10000000149011612,0.8999999761581421,256,1.0,255.63408447137044,0.9985706424662908,0.9985706424662908,0.001429357533709208,0.047273195439114256,0.001429357533709798,1.5684418932450266,0.25000000000000017,0.013580917351930955,0.006118622464776271,0.0
n1024_m256_binned_seed101.h5,256,101,1024,binned,0.49931640875001904,0.10000000149011612,0.8999999761581421,256,1.0,255.63169760238088,0.9985613187593003,0.9985613187593003,0.0014386812406996796,0.04758311842720431,0.0014386812407002794,1.5637364988513094,0.2500000000000001,0.013775238448938739,0.005497471207485794,0.0
n1024_m256_binned_seed102.h5,256,102,1024,binned,0.49931640875001904,0.10000000149011612,0.8999999761581421,256,1.0,255.62925537503907,0.9985517788087463,0.9985517788087463,0.0014482211912536513,0.04727244572933469,0.0014482211912541108,1.5517001388672553,0.2500000000000001,0.014511394479201564,0.005142130202125482,0.0
n1024_m256_binned_seed103.h5,256,103,1024,binned,0.49931640875001904,0.10000000149011612,0.8999999761581421,256,1.0,255.62831624656974,0.998548110338163,0.998548110338163,0.0014518896618369581,0.047363167882717556,0.0014518896618374581,1.5626362900777688,0.2500000000000001,0.014223969336386113,0.0059264310555941484,0.0
n1024_m256_binned_seed104.h5,256,104,1024,binned,0.49931640875001904,0.10000000149011612,0.8999999761581421,256,1.0,255.63180375882075,0.9985617334328936,0.9985617334328936,0.0014382665671064387,0.04709870216597125,0.0014382665671069622,1.5720550249982577,0.25000000000000017,0.01328213686160033,0.006429936965191414,1.522849286595284e-06
n1024_m256_binned_seed105.h5,256,105,1024,binned,0.49931640875001904,0.10000000149011612,0.8999999761581421,256,1.0,255.63159659116354,0.9985609241842326,0.9985609241842326,0.00143907581576741,0.047153906343333614,0.001439075815767909,1.5666116257625387,0.2500000000000001,0.013645865239585251,0.006199833429438511,0.0
n1024_m256_binned_seed106.h5,256,106,1024,binned,0.49931640875001904,0.10000000149011612,0.8999999761581421,256,1.0,255.63098441017792,0.9985585328522575,0.9985585328522575,0.0014414671477425145,0.04763316305133059,0.0014414671477428985,1.5707352958421135,0.2500000000000001,0.013084444261347406,0.006186960524460899,0.0
n1024_m256_binned_seed107.h5,256,107,1024,binned,0.49931640875001904,0.10000000149011612,0.8999999761581421,256,1.0,255.62401432180195,0.9985313059445389,0.9985313059445389,0.0014686940554611283,0.047671807845957884,0.0014686940554618619,1.5584326949746674,0.2500000000000002,0.01459456448294429,0.005622346475467466,0.0
n1024_m256_binned_seed108.h5,256,108,1024,binned,0.49931640875001904,0.10000000149011612,0.8999999761581421,256,1.0,255.62855068739736,0.998549026122646,0.998549026122646,0.0014509738773540448,0.047912004485283655,0.0014509738773545576,1.5662716685836506,0.2500000000000001,0.013212963473148407,0.005697447913200097,0.0
n1024_m256_binned_seed109.h5,256,109,1024,binned,0.49931640875001904,0.10000000149011612,0.8999999761581421,256,1.0,255.62515624600928,0.9985357665859738,0.9985357665859738,0.0014642334140262392,0.04746366493935258,0.0014642334140267503,1.558329377069417,0.2500000000000001,0.014182321089994869,0.005916306030556057,0.0
n1024_m256_binned_seed11.h5,256,11,1024,binned,0.49931640875001904,0.10000000149011612,0.8999999761581421,256,1.0,255.62991730346403,0.9985543644666564,0.9985543644666564,0.0014456355333436477,0.04722051901828164,0.0014456355333441401,1.5502633620858735,0.2500000000000001,0.014206023705067352,0.005047222176843185,0.0
n1024_m256_binned_seed110.h5,256,110,1024,binned,0.49931640875001904,0.10000000149011612,0.8999999761581421,256,1.0,255.6301340055943,0.9985552109593527,0.9985552109593527,0.0014447890406472652,0.047300522437107716,0.0014447890406477496,1.5652373387907053,0.2500000000000001,0.01386000424758322,0.006088153916424736,0.0
n1024_m256_binned_seed111.h5,256,111,1024,binned,0.49931640875001904,0.10000000149011612,0.8999999761581421,256,1.0,255.62644723914855,0.998540809527924,0.998540809527924,0.0014591904720759885,0.047509996926793,0.0014591904720765057,1.5558009239581034,0.25000000000000017,0.013799625991953647,0.005678560976489347,0.0
n1024_m256_binned_seed112.h5,256,112,1024,binned,0.49931640875001904,0.10000000149011612,0.8999999761581421,256,1.0,255.62037987593794,0.9985171088903826,0.9985171088903826,0.0014828911096174124,0.047427815718359426,0.0014828911096178203,1.543347834130332,0.2500000000000001,0.015128624905228167,0.005157252587658553,0.0
n1024_m256_binned_seed113.h5,256,113,1024,binned,0.49931640875001904,0.10000000149011612,0.8999999761581421,256,1.0,255.63379052809614,0.9985694942503756,0.9985694942503756,0.0014305057496244444,0.04702508391465818,0.001430505749624929,1.5644208398819963,0.2500000000000001,0.013750810962701813,0.005801839723166691,0.0
n1024_m256_binned_seed114.h5,256,114,1024,binned,0.49931640875001904,0.10000000149011612,0.8999999761581421,256,1.0,255.63116888447257,0.998559253454971,0.998559253454971,0.0014407465450290147,0.04726566520085171,0.0014407465450294794,1.554073208211345,0.2500000000000001,0.013727551129942605,0.005795793943503138,1.0614119366549168e-06
n1024_m256_binned_seed115.h5,256,115,1024,binned,0.49931640875001904,0.10000000149011612,0.8999999761581421,256,1.0,255.6347781590448,0.9985733521837687,0.9985733521837687,0.0014266478162312524,0.04722229876831332,0.0014266478162317652,1.5728964771751823,0.2500000000000001,0.013468056777071306,0.006249705618024856,0.0
n1024_m256_binned_seed116.h5,256,116,1024,binned,0.49931640875001904,0.10000000149011612,0.8999999761581421,256,1.0,255.63856892776676,0.9985881598740889,0.9985881598740889,0.0014118401259111124,0.046709485070925726,0.0014118401259114513,1.558398111129893,0.2500000000000001,0.013476552356906937,0.005626460266779727,0.0
n1024_m256_binned_seed117.h5,256,117,1024,binned,0.49931640875001904,0.10000000149011612,0.8999999761581421,256,1.0,255.62801392166875,0.9985469293815186,0.9985469293815186,0.0014530706184814335,0.0474371537066288,0.001453070618481917,1.5592253860541851,0.2500000000000001,0.013755661155705774,0.005659517912635732,0.0
n1024_m256_binned_seed118.h5,256,118,1024,binned,0.49931640875001904,0.10000000149011612,0.8999999761581421,256,1.0,255.63245729614573,0.9985642863130693,0.9985642863130693,0.0014357136869307396,0.04718806015541093,0.0014357136869313433,1.559232078418126,0.25000000000000017,0.014120238099606872,0.005620484957488638,0.0
n1024_m256_binned_seed119.h5,256,119,1024,binned,0.49931640875001904,0.10000000149011612,0.8999999761581421,256,1.0,255.62772933303495,0.9985458177071678,0.9985458177071678,0.001454182292832229,0.047423712372411754,0.0014541822928328403,1.5501167589606129,0.25000000000000017,0.013980414443511974,0.005330818409312265,0.0
n1024_m256_binned_seed12.h5,256,12,1024,binned,0.49931640875001904,0.10000000149011612,0.8999999761581421,256,1.0,255.6272817488789,0.9985440693315581,0.9985440693315581,0.0014559306684418516,0.047476971174588926,0.0014559306684424188,1.5573913000580013,0.25000000000000017,0.013778855431652713,0.005783827707568463,0.0
n1024_m256_binned_seed120.h5,256,120,1024,binned,0.49931640875001904,0.10000000149011612,0.8999999761581421,256,1.0,255.62376602487348,0.998530336034662,0.998530336034662,0.0014696639653379862,0.047389594100549264,0.0014696639653384652,1.55854321962762,0.2500000000000001,0.014868774141126598,0.005602382050013779,0.0
n1024_m256_binned_seed121.h5,256,121,1024,binned,0.49931640875001904,0.10000000149011612,0.8999999761581421,256,1.0,255.63263146704412,0.9985649666681411,0.9985649666681411,0.0014350333318589037,0.04725769825410382,0.0014350333318595117,1.5662849050654708,0.25000000000000017,0.01362153334659235,0.0060681542600155135,0.0
n1024_m256_binned_seed122.h5,256,122,1024,binned,0.49931640875001904,0.10000000149011612,0.8999999761581421,256,1.0,255.63085805467563,0.9985580392760767,0.9985580392760767,0.00144196072392333,0.047215253827217314,0.0014419607239238364,1.5576944949678815,0.2500000000000001,0.013876203582601386,0.005811144340179842,0.0
n1024_m256_binned_seed123.h5,256,123,1024,binned,0.49931640875001904,0.10000000149011612,0.8999999761581421,256,1.0,255.62803432310466,0.9985470090746276,0.9985470090746276,0.0014529909253724327,0.04761510703045307,0.0014529909253729937,1.566442256549976,0.2500000000000001,0.013710697460474791,0.00597859946474144,0.0
n1024_m256_binned_seed124.h5,256,124,1024,binned,0.49931640875001904,0.10000000149011612,0.8999999761581421,256,1.0,255.63697275669256,0.9985819248308303,0.9985819248308303,0.001418075169169697,0.04729132620845002,0.001418075169170012,1.566609233934277,0.2500000000000001,0.013547801357292333,0.0058638963942522476,0.0
n1024_m256_binned_seed125.h5,256,125,1024,binned,0.49931640875001904,0.10000000149011612,0.8999999761581421,256,1.0,255.62773324614682,0.998545832992761,0.998545832992761,0.0014541670072389934,0.04757982575671448,0.0014541670072395559,1.5592005326652247,0.25000000000000017,0.014154237759012072,0.005782767101308359,0.0
n1024_m256_binned_seed126.h5,256,126,1024,binned,0.49931640875001904,0.10000000149011612,0.8999999761581421,256,1.0,255.61686062709487,0.9985033618245893,0.9985033618245893,0.0014966381754106806,0.04779449532349201,0.0014966381754111292,1.5541400319497867,0.2500000000000001,0.014632185072276042,0.005504887333158329,0.0
n1024_m256_binned_seed127.h5,256,127,1024,binned,0.49931640875001904,0.10000000149011612,0.8999999761581421,256,1.0,255.63443329915754,0.9985720050748341,0.9985720050748341,0.0014279949251658763,0.04688178021189305,0.0014279949251663397,1.5551791100079015,0.2500000000000001,0.014119943528130067,0.005395431987504549,0.0
n1024_m256_binned_seed128.h5,256,128,1024,binned,0.49931640875001904,0.10000000149011612,0.8999999761581421,256,1.0,255.62082234289846,0.9985188372769471,0.9985188372769471,0.0014811627230528757,0.047719719111378844,0.0014811627230532827,1.5605258478595168,0.2500000000000001,0.014104524920820791,0.005915236041662793,0.0
n1024_m256_binned_seed129.h5,256,129,1024,binned,0.49931640875001904,0.10000000149011612,0.8999999761581421,256,1.0,255.6246754128806,0.9985338883315649,0.9985338883315649,0.0014661116684351327,0.047457524424198864,0.0014661116684356978,1.5605152081725377,0.25000000000000017,0.014911516504449426,0.005837701370588743,0.0
n1024_m256_binned_seed13.h5,256,13,1024,binned,0.49931640875001904,0.10000000149011612,0.8999999761581421,256,1.0,255.6340253604576,0.9985704115642875,0.9985704115642875,0.0014295884357125033,0.04737610787454847,0.001429588435712945,1.5660130501368765,0.2500000000000001,0.013307369012612763,0.00593228529773183,0.0
n1024_m256_binned_seed130.h5,256,130,1024,binned,0.49931640875001904,0.10000000149011612,0.8999999761581421,256,1.0,255.62109469616553,0.9985199011568966,0.9985199011568966,0.0014800988431034057,0.04786653920373559,0.0014800988431039259,1.5577733795466184,0.2500000000000001,0.01372758512489232,0.00586394210777295,0.0
n1024_m256_binned_seed131.h5,256,131,1024,binned,0.49931640875001904,0.10000000149011612,0.8999999761581421,256,1.0,255.62787745858077,0.9985463963225811,0.9985463963225811,0.0014536036774188688,0.047695290023978744,0.0014536036774192604,1.5674827482020375,0.2500000000000001,0.01340392243190501,0.006230829598018727,0.0
n1024_m256_binned_seed132.h5,256,132,1024,binned,0.49931640875001904,0.10000000149011612,0.8999999761581421,256,1.0,255.63791806560766,0.9985856174437799,0.9985856174437799,0.0014143825562200618,0.04730430945999762,0.0014143825562204445,1.5699383794719248,0.2500000000000001,0.01290668125021379,0.0060673126053129535,0.0
n1024_m256_binned_seed133.h5,256,133,1024,binned,0.49931640875001904,0.10000000149011612,0.8999999761581421,256,1.0,255.624471125353,0.9985330903334102,0.9985330903334102,0.0014669096665897996,0.04755605981586945,0.0014669096665902318,1.5549858279989215,0.2500000000000001,0.013832018639088856,0.0060852630283282985,1.289286726812177e-06
n1024_m256_binned_seed134.h5,256,134,1024,binned,0.49931640875001904,0.10000000149011612,0.8999999761581421,256,1.0,255.62709626696596,0.9985433447928358,0.9985433447928358,0.0014566552071642036,0.04787811446891436,0.0014566552071646342,1.5651575809802933,0.2500000000000001,0.013561422067973287,0.00568366984403135,0.0
n1024_m256_binned_seed135.h5,256,135,1024,binned,0.49931640875001904,0.10000000149011612,0.8999999761581421,256,1.0,255.63020082858566,0.9985554719866627,0.9985554719866627,0.0014445280133372762,0.04713482541616961,0.00144452801333796,1.55113171866892,0.25000000000000017,0.014324442870878293,0.0052649996971555185,0.0
n1024_m256_binned_seed136.h5,256,136,1024,binned,0.49931640875001904,0.10000000149011612,0.8999999761581421,256,1.0,255.62994026009983,0.998554454141015,0.998554454141015,0.0014455458589850423,0.04746462689672983,0.001445545858985523,1.5603431001304615,0.2500000000000001,0.014247901762689278,0.005272599658888053,0.0
n1024_m256_binned_seed137.h5,256,137,1024,binned,0.49931640875001904,0.10000000149011612,0.8999999761581421,256,1.0,255.61993118797545,0.9985153562030291,0.9985153562030291,0.0014846437969708859,0.04774260395587631,0.0014846437969715386,1.5609875702165523,0.25000000000000017,0.014375283431399209,0.005623425809763262,0.0
n1024_m256_binned_seed138.h5,256,138,1024,binned,0.49931640875001904,0.10000000149011612,0.8999999761581421,256,1.0,255.63448997604428,0.998572226468923,0.998572226468923,0.0014277735310770368,0.04690474659155721,0.001427773531077502,1.556743443470958,0.2500000000000001,0.013711747099802978,0.005515548224468633,0.0
n1024_m256_binned_seed139.h5,256,139,1024,binned,0.49931640875001904,0.10000000149011612,0.8999999761581421,256,1.0,255.63389832655957,0.9985699153381233,0.9985699153381233,0.0014300846618766627,0.047387020748404264,0.001430084661877015,1.5689514329961092,0.2500000000000001,0.01330287992329659,0.005610912691744015,0.0
n1024_m256_binned_seed14.h5,256,14,1024,binned,0.49931640875001904,0.10000000149011612,0.8999999761581421,256,1.0,255.6242111028405,0.9985320746204707,0.9985320746204707,0.0014679253795293334,0.047548095801644756,0.0014679253795299692,1.562835192648538,0.25000000000000017,0.013514789018933266,0.0061284007167877325,5.756412588659988e-06
n1024_m256_binned_seed140.h5,256,140,1024,binned,0.49931640875001904,0.10000000149011612,0.8999999761581421,256,1.0,255.6311401022831,0.9985591410245434,0.9985591410245434,0.0014408589754566492,0.04726376640080118,0.0014408589754571369,1.5644028920960766,0.2500000000000001,0.013851922135955534,0.005879822910697174,0.0
n1024_m256_binned_seed141.h5,256,141,1024,binned,0.49931640875001904,0.10000000149011612,0.8999999761581421,256,1.0,255.6305002799345,0.9985566417184941,0.9985566417184941,0.0014433582815058799,0.047323402047792965,0.001443358281506308,1.5580353104030367,0.2500000000000001,0.013695757877404464,0.006004604715524022,0.0
n1024_m256_binned_seed142.h5,256,142,1024,binned,0.49931640875001904,0.10000000149011612,0.8999999761581421,256,1.0,255.62508876129868,0.998535502973823,0.998535502973823,0.001464497026177014,0.04718101045277467,0.0014644970261776034,1.5593245510917824,0.25000000000000017,0.014441721866988347,0.0063369066947824015,0.0
n1024_m256_binned_seed143.h5,256,143,1024,binned,0.49931640875001904,0.10000000149011612,0.8999999761581421,256,1.0,255.63309996129829,0.9985667967238214,0.9985667967238214,0.001433203276178574,0.04721903685713553,0.0014332032761790725,1.5533785629047783,0.2500000000000001,0.01358546343336858,0.005016894511733568,0.0
n1024_m256_binned_seed144.h5,256,144,1024,binned,0.49931640875001904,0.10000000149011612,0.8999999761581421,256,1.0,255.6285134631762,0.998548880715532,0.998548880715532,0.00145111928446795,0.04733518575230882,0.0014511192844686265,1.5591870325321882,0.25000000000000017,0.014196703754213748,0.005587014141544958,0.0
n1024_m256_binned_seed145.h5,256,145,1024,binned,0.49931640875001904,0.10000000149011612,0.8999999761581421,256,1.0,255.63667942145548,0.9985807789900605,0.9985807789900605,0.0014192210099395197,0.047239494482731965,0.0014192210099401074,1.5655132525915885,0.25000000000000017,0.013466014503477994,0.005562320432015537,0.0
n1024_m256_binned_seed146.h5,256,146,1024,binned,0.49931640875001904,0.10000000149011612,0.8999999761581421,256,1.0,255.62912520579994,0.998551270335156,0.998551270335156,0.0014487296648439951,0.047458025228792076,0.0014487296648443056,1.5683328281322846,0.2500000000000001,0.01338831617815012,0.006082840340131187,0.0
n1024_m256_binned_seed147.h5,256,147,1024,binned,0.49931640875001904,0.10000000149011612,0.8999999761581421,256,1.0,255.62876621924806,0.9985498680439377,0.9985498680439377,0.0014501319560622505,0.04723949956746989,0.0014501319560628967,1.5608161005811472,0.25000000000000017,0.01404270078893679,0.006033103359120368,0.0
n1024_m256_binned_seed148.h5,256,148,1024,binned,0.49931640875001904,0.10000000149011612,0.8999999761581421,256,1.0,255.6312773297832,0.9985596770694656,0.9985596770694656,0.0014403229305344212,0.047210730765109156,0.0014403229305349305,1.5663295185662196,0.2500000000000001,0.01359929839934419,0.006107032556623589,0.0
n1024_m256_binned_seed149.h5,256,149,1024,binned,0.49931640875001904,0.10000000149011612,0.8999999761581421,256,1.0,255.62491232532193,0.9985348137707888,0.9985348137707888,0.0014651862292112128,0.04740426831109842,0.0014651862292118464,1.5589965173283964,0.25000000000000017,0.013989478898630807,0.006287948544327154,0.0
n1024_m256_binned_seed15.h5,256,15,1024,binned,0.49931640875001904,0.10000000149011612,0.8999999761581421,256,1.0,255.6358953041199,0.9985777160317184,0.9985777160317184,0.0014222839682815902,0.04707078974843907,0.0014222839682821358,1.5661859712321191,0.2500000000000001,0.013763470905183824,0.0057798939307911155,0.0
n1024_m256_binned_seed150.h5,256,150,1024,binned,0.49931640875001904,0.10000000149011612,0.8999999761581421,256,1.0,255.63184975292825,0.998561913097376,0.998561913097376,0.0014380869026240362,0.04719456777678444,0.001438086902624559,1.5603368088348735,0.2500000000000001,0.014028831366155112,0.005986702076650415,0.0
n1024_m256_binned_seed151.h5,256,151,1024,binned,0.49931640875001904,0.10000000149011612,0.8999999761581421,256,1.0,255.62985057198966,0.9985541037968346,0.9985541037968346,0.0014458962031653755,0.047253791415124764,0.0014458962031658553,1.558093595895727,0.2500000000000001,0.014044243559265706,0.00599534116597937,0.0
n1024_m256_binned_seed152.h5,256,152,1024,binned,0.49931640875001904,0.10000000149011612,0.8999999761581421,256,1.0,255.6288916938065,0.9985503581789317,0.9985503581789317,0.001449641821068326,0.04727980147861636,0.0014496418210688665,1.5675239582488276,0.25000000000000017,0.013836702899082794,0.006494700191444904,0.0
n1024_m256_binned_seed153.h5,256,153,1024,binned,0.49931640875001904,0.10000000149011612,0.8999999761581421,256,1.0,255.63296814222122,0.9985662818055516,0.9985662818055516,0.0014337181944483746,0.04731235200362778,0.0014337181944486675,1.572896328263012,0.25000000000000006,0.013312914003774682,0.006004381919784151,0.0
n1024_m256_binned_seed154.h5,256,154,1024,binned,0.49931640875001904,0.10000000149011612,0.8999999761581421,256,1.0,255.63144742045552,0.9985603414861544,0.9985603414861544,0.001439658513845643,0.047319245572793434,0.0014396585138464137,1.5691390773057374,0.25000000000000017,0.013339403672664538,0.006142333386696637,0.0
n1024_m256_binned_seed155.h5,256,155,1024,binned,0.49931640875001904,0.10000000149011612,0.8999999761581421,256,1.0,255.6285074072366,0.998548857059518,0.998548857059518,0.0014511429404819864,0.04740109946015512,0.0014511429404824895,1.5611766361933987,0.2500000000000001,0.013872404756423295,0.005877561179959691,0.0
n1024_m256_binned_seed156.h5,256,156,1024,binned,0.49931640875001904,0.10000000149011612,0.8999999761581421,256,1.0,255.63159377640113,0.9985609131890669,0.9985609131890669,0.0014390868109330768,0.047069767624312975,0.0014390868109335922,1.559451401129254,0.2500000000000001,0.013638628138414013,0.006081396866565037,0.0
n1024_m256_binned_seed157.h5,256,157,1024,binned,0.49931640875001904,0.10000000149011612,0.8999999761581421,256,1.0,255.62283912143903,0.9985267153181212,0.9985267153181212,0.0014732846818787948,0.04798428833042414,0.0014732846818793297,1.5601015488872763,0.2500000000000001,0.013911310472243874,0.005690863548535067,0.0
n1024_m256_binned_seed158.h5,256,158,1024,binned,0.49931640875001904,0.10000000149011612,0.8999999761581421,256,1.0,255.63071054394823,0.9985574630622978,0.9985574630622978,0.0014425369377022434,0.04736615167341355,0.0014425369377027947,1.5576598511183066,0.25000000000000017,0.013767129112057894,0.005628450092257686,0.0
n1024_m256_binned_seed159.h5,256,159,1024,binned,0.49931640875001904,0.10000000149011612,0.8999999761581421,256,1.0,255.625236523716,0.9985360801707657,0.9985360801707657,0.001463919829234328,0.047847388515551856,0.0014639198292349016,1.5594727457965762,0.2500000000000001,0.013795677466893665,0.005824173008847642,0.0
n1024_m256_binned_seed16.h5,256,16,1024,binned,0.49931640875001904,0.10000000149011612,0.8999999761581421,256,1.0,255.62560011931055,0.9985375004660568,0.9985375004660568,0.0014624995339431734,0.04745209328008827,0.001462499533943575,1.5484204282005043,0.2500000000000001,0.014535306678142687,0.00547590343090137,0.0
n1024_m256_binned_seed160.h5,256,160,1024,binned,0.49931640875001904,0.10000000149011612,0.8999999761581421,256,1.0,255.62786511280865,0.9985463480969088,0.9985463480969088,0.0014536519030912132,0.04721062039440696,0.0014536519030915152,1.5523296609689343,0.25000000000000006,0.014330648157519051,0.005617809623487144,0.0
n1024_m256_binned_seed161.h5,256,161,1024,binned,0.49931640875001904,0.10000000149011612,0.8999999761581421,256,1.0,255.63807007741707,0.9985862112399104,0.9985862112399104,0.0014137887600895738,0.04702830876269352,0.0014137887600901198,1.5639946964680316,0.25000000000000017,0.013206101660771165,0.005796694850490896,0.0
n1024_m256_binned_seed162.h5,256,162,1024,binned,0.49931640875001904,0.10000000149011612,0.8999999761581421,256,1.0,255.62470516492613,0.9985340045504927,0.9985340045504927,0.001465995449507318,0.047610142074164745,0.0014659954495079323,1.5628061806844873,0.25000000000000017,0.013908146232590027,0.006186617426381746,0.0
n1024_m256_binned_seed163.h5,256,163,1024,binned,0.49931640875001904,0.10000000149011612,0.8999999761581421,256,1.0,255.62916186722578,0.9985514135438507,0.9985514135438507,0.0014485864561493145,0.04747719168032327,0.001448586456149925,1.561708211521412,0.25000000000000017,0.014114876020845915,0.0058400536712125166,0.0
n1024_m256_binned_seed164.h5,256,164,1024,binned,0.49931640875001904,0.10000000149011612,0.8999999761581421,256,1.0,255.6355809251836,0.9985764879889985,0.9985764879889985,0.0014235120110015487,0.04699011057234271,0.0014235120110021719,1.5536784232550298,0.25000000000000017,0.013880370597954245,0.005584130223951986,0.0
n1024_m256_binned_seed165.h5,256,165,1024,binned,0.49931640875001904,0.10000000149011612,0.8999999761581421,256,1.0,255.6272319132404,0.9985438746610953,0.9985438746610953,0.0014561253389047124,0.04727310830986805,0.0014561253389051697,1.5545176831579155,0.2500000000000001,0.014019782802211814,0.005749223398610774,0.0
n1024_m256_binned_seed166.h5,256,166,1024,binned,0.49931640875001904,0.10000000149011612,0.8999999761581421,256,1.0,255.6368751826085,0.9985815436820644,0.9985815436820644,0.0014184563179355791,0.046944107204547926,0.001418456317936085,1.5585980287181387,0.2500000000000001,0.01382336928120954,0.005674340045620162,0.0
n1024_m256_binned_seed167.h5,256,167,1024,binned,0.49931640875001904,0.10000000149011612,0.8999999761581421,256,1.0,255.63284748118895,0.9985658104733943,0.9985658104733943,0.0014341895266056781,0.04732738319881907,0.0014341895266062324,1.5677946313174655,0.2500000000000001,0.013307849204675475,0.005903197312696227,0.0
n1024_m256_binned_seed168.h5,256,168,1024,binned,0.49931640875001904,0.10000000149011612,0.8999999761581421,256,1.0,255.62818861757114,0.9985476117873873,0.9985476117873873,0.0014523882126127319,0.04750744478164027,0.00145238821261331,1.560401351835885,0.25000000000000017,0.013639660740550518,0.006017939504763946,0.0
n1024_m256_binned_seed169.h5,256,169,1024,binned,0.49931640875001904,0.10000000149011612,0.8999999761581421,256,1.0,255.62454443221213,0.9985333766883286,0.9985333766883286,0.0014666233116713556,0.04718982116102546,0.0014666233116719426,1.5554932817142335,0.25000000000000017,0.014117057180561669,0.006130299220927605,0.0
n1024_m256_binned_seed17.h5,256,17,1024,binned,0.49931640875001904,0.10000000149011612,0.8999999761581421,256,1.0,255.6334528404259,0.9985681751579136,0.9985681751579136,0.001431824842086371,0.04731037264107791,0.0014318248420870311,1.568374181336463,0.25000000000000017,0.013510175014598409,0.0060955037935067884,0.0
n1024_m256_binned_seed170.h5,256,170,1024,binned,0.49931640875001904,0.10000000149011612,0.8999999761581421,256,1.0,255.62846313034242,0.9985486841029001,0.9985486841029001,0.001451315897099903,0.04737818533097198,0.0014513158971004609,1.5618923630001043,0.25000000000000017,0.013737295605789193,0.00561490746016733,0.0
n1024_m256_binned_seed171.h5,256,171,1024,binned,0.49931640875001904,0.10000000149011612,0.8999999761581421,256,1.0,255.62756047629227,0.9985451581105167,0.9985451581105167,0.0014548418894833048,0.04729017059972824,0.0014548418894839545,1.5602826096981377,0.25000000000000017,0.013789011835095278,0.006162844997629131,0.0
n1024_m256_binned_seed172.h5,256,172,1024,binned,0.49931640875001904,0.10000000149011612,0.8999999761581421,256,1.0,255.6259056883282,0.998538694095032,0.998538694095032,0.0014613059049679578,0.0474290747728783,0.0014613059049684211,1.5545529046919166,0.2500000000000001,0.014154694667542144,0.005964194227654084,0.0
n1024_m256_binned_seed173.h5,256,173,1024,binned,0.49931640875001904,0.10000000149011612,0.8999999761581421,256,1.0,255.6303352741961,0.9985559971648286,0.9985559971648286,0.0014440028351714318,0.04722292252120117,0.0014440028351720485,1.5564651997495784,0.25000000000000017,0.013918730830640474,0.005544256574646958,0.0
n1024_m256_binned_seed174.h5,256,174,1024,binned,0.49931640875001904,0.10000000149011612,0.8999999761581421,256,1.0,255.63586746921646,0.9985776073016268,0.9985776073016268,0.0014223926983731872,0.047270355370621,0.001422392698373855,1.566818513323408,0.25000000000000017,0.013249798927823676,0.005596114451816523,0.0
n1024_m256_binned_seed175.h5,256,175,1024,binned,0.49931640875001904,0.10000000149011612,0.8999999761581421,256,1.0,255.62795295237447,0.9985466912202128,0.9985466912202128,0.0014533087797872213,0.047569892060128856,0.0014533087797876253,1.5591774209890203,0.2500000000000001,0.013779928238223962,0.0056347993900728284,0.0
n1024_m256_binned_seed176.h5,256,176,1024,binned,0.49931640875001904,0.10000000149011612,0.8999999761581421,256,1.0,255.62409680096607,0.9985316281287737,0.9985316281287737,0.0014683718712262817,0.04753967217181058,0.0014683718712270157,1.5629270049622286,0.2500000000000002,0.013574962503650732,0.006211143882423518,0.0
n1024_m256_binned_seed177.h5,256,177,1024,binned,0.49931640875001904,0.10000000149011612,0.8999999761581421,256,1.0,255.6267044362321,0.9985418142040317,0.9985418142040317,0.0014581857959683475,0.047686755784859404,0.001458185795968761,1.5594942578901263,0.2500000000000001,0.013868016239848926,0.006104423706392221,0.0
n1024_m256_binned_seed178.h5,256,178,1024,binned,0.49931640875001904,0.10000000149011612,0.8999999761581421,256,1.0,255.63754012383288,0.9985841411087222,0.9985841411087222,0.0014158588912778214,0.047369726651816074,0.0014158588912784045,1.5744665188064262,0.2500000000000001,0.012887288014349425,0.005807125683771734,0.0
n1024_m256_binned_seed179.h5,256,179,1024,binned,0.49931640875001904,0.10000000149011612,0.8999999761581421,256,1.0,255.6250013634708,0.9985351615760578,0.9985351615760578,0.001464838423942183,0.0475592135591865,0.0014648384239426486,1.561555943608201,0.2500000000000001,0.014077666019401958,0.0059013095705138015,0.0
n1024_m256_binned_seed18.h5,256,18,1024,binned,0.49931640875001904,0.10000000149011612,0.8999999761581421,256,1.0,255.62431604770245,0.9985324845613377,0.9985324845613377,0.0014675154386623035,0.04747387643627998,0.0014675154386627814,1.564184144898729,0.2500000000000001,0.013722069366059013,0.0063183200411614255,0.0
n1024_m256_binned_seed180.h5,256,180,1024,binned,0.49931640875001904,0.10000000149011612,0.8999999761581421,256,1.0,255.63457330907113,0.9985725519885591,0.9985725519885591,0.0014274480114409016,0.047331109831678604,0.0014274480114414097,1.5569484673231713,0.2500000000000001,0.013468861590623311,0.005111398424305364,0.0
n1024_m256_binned_seed181.h5,256,181,1024,binned,0.49931640875001904,0.10000000149011612,0.8999999761581421,256,1.0,255.6286329792929,0.9985493475753628,0.9985493475753628,0.0014506524246371555,0.04740737236069829,0.0014506524246378416,1.5683716892162283,0.25000000000000017,0.013475682037877534,0.005980025824465125,0.0
n1024_m256_binned_seed182.h5,256,182,1024,binned,0.49931640875001904,0.10000000149011612,0.8999999761581421,256,1.0,255.6269146699633,0.9985426354295441,0.9985426354295441,0.0014573645704558658,0.04738651936381865,0.0014573645704564567,1.5504357225721848,0.2500000000000001,0.014275407381501008,0.005192192075014678,0.0
n1024_m256_binned_seed183.h5,256,183,1024,binned,0.49931640875001904,0.10000000149011612,0.8999999761581421,256,1.0,255.64056004748272,0.9985959376854794,0.9985959376854794,0.0014040623145206155,0.046773367336030304,0.001404062314521095,1.5661202818937563,0.2500000000000001,0.013857869575031524,0.005653676854754055,0.0
n1024_m256_binned_seed184.h5,256,184,1024,binned,0.49931640875001904,0.10000000149011612,0.8999999761581421,256,1.0,255.62572872031888,0.9985380028137456,0.9985380028137456,0.0014619971862543935,0.047262156688056826,0.0014619971862549523,1.5626477158434071,0.2500000000000001,0.014562075835828915,0.005856902286393198,0.0
n1024_m256_binned_seed185.h5,256,185,1024,binned,0.49931640875001904,0.10000000149011612,0.8999999761581421,256,1.0,255.63245282876596,0.998564268862367,0.998564268862367,0.0014357311376329562,0.04745538435731713,0.001435731137633656,1.5687297571448153,0.25000000000000017,0.013431233016993352,0.005756996182609342,0.0
n1024_m256_binned_seed186.h5,256,186,1024,binned,0.49931640875001904,0.10000000149011612,0.8999999761581421,256,1.0,255.63559330099088,0.9985765363319956,0.9985765363319956,0.0014234636680043877,0.04709025627709773,0.001423463668004993,1.5596983537945148,0.2500000000000001,0.013737069340585622,0.005974637065453857,0.0
n1024_m256_binned_seed187.h5,256,187,1024,binned,0.49931640875001904,0.10000000149011612,0.8999999761581421,256,1.0,255.6376048598322,0.9985843939837196,0.9985843939837196,0.0014156060162804351,0.04701618399673003,0.0014156060162809321,1.5745959524278497,0.2500000000000001,0.013468614438031393,0.006154631314482523,0.0
n1024_m256_binned_seed188.h5,256,188,1024,binned,0.49931640875001904,0.10000000149011612,0.8999999761581421,256,1.0,255.62531794031383,0.9985363982043509,0.9985363982043509,0.0014636017956490832,0.04754417292607744,0.0014636017956495399,1.5570283839749506,0.2500000000000001,0.014358382555934033,0.0056872814209320555,0.0
n1024_m256_binned_seed189.h5,256,189,1024,binned,0.49931640875001904,0.10000000149011612,0.8999999761581421,256,1.0,255.62440180615522,0.9985328195552938,0.9985328195552938,0.0014671804447061731,0.047540597857951776,0.0014671804447066816,1.5489541380921124,0.25000000000000017,0.014859799461861955,0.005520638105239435,0.0
n1024_m256_binned_seed19.h5,256,19,1024,binned,0.49931640875001904,0.10000000149011612,0.8999999761581421,256,1.0,255.62915058441286,0.9985513694703627,0.9985513694703627,0.0014486305296372848,0.047408711113633345,0.001448630529637751,1.5635789583166253,0.2500000000000001,0.013791083822094513,0.005797451116083808,0.0
n1024_m256_binned_seed190.h5,256,190,1024,binned,0.49931640875001904,0.10000000149011612,0.8999999761581421,256,1.0,255.627915577963,0.998546545226418,0.998546545226418,0.0014534547735820524,0.047535663283430694,0.0014534547735825787,1.5643741340422659,0.2500000000000001,0.013746951501046076,0.0060820108265036725,0.0
n1024_m256_binned_seed191.h5,256,191,1024,binned,0.49931640875001904,0.10000000149011612,0.8999999761581421,256,1.0,255.62621300850878,0.9985398945644874,0.9985398945644874,0.0014601054355125598,0.04763601701206472,0.001460105435513024,1.562902734968364,0.2500000000000001,0.014130697200874707,0.005687673106379863,0.0
n1024_m256_binned_seed192.h5,256,192,1024,binned,0.49931640875001904,0.10000000149011612,0.8999999761581421,256,1.0,255.62837169093837,0.998548326917728,0.998548326917728,0.0014516730822720092,0.047330913524557275,0.001451673082272357,1.5571365376986743,0.2500000000000001,0.014233189318494295,0.005548116858390852,0.0
n1024_m256_binned_seed193.h5,256,193,1024,binned,0.49931640875001904,0.10000000149011612,0.8999999761581421,256,1.0,255.62813219176314,0.9985473913740748,0.9985473913740748,0.0014526086259252224,0.047397507628526216,0.0014526086259258276,1.5530062114005307,0.25000000000000017,0.014127336045429944,0.005656786828050522,0.0
n1024_m256_binned_seed194.h5,256,194,1024,binned,0.49931640875001904,0.10000000149011612,0.8999999761581421,256,1.0,255.63553834297636,0.9985763216522514,0.9985763216522514,0.0014236783477485915,0.04717394303302461,0.0014236783477491052,1.5645541190513914,0.2500000000000001,0.013383000805413537,0.005396349428471142,0.0
n1024_m256_binned_seed195.h5,256,195,1024,binned,0.49931640875001904,0.10000000149011612,0.8999999761581421,256,1.0,255.63197974422656,0.998562420875885,0.998562420875885,0.0014375791241150182,0.047440909502684016,0.0014375791241155657,1.5615867886262802,0.2500000000000001,0.013508104544661718,0.005595122229966045,0.0
n1024_m256_binned_seed196.h5,256,196,1024,binned,0.49931640875001904,0.10000000149011612,0.8999999761581421,256,1.0,255.63299377748626,0.9985663819433057,0.9985663819433057,0.0014336180566942858,0.046890971734116334,0.001433618056694871,1.5557936849957046,0.2500000000000001,0.014263141338504334,0.0055278016492451044,0.0
n1024_m256_binned_seed197.h5,256,197,1024,binned,0.49931640875001904,0.10000000149011612,0.8999999761581421,256,1.0,255.63219733163714,0.9985632708267076,0.9985632708267076,0.001436729173292406,0.0472401327524184,0.0014367291732928181,1.5602071526174324,0.2500000000000001,0.01333480617121945,0.005450355241578676,0.0
n1024_m256_binned_seed198.h5,256,198,1024,binned,0.49931640875001904,0.10000000149011612,0.8999999761581421,256,1.0,255.62715395379928,0.9985435701320284,0.9985435701320284,0.0014564298679715648,0.04753609559669802,0.0014564298679721306,1.560229196881028,0.2500000000000001,0.013511722238349518,0.0057133189738421426,0.0
n1024_m256_binned_seed199.h5,256,199,1024,binned,0.49931640875001904,0.10000000149011612,0.8999999761581421,256,1.0,255.62651242595166,0.9985410641638737,0.9985410641638737,0.0014589358361263294,0.04753025609420564,0.001458935836126998,1.557926474245721,0.25000000000000017,0.0142619734952185,0.005703971413416263,0.0
n1024_m256_binned_seed2.h5,256,2,1024,binned,0.49931640875001904,0.10000000149011612,0.8999999761581421,256,1.0,255.6334416783211,0.9985681315559418,0.9985681315559418,0.001431868444058182,0.047248512281197315,0.0014318684440589142,1.5626418179101564,0.25000000000000017,0.013446985548548163,0.005716912677134047,0.0
n1024_m256_binned_seed20.h5,256,20,1024,binned,0.49931640875001904,0.10000000149011612,0.8999999761581421,256,1.0,255.6290879685548,0.9985511248771672,0.9985511248771672,0.00144887512283276,0.047376727035692366,0.0014488751228332896,1.5608908260159677,0.2500000000000001,0.014001666825331176,0.006094620257787495,0.0
n1024_m256_binned_seed200.h5,256,200,1024,binned,0.49931640875001904,0.10000000149011612,0.8999999761581421,256,1.0,255.6290834897227,0.9985511073817293,0.9985511073817293,0.0014488926182707473,0.04736783217469933,0.0014488926182713224,1.5574076125291898,0.25000000000000017,0.013585104146269136,0.005595083659614576,0.0
n1024_m256_binned_seed201.h5,256,201,1024,binned,0.49931640875001904,0.10000000149011612,0.8999999761581421,256,1.0,255.6333223843103,0.9985676655637121,0.9985676655637121,0.0014323344362878743,0.04714818832057458,0.0014323344362881748,1.5578804556547425,0.2500000000000001,0.013632520592324606,0.0058691280935036835,0.0
n1024_m256_binned_seed202.h5,256,202,1024,binned,0.49931640875001904,0.10000000149011612,0.8999999761581421,256,1.0,255.62300127773779,0.9985273487411632,0.9985273487411632,0.0014726512588367768,0.04756824894143161,0.001472651258837301,1.5536295500549457,0.2500000000000001,0.014397989969743718,0.0058551295660496955,0.0
n1024_m256_binned_seed203.h5,256,203,1024,binned,0.49931640875001904,0.10000000149011612,0.8999999761581421,256,1.0,255.63597526412923,0.9985780283755048,0.9985780283755048,0.0014219716244951996,0.04715201117181636,0.0014219716244955982,1.5674686961291393,0.2500000000000001,0.013678283213611668,0.0060129607052340365,0.0
n1024_m256_binned_seed204.h5,256,204,1024,binned,0.49931640875001904,0.10000000149011612,0.8999999761581421,256,1.0,255.62958049691224,0.9985530488160634,0.9985530488160634,0.0014469511839365623,0.04739144656383489,0.0014469511839371651,1.5590463998519468,0.2500000000000001,0.014216045045749111,0.005526549622483057,0.0
n1024_m256_binned_seed205.h5,256,205,1024,binned,0.49931640875001904,0.10000000149011612,0.8999999761581421,256,1.0,255.61832848317863,0.9985090956374165,0.9985090956374165,0.0014909043625834784,0.047560943236690585,0.001490904362583891,1.544520183727933,0.2500000000000001,0.014755234640683235,0.005700000125085683,0.0
n1024_m256_binned_seed206.h5,256,206,1024,binned,0.49931640875001904,0.10000000149011612,0.8999999761581421,256,1.0,255.6308390532795,0.998557965051873,0.998557965051873,0.0014420349481270023,0.04728609617507296,0.0014420349481276578,1.56114585690131,0.25000000000000017,0.01381803346785607,0.005523134224570847,0.0
n1024_m256_binned_seed207.h5,256,207,1024,binned,0.49931640875001904,0.10000000149011612,0.8999999761581421,256,1.0,255.6345743699203,0.9985725561325012,0.9985725561325012,0.0014274438674988232,0.047133881010426044,0.0014274438674994165,1.5592752263829321,0.2500000000000001,0.013784967830524991,0.005164919109839738,0.0
n1024_m256_binned_seed208.h5,256,208,1024,binned,0.49931640875001904,0.10000000149011612,0.8999999761581421,256,1.0,255.6298349618737,0.9985540428198192,0.9985540428198192,0.0014459571801808124,0.04731663743720222,0.0014459571801812496,1.5591238808597894,0.2500000000000001,0.014032768433795202,0.00583211587088347,0.0
n1024_m256_binned_seed209.h5,256,209,1024,binned,0.49931640875001904,0.10000000149011612,0.8999999761581421,256,1.0,255.63068181193375,0.9985573508278662,0.9985573508278662,0.0014426491721337698,0.047149077130886174,0.001442649172134559,1.5552297013562444,0.2500000000000002,0.014439922483455445,0.005586663875334384,0.0
n1024_m256_binned_seed21.h5,256,21,1024,binned,0.49931640875001904,0.10000000149011612,0.8999999761581421,256,1.0,255.63439815303718,0.9985718677853015,0.9985718677853015,0.0014281322146985076,0.047263805811077746,0.001428132214699012,1.5600144698892453,0.2500000000000001,0.01369416261647752,0.005855600738770325,0.0
n1024_m256_binned_seed210.h5,256,210,1024,binned,0.49931640875001904,0.10000000149011612,0.8999999761581421,256,1.0,255.625232020946,0.9985360625818203,0.9985360625818203,0.0014639374181797393,0.047467733873455764,0.0014639374181801051,1.5577728784693095,0.2500000000000001,0.014040062919014397,0.005404654115417254,0.0
n1024_m256_binned_seed211.h5,256,211,1024,binned,0.49931640875001904,0.10000000149011612,0.8999999761581421,256,1.0,255.6309787206992,0.9985585106277313,0.9985585106277313,0.0014414893722687339,0.04714006412143018,0.0014414893722692241,1.556112558630541,0.2500000000000001,0.01416071503395704,0.005868464528841067,0.0
n1024_m256_binned_seed212.h5,256,212,1024,binned,0.49931640875001904,0.10000000149011612,0.8999999761581421,256,1.0,255.6289377582434,0.9985505381181383,0.9985505381181383,0.00144946188186168,0.04725925989523099,0.001449461881862334,1.5631023462106906,0.25000000000000017,0.013634329480141365,0.006057216869782605,0.0
n1024_m256_binned_seed213.h5,256,213,1024,binned,0.49931640875001904,0.10000000149011612,0.8999999761581421,256,1.0,255.6225996591238,0.9985257799184524,0.9985257799184524,0.001474220081547628,0.04770893158615457,0.001474220081548303,1.5536144527871296,0.25000000000000017,0.01403064243905642,0.005633176094865254,0.0
n1024_m256_binned_seed214.h5,256,214,1024,binned,0.49931640875001904,0.10000000149011612,0.8999999761581421,256,1.0,255.62928394964547,0.9985518904283026,0.9985518904283026,0.0014481095716973869,0.04746582305699371,0.0014481095716979658,1.5578951975887205,0.2500000000000001,0.014141756628081576,0.005114396109922047,0.0
n1024_m256_binned_seed215.h5,256,215,1024,binned,0.49931640875001904,0.10000000149011612,0.8999999761581421,256,1.0,255.63502327176684,0.9985743096553392,0.9985743096553392,0.0014256903446607794,0.04726460292400355,0.0014256903446611478,1.5614810207801737,0.2500000000000001,0.013545798793480807,0.005657333828704633,0.0
n1024_m256_binned_seed216.h5,256,216,1024,binned,0.49931640875001904,0.10000000149011612,0.8999999761581421,256,1.0,255.6361517104233,0.998578717618841,0.998578717618841,0.001421282381159017,0.04703481037920031,0.0014212823811595833,1.563257525371364,0.2500000000000001,0.013848649411516152,0.005684934760080846,0.0
n1024_m256_binned_seed217.h5,256,217,1024,binned,0.49931640875001904,0.10000000149011612,0.8999999761581421,256,1.0,255.63356277628918,0.9985686045948796,0.9985686045948796,0.0014313954051203837,0.04700832821733765,0.0014313954051209039,1.554567155977492,0.2500000000000001,0.01387627287728048,0.0054171701462143035,0.0
n1024_m256_binned_seed218.h5,256,218,1024,binned,0.49931640875001904,0.10000000149011612,0.8999999761581421,256,1.0,255.6260416402074,0.9985392251570602,0.9985392251570602,0.001460774842939827,0.047527434304918896,0.0014607748429402154,1.5676003702184278,0.2500000000000001,0.013800475535343441,0.006240668946633747,0.0
n1024_m256_binned_seed219.h5,256,219,1024,binned,0.49931640875001904,0.10000000149011612,0.8999999761581421,256,1.0,255.6294502877281,0.9985525401864379,0.9985525401864379,0.0014474598135620909,0.047361812187855165,0.0014474598135627023,1.554724279733654,0.25000000000000017,0.014003227181304525,0.0054819626804165885,0.0
n1024_m256_binned_seed22.h5,256,22,1024,binned,0.49931640875001904,0.10000000149011612,0.8999999761581421,256,1.0,255.63030676791095,0.9985558858121522,0.9985558858121522,0.0014441141878478447,0.0473435494249974,0.0014441141878485677,1.5650997595684195,0.2500000000000002,0.013934677688860832,0.00608042007148776,0.0
n1024_m256_binned_seed220.h5,256,220,1024,binned,0.49931640875001904,0.10000000149011612,0.8999999761581421,256,1.0,255.62415121494269,0.9985318406833699,0.9985318406833699,0.0014681593166301354,0.04769498480265274,0.001468159316630673,1.5617780905961556,0.2500000000000001,0.013577487144946821,0.006233597913614875,0.0
n1024_m256_binned_seed221.h5,256,221,1024,binned,0.49931640875001904,0.10000000149011612,0.8999999761581421,256,1.0,255.63087844339316,0.9985581189195045,0.9985581189195045,0.0014418810804954774,0.0470648805312479,0.0014418810804960748,1.5600334107935931,0.25000000000000017,0.014183000760713342,0.00592344013618689,0.0
n1024_m256_binned_seed222.h5,256,222,1024,binned,0.49931640875001904,0.10000000149011612,0.8999999761581421,256,1.0,255.63254942995263,0.9985646462107525,0.9985646462107525,0.0014353537892475288,0.047349177636556834,0.0014353537892480698,1.565711903290007,0.2500000000000001,0.013870735134945047,0.00589701197374427,0.0
n1024_m256_binned_seed223.h5,256,223,1024,binned,0.49931640875001904,0.10000000149011612,0.8999999761581421,256,1.0,255.6209603571333,0.998519376395052,0.998519376395052,0.0014806236049480503,0.047233856778219126,0.00148062360494859,1.551664344604344,0.2500000000000001,0.014821921346074145,0.006178127705147066,0.0
n1024_m256_binned_seed224.h5,256,224,1024,binned,0.49931640875001904,0.10000000149011612,0.8999999761581421,256,1.0,255.62857596912363,0.9985491248793892,0.9985491248793892,0.0014508751206108172,0.04719885810810002,0.0014508751206112039,1.5617970379324726,0.2500000000000001,0.013703827638357867,0.005820838493997059,0.0
n1024_m256_binned_seed225.h5,256,225,1024,binned,0.49931640875001904,0.10000000149011612,0.8999999761581421,256,1.0,255.64144047521404,0.9985993768563048,0.9985993768563048,0.0014006231436951566,0.046794133159447394,0.0014006231436956937,1.5705926349140062,0.2500000000000001,0.013220571182626092,0.00592610541592873,0.0
n1024_m256_binned_seed226.h5,256,226,1024,binned,0.49931640875001904,0.10000000149011612,0.8999999761581421,256,1.0,255.63261008249538,0.9985648831347476,0.9985648831347476,0.0014351168652524393,0.04724644768355366,0.0014351168652529493,1.5634689355127223,0.2500000000000001,0.013448652820091674,0.006011542511539458,0.0
n1024_m256_binned_seed227.h5,256,227,1024,binned,0.49931640875001904,0.10000000149011612,0.8999999761581421,256,1.0,255.63216863092384,0.9985631587145463,0.9985631587145463,0.0014368412854537382,0.04730920699404225,0.0014368412854543623,1.5666703639731459,0.2500000000000001,0.013536610104458592,0.006076794350188842,0.0
n1024_m256_binned_seed228.h5,256,228,1024,binned,0.49931640875001904,0.10000000149011612,0.8999999761581421,256,1.0,255.63272003580641,0.9985653126398688,0.9985653126398688,0.0014346873601311927,0.04766240848296448,0.0014346873601315093,1.5681239268182663,0.25000000000000006,0.01313974693759971,0.005843992465476944,0.0
n1024_m256_binned_seed229.h5,256,229,1024,binned,0.49931640875001904,0.10000000149011612,0.8999999761581421,256,1.0,255.62783451401629,0.9985462285703761,0.9985462285703761,0.0014537714296238846,0.047417157450828515,0.0014537714296245273,1.5563348306920932,0.25000000000000017,0.014013980076378432,0.005835953759171423,0.0
n1024_m256_binned_seed23.h5,256,23,1024,binned,0.49931640875001904,0.10000000149011612,0.8999999761581421,256,1.0,255.62249164642708,0.9985253579938558,0.9985253579938558,0.0014746420061442223,0.04779195169355224,0.0014746420061446566,1.5642376393576949,0.2500000000000001,0.014030333014181811,0.005856882107487582,0.0
n1024_m256_binned_seed230.h5,256,230,1024,binned,0.49931640875001904,0.10000000149011612,0.8999999761581421,256,1.0,255.6305618269398,0.9985568821364836,0.9985568821364836,0.0014431178635163633,0.04756379818205586,0.001443117863516696,1.5679483042425122,0.2500000000000001,0.0133297307351691,0.005733473233168805,0.0
n1024_m256_binned_seed231.h5,256,231,1024,binned,0.49931640875001904,0.10000000149011612,0.8999999761581421,256,1.0,255.63121632525872,0.9985594387705419,0.9985594387705419,0.001440561229458126,0.047091515557865095,0.0014405612294586592,1.5641025770962662,0.2500000000000001,0.014375094413908366,0.006049584419232038,0.0
n1024_m256_binned_seed232.h5,256,232,1024,binned,0.49931640875001904,0.10000000149011612,0.8999999761581421,256,1.0,255.63128597126342,0.9985597108252477,0.9985597108252477,0.0014402891747522517,0.04703247319974616,0.001440289174752781,1.555958940493365,0.2500000000000001,0.014171242967713816,0.005711032992830411,0.0
n1024_m256_binned_seed233.h5,256,233,1024,binned,0.49931640875001904,0.10000000149011612,0.8999999761581421,256,1.0,255.62818676924508,0.9985476045673636,0.9985476045673636,0.001452395432636422,0.04743762257838378,0.001452395432637089,1.5595691934894969,0.25000000000000017,0.014074063447098441,0.005454516631006523,0.0
n1024_m256_binned_seed234.h5,256,234,1024,binned,0.49931640875001904,0.10000000149011612,0.8999999761581421,256,1.0,255.62713540811092,0.9985434976879333,0.9985434976879333,0.001456502312066732,0.04752438495979614,0.0014565023120673738,1.5539656223238068,0.25000000000000017,0.014475111846910088,0.005077858761894045,0.0
n1024_m256_binned_seed235.h5,256,235,1024,binned,0.49931640875001904,0.10000000149011612,0.8999999761581421,256,1.0,255.62673346114752,0.9985419275826075,0.9985419275826075,0.0014580724173924864,0.04756697323502857,0.0014580724173929934,1.5567197610478727,0.2500000000000001,0.013985738879335533,0.005789785155686774,0.0
n1024_m256_binned_seed236.h5,256,236,1024,binned,0.49931640875001904,0.10000000149011612,0.8999999761581421,256,1.0,255.63966273679398,0.9985924325656015,0.9985924325656015,0.0014075674343985156,0.047140584131135053,0.001407567434399202,1.5725232431182163,0.25000000000000017,0.013103683137390668,0.006059892458209851,0.0
n1024_m256_binned_seed237.h5,256,237,1024,binned,0.49931640875001904,0.10000000149011612,0.8999999761581421,256,1.0,255.63385182640923,0.998569733696911,0.998569733696911,0.0014302663030889562,0.047293624763389754,0.0014302663030894077,1.5689809157400243,0.2500000000000001,0.013365650806752446,0.00600368692435048,0.0
n1024_m256_binned_seed238.h5,256,238,1024,binned,0.49931640875001904,0.10000000149011612,0.8999999761581421,256,1.0,255.6307697184384,0.99855769421265,0.99855769421265,0.001442305787350051,0.047426745304021876,0.0014423057873505876,1.5684072921110992,0.25000000000000017,0.013487424755314606,0.006027394434842274,0.0
n1024_m256_binned_seed239.h5,256,239,1024,binned,0.49931640875001904,0.10000000149011612,0.8999999761581421,256,1.0,255.635091524804,0.9985745762687657,0.9985745762687657,0.001425423731234332,0.04734995353177956,0.0014254237312349039,1.5610867284922154,0.2500000000000001,0.013465667664769997,0.005579175782535303,0.0
n1024_m256_binned_seed24.h5,256,24,1024,binned,0.49931640875001904,0.10000000149011612,0.8999999761581421,256,1.0,255.6202683908341,0.9985166734016957,0.9985166734016957,0.001483326598304302,0.04770696884411543,0.0014833265983050336,1.5539703484247733,0.2500000000000002,0.014560880396675772,0.00570381746226092,0.0
n1024_m256_binned_seed240.h5,256,240,1024,binned,0.49931640875001904,0.10000000149011612,0.8999999761581421,256,1.0,255.62873432962806,0.9985497434751096,0.9985497434751096,0.001450256524890392,0.04680512022322253,0.0014502565248909046,1.5555564653004392,0.25000000000000017,0.014030421958353915,0.006042073825490072,1.2583351093465344e-06
n1024_m256_binned_seed241.h5,256,241,1024,binned,0.49931640875001904,0.10000000149011612,0.8999999761581421,256,1.0,255.6305549518438,0.9985568552806399,0.9985568552806399,0.0014431447193601343,0.047287107967448824,0.0014431447193606224,1.5662853192140784,0.2500000000000001,0.01397342535705193,0.006001919794249843,1.2759576149964446e-06
n1024_m256_binned_seed242.h5,256,242,1024,binned,0.49931640875001904,0.10000000149011612,0.8999999761581421,256,1.0,255.62462847890856,0.9985337049957366,0.9985337049957366,0.0014662950042634293,0.04752052555490573,0.0014662950042639872,1.5640266686705122,0.2500000000000001,0.014177607772297773,0.006301061906715154,0.0
n1024_m256_binned_seed243.h5,256,243,1024,binned,0.49931640875001904,0.10000000149011612,0.8999999761581421,256,1.0,255.6319630840735,0.9985623557971621,0.9985623557971621,0.0014376442028378733,0.04741742708566565,0.0014376442028385854,1.5703975830729595,0.25000000000000017,0.013275675824318135,0.005900763933887124,0.0
n1024_m256_binned_seed244.h5,256,244,1024,binned,0.49931640875001904,0.10000000149011612,0.8999999761581421,256,1.0,255.6219158325839,0.9985231087210309,0.9985231087210309,0.0014768912789691058,0.04768887752500435,0.0014768912789696958,1.5648602882597678,0.25000000000000017,0.014026313197125257,0.005991802234916007,0.0
n1024_m256_binned_seed245.h5,256,245,1024,binned,0.49931640875001904,0.10000000149011612,0.8999999761581421,256,1.0,255.62572266055213,0.9985379791427818,0.9985379791427818,0.0014620208572182491,0.047480781886846894,0.0014620208572187806,1.5634491158545032,0.2500000000000001,0.013591047438347478,0.0059027249813056485,0.0
n1024_m256_binned_seed246.h5,256,246,1024,binned,0.49931640875001904,0.10000000149011612,0.8999999761581421,256,1.0,255.62927268841304,0.9985518464391134,0.9985518464391134,0.001448153560886567,0.047068181201898714,0.0014481535608872236,1.5548090322995585,0.25000000000000017,0.014705429225319724,0.00552042336151954,0.0
n1024_m256_binned_seed247.h5,256,247,1024,binned,0.49931640875001904,0.10000000149011612,0.8999999761581421,256,1.0,255.6228728973947,0.998526847255448,0.998526847255448,0.0014731527445519532,0.04787730138828106,0.0014731527445523758,1.570153888146211,0.2500000000000001,0.012968230656246844,0.006335753460313501,1.4275266472577639e-06
n1024_m256_binned_seed248.h5,256,248,1024,binned,0.49931640875001904,0.10000000149011612,0.8999999761581421,256,1.0,255.62473416035937,0.9985341178139038,0.9985341178139038,0.0014658821860962234,0.04760653579499872,0.001465882186096807,1.5550037465023128,0.2500000000000001,0.01439098641103079,0.005522131777782974,0.0
n1024_m256_binned_seed249.h5,256,249,1024,binned,0.49931640875001904,0.10000000149011612,0.8999999761581421,256,1.0,255.63305523326562,0.9985666220049438,0.9985666220049438,0.001433377995056162,0.04731855913842901,0.0014333779950566807,1.5633939044910674,0.2500000000000001,0.013550674605116234,0.005641940008904512,0.0
n1024_m256_binned_seed25.h5,256,25,1024,binned,0.49931640875001904,0.10000000149011612,0.8999999761581421,256,1.0,255.62455235561356,0.9985334076391155,0.9985334076391155,0.0014665923608845333,0.04733625890958586,0.0014665923608851517,1.548927940831695,0.2500000000000001,0.015147276558232586,0.005727812821744527,0.0
n1024_m256_binned_seed250.h5,256,250,1024,binned,0.49931640875001904,0.10000000149011612,0.8999999761581421,256,1.0,255.63411871387507,0.9985707762260745,0.9985707762260745,0.0014292237739255143,0.047592402686562146,0.0014292237739259963,1.5696966368100471,0.2500000000000001,0.012821824159380515,0.0056961296724272826,0.0
n1024_m256_binned_seed251.h5,256,251,1024,binned,0.49931640875001904,0.10000000149011612,0.8999999761581421,256,1.0,255.63554296462098,0.9985763397055507,0.9985763397055507,0.0014236602944492915,0.04700608368960125,0.0014236602944498278,1.572971750743632,0.2500000000000001,0.013052099859910194,0.006332905609578382,0.0
n1024_m256_binned_seed252.h5,256,252,1024,binned,0.49931640875001904,0.10000000149011612,0.8999999761581421,256,1.0,255.63524921594944,0.9985751922498025,0.9985751922498025,0.0014248077501974876,0.04688799107547384,0.001424807750197947,1.5565231123546037,0.2500000000000001,0.013955048255579805,0.005597507334714134,0.0
n1024_m256_binned_seed253.h5,256,253,1024,binned,0.49931640875001904,0.10000000149011612,0.8999999761581421,256,1.0,255.63022921441006,0.9985555828687893,0.9985555828687893,0.0014444171312106846,0.04697270659967115,0.0014444171312111775,1.5534312430176083,0.2500000000000001,0.01417674898586667,0.005605985221278465,0.0
n1024_m256_binned_seed254.h5,256,254,1024,binned,0.49931640875001904,0.10000000149011612,0.8999999761581421,256,1.0,255.6235330098425,0.9985294258196973,0.9985294258196973,0.0014705741803027195,0.04750528285864856,0.0014705741803031234,1.5563130596041101,0.2500000000000001,0.014142324155190098,0.005939394054951311,0.0
n1024_m256_binned_seed255.h5,256,255,1024,binned,0.49931640875001904,0.10000000149011612,0.8999999761581421,256,1.0,255.6324434682756,0.9985642322979515,0.9985642322979515,0.0014357677020484516,0.047565675139038456,0.0014357677020490729,1.5714733219263035,0.2500000000000001,0.013399355502915268,0.006101805565161866,0.0
n1024_m256_binned_seed256.h5,256,256,1024,binned,0.49931640875001904,0.10000000149011612,0.8999999761581421,256,1.0,255.63010500567907,0.9985550976784339,0.9985550976784339,0.0014449023215661327,0.047272943720379414,0.0014449023215667872,1.555098141573654,0.25000000000000017,0.01419912930943159,0.005599184577375399,0.0
n1024_m256_binned_seed257.h5,256,257,1024,binned,0.49931640875001904,0.10000000149011612,0.8999999761581421,256,1.0,255.62778558715945,0.9985460374498416,0.9985460374498416,0.0014539625501583942,0.04752677307316106,0.001453962550159045,1.5712343086110565,0.25000000000000017,0.01370905039989945,0.006078749181524042,0.0
n1024_m256_binned_seed258.h5,256,258,1024,binned,0.49931640875001904,0.10000000149011612,0.8999999761581421,256,1.0,255.63047162680596,0.9985565297922108,0.9985565297922108,0.0014434702077892325,0.047286604799378816,0.0014434702077897805,1.563924149487338,0.2500000000000001,0.013068268773120178,0.0061096905333998894,1.6478752827771693e-06
n1024_m256_binned_seed259.h5,256,259,1024,binned,0.49931640875001904,0.10000000149011612,0.8999999761581421,256,1.0,255.62947914500546,0.9985526529101776,0.9985526529101776,0.001447347089822415,0.04742963033763028,0.0014473470898229521,1.5650506577505905,0.2500000000000001,0.01380796019500207,0.005743284345736658,0.0
n1024_m256_binned_seed26.h5,256,26,1024,binned,0.49931640875001904,0.10000000149011612,0.8999999761581421,256,1.0,255.6419208868174,0.9986012534641304,0.9986012534641304,0.0013987465358695772,0.04639256395854484,0.0013987465358701468,1.558490072334107,0.2500000000000001,0.013821955316742712,0.005520806397177277,0.0
n1024_m256_binned_seed260.h5,256,260,1024,binned,0.49931640875001904,0.10000000149011612,0.8999999761581421,256,1.0,255.63240846224653,0.9985640955556505,0.9985640955556505,0.0014359044443494895,0.04718504341770959,0.001435904444350069,1.5596029326437877,0.2500000000000001,0.014003447073666206,0.005822960783427157,0.0
n1024_m256_binned_seed261.h5,256,261,1024,binned,0.49931640875001904,0.10000000149011612,0.8999999761581421,256,1.0,255.6260271979263,0.9985391687418996,0.9985391687418996,0.0014608312581003702,0.04777971029030599,0.0014608312581007863,1.559935463557752,0.2500000000000001,0.014270570700326928,0.005314447801654397,0.0
n1024_m256_binned_seed262.h5,256,262,1024,binned,0.49931640875001904,0.10000000149011612,0.8999999761581421,256,1.0,255.62510876538,0.9985355811147656,0.9985355811147656,0.0014644188852344087,0.04777345486242576,0.0014644188852349505,1.5661441450378766,0.25000000000000017,0.013517201682198858,0.006186664057861426,0.0
n1024_m256_binned_seed263.h5,256,263,1024,binned,0.49931640875001904,0.10000000149011612,0.8999999761581421,256,1.0,255.63169763922633,0.9985613189032279,0.9985613189032279,0.001438681096772143,0.046966314176847074,0.001438681096772844,1.558343927124172,0.2500000000000002,0.014215091953105422,0.005997448936170338,0.0
n1024_m256_binned_seed264.h5,256,264,1024,binned,0.49931640875001904,0.10000000149011612,0.8999999761581421,256,1.0,255.6273913596524,0.9985444974986422,0.9985444974986422,0.0014555025013578415,0.047434018295263926,0.0014555025013584513,1.5664977554139072,0.2500000000000001,0.013533976642446901,0.006032541308904568,0.0
n1024_m256_binned_seed265.h5,256,265,1024,binned,0.49931640875001904,0.10000000149011612,0.8999999761581421,256,1.0,255.62674573628465,0.9985419755323619,0.9985419755323619,0.0014580244676380971,0.047491564693519096,0.00145802446763841,1.5625164137562062,0.2500000000000001,0.014008065433326385,0.005830864320359419,0.0
n1024_m256_binned_seed266.h5,256,266,1024,binned,0.49931640875001904,0.10000000149011612,0.8999999761581421,256,1.0,255.6247067351942,0.9985340106843523,0.9985340106843523,0.0014659893156476755,0.04768714174492174,0.0014659893156481211,1.5581785740536451,0.2500000000000001,0.013415199459423788,0.005922733615872798,0.0
n1024_m256_binned_seed267.h5,256,267,1024,binned,0.49931640875001904,0.10000000149011612,0.8999999761581421,256,1.0,255.63063484674785,0.9985571673701088,0.9985571673701088,0.0014428326298911998,0.04735861340097088,0.0014428326298915868,1.5612922134899374,0.2500000000000001,0.014028808056190865,0.005768895308793167,0.0
n1024_m256_binned_seed268.h5,256,268,1024,binned,0.49931640875001904,0.10000000149011612,0.8999999761581421,256,1.0,255.63165704123094,0.9985611603173083,0.9985611603173083,0.0014388396826916505,0.04698741388608171,0.0014388396826921484,1.553336752611403,0.2500000000000001,0.014311979079962435,0.005430871781366569,0.0
n1024_m256_binned_seed269.h5,256,269,1024,binned,0.49931640875001904,0.10000000149011612,0.8999999761581421,256,1.0,255.62125732380082,0.998520536421097,0.998520536421097,0.0014794635789030508,0.04740759087463945,0.0014794635789036204,1.559253233339925,0.2500000000000001,0.014602438514609881,0.006539730074052932,1.6099118561113908e-06
n1024_m256_binned_seed27.h5,256,27,1024,binned,0.49931640875001904,0.10000000149011612,0.8999999761581421,256,1.0,255.6292095622921,0.9985515998527035,0.9985515998527035,0.0014484001472965247,0.047522469233453886,0.0014484001472971223,1.5669107867424623,0.25000000000000017,0.013687717175677435,0.006160327905617489,0.0
n1024_m256_binned_seed270.h5,256,270,1024,binned,0.49931640875001904,0.10000000149011612,0.8999999761581421,256,1.0,255.63530255216756,0.9985754005944045,0.9985754005944045,0.0014245994055954725,0.04728659688245548,0.0014245994055959094,1.5633928597400872,0.2500000000000001,0.013456757299884067,0.005512536510340514,0.0
n1024_m256_binned_seed271.h5,256,271,1024,binned,0.49931640875001904,0.10000000149011612,0.8999999761581421,256,1.0,255.63461450384057,0.9985727129056272,0.9985727129056272,0.0014272870943727867,0.04729592671547846,0.0014272870943731345,1.562715289787124,0.25000000000000006,0.013455498098729797,0.005697684361417588,0.0
n1024_m256_binned_seed272.h5,256,272,1024,binned,0.49931640875001904,0.10000000149011612,0.8999999761581421,256,1.0,255.62763166826335,0.9985454362041537,0.9985454362041537,0.0014545637958462976,0.0474489404981605,0.0014545637958470325,1.561336691282886,0.25000000000000017,0.01398540785167095,0.005833529755603729,0.0
n1024_m256_binned_seed273.h5,256,273,1024,binned,0.49931640875001904,0.10000000149011612,0.8999999761581421,256,1.0,255.63014411115728,0.9985552504342081,0.9985552504342081,0.0014447495657918807,0.04742114972519782,0.0014447495657925534,1.562942077031937,0.25000000000000017,0.013034927600594177,0.006194688648396081,0.0
n1024_m256_binned_seed274.h5,256,274,1024,binned,0.49931640875001904,0.10000000149011612,0.8999999761581421,256,1.0,255.63319005904486,0.998567148668144,0.998567148668144,0.0014328513318559999,0.047145970090979386,0.0014328513318565556,1.5677056638191569,0.2500000000000001,0.013896096195270583,0.006017120990462593,0.0
n1024_m256_binned_seed275.h5,256,275,1024,binned,0.49931640875001904,0.10000000149011612,0.8999999761581421,256,1.0,255.62873396850773,0.9985497420644833,0.9985497420644833,0.0014502579355166745,0.04743800379231145,0.0014502579355169755,1.5589258917287754,0.2500000000000001,0.014175002129172883,0.00551825334824202,0.0
n1024_m256_binned_seed276.h5,256,276,1024,binned,0.49931640875001904,0.10000000149011612,0.8999999761581421,256,1.0,255.62052902157302,0.9985176914905196,0.9985176914905196,0.00148230850948039,0.04765121228550372,0.0014823085094808751,1.5608257340324232,0.2500000000000001,0.014202962236749706,0.006009406767009135,2.7965478238796088e-06
n1024_m256_binned_seed277.h5,256,277,1024,binned,0.49931640875001904,0.10000000149011612,0.8999999761581421,256,1.0,255.62864211457781,0.9985493832600696,0.9985493832600696,0.0014506167399304104,0.047739736693147475,0.001450616739931009,1.5598076161705918,0.25000000000000017,0.013333744331261554,0.0056492187665273886,0.0
n1024_m256_binned_seed278.h5,256,278,1024,binned,0.49931640875001904,0.10000000149011612,0.8999999761581421,256,1.0,255.63476960874686,0.9985733187841674,0.9985733187841674,0.0014266812158325592,0.04696211837984079,0.0014266812158330929,1.5575074429953666,0.2500000000000001,0.01431701259997453,0.005740308073090605,0.0
n1024_m256_binned_seed279.h5,256,279,1024,binned,0.49931640875001904,0.10000000149011612,0.8999999761581421,256,1.0,255.62900061051187,0.998550783634812,0.998550783634812,0.0014492163651880219,0.04747292966316698,0.0014492163651886087,1.5626846958376743,0.25000000000000017,0.01359287774378676,0.005716649202710396,0.0
n1024_m256_binned_seed28.h5,256,28,1024,binned,0.49931640875001904,0.10000000149011612,0.8999999761581421,256,1.0,255.63020962484006,0.9985555063470315,0.9985555063470315,0.0014444936529685037,0.04741869462342329,0.0014444936529690714,1.5548865884731622,0.2500000000000001,0.014241584992021702,0.0052698610309759005,0.0
n1024_m256_binned_seed280.h5,256,280,1024,binned,0.49931640875001904,0.10000000149011612,0.8999999761581421,256,1.0,255.6287166527618,0.9985496744248508,0.9985496744248508,0.001450325575149236,0.047609862462445786,0.0014503255751497411,1.5572982755173692,0.2500000000000001,0.013729552940330967,0.005542121715222468,0.0
n1024_m256_binned_seed281.h5,256,281,1024,binned,0.49931640875001904,0.10000000149011612,0.8999999761581421,256,1.0,255.63175703934394,0.9985615509349373,0.9985615509349373,0.0014384490650627413,0.04751666421164529,0.0014384490650631316,1.562038006894,0.2500000000000001,0.013555107041919702,0.0055634700769036875,0.0
n1024_m256_binned_seed282.h5,256,282,1024,binned,0.49931640875001904,0.10000000149011612,0.8999999761581421,256,1.0,255.62729805425624,0.9985441330244385,0.9985441330244385,0.0014558669755615483,0.047543551376156255,0.0014558669755620588,1.5665568059914263,0.2500000000000001,0.014008700047068197,0.005887201070052121,0.0
n1024_m256_binned_seed283.h5,256,283,1024,binned,0.49931640875001904,0.10000000149011612,0.8999999761581421,256,1.0,255.61931538852514,0.9985129507364263,0.9985129507364263,0.001487049263573681,0.04779487652537587,0.001487049263574483,1.5710747646339804,0.2500000000000002,0.014263266167239615,0.006358656934688463,0.0
n1024_m256_binned_seed284.h5,256,284,1024,binned,0.49931640875001904,0.10000000149011612,0.8999999761581421,256,1.0,255.62807074088778,0.9985471513315929,0.9985471513315929,0.001452848668407114,0.0474771481988783,0.0014528486684076533,1.5617927709507817,0.2500000000000001,0.013777168127245604,0.005509263568140028,0.0
n1024_m256_binned_seed285.h5,256,285,1024,binned,0.49931640875001904,0.10000000149011612,0.8999999761581421,256,1.0,255.6216710563167,0.9985221525637371,0.9985221525637371,0.0014778474362628913,0.0473748617113157,0.0014778474362633096,1.5525165758424084,0.2500000000000001,0.014074474561129209,0.005945071370576543,0.0
n1024_m256_binned_seed286.h5,256,286,1024,binned,0.49931640875001904,0.10000000149011612,0.8999999761581421,256,1.0,255.6381571242091,0.9985865512664418,0.9985865512664418,0.001413448733558198,0.046772680404489515,0.001413448733558729,1.5590808151279831,0.2500000000000001,0.01383710002395919,0.005598270663688997,0.0
n1024_m256_binned_seed287.h5,256,287,1024,binned,0.49931640875001904,0.10000000149011612,0.8999999761581421,256,1.0,255.63395509663678,0.9985701370962374,0.9985701370962374,0.0014298629037625687,0.04729484104354166,0.0014298629037630302,1.5657347990468549,0.2500000000000001,0.013348376266515784,0.0057588776385933795,0.0
n1024_m256_binned_seed288.h5,256,288,1024,binned,0.49931640875001904,0.10000000149011612,0.8999999761581421,256,1.0,255.62786084457184,0.9985463314241088,0.9985463314241088,0.0014536685758912427,0.04740707247154159,0.0014536685758917947,1.5564207729668798,0.2500000000000001,0.014102084693255922,0.005388287616259102,0.0
n1024_m256_binned_seed289.h5,256,289,1024,binned,0.49931640875001904,0.10000000149011612,0.8999999761581421,256,1.0,255.62795052106958,0.998546681722928,0.998546681722928,0.0014533182770719577,0.04742020917373837,0.0014533182770724888,1.5607375648464472,0.2500000000000001,0.01369352085016503,0.00582721891513855,0.0
n1024_m256_binned_seed29.h5,256,29,1024,binned,0.49931640875001904,0.10000000149011612,0.8999999761581421,256,1.0,255.6371837645711,0.9985827490803558,0.9985827490803558,0.0014172509196441752,0.0465981567165746,0.0014172509196448916,1.553147575713232,0.2500000000000002,0.014274065677448513,0.005309272152239872,0.0
n1024_m256_binned_seed290.h5,256,290,1024,binned,0.49931640875001904,0.10000000149011612,0.8999999761581421,256,1.0,255.6290993487346,0.9985511693309945,0.9985511693309945,0.0014488306690054742,0.04762922039764204,0.0014488306690059471,1.5670187712434982,0.2500000000000001,0.013129378452945943,0.006074866983266239,0.0
n1024_m256_binned_seed291.h5,256,291,1024,binned,0.49931640875001904,0.10000000149011612,0.8999999761581421,256,1.0,255.62950715067564,0.9985527623073267,0.9985527623073267,0.0014472376926732977,0.04721961967149748,0.0014472376926736982,1.5611341921202408,0.25000000000000006,0.01352341495424198,0.006067918011725107,1.455333492438028e-06
n1024_m256_binned_seed292.h5,256,292,1024,binned,0.49931640875001904,0.10000000149011612,0.8999999761581421,256,1.0,255.6193619084952,0.9985131324550593,0.9985131324550593,0.001486867544940651,0.04752021064328887,0.0014868675449412443,1.562596066610323,0.2500000000000001,0.014147769929916995,0.00613800847334451,0.0
n1024_m256_binned_seed293.h5,256,293,1024,binned,0.49931640875001904,0.10000000149011612,0.8999999761581421,256,1.0,255.63614116612007,0.9985786764301565,0.9985786764301565,0.00142132356984348,0.04708427456669509,0.0014213235698442878,1.5688019803723472,0.2500000000000002,0.013439884109575903,0.006021253696159296,0.0
n1024_m256_binned_seed294.h5,256,294,1024,binned,0.49931640875001904,0.10000000149011612,0.8999999761581421,256,1.0,255.63268798771605,0.9985651874520158,0.9985651874520158,0.0014348125479841656,0.0475305535146384,0.0014348125479846905,1.573213175529734,0.25000000000000017,0.013209017788588809,0.006142173861063518,0.0
n1024_m256_binned_seed295.h5,256,295,1024,binned,0.49931640875001904,0.10000000149011612,0.8999999761581421,256,1.0,255.6242498619249,0.9985322260231442,0.9985322260231442,0.001467773976855824,0.04756797629607722,0.001467773976856459,1.5591974901599748,0.25000000000000017,0.014069350339759337,0.006034119363770724,0.0
n1024_m256_binned_seed296.h5,256,296,1024,binned,0.49931640875001904,0.10000000149011612,0.8999999761581421,256,1.0,255.62992471040343,0.9985543934000134,0.9985543934000134,0.0014456065999866041,0.04748375632002631,0.001445606599987012,1.5656119380599172,0.2500000000000001,0.013773899724322242,0.005902113654733353,0.0
n1024_m256_binned_seed297.h5,256,297,1024,binned,0.49931640875001904,0.10000000149011612,0.8999999761581421,256,1.0,255.61742988876358,0.9985055855029827,0.9985055855029827,0.0014944144970172601,0.047792160079787586,0.0014944144970179412,1.5523711681719907,0.25000000000000017,0.014171635027188875,0.005542464415638836,0.0
n1024_m256_binned_seed298.h5,256,298,1024,binned,0.49931640875001904,0.10000000149011612,0.8999999761581421,256,1.0,255.62743036109896,0.9985446498480428,0.9985446498480428,0.001455350151957191,0.04753892638070135,0.0014553501519576806,1.5607473820368627,0.2500000000000001,0.014019731191168514,0.005942216438968022,0.0
n1024_m256_binned_seed299.h5,256,299,1024,binned,0.49931640875001904,0.10000000149011612,0.8999999761581421,256,1.0,255.6288609534531,0.9985502380994262,0.9985502380994262,0.001449761900573776,0.04754509849542576,0.0014497619005742876,1.5585986149367603,0.2500000000000001,0.013706705809996625,0.00583361265777394,0.0
n1024_m256_binned_seed3.h5,256,3,1024,binned,0.49931640875001904,0.10000000149011612,0.8999999761581421,256,1.0,255.63447635713965,0.9985721732700767,0.9985721732700767,0.0014278267299232539,0.04703905677568234,0.0014278267299237684,1.5580564166373152,0.2500000000000001,0.014328521645282376,0.00590694507161192,0.0
n1024_m256_binned_seed30.h5,256,30,1024,binned,0.49931640875001904,0.10000000149011612,0.8999999761581421,256,1.0,255.63051147869555,0.9985566854636545,0.9985566854636545,0.0014433145363454969,0.04721851053333863,0.001443314536345949,1.5599758934796746,0.2500000000000001,0.01414396473596533,0.005798433846398677,0.0
n1024_m256_binned_seed300.h5,256,300,1024,binned,0.49931640875001904,0.10000000149011612,0.8999999761581421,256,1.0,255.62671589414822,0.9985418589615165,0.9985418589615165,0.001458141038483518,0.04733644351040536,0.001458141038483825,1.5518471219112482,0.25000000000000006,0.014405731059618307,0.0056459192576606455,0.0
n1024_m256_binned_seed301.h5,256,301,1024,binned,0.49931640875001904,0.10000000149011612,0.8999999761581421,256,1.0,255.6329523455206,0.9985662200996899,0.9985662200996899,0.0014337799003101281,0.0471427887780017,0.001433779900310561,1.5624598110444945,0.2500000000000001,0.014067361432189538,0.005811485527673929,0.0
n1024_m256_binned_seed302.h5,256,302,1024,binned,0.49931640875001904,0.10000000149011612,0.8999999761581421,256,1.0,255.6288466534461,0.9985501822400238,0.9985501822400238,0.001449817759976213,0.047565574164201575,0.0014498177599765463,1.5636700998340898,0.2500000000000001,0.013567186724832798,0.005559359434432665,0.0
n1024_m256_binned_seed303.h5,256,303,1024,binned,0.49931640875001904,0.10000000149011612,0.8999999761581421,256,1.0,255.62229302537162,0.9985245821303579,0.9985245821303579,0.001475417869642115,0.04776342908758582,0.00147541786964262,1.5619210415439342,0.2500000000000001,0.014528462706770339,0.00605536455639674,0.0
n1024_m256_binned_seed304.h5,256,304,1024,binned,0.49931640875001904,0.10000000149011612,0.8999999761581421,256,1.0,255.62526032532332,0.9985361731457942,0.9985361731457942,0.001463826854205763,0.04740817029573185,0.001463826854206346,1.5563531346488888,0.25000000000000017,0.014080890850460884,0.00583300813322428,0.0
n1024_m256_binned_seed305.h5,256,305,1024,binned,0.49931640875001904,0.10000000149011612,0.8999999761581421,256,1.0,255.62726985312474,0.9985440228637685,0.9985440228637685,0.0014559771362314677,0.04750939677868196,0.001455977136231979,1.5524420254342448,0.2500000000000001,0.014192496202858586,0.005112917220273674,0.0
n1024_m256_binned_seed306.h5,256,306,1024,binned,0.49931640875001904,0.10000000149011612,0.8999999761581421,256,1.0,255.624674820574,0.9985338860178672,0.9985338860178672,0.0014661139821328106,0.0478302640560461,0.0014661139821333087,1.56488901170118,0.2500000000000001,0.013449877102589925,0.005694469697725142,0.0
n1024_m256_binned_seed307.h5,256,307,1024,binned,0.49931640875001904,0.10000000149011612,0.8999999761581421,256,1.0,255.6340953308827,0.9985706848862606,0.9985706848862606,0.0014293151137394489,0.04702918836425799,0.001429315113739984,1.5636729110979666,0.25000000000000017,0.013566098938738027,0.00578879266847134,0.0
n1024_m256_binned_seed308.h5,256,308,1024,binned,0.49931640875001904,0.10000000149011612,0.8999999761581421,256,1.0,255.6259880077123,0.9985390156551261,0.9985390156551261,0.0014609843448738502,0.04750269255087027,0.0014609843448745827,1.5661278686577373,0.25000000000000017,0.013940086417663615,0.006149677485809748,0.0
n1024_m256_binned_seed309.h5,256,309,1024,binned,0.49931640875001904,0.10000000149011612,0.8999999761581421,256,1.0,255.63453392083466,0.9985723981282604,0.9985723981282604,0.0014276018717396255,0.04696130061533856,0.0014276018717400746,1.5526172746613445,0.2500000000000001,0.0139150851140629,0.005377957311184454,0.0
n1024_m256_binned_seed31.h5,256,31,1024,binned,0.49931640875001904,0.10000000149011612,0.8999999761581421,256,1.0,255.6342103092029,0.9985711340203238,0.9985711340203238,0.001428865979676175,0.04739779805939941,0.0014288659796766068,1.5597751513824607,0.2500000000000001,0.013344536873999849,0.005512462471803025,0.0
n1024_m256_binned_seed310.h5,256,310,1024,binned,0.49931640875001904,0.10000000149011612,0.8999999761581421,256,1.0,255.63406178374134,0.9985705538427396,0.9985705538427396,0.0014294461572603723,0.04708551153834157,0.001429446157260942,1.5543463775037887,0.2500000000000001,0.013723750459209925,0.00556318691251201,0.0
n1024_m256_binned_seed311.h5,256,311,1024,binned,0.49931640875001904,0.10000000149011612,0.8999999761581421,256,1.0,255.62585662216588,0.9985385024303355,0.9985385024303355,0.001461497569664516,0.04697011800506751,0.0014614975696651804,1.5493643907971604,0.25000000000000017,0.014528107826681638,0.005815764990676521,1.1726778607921115e-06
n1024_m256_binned_seed312.h5,256,312,1024,binned,0.49931640875001904,0.10000000149011612,0.8999999761581421,256,1.0,255.62483786186203,0.9985345228978986,0.9985345228978986,0.0014654771021014312,0.047547003702131115,0.0014654771021020434,1.5592410131113685,0.2500000000000001,0.013838566687792023,0.005460986283964564,0.0
n1024_m256_binned_seed313.h5,256,313,1024,binned,0.49931640875001904,0.10000000149011612,0.8999999761581421,256,1.0,255.63526574743446,0.9985752568259159,0.9985752568259159,0.001424743174084142,0.047162157261502774,0.0014247431740846293,1.5653990363777306,0.2500000000000001,0.013768856177340884,0.005830895823616754,0.0
n1024_m256_binned_seed314.h5,256,314,1024,binned,0.49931640875001904,0.10000000149011612,0.8999999761581421,256,1.0,255.62534653479815,0.9985365099015553,0.9985365099015553,0.0014634900984447086,0.04716524736626795,0.0014634900984452652,1.5499893726601675,0.2500000000000001,0.014997796078756809,0.005741200784721829,0.0
n1024_m256_binned_seed315.h5,256,315,1024,binned,0.49931640875001904,0.10000000149011612,0.8999999761581421,256,1.0,255.6311987141671,0.9985593699772153,0.9985593699772153,0.0014406300227847169,0.04734086550362495,0.0014406300227853134,1.5643420739758558,0.25000000000000017,0.013790445397291625,0.005856441908439757,0.0
n1024_m256_binned_seed316.h5,256,316,1024,binned,0.49931640875001904,0.10000000149011612,0.8999999761581421,256,1.0,255.6272885295475,0.998544095818545,0.998544095818545,0.0014559041814550255,0.047663390323088535,0.001455904181455476,1.5654923810946695,0.2500000000000001,0.013357743071091166,0.005956498299083369,0.0
n1024_m256_binned_seed317.h5,256,317,1024,binned,0.49931640875001904,0.10000000149011612,0.8999999761581421,256,1.0,255.63993206432497,0.9985934846262694,0.9985934846262694,0.001406515373730599,0.04681172530961546,0.0014065153737311418,1.5660486718067692,0.2500000000000001,0.013596385124857634,0.0055929874868867555,0.0
n1024_m256_binned_seed318.h5,256,318,1024,binned,0.49931640875001904,0.10000000149011612,0.8999999761581421,256,1.0,255.62638328752655,0.9985405597169006,0.9985405597169006,0.0014594402830994113,0.047676175706564024,0.0014594402830997886,1.5586680332295804,0.2500000000000001,0.013974203029231604,0.005904219395805939,0.0
n1024_m256_binned_seed319.h5,256,319,1024,binned,0.49931640875001904,0.10000000149011612,0.8999999761581421,256,1.0,255.62455679380218,0.9985334249757898,0.9985334249757898,0.001466575024210215,0.04773715318424813,0.0014665750242106093,1.5593080567008857,0.2500000000000001,0.014040771687762089,0.005468912055187134,0.0
n1024_m256_binned_seed32.h5,256,32,1024,binned,0.49931640875001904,0.10000000149011612,0.8999999761581421,256,1.0,255.62656586091907,0.9985412728942151,0.9985412728942151,0.0014587271057848739,0.04722569384922152,0.0014587271057851072,1.561057454294591,0.2500000000000001,0.014133831275342807,0.006050100486497458,0.0
n1024_m256_binned_seed320.h5,256,320,1024,binned,0.49931640875001904,0.10000000149011612,0.8999999761581421,256,1.0,255.62583385795006,0.9985384135076174,0.9985384135076174,0.0014615864923825939,0.04760748817257269,0.0014615864923831234,1.5577729952058044,0.25000000000000017,0.014329890504627038,0.0058070061024647,0.0
n1024_m256_binned_seed321.h5,256,321,1024,binned,0.49931640875001904,0.10000000149011612,0.8999999761581421,256,1.0,255.62349554117827,0.9985292794577276,0.9985292794577276,0.0014707205422723746,0.04784135075083989,0.0014707205422729121,1.5663182385243895,0.25000000000000017,0.014030967356034268,0.006017815106934364,0.0
n1024_m256_binned_seed322.h5,256,322,1024,binned,0.49931640875001904,0.10000000149011612,0.8999999761581421,256,1.0,255.63187256382662,0.9985620022024477,0.9985620022024477,0.0014379977975522706,0.04725577393126673,0.001437997797552809,1.563576613241396,0.2500000000000001,0.013864984679785503,0.006029914947122241,0.0
n1024_m256_binned_seed323.h5,256,323,1024,binned,0.49931640875001904,0.10000000149011612,0.8999999761581421,256,1.0,255.62289791814692,0.9985269449927614,0.9985269449927614,0.0014730550072385995,0.04765616386256996,0.001473055007239086,1.5549363195137444,0.2500000000000001,0.014547848749097142,0.005749572738527671,0.0
n1024_m256_binned_seed324.h5,256,324,1024,binned,0.49931640875001904,0.10000000149011612,0.8999999761581421,256,1.0,255.6289061835123,0.9985504147793449,0.9985504147793449,0.0014495852206550808,0.04745213279813169,0.0014495852206556786,1.5655982275939382,0.2500000000000001,0.01389998675271647,0.0058371642556413195,0.0
n1024_m256_binned_seed325.h5,256,325,1024,binned,0.49931640875001904,0.10000000149011612,0.8999999761581421,256,1.0,255.62397789988609,0.99853116367143,0.99853116367143,0.001468836328569978,0.04743522628756737,0.001468836328570457,1.5609480868467844,0.2500000000000001,0.01377280214651611,0.006347437774054312,0.0
n1024_m256_binned_seed326.h5,256,326,1024,binned,0.49931640875001904,0.10000000149011612,0.8999999761581421,256,1.0,255.6297212800855,0.998553598750334,0.998553598750334,0.0014464012496659961,0.047424775572611905,0.0014464012496664307,1.5643113358664058,0.2500000000000001,0.014047678840623499,0.00579384109045503,0.0
n1024_m256_binned_seed327.h5,256,327,1024,binned,0.49931640875001904,0.10000000149011612,0.8999999761581421,256,1.0,255.63107366344775,0.9985588814978428,0.9985588814978428,0.0014411185021572237,0.04731013813105662,0.0014411185021576736,1.5642938292037483,0.2500000000000001,0.01358868587077866,0.005854594564383728,0.0
n1024_m256_binned_seed328.h5,256,328,1024,binned,0.49931640875001904,0.10000000149011612,0.8999999761581421,256,1.0,255.63434844663425,0.998571673619665,0.998571673619665,0.0014283263803349655,0.04693728721890288,0.0014283263803354514,1.5626982378009402,0.2500000000000001,0.014131539142001598,0.005711677920677534,0.0
n1024_m256_binned_seed329.h5,256,329,1024,binned,0.49931640875001904,0.10000000149011612,0.8999999761581421,256,1.0,255.63314017390076,0.9985669538042998,0.9985669538042998,0.0014330461957001717,0.047243465996292366,0.0014330461957008118,1.5553746000065563,0.25000000000000017,0.014063635345539189,0.005788518038827293,0.0
n1024_m256_binned_seed33.h5,256,33,1024,binned,0.49931640875001904,0.10000000149011612,0.8999999761581421,256,1.0,255.63586062217655,0.9985775805553772,0.9985775805553772,0.0014224194446228466,0.04683515187873531,0.0014224194446233343,1.5525482663527586,0.2500000000000001,0.014287383193437987,0.00520257855741933,0.0
n1024_m256_binned_seed330.h5,256,330,1024,binned,0.49931640875001904,0.10000000149011612,0.8999999761581421,256,1.0,255.63261342853366,0.9985648962052096,0.9985648962052096,0.0014351037947903933,0.04721711186894394,0.0014351037947910351,1.5630241243367433,0.25000000000000017,0.013500069830146878,0.005609874738506607,0.0
n1024_m256_binned_seed331.h5,256,331,1024,binned,0.49931640875001904,0.10000000149011612,0.8999999761581421,256,1.0,255.63303546897077,0.9985665448006671,0.9985665448006671,0.0014334551993329114,0.0468340190605182,0.001433455199333475,1.5587406254658875,0.2500000000000001,0.014221971525472428,0.00572336452034025,0.0
n1024_m256_binned_seed332.h5,256,332,1024,binned,0.49931640875001904,0.10000000149011612,0.8999999761581421,256,1.0,255.62385379093757,0.9985306788708499,0.9985306788708499,0.001469321129150103,0.047968251769444845,0.001469321129150576,1.5645547815952656,0.2500000000000001,0.013807435907295693,0.00558633566221197,0.0
n1024_m256_binned_seed333.h5,256,333,1024,binned,0.49931640875001904,0.10000000149011612,0.8999999761581421,256,1.0,255.6334854264569,0.9985683024470973,0.9985683024470973,0.0014316975529027332,0.04681401170011499,0.00143169755290318,1.5619831815189447,0.2500000000000001,0.01420192636196817,0.005749889006999465,0.0
n1024_m256_binned_seed334.h5,256,334,1024,binned,0.49931640875001904,0.10000000149011612,0.8999999761581421,256,1.0,255.63373894320102,0.998569292746879,0.998569292746879,0.0014307072531209997,0.04733134674616679,0.0014307072531215916,1.5694205699468207,0.2500000000000001,0.013210144371098707,0.006057998147277201,0.0
n1024_m256_binned_seed335.h5,256,335,1024,binned,0.49931640875001904,0.10000000149011612,0.8999999761581421,256,1.0,255.63223959137395,0.9985634359038045,0.9985634359038045,0.001436564096195525,0.047061293764928264,0.0014365640961961214,1.5515571542620286,0.25000000000000017,0.014154240891127427,0.005394205327301658,0.0
n1024_m256_binned_seed336.h5,256,336,1024,binned,0.49931640875001904,0.10000000149011612,0.8999999761581421,256,1.0,255.6267633447569,0.9985420443154567,0.9985420443154567,0.0014579556845433217,0.04753055197324547,0.0014579556845438332,1.5552462584607114,0.2500000000000001,0.014431892889376767,0.0059193633100214135,0.0
n1024_m256_binned_seed337.h5,256,337,1024,binned,0.49931640875001904,0.10000000149011612,0.8999999761581421,256,1.0,255.62709199682286,0.9985433281125893,0.9985433281125893,0.001456671887410721,0.04734727014512895,0.0014566718874113494,1.560674275534667,0.25000000000000017,0.014007155690473313,0.00607213654358922,0.0
n1024_m256_binned_seed338.h5,256,338,1024,binned,0.49931640875001904,0.10000000149011612,0.8999999761581421,256,1.0,255.6316030137532,0.9985609492724734,0.9985609492724734,0.0014390507275265918,0.04722706558290305,0.0014390507275269793,1.5654471582103244,0.2500000000000001,0.013729460738914099,0.005809052529475679,0.0
n1024_m256_binned_seed339.h5,256,339,1024,binned,0.49931640875001904,0.10000000149011612,0.8999999761581421,256,1.0,255.63879121759965,0.9985890281937486,0.9985890281937486,0.001410971806251382,0.047092569348831194,0.0014109718062520103,1.5666932058969099,0.2500000000000001,0.012816520274714832,0.0057579441033756736,0.0
n1024_m256_binned_seed34.h5,256,34,1024,binned,0.49931640875001904,0.10000000149011612,0.8999999761581421,256,1.0,255.63499834228423,0.9985742122745478,0.9985742122745478,0.00142578772545221,0.047135090658815985,0.0014257877254526766,1.5651959515166962,0.2500000000000001,0.013725002546124842,0.005658804595655873,0.0
n1024_m256_binned_seed340.h5,256,340,1024,binned,0.49931640875001904,0.10000000149011612,0.8999999761581421,256,1.0,255.6265079898294,0.9985410468352711,0.9985410468352711,0.0014589531647288823,0.047541482699875785,0.0014589531647294749,1.5636060209935767,0.2500000000000001,0.013551061438894643,0.0059532344732784225,0.0
n1024_m256_binned_seed341.h5,256,341,1024,binned,0.49931640875001904,0.10000000149011612,0.8999999761581421,256,1.0,255.6297868397669,0.9985538548428394,0.9985538548428394,0.0014461451571605721,0.047473688232646916,0.0014461451571609364,1.5650856122655268,0.2500000000000001,0.01361279211484508,0.005807606678594962,0.0
n1024_m256_binned_seed342.h5,256,342,1024,binned,0.49931640875001904,0.10000000149011612,0.8999999761581421,256,1.0,255.6399884398561,0.9985937048431879,0.9985937048431879,0.0014062951568121207,0.046948051717554014,0.0014062951568126157,1.5668183673790184,0.2500000000000001,0.01316483588476221,0.006053398856602694,0.0
n1024_m256_binned_seed343.h5,256,343,1024,binned,0.49931640875001904,0.10000000149011612,0.8999999761581421,256,1.0,255.62458151455212,0.9985335215412192,0.9985335215412192,0.0014664784587807844,0.04739167951870991,0.0014664784587813038,1.5616827285979415,0.2500000000000001,0.013751950497935372,0.0062025184028248245,0.0
n1024_m256_binned_seed344.h5,256,344,1024,binned,0.49931640875001904,0.10000000149011612,0.8999999761581421,256,1.0,255.6253057052818,0.998536350411257,0.998536350411257,0.00146364958874301,0.04746821764888807,0.0014636495887434236,1.5560338735791923,0.2500000000000001,0.014710109101420128,0.006037123475869881,0.0
n1024_m256_binned_seed345.h5,256,345,1024,binned,0.49931640875001904,0.10000000149011612,0.8999999761581421,256,1.0,255.61919787991792,0.9985124917184294,0.9985124917184294,0.0014875082815706264,0.047624976911948676,0.0014875082815712607,1.5616139038120254,0.25000000000000017,0.01389123718430226,0.006238973027633139,0.0
n1024_m256_binned_seed346.h5,256,346,1024,binned,0.49931640875001904,0.10000000149011612,0.8999999761581421,256,1.0,255.63068588056194,0.9985573667209451,0.9985573667209451,0.0014426332790549168,0.04738224617680945,0.0014426332790554717,1.560661918912608,0.2500000000000001,0.013981127701165653,0.005546303526844399,0.0
n1024_m256_binned_seed347.h5,256,347,1024,binned,0.49931640875001904,0.10000000149011612,0.8999999761581421,256,1.0,255.62387682493136,0.9985307688473881,0.9985307688473881,0.0014692311526118829,0.047616132427212375,0.0014692311526123382,1.5623370204139717,0.2500000000000001,0.014706616000756949,0.005973106752284258,0.0
n1024_m256_binned_seed348.h5,256,348,1024,binned,0.49931640875001904,0.10000000149011612,0.8999999761581421,256,1.0,255.6260300216527,0.9985391797720808,0.9985391797720808,0.0014608202279191573,0.04736109943364785,0.001460820227919599,1.5515723011023215,0.2500000000000001,0.014342000261329105,0.005432303808737394,0.0
n1024_m256_binned_seed349.h5,256,349,1024,binned,0.49931640875001904,0.10000000149011612,0.8999999761581421,256,1.0,255.6336800174613,0.9985690625682082,0.9985690625682082,0.00143093743179179,0.0466247806645984,0.0014309374317923254,1.5440089527776875,0.2500000000000001,0.01476543301838625,0.005386825775266996,0.0
n1024_m256_binned_seed35.h5,256,35,1024,binned,0.49931640875001904,0.10000000149011612,0.8999999761581421,256,1.0,255.62753830003203,0.9985450714845001,0.9985450714845001,0.001454928515499887,0.04753931668503823,0.0014549285155003573,1.5608578170812997,0.2500000000000001,0.014136230232477218,0.005735291955060554,0.0
n1024_m256_binned_seed350.h5,256,350,1024,binned,0.49931640875001904,0.10000000149011612,0.8999999761581421,256,1.0,255.63092711550416,0.9985583090449381,0.9985583090449381,0.0014416909550618584,0.04733054779674608,0.0014416909550623285,1.5614279048474786,0.2500000000000001,0.013770971750388186,0.0059445403633127305,0.0
n1024_m256_binned_seed351.h5,256,351,1024,binned,0.49931640875001904,0.10000000149011612,0.8999999761581421,256,1.0,255.61833971626766,0.9985091395166705,0.9985091395166705,0.0014908604833294703,0.047756019914365476,0.0014908604833301523,1.5569425982301006,0.2500000000000001,0.014070489691176837,0.005826453153374321,0.0
n1024_m256_binned_seed352.h5,256,352,1024,binned,0.49931640875001904,0.10000000149011612,0.8999999761581421,256,1.0,255.6308145885123,0.9985578694863761,0.9985578694863761,0.0014421305136238516,0.04723996206518969,0.0014421305136243677,1.5630017667749239,0.2500000000000001,0.013735779125728272,0.006045493575307719,0.0
n1024_m256_binned_seed353.h5,256,353,1024,binned,0.49931640875001904,0.10000000149011612,0.8999999761581421,256,1.0,255.6292716864118,0.9985518425250461,0.9985518425250461,0.0014481574749538595,0.04719618731879061,0.0014481574749542513,1.5638683680278747,0.2500000000000001,0.013901054309659409,0.005938233974049599,1.1255480582037992e-06
n1024_m256_binned_seed354.h5,256,354,1024,binned,0.49931640875001904,0.10000000149011612,0.8999999761581421,256,1.0,255.62158839627227,0.9985218296729386,0.9985218296729386,0.0014781703270614344,0.04748153039806765,0.001478170327062073,1.557564553135687,0.25000000000000017,0.013956740795155874,0.005358238248956924,0.0
n1024_m256_binned_seed355.h5,256,355,1024,binned,0.49931640875001904,0.10000000149011612,0.8999999761581421,256,1.0,255.63516931363847,0.9985748801314003,0.9985748801314003,0.0014251198685997224,0.04685699359734244,0.0014251198686002456,1.572293480818762,0.2500000000000001,0.013958645123510248,0.006185422643733085,0.0
n1024_m256_binned_seed356.h5,256,356,1024,binned,0.49931640875001904,0.10000000149011612,0.8999999761581421,256,1.0,255.63534471287858,0.9985755652846819,0.9985755652846819,0.001424434715318057,0.047267160663259825,0.0014244347153184922,1.5643773726666506,0.2500000000000001,0.013477864264883945,0.005460205963336196,0.0
n1024_m256_binned_seed357.h5,256,357,1024,binned,0.49931640875001904,0.10000000149011612,0.8999999761581421,256,1.0,255.6289904426667,0.9985507439166668,0.9985507439166668,0.001449256083333239,0.04739737275296544,0.001449256083333709,1.5631750631601897,0.2500000000000001,0.014004846220447549,0.005891988147732372,0.0
n1024_m256_binned_seed358.h5,256,358,1024,binned,0.49931640875001904,0.10000000149011612,0.8999999761581421,256,1.0,255.62840990468976,0.9985484761901944,0.9985484761901944,0.0014515238098056216,0.04732962431840897,0.0014515238098061491,1.5663343268733179,0.2500000000000001,0.0134550021071008,0.006302908306483029,0.0
n1024_m256_binned_seed359.h5,256,359,1024,binned,0.49931640875001904,0.10000000149011612,0.8999999761581421,256,1.0,255.63193036158918,0.9985622279749578,0.9985622279749578,0.0014377720250422499,0.04725956171003869,0.0014377720250427796,1.563832681826412,0.2500000000000001,0.013319992165432093,0.005841168074110409,0.0
n1024_m256_binned_seed36.h5,256,36,1024,binned,0.49931640875001904,0.10000000149011612,0.8999999761581421,256,1.0,255.63186372249038,0.998561967665978,0.998561967665978,0.0014380323340219547,0.04727491026632764,0.0014380323340224272,1.5628539074453667,0.2500000000000001,0.013769402138052228,0.005640778284228775,0.0
n1024_m256_binned_seed360.h5,256,360,1024,binned,0.49931640875001904,0.10000000149011612,0.8999999761581421,256,1.0,255.64005756042025,0.9985939748453916,0.9985939748453916,0.0014060251546084146,0.047205060613218434,0.0014060251546088745,1.5631401450054612,0.2500000000000001,0.013094424801729794,0.005603864588759885,0.0
n1024_m256_binned_seed361.h5,256,361,1024,binned,0.49931640875001904,0.10000000149011612,0.8999999761581421,256,1.0,255.63107899887837,0.9985589023393686,0.9985589023393686,0.0014410976606313852,0.04695448102630338,0.0014410976606318488,1.5612787774717243,0.2500000000000001,0.01393680670128761,0.006044298952146831,1.4261010973374129e-06
n1024_m256_binned_seed362.h5,256,362,1024,binned,0.49931640875001904,0.10000000149011612,0.8999999761581421,256,1.0,255.63704539740866,0.9985822085836276,0.9985822085836276,0.001417791416372438,0.047228285424382795,0.001417791416373014,1.5758898117092655,0.25000000000000017,0.012976186049230905,0.006065764831805457,0.0
n1024_m256_binned_seed363.h5,256,363,1024,binned,0.49931640875001904,0.10000000149011612,0.8999999761581421,256,1.0,255.6361601097742,0.9985787504288055,0.9985787504288055,0.001421249571194494,0.04679568613119582,0.0014212495711950022,1.5539833450450828,0.2500000000000001,0.0139803997564065,0.005331789958508214,0.0
n1024_m256_binned_seed364.h5,256,364,1024,binned,0.49931640875001904,0.10000000149011612,0.8999999761581421,256,1.0,255.63216008315794,0.9985631253248357,0.9985631253248357,0.0014368746751642902,0.04717967161011713,0.0014368746751647836,1.5614918774197724,0.2500000000000001,0.013780344549499807,0.005605264418534294,0.0
n1024_m256_binned_seed365.h5,256,365,1024,binned,0.49931640875001904,0.10000000149011612,0.8999999761581421,256,1.0,255.63343420276942,0.998568102354568,0.998568102354568,0.0014318976454319454,0.04731592820403155,0.0014318976454324491,1.5681366630234828,0.2500000000000001,0.013452042455063533,0.006053291893852026,0.0
n1024_m256_binned_seed366.h5,256,366,1024,binned,0.49931640875001904,0.10000000149011612,0.8999999761581421,256,1.0,255.62783561802644,0.9985462328829158,0.9985462328829158,0.001453767117084226,0.047459671449377544,0.0014537671170848595,1.5633005681005436,0.25000000000000017,0.013695445325659143,0.005989884426473233,0.0
n1024_m256_binned_seed367.h5,256,367,1024,binned,0.49931640875001904,0.10000000149011612,0.8999999761581421,256,1.0,255.63296830082254,0.998566282425088,0.998566282425088,0.0014337175749119524,0.04746976674984083,0.0014337175749123997,1.5670527166379637,0.2500000000000001,0.013464909972897657,0.005620290937748245,0.0
n1024_m256_binned_seed368.h5,256,368,1024,binned,0.49931640875001904,0.10000000149011612,0.8999999761581421,256,1.0,255.61934785138874,0.9985130775444873,0.9985130775444873,0.0014869224555127403,0.0477777980262632,0.00148692245551317,1.5565962871821342,0.2500000000000001,0.013964003759200427,0.005715772591648771,0.0
n1024_m256_binned_seed369.h5,256,369,1024,binned,0.49931640875001904,0.10000000149011612,0.8999999761581421,256,1.0,255.6375822827249,0.9985843057918942,0.9985843057918942,0.0014156942081058332,0.04723634876840389,0.00141569420810632,1.5722213171724477,0.2500000000000001,0.013079756773006893,0.005834385090239919,0.0
n1024_m256_binned_seed37.h5,256,37,1024,binned,0.49931640875001904,0.10000000149011612,0.8999999761581421,256,1.0,255.62724511422857,0.9985439262274554,0.9985439262274554,0.0014560737725446415,0.04739050037501475,0.001456073772545211,1.5620078252712246,0.25000000000000017,0.013894494050910977,0.005634201311376778,0.0
n1024_m256_binned_seed370.h5,256,370,1024,binned,0.49931640875001904,0.10000000149011612,0.8999999761581421,256,1.0,255.63308605186467,0.9985667423900964,0.9985667423900964,0.0014332576099036487,0.04696787733395744,0.0014332576099042845,1.5638927763502006,0.2500000000000001,0.014179805830749289,0.005825693584363037,0.0
n1024_m256_binned_seed371.h5,256,371,1024,binned,0.49931640875001904,0.10000000149011612,0.8999999761581421,256,1.0,255.62878290990193,0.9985499332418044,0.9985499332418044,0.0014500667581955895,0.04747866862889968,0.0014500667581959794,1.5554829440176172,0.2500000000000001,0.013930228051429749,0.005459633022739944,0.0
n1024_m256_binned_seed372.h5,256,372,1024,binned,0.49931640875001904,0.10000000149011612,0.8999999761581421,256,1.0,255.62270850883215,0.9985262051126256,0.9985262051126256,0.0014737948873744244,0.04770355774126752,0.0014737948873748234,1.558093725280543,0.2500000000000001,0.014093520600452332,0.005825994937050926,0.0
n1024_m256_binned_seed373.h5,256,373,1024,binned,0.49931640875001904,0.10000000149011612,0.8999999761581421,256,1.0,255.62371435920068,0.9985301342156276,0.9985301342156276,0.0014698657843723595,0.04774247310850072,0.0014698657843729074,1.5572543039930353,0.2500000000000001,0.014169887574568992,0.005621508148410567,0.0
n1024_m256_binned_seed374.h5,256,374,1024,binned,0.49931640875001904,0.10000000149011612,0.8999999761581421,256,1.0,255.63520510794478,0.9985750199529093,0.9985750199529093,0.0014249800470906848,0.04711684391602116,0.0014249800470912705,1.5582385420880043,0.2500000000000001,0.013875901263798944,0.00549397872901862,0.0
n1024_m256_binned_seed375.h5,256,375,1024,binned,0.49931640875001904,0.10000000149011612,0.8999999761581421,256,1.0,255.63219727261458,0.9985632705961507,0.9985632705961507,0.0014367294038493128,0.04718075344123009,0.0014367294038498248,1.5622672298188867,0.2500000000000001,0.01341466877462125,0.005656440118076359,0.0
n1024_m256_binned_seed376.h5,256,376,1024,binned,0.49931640875001904,0.10000000149011612,0.8999999761581421,256,1.0,255.63332071622426,0.998567659047751,0.998567659047751,0.0014323409522489783,0.04728254864410775,0.0014323409522494733,1.5665396006232688,0.2500000000000001,0.013494658559277463,0.0061274617820658425,0.0
n1024_m256_binned_seed377.h5,256,377,1024,binned,0.49931640875001904,0.10000000149011612,0.8999999761581421,256,1.0,255.63553383505496,0.9985763040431834,0.9985763040431834,0.001423695956816573,0.046839292677326984,0.0014236959568170908,1.5623742867160302,0.25000000000000017,0.013878072179421613,0.005913056822090564,0.0
n1024_m256_binned_seed378.h5,256,378,1024,binned,0.49931640875001904,0.10000000149011612,0.8999999761581421,256,1.0,255.62237937413738,0.9985249194302241,0.9985249194302241,0.0014750805697758551,0.04785012667636439,0.0014750805697762621,1.5656986221617502,0.2500000000000001,0.013335720109712684,0.00620464007716861,0.0
n1024_m256_binned_seed379.h5,256,379,1024,binned,0.49931640875001904,0.10000000149011612,0.8999999761581421,256,1.0,255.6309034437436,0.9985582165771234,0.9985582165771234,0.0014417834228765969,0.0471821830600441,0.0014417834228770037,1.5634954252954156,0.2500000000000001,0.014031679909845196,0.005964080660910122,0.0
n1024_m256_binned_seed38.h5,256,38,1024,binned,0.49931640875001904,0.10000000149011612,0.8999999761581421,256,1.0,255.62547663063742,0.9985370180884274,0.9985370180884274,0.0014629819115725695,0.047513941033052697,0.0014629819115730088,1.5525975017364118,0.2500000000000001,0.014290581976738567,0.005600327904318349,0.0
n1024_m256_binned_seed380.h5,256,380,1024,binned,0.49931640875001904,0.10000000149011612,0.8999999761581421,256,1.0,255.62501763137698,0.9985352251225663,0.9985352251225663,0.0014647748774336833,0.04740072981572143,0.001464774877434199,1.5578066036410105,0.2500000000000001,0.014412700197559991,0.006059681797659587,0.0
n1024_m256_binned_seed381.h5,256,381,1024,binned,0.49931640875001904,0.10000000149011612,0.8999999761581421,256,1.0,255.6230088677985,0.9985273783898378,0.9985273783898378,0.0014726216101621503,0.0471903126691053,0.0014726216101624812,1.548824244755431,0.2500000000000001,0.015407285537137995,0.005386929136486864,0.0
n1024_m256_binned_seed382.h5,256,382,1024,binned,0.49931640875001904,0.10000000149011612,0.8999999761581421,256,1.0,255.63231028884184,0.9985637120657884,0.9985637120657884,0.0014362879342115775,0.04718149061355575,0.001436287934212097,1.5629317010411519,0.2500000000000001,0.014045146957495234,0.005995827334345874,0.0
n1024_m256_binned_seed383.h5,256,383,1024,binned,0.49931640875001904,0.10000000149011612,0.8999999761581421,256,1.0,255.62983879531384,0.9985540577941947,0.9985540577941947,0.001445942205805295,0.04749755294997113,0.0014459422058057585,1.5594662468705858,0.2500000000000001,0.013904211524046247,0.005547476310234615,0.0
n1024_m256_binned_seed384.h5,256,384,1024,binned,0.49931640875001904,0.10000000149011612,0.8999999761581421,256,1.0,255.6317305963894,0.998561447642146,0.998561447642146,0.0014385523578539505,0.047437125082163314,0.001438552357854604,1.5667951225360508,0.25000000000000017,0.013252833952096574,0.005815221081996939,0.0
n1024_m256_binned_seed385.h5,256,385,1024,binned,0.49931640875001904,0.10000000149011612,0.8999999761581421,256,1.0,255.63086713735538,0.9985580747552945,0.9985580747552945,0.0014419252447055442,0.047081176472751764,0.001441925244706266,1.568105207220893,0.2500000000000002,0.013618653787867448,0.00624602527341065,0.0
n1024_m256_binned_seed386.h5,256,386,1024,binned,0.49931640875001904,0.10000000149011612,0.8999999761581421,256,1.0,255.63075052372005,0.9985576192332815,0.9985576192332815,0.0014423807667185429,0.047509796930157236,0.0014423807667189854,1.5646029071816958,0.2500000000000001,0.01356021374883155,0.005408108024028109,0.0
n1024_m256_binned_seed387.h5,256,387,1024,binned,0.49931640875001904,0.10000000149011612,0.8999999761581421,256,1.0,255.63225864352717,0.998563510326278,0.998563510326278,0.0014364896737220079,0.04719453136741928,0.001436489673722434,1.561062780041005,0.2500000000000001,0.013655431917017131,0.0056159066882595044,0.0
n1024_m256_binned_seed388.h5,256,388,1024,binned,0.49931640875001904,0.10000000149011612,0.8999999761581421,256,1.0,255.62760694544704,0.9985453396306525,0.9985453396306525,0.0014546603693474935,0.047359669848991516,0.0014546603693478715,1.5557356427832862,0.2500000000000001,0.014204210271118387,0.005431462053923874,0.0
n1024_m256_binned_seed389.h5,256,389,1024,binned,0.49931640875001904,0.10000000149011612,0.8999999761581421,256,1.0,255.63260039046872,0.9985648452752685,0.9985648452752685,0.0014351547247315466,0.04719993929493856,0.0014351547247322574,1.5623195901842921,0.2500000000000002,0.01380071214906314,0.005576995128936927,0.0
n1024_m256_binned_seed39.h5,256,39,1024,binned,0.49931640875001904,0.10000000149011612,0.8999999761581421,256,1.0,255.6175895415654,0.9985062091467398,0.9985062091467398,0.0014937908532601796,0.047533329719832006,0.0014937908532605252,1.5549428014053757,0.2500000000000001,0.01506697656081384,0.006270948020882393,0.0
n1024_m256_binned_seed390.h5,256,390,1024,binned,0.49931640875001904,0.10000000149011612,0.8999999761581421,256,1.0,255.6326387840818,0.9985649952503195,0.9985649952503195,0.0014350047496805018,0.04746788420517344,0.0014350047496809815,1.566385229413178,0.2500000000000001,0.013028719949607685,0.005790618363776687,0.0
n1024_m256_binned_seed391.h5,256,391,1024,binned,0.49931640875001904,0.10000000149011612,0.8999999761581421,256,1.0,255.6308348817547,0.9985579487568543,0.9985579487568543,0.00144205124314567,0.04713915165126256,0.0014420512431461154,1.5533730899214213,0.2500000000000001,0.014286902459883878,0.00553370845671447,0.0
n1024_m256_binned_seed392.h5,256,392,1024,binned,0.49931640875001904,0.10000000149011612,0.8999999761581421,256,1.0,255.62723597857985,0.9985438905413275,0.9985438905413275,0.001456109458672472,0.047470794787111366,0.001456109458673105,1.5706504507752137,0.25000000000000017,0.01363813840666411,0.0059962280951826215,0.0
n1024_m256_binned_seed393.h5,256,393,1024,binned,0.49931640875001904,0.10000000149011612,0.8999999761581421,256,1.0,255.63031442114152,0.9985559157075841,0.9985559157075841,0.001444084292415937,0.047208111795541366,0.0014440842924165142,1.5608568377506302,0.25000000000000017,0.014167686996168615,0.005777364973210049,0.0
n1024_m256_binned_seed394.h5,256,394,1024,binned,0.49931640875001904,0.10000000149011612,0.8999999761581421,256,1.0,255.6260791544628,0.9985393716971203,0.9985393716971203,0.0014606283028797407,0.04748051572235496,0.0014606283028802468,1.5625392379592042,0.2500000000000001,0.013915596461914008,0.005644901299450299,0.0
n1024_m256_binned_seed395.h5,256,395,1024,binned,0.49931640875001904,0.10000000149011612,0.8999999761581421,256,1.0,255.63261175248772,0.9985648896581552,0.9985648896581552,0.0014351103418448474,0.04738601684259692,0.001435110341845455,1.567703146126892,0.25000000000000017,0.013545975680544026,0.005708389929377139,0.0
n1024_m256_binned_seed396.h5,256,396,1024,binned,0.49931640875001904,0.10000000149011612,0.8999999761581421,256,1.0,255.62611969624413,0.9985395300634536,0.9985395300634536,0.0014604699365463603,0.047446842692543297,0.0014604699365468913,1.5665793767775815,0.2500000000000001,0.013951553200855369,0.0061345500585708,0.0
n1024_m256_binned_seed397.h5,256,397,1024,binned,0.49931640875001904,0.10000000149011612,0.8999999761581421,256,1.0,255.63283061867696,0.9985657446042069,0.9985657446042069,0.001434255395793116,0.047197759127637795,0.0014342553957936066,1.5591675806288612,0.2500000000000001,0.013935819146292716,0.00572823914401213,0.0
n1024_m256_binned_seed398.h5,256,398,1024,binned,0.49931640875001904,0.10000000149011612,0.8999999761581421,256,1.0,255.63863901462173,0.9985884336508661,0.9985884336508661,0.0014115663491338637,0.046862681256674504,0.0014115663491344021,1.5657799192311652,0.2500000000000001,0.013640620128341236,0.006080303435529917,0.0
n1024_m256_binned_seed399.h5,256,399,1024,binned,0.49931640875001904,0.10000000149011612,0.8999999761581421,256,1.0,255.6227933965274,0.9985265367051852,0.9985265367051852,0.0014734632948147919,0.04783491107655472,0.001473463294815217,1.5608235767448566,0.2500000000000001,0.013669177110253228,0.005996043107463185,0.0
n1024_m256_binned_seed4.h5,256,4,1024,binned,0.49931640875001904,0.10000000149011612,0.8999999761581421,256,1.0,255.63767963919963,0.9985846860906236,0.9985846860906236,0.0014153139093764366,0.04690338793271792,0.001415313909377176,1.5616095596309036,0.2500000000000002,0.013760977345833534,0.00568912819197258,0.0
n1024_m256_binned_seed40.h5,256,40,1024,binned,0.49931640875001904,0.10000000149011612,0.8999999761581421,256,1.0,255.62975526065566,0.9985537314869362,0.9985537314869362,0.001446268513063842,0.04762884758465428,0.0014462685130641887,1.5716793505345323,0.2500000000000001,0.01329567008195762,0.005882997813197441,0.0
n1024_m256_binned_seed400.h5,256,400,1024,binned,0.49931640875001904,0.10000000149011612,0.8999999761581421,256,1.0,255.62434937535727,0.9985326147474893,0.9985326147474893,0.0014673852525106668,0.047835768927882404,0.0014673852525111397,1.5650695030828217,0.2500000000000001,0.013553951314992457,0.0061971975994288084,0.0
n1024_m256_binned_seed401.h5,256,401,1024,binned,0.49931640875001904,0.10000000149011612,0.8999999761581421,256,1.0,255.63859288956155,0.9985882534748498,0.9985882534748498,0.0014117465251501926,0.046966002558021094,0.0014117465251507184,1.563964262625286,0.2500000000000001,0.01342316552715372,0.00563954612759123,0.0
n1024_m256_binned_seed402.h5,256,402,1024,binned,0.49931640875001904,0.10000000149011612,0.8999999761581421,256,1.0,255.6285122543777,0.9985488759936629,0.9985488759936629,0.0014511240063370678,0.047576183248517305,0.001451124006337598,1.556327098055919,0.2500000000000001,0.014143172501137825,0.0052657792689060415,0.0
n1024_m256_binned_seed403.h5,256,403,1024,binned,0.49931640875001904,0.10000000149011612,0.8999999761581421,256,1.0,255.61893095904088,0.9985114490587534,0.9985114490587534,0.001488550941246558,0.047524242615253114,0.0014885509412471219,1.5498842487934008,0.2500000000000001,0.014761408585086377,0.0057563056336230696,1.0824478922277183e-06
n1024_m256_binned_seed404.h5,256,404,1024,binned,0.49931640875001904,0.10000000149011612,0.8999999761581421,256,1.0,255.62891010954627,0.9985504301154151,0.9985504301154151,0.0014495698845848892,0.047308547582086434,0.001449569884585405,1.559731482370107,0.2500000000000001,0.014523757508041342,0.005330493282837864,0.0
n1024_m256_binned_seed405.h5,256,405,1024,binned,0.49931640875001904,0.10000000149011612,0.8999999761581421,256,1.0,255.62810057069873,0.9985472678542919,0.9985472678542919,0.0014527321457080689,0.047686555607493054,0.0014527321457086413,1.561099104956036,0.25000000000000017,0.013316764811104208,0.005852157137653156,0.0
n1024_m256_binned_seed406.h5,256,406,1024,binned,0.49931640875001904,0.10000000149011612,0.8999999761581421,256,1.0,255.62724741229613,0.9985439352042818,0.9985439352042818,0.0014560647957182482,0.047495651108482605,0.001456064795718661,1.5531126909835864,0.2500000000000001,0.014052590297949448,0.005376350665808241,0.0
n1024_m256_binned_seed407.h5,256,407,1024,binned,0.49931640875001904,0.10000000149011612,0.8999999761581421,256,1.0,255.6242475033505,0.9985322168099628,0.9985322168099628,0.001467783190037153,0.0475614574889372,0.0014677831900376055,1.5701555663584352,0.2500000000000001,0.013346414434048978,0.0060898668712892805,1.3793996523543972e-06
n1024_m256_binned_seed408.h5,256,408,1024,binned,0.49931640875001904,0.10000000149011612,0.8999999761581421,256,1.0,255.62442811572691,0.9985329223270583,0.9985329223270583,0.0014670776729417412,0.04736786210833076,0.0014670776729421102,1.5625867041278285,0.25000000000000006,0.014069993714501038,0.006442950022881462,0.0
n1024_m256_binned_seed409.h5,256,409,1024,binned,0.49931640875001904,0.10000000149011612,0.8999999761581421,256,1.0,255.6257107227575,0.9985379325107715,0.9985379325107715,0.0014620674892285024,0.04728962669258333,0.0014620674892289224,1.5616172878684438,0.2500000000000001,0.01426611664011819,0.006098438324509447,0.0
n1024_m256_binned_seed41.h5,256,41,1024,binned,0.49931640875001904,0.10000000149011612,0.8999999761581421,256,1.0,255.63780203573697,0.9985851642020975,0.9985851642020975,0.0014148357979024695,0.047206163437936426,0.0014148357979031493,1.5676321642221942,0.2500000000000002,0.013337877741497566,0.005933866858456592,0.0
n1024_m256_binned_seed410.h5,256,410,1024,binned,0.49931640875001904,0.10000000149011612,0.8999999761581421,256,1.0,255.6385635365732,0.9985881388147391,0.9985881388147391,0.001411861185260932,0.047243710952004435,0.0014118611852613945,1.5754232370463581,0.2500000000000001,0.013083682634866325,0.006110472628643053,0.0
n1024_m256_binned_seed411.h5,256,411,1024,binned,0.49931640875001904,0.10000000149011612,0.8999999761581421,256,1.0,255.6318413476547,0.9985618802642762,0.9985618802642762,0.0014381197357238307,0.04715398676545857,0.001438119735724403,1.5582245592551027,0.2500000000000001,0.014025396512549741,0.005888007718068021,0.0
n1024_m256_binned_seed412.h5,256,412,1024,binned,0.49931640875001904,0.10000000149011612,0.8999999761581421,256,1.0,255.6311903858732,0.9985593374448172,0.9985593374448172,0.0014406625551828256,0.04741563269245654,0.0014406625551834692,1.5697210971453754,0.25000000000000017,0.013538753436592471,0.0062441103621471246,0.0
n1024_m256_binned_seed413.h5,256,413,1024,binned,0.49931640875001904,0.10000000149011612,0.8999999761581421,256,1.0,255.63303939832258,0.9985665601496976,0.9985665601496976,0.0014334398503024204,0.04728641472445403,0.0014334398503029746,1.5692701433507628,0.25000000000000017,0.01344427604953537,0.005918432570778472,0.0
n1024_m256_binned_seed414.h5,256,414,1024,binned,0.49931640875001904,0.10000000149011612,0.8999999761581421,256,1.0,255.63423217271338,0.9985712194246616,0.9985712194246616,0.001428780575338351,0.047086387838045814,0.001428780575338881,1.5615871630506775,0.2500000000000001,0.013845796453006582,0.005659502304925425,0.0
n1024_m256_binned_seed415.h5,256,415,1024,binned,0.49931640875001904,0.10000000149011612,0.8999999761581421,256,1.0,255.63211996394966,0.9985629686091784,0.9985629686091784,0.0014370313908216303,0.04739040389528273,0.001437031390822257,1.557881502912453,0.25000000000000017,0.013854262713974,0.005538951177277222,0.0
n1024_m256_binned_seed416.h5,256,416,1024,binned,0.49931640875001904,0.10000000149011612,0.8999999761581421,256,1.0,255.63075401028618,0.9985576328526804,0.9985576328526804,0.001442367147319601,0.04719396819782288,0.001442367147320177,1.5651591517146313,0.2500000000000001,0.013943951630538786,0.006240290316647511,0.0
n1024_m256_binned_seed417.h5,256,417,1024,binned,0.49931640875001904,0.10000000149011612,0.8999999761581421,256,1.0,255.62884826479421,0.9985501885343524,0.9985501885343524,0.001449811465647599,0.047376556363699286,0.0014498114656480308,1.5654038447140055,0.2500000000000001,0.013846094854498787,0.005811346944463775,0.0
n1024_m256_binned_seed418.h5,256,418,1024,binned,0.49931640875001904,0.10000000149011612,0.8999999761581421,256,1.0,255.63501739328785,0.9985742866925307,0.9985742866925307,0.001425713307469323,0.04709127425355625,0.001425713307469847,1.5658638558352167,0.2500000000000001,0.013619610976026564,0.0058360765153343975,0.0
n1024_m256_binned_seed419.h5,256,419,1024,binned,0.49931640875001904,0.10000000149011612,0.8999999761581421,256,1.0,255.62603168355417,0.9985391862638835,0.9985391862638835,0.0014608137361165063,0.04754563598037843,0.0014608137361170966,1.568188684376017,0.25000000000000017,0.013902149875379504,0.0062978337970030504,1.2373980669661827e-06
n1024_m256_binned_seed42.h5,256,42,1024,binned,0.49931640875001904,0.10000000149011612,0.8999999761581421,256,1.0,255.63344925471756,0.9985681611512405,0.9985681611512405,0.0014318388487595257,0.047089872016830826,0.0014318388487599247,1.5621179951624238,0.2500000000000001,0.014288203066678192,0.005761395651679187,0.0
n1024_m256_binned_seed420.h5,256,420,1024,binned,0.49931640875001904,0.10000000149011612,0.8999999761581421,256,1.0,255.63075792018208,0.9985576481257112,0.9985576481257112,0.0014423518742887609,0.04757996537518793,0.0014423518742891282,1.5710655804710936,0.2500000000000001,0.013401463908269705,0.006019469076581272,0.0
n1024_m256_binned_seed421.h5,256,421,1024,binned,0.49931640875001904,0.10000000149011612,0.8999999761581421,256,1.0,255.6239826437668,0.998531182202214,0.998531182202214,0.0014688177977859596,0.04718053782626631,0.001468817797786387,1.5531944747083815,0.2500000000000001,0.014294214671329547,0.005829796792558219,0.0
n1024_m256_binned_seed422.h5,256,422,1024,binned,0.49931640875001904,0.10000000149011612,0.8999999761581421,256,1.0,255.63574101914128,0.9985771133560206,0.9985771133560206,0.001422886643979382,0.047046970022272,0.001422886643980051,1.5714982126218358,0.25000000000000017,0.013415150977269998,0.0062288302245573565,0.0
n1024_m256_binned_seed423.h5,256,423,1024,binned,0.49931640875001904,0.10000000149011612,0.8999999761581421,256,1.0,255.63015390362125,0.9985552886860205,0.9985552886860205,0.0014447113139794965,0.04746425094719138,0.0014447113139799612,1.5532472030379736,0.2500000000000001,0.013975577842587149,0.005451699696442421,0.0
n1024_m256_binned_seed424.h5,256,424,1024,binned,0.49931640875001904,0.10000000149011612,0.8999999761581421,256,1.0,255.61867068748688,0.9985104323729956,0.9985104323729956,0.0014895676270043623,0.04778879892680537,0.001489567627004833,1.5520605260682523,0.2500000000000001,0.014510754723626573,0.005324782614524029,0.0
n1024_m256_binned_seed425.h5,256,425,1024,binned,0.49931640875001904,0.10000000149011612,0.8999999761581421,256,1.0,255.62677201420593,0.9985420781804919,0.9985420781804919,0.0014579218195081012,0.047326857143654415,0.0014579218195085654,1.5648891688600843,0.2500000000000001,0.013282233331027299,0.006307232428375609,2.546144978491702e-06
n1024_m256_binned_seed426.h5,256,426,1024,binned,0.49931640875001904,0.10000000149011612,0.8999999761581421,256,1.0,255.63222018319357,0.9985633600905999,0.9985633600905999,0.001436639909400128,0.047342056180418986,0.0014366399094006396,1.5622769112980437,0.2500000000000001,0.01366537094609787,0.005351723610476771,0.0
n1024_m256_binned_seed427.h5,256,427,1024,binned,0.49931640875001904,0.10000000149011612,0.8999999761581421,256,1.0,255.63044381173677,0.9985564211395968,0.9985564211395968,0.0014435788604032496,0.0473716833446196,0.0014435788604038476,1.5588242945361799,0.25000000000000017,0.013438966184660766,0.00565058655641508,0.0
n1024_m256_binned_seed428.h5,256,428,1024,binned,0.49931640875001904,0.10000000149011612,0.8999999761581421,256,1.0,255.62581752408005,0.9985383497034377,0.9985383497034377,0.0014616502965623113,0.04739843619953261,0.0014616502965629958,1.5485028941329224,0.25000000000000017,0.014452907992818466,0.005576462688215739,0.0
n1024_m256_binned_seed429.h5,256,429,1024,binned,0.49931640875001904,0.10000000149011612,0.8999999761581421,256,1.0,255.6290779872361,0.998551085887641,0.998551085887641,0.0014489141123590343,0.04730960138642162,0.0014489141123593089,1.565896026839654,0.2500000000000001,0.01439842814297108,0.006023867987465452,0.0
n1024_m256_binned_seed43.h5,256,43,1024,binned,0.49931640875001904,0.10000000149011612,0.8999999761581421,256,1.0,255.62806791787443,0.998547140304197,0.998547140304197,0.0014528596958029993,0.047384401406544464,0.001452859695803383,1.557776508643866,0.2500000000000001,0.013848104443761755,0.005526483794604579,0.0
n1024_m256_binned_seed430.h5,256,430,1024,binned,0.49931640875001904,0.10000000149011612,0.8999999761581421,256,1.0,255.62906557282258,0.9985510373938382,0.9985510373938382,0.0014489626061617855,0.04730734262011399,0.0014489626061623179,1.5576845367280845,0.2500000000000001,0.014031515100799152,0.005773260975770382,0.0
n1024_m256_binned_seed431.h5,256,431,1024,binned,0.49931640875001904,0.10000000149011612,0.8999999761581421,256,1.0,255.6300227164029,0.9985547762359488,0.9985547762359488,0.0014452237640512067,0.04727907394750893,0.0014452237640516182,1.5552686559515598,0.2500000000000001,0.013934866565491921,0.005788295949944143,0.0
n1024_m256_binned_seed432.h5,256,432,1024,binned,0.49931640875001904,0.10000000149011612,0.8999999761581421,256,1.0,255.62980120255088,0.9985539109474644,0.9985539109474644,0.0014460890525356263,0.04764980361267871,0.0014460890525361634,1.5616136196644799,0.2500000000000001,0.013540842176459005,0.005597252483489056,0.0
n1024_m256_binned_seed433.h5,256,433,1024,binned,0.49931640875001904,0.10000000149011612,0.8999999761581421,256,1.0,255.6285797075834,0.9985491394827477,0.9985491394827477,0.0014508605172522948,0.0471021290126955,0.00145086051725285,1.551843046790516,0.25000000000000017,0.014501544137649206,0.005417893384050035,0.0
n1024_m256_binned_seed434.h5,256,434,1024,binned,0.49931640875001904,0.10000000149011612,0.8999999761581421,256,1.0,255.6373828784126,0.9985835268687993,0.9985835268687993,0.0014164731312007461,0.046782570678474,0.0014164731312012856,1.5606729835077562,0.2500000000000001,0.013792581266013132,0.0056499978680853435,0.0
n1024_m256_binned_seed435.h5,256,435,1024,binned,0.49931640875001904,0.10000000149011612,0.8999999761581421,256,1.0,255.63435216037033,0.9985716881264466,0.9985716881264466,0.0014283118735534117,0.0470528042785272,0.0014283118735540314,1.5559088353249642,0.25000000000000017,0.014128742690709533,0.00547251692917572,0.0
n1024_m256_binned_seed436.h5,256,436,1024,binned,0.49931640875001904,0.10000000149011612,0.8999999761581421,256,1.0,255.63700809351576,0.9985820628652959,0.9985820628652959,0.0014179371347040615,0.04726863314867933,0.0014179371347045851,1.5626945309629268,0.2500000000000001,0.013349095508642602,0.005581392456182695,0.0
n1024_m256_binned_seed437.h5,256,437,1024,binned,0.49931640875001904,0.10000000149011612,0.8999999761581421,256,1.0,255.63496575596218,0.9985740849842273,0.9985740849842273,0.0014259150157727163,0.04715786330712702,0.0014259150157732085,1.5618966570672221,0.25000000000000017,0.013653086899921726,0.005927988000048601,0.0
n1024_m256_binned_seed438.h5,256,438,1024,binned,0.49931640875001904,0.10000000149011612,0.8999999761581421,256,1.0,255.6251324244804,0.9985356735331266,0.9985356735331266,0.0014643264668734446,0.04736835212026374,0.0014643264668738859,1.5572261013963098,0.2500000000000001,0.014340144605870209,0.005774885909841288,0.0
n1024_m256_binned_seed439.h5,256,439,1024,binned,0.49931640875001904,0.10000000149011612,0.8999999761581421,256,1.0,255.62263319081103,0.9985259109016056,0.9985259109016056,0.0014740890983944155,0.04824557303338219,0.0014740890983949721,1.5602083456435925,0.25000000000000017,0.013655867964181773,0.005306426956644615,0.0
n1024_m256_binned_seed44.h5,256,44,1024,binned,0.49931640875001904,0.10000000149011612,0.8999999761581421,256,1.0,255.62395832200127,0.9985310871953175,0.9985310871953175,0.0014689128046825317,0.047452033857195035,0.0014689128046829582,1.5620872216449775,0.2500000000000001,0.014201667824998017,0.00565252722230144,0.0
n1024_m256_binned_seed440.h5,256,440,1024,binned,0.49931640875001904,0.10000000149011612,0.8999999761581421,256,1.0,255.63160277904535,0.9985609483556459,0.9985609483556459,0.0014390516443540946,0.047260328233884936,0.0014390516443546475,1.5611952065558772,0.2500000000000001,0.013698955417687862,0.005943466694259588,0.0
n1024_m256_binned_seed441.h5,256,441,1024,binned,0.49931640875001904,0.10000000149011612,0.8999999761581421,256,1.0,255.63949180366762,0.9985917648580767,0.9985917648580767,0.0014082351419233419,0.04705365892371963,0.0014082351419237016,1.5755038322309982,0.25000000000000006,0.013390426262250621,0.006069064460065485,0.0
n1024_m256_binned_seed442.h5,256,442,1024,binned,0.49931640875001904,0.10000000149011612,0.8999999761581421,256,1.0,255.6237924757006,0.9985304393582055,0.9985304393582055,0.0014695606417944873,0.04777068284772151,0.0014695606417950131,1.558243742539805,0.2500000000000001,0.013630656026549174,0.005645942895377946,0.0
n1024_m256_binned_seed443.h5,256,443,1024,binned,0.49931640875001904,0.10000000149011612,0.8999999761581421,256,1.0,255.62664411494916,0.9985415785740201,0.9985415785740201,0.00145842142597985,0.04746057984017974,0.0014584214259803971,1.551964870320938,0.2500000000000001,0.014026743679513261,0.005422493493621242,0.0
n1024_m256_binned_seed444.h5,256,444,1024,binned,0.49931640875001904,0.10000000149011612,0.8999999761581421,256,1.0,255.6267620967701,0.9985420394405082,0.9985420394405082,0.0014579605594917666,0.047545596025770985,0.0014579605594923187,1.5668747719450933,0.2500000000000001,0.013399115765369517,0.006013535379591298,1.1286055557279859e-06
n1024_m256_binned_seed445.h5,256,445,1024,binned,0.49931640875001904,0.10000000149011612,0.8999999761581421,256,1.0,255.63324281822133,0.9985673547586771,0.9985673547586771,0.0014326452413229163,0.0474104883065049,0.0014326452413233246,1.566276303528268,0.2500000000000001,0.013240103701766615,0.005869267208280443,0.0
n1024_m256_binned_seed446.h5,256,446,1024,binned,0.49931640875001904,0.10000000149011612,0.8999999761581421,256,1.0,255.6368649972137,0.998581503895366,0.998581503895366,0.0014184961046339595,0.04683331975624013,0.0014184961046345482,1.5557781331011988,0.2500000000000001,0.01410534136182106,0.005726991642146296,0.0
n1024_m256_binned_seed447.h5,256,447,1024,binned,0.49931640875001904,0.10000000149011612,0.8999999761581421,256,1.0,255.62334611093684,0.998528695745847,0.998528695745847,0.001471304254152983,0.047679116732317915,0.001471304254153496,1.5606549611859866,0.2500000000000001,0.013966430103778316,0.005632367609247424,0.0
n1024_m256_binned_seed448.h5,256,448,1024,binned,0.49931640875001904,0.10000000149011612,0.8999999761581421,256,1.0,255.62692570906074,0.9985426785510185,0.9985426785510185,0.0014573214489814745,0.047419608633737446,0.0014573214489819418,1.5679630164528677,0.2500000000000001,0.013277442916635355,0.006066554442330089,1.374222968214526e-06
n1024_m256_binned_seed449.h5,256,449,1024,binned,0.49931640875001904,0.10000000149011612,0.8999999761581421,256,1.0,255.63068844686495,0.9985573767455662,0.9985573767455662,0.0014426232544337836,0.04737055974732565,0.0014426232544343571,1.557106921409446,0.2500000000000001,0.013297737682058771,0.005627473145865198,0.0
n1024_m256_binned_seed45.h5,256,45,1024,binned,0.49931640875001904,0.10000000149011612,0.8999999761581421,256,1.0,255.63197551562916,0.9985624043579264,0.9985624043579264,0.0014375956420735747,0.047232693161583426,0.00143759564207396,1.5598653101610485,0.2500000000000001,0.01404745434794936,0.005612914962080409,0.0
n1024_m256_binned_seed450.h5,256,450,1024,binned,0.49931640875001904,0.10000000149011612,0.8999999761581421,256,1.0,255.6255181683955,0.9985371803452949,0.9985371803452949,0.001462819654705072,0.047539484587338136,0.001462819654705544,1.5643676591011504,0.2500000000000001,0.013575831203136317,0.0061937743046976655,0.0
n1024_m256_binned_seed451.h5,256,451,1024,binned,0.49931640875001904,0.10000000149011612,0.8999999761581421,256,1.0,255.62870334406034,0.9985496224377357,0.9985496224377357,0.0014503775622642934,0.04719375141177388,0.0014503775622649044,1.5600587949732982,0.25000000000000017,0.014391230363226402,0.005884899426624878,0.0
n1024_m256_binned_seed452.h5,256,452,1024,binned,0.49931640875001904,0.10000000149011612,0.8999999761581421,256,1.0,255.62010320650006,0.9985160281503909,0.9985160281503909,0.0014839718496091336,0.047718773594244104,0.0014839718496096482,1.557903604866861,0.2500000000000001,0.014212177522051492,0.006083362273527984,0.0
n1024_m256_binned_seed453.h5,256,453,1024,binned,0.49931640875001904,0.10000000149011612,0.8999999761581421,256,1.0,255.63079677867063,0.9985577999166821,0.9985577999166821,0.0014422000833178572,0.04744866679837817,0.0014422000833185674,1.5633557829564937,0.25000000000000017,0.0136494847659361,0.005743650072120517,0.0
n1024_m256_binned_seed454.h5,256,454,1024,binned,0.49931640875001904,0.10000000149011612,0.8999999761581421,256,1.0,255.6312035987503,0.9985593890576183,0.9985593890576183,0.0014406109423816815,0.04740154810754798,0.001440610942382162,1.559301174785637,0.2500000000000001,0.013876658881681336,0.005462715949597683,0.0
n1024_m256_binned_seed455.h5,256,455,1024,binned,0.49931640875001904,0.10000000149011612,0.8999999761581421,256,1.0,255.62622014811495,0.998539922453574,0.998539922453574,0.001460077546425964,0.047756857862333434,0.0014600775464263672,1.5648077084183156,0.2500000000000001,0.01365106840993021,0.005716318840209475,0.0
n1024_m256_binned_seed456.h5,256,456,1024,binned,0.49931640875001904,0.10000000149011612,0.8999999761581421,256,1.0,255.63476864321274,0.9985733150125498,0.9985733150125498,0.001426684987450244,0.047130723962394414,0.001426684987450864,1.5638159127011555,0.2500000000000001,0.013947559290115468,0.0056434553034785334,0.0
n1024_m256_binned_seed457.h5,256,457,1024,binned,0.49931640875001904,0.10000000149011612,0.8999999761581421,256,1.0,255.6266136928316,0.9985414597376234,0.9985414597376234,0.001458540262376573,0.04749136530624102,0.0014585402623769983,1.5587934328703719,0.2500000000000001,0.014375863750297814,0.0059586519304103075,0.0
n1024_m256_binned_seed458.h5,256,458,1024,binned,0.49931640875001904,0.10000000149011612,0.8999999761581421,256,1.0,255.63647457583284,0.998579978811847,0.998579978811847,0.0014200211881529867,0.04703186493910773,0.0014200211881535193,1.5647888031075585,0.25000000000000017,0.013607385551232152,0.005671218760477732,0.0
n1024_m256_binned_seed459.h5,256,459,1024,binned,0.49931640875001904,0.10000000149011612,0.8999999761581421,256,1.0,255.6160149865318,0.9985000585411399,0.9985000585411399,0.0014999414588601212,0.04780223919703898,0.0014999414588607533,1.5596328381766142,0.2500000000000001,0.014299775773534836,0.0061922970523241696,0.0
n1024_m256_binned_seed46.h5,256,46,1024,binned,0.49931640875001904,0.10000000149011612,0.8999999761581421,256,1.0,255.6297251234064,0.9985536137633062,0.9985536137633062,0.0014463862366937974,0.04729080807476672,0.0014463862366945169,1.5664738706514976,0.25000000000000017,0.013803908470806921,0.006168977724804714,0.0
n1024_m256_binned_seed460.h5,256,460,1024,binned,0.49931640875001904,0.10000000149011612,0.8999999761581421,256,1.0,255.62389498772973,0.9985308397958192,0.9985308397958192,0.0014691602041807528,0.04768787455408168,0.0014691602041811854,1.5574803964833375,0.2500000000000001,0.014075766978485513,0.005931988580666698,0.0
n1024_m256_binned_seed461.h5,256,461,1024,binned,0.49931640875001904,0.10000000149011612,0.8999999761581421,256,1.0,255.63102993716893,0.9985587106920661,0.9985587106920661,0.0014412893079338573,0.04721719970313674,0.0014412893079345762,1.5638213787553208,0.2500000000000002,0.01391530375565242,0.005737322570185379,0.0
n1024_m256_binned_seed462.h5,256,462,1024,binned,0.49931640875001904,0.10000000149011612,0.8999999761581421,256,1.0,255.62719655406545,0.9985437365393182,0.9985437365393182,0.0014562634606818392,0.04728571905149123,0.001456263460682441,1.5642444227928969,0.2500000000000001,0.014440775098774413,0.005835858761084943,0.0
n1024_m256_binned_seed463.h5,256,463,1024,binned,0.49931640875001904,0.10000000149011612,0.8999999761581421,256,1.0,255.62507230386836,0.9985354386869858,0.9985354386869858,0.001464561313014201,0.04769682446947487,0.0014645613130146722,1.5604464692812055,0.2500000000000001,0.013697979177475693,0.0053717830068889545,0.0
n1024_m256_binned_seed464.h5,256,464,1024,binned,0.49931640875001904,0.10000000149011612,0.8999999761581421,256,1.0,255.63571687271178,0.9985770190340304,0.9985770190340304,0.0014229809659696002,0.04696600578429921,0.0014229809659700849,1.5602193320069053,0.2500000000000001,0.013779106298831502,0.005497948850603342,0.0
n1024_m256_binned_seed465.h5,256,465,1024,binned,0.49931640875001904,0.10000000149011612,0.8999999761581421,256,1.0,255.63220054381236,0.998563283374267,0.998563283374267,0.00143671662573297,0.04723668043265634,0.001436716625733459,1.5627409279097324,0.2500000000000001,0.01358008601910943,0.005813620317551724,0.0
n1024_m256_binned_seed466.h5,256,466,1024,binned,0.49931640875001904,0.10000000149011612,0.8999999761581421,256,1.0,255.62764587029233,0.9985454916808294,0.9985454916808294,0.0014545083191705999,0.04760721417246216,0.0014545083191709258,1.5626025751733479,0.25000000000000006,0.013409297699362062,0.005700816848755785,0.0
n1024_m256_binned_seed467.h5,256,467,1024,binned,0.49931640875001904,0.10000000149011612,0.8999999761581421,256,1.0,255.6323305608821,0.9985637912534457,0.9985637912534457,0.0014362087465542572,0.04697113477537695,0.0014362087465547193,1.5490667999569305,0.2500000000000001,0.014067342219932479,0.005400245749734562,0.0
n1024_m256_binned_seed468.h5,256,468,1024,binned,0.49931640875001904,0.10000000149011612,0.8999999761581421,256,1.0,255.62836435718054,0.9985482982702365,0.9985482982702365,0.0014517017297634993,0.04741633212343153,0.0014517017297638857,1.5631146170672627,0.2500000000000001,0.014251624221035306,0.005892236124515994,0.0
n1024_m256_binned_seed469.h5,256,469,1024,binned,0.49931640875001904,0.10000000149011612,0.8999999761581421,256,1.0,255.63455055913073,0.9985724631216044,0.9985724631216044,0.0014275368783955855,0.0468119332959883,0.0014275368783961465,1.5580118406978514,0.2500000000000001,0.014449041933836086,0.005857166504495144,0.0
n1024_m256_binned_seed47.h5,256,47,1024,binned,0.49931640875001904,0.10000000149011612,0.8999999761581421,256,1.0,255.63050563866273,0.9985566626510263,0.9985566626510263,0.0014433373489737278,0.047419017679205124,0.001443337348974256,1.562947548710533,0.2500000000000001,0.013524623313154373,0.005460723408790973,0.0
n1024_m256_binned_seed470.h5,256,470,1024,binned,0.49931640875001904,0.10000000149011612,0.8999999761581421,256,1.0,255.62874149763957,0.9985497714751546,0.9985497714751546,0.0014502285248454427,0.04702929700026868,0.001450228524845976,1.554512759325691,0.2500000000000001,0.014838295685915001,0.0057889724736097485,0.0
n1024_m256_binned_seed471.h5,256,471,1024,binned,0.49931640875001904,0.10000000149011612,0.8999999761581421,256,1.0,255.6293721764814,0.9985522350643805,0.9985522350643805,0.0014477649356194888,0.04737758545399869,0.00144776493562003,1.5561230700389685,0.25000000000000017,0.013694252924082368,0.005534386092159891,0.0
n1024_m256_binned_seed472.h5,256,472,1024,binned,0.49931640875001904,0.10000000149011612,0.8999999761581421,256,1.0,255.63280066788138,0.9985656276089117,0.9985656276089117,0.0014343723910883455,0.04708006937929567,0.0014343723910888219,1.570567101736738,0.2500000000000001,0.013679067886013224,0.006413755484537607,0.0
n1024_m256_binned_seed473.h5,256,473,1024,binned,0.49931640875001904,0.10000000149011612,0.8999999761581421,256,1.0,255.61984267728985,0.9985150104581635,0.9985150104581635,0.0014849895418365122,0.04780910262845791,0.0014849895418370593,1.5597613754345916,0.25000000000000017,0.013838009564107794,0.006027644804591693,0.0
n1024_m256_binned_seed474.h5,256,474,1024,binned,0.49931640875001904,0.10000000149011612,0.8999999761581421,256,1.0,255.629563286755,0.9985529815888867,0.9985529815888867,0.0014470184111132767,0.04731846846155787,0.0014470184111136954,1.5697417995337088,0.2500000000000001,0.013273235130021255,0.006302236833814033,3.1464552059234754e-06
n1024_m256_binned_seed475.h5,256,475,1024,binned,0.49931640875001904,0.10000000149011612,0.8999999761581421,256,1.0,255.63663881405955,0.9985806203674201,0.9985806203674201,0.0014193796325798758,0.04683577224319974,0.0014193796325804346,1.561867100194575,0.2500000000000001,0.013946306184830006,0.005493802314245391,0.0
n1024_m256_binned_seed476.h5,256,476,1024,binned,0.49931640875001904,0.10000000149011612,0.8999999761581421,256,1.0,255.62690203174134,0.9985425860614896,0.9985425860614896,0.001457413938510399,0.04698673223678651,0.001457413938510931,1.556440721861969,0.2500000000000001,0.014315919599661676,0.006247914397431912,0.0
n1024_m256_binned_seed477.h5,256,477,1024,binned,0.49931640875001904,0.10000000149011612,0.8999999761581421,256,1.0,255.61986493808217,0.9985150974143835,0.9985150974143835,0.00148490258561651,0.047662702466487676,0.001484902585616955,1.563085556903496,0.2500000000000001,0.014122108231060512,0.006250385259296113,1.0801718301808864e-06
n1024_m256_binned_seed478.h5,256,478,1024,binned,0.49931640875001904,0.10000000149011612,0.8999999761581421,256,1.0,255.62493866372097,0.99853491665516,0.99853491665516,0.001465083344839968,0.04738848611741321,0.0014650833448405186,1.5511565855613294,0.2500000000000001,0.014417429658745939,0.0054805109631626625,0.0
n1024_m256_binned_seed479.h5,256,479,1024,binned,0.49931640875001904,0.10000000149011612,0.8999999761581421,256,1.0,255.63337939648773,0.9985678882675302,0.9985678882675302,0.0014321117324698207,0.0474449535672856,0.0014321117324703,1.5704418912922897,0.25000000000000017,0.013313361403286022,0.005735015803200149,0.0
n1024_m256_binned_seed48.h5,256,48,1024,binned,0.49931640875001904,0.10000000149011612,0.8999999761581421,256,1.0,255.62588997354032,0.9985386327091419,0.9985386327091419,0.0014613672908581066,0.04751018459855933,0.0014613672908585747,1.5695560010718612,0.2500000000000001,0.013674996832341245,0.0062908195660761005,0.0
n1024_m256_binned_seed480.h5,256,480,1024,binned,0.49931640875001904,0.10000000149011612,0.8999999761581421,256,1.0,255.6279503388214,0.9985466810110211,0.9985466810110211,0.0014533189889789355,0.047726428468375166,0.0014533189889793536,1.5693812849085964,0.2500000000000001,0.013784780733941819,0.00598952924060245,0.0
n1024_m256_binned_seed481.h5,256,481,1024,binned,0.49931640875001904,0.10000000149011612,0.8999999761581421,256,1.0,255.62853140402876,0.9985489507969874,0.9985489507969874,0.0014510492030126443,0.04756582958279996,0.001451049203013154,1.5623514051442082,0.2500000000000001,0.014223013505979371,0.005668121541502626,0.0
n1024_m256_binned_seed482.h5,256,482,1024,binned,0.49931640875001904,0.10000000149011612,0.8999999761581421,256,1.0,255.62965848250315,0.9985533534472779,0.9985533534472779,0.0014466465527220862,0.04728884613221706,0.0014466465527224574,1.556847581991547,0.2500000000000001,0.014230369152559574,0.005756124958158561,0.0
n1024_m256_binned_seed483.h5,256,483,1024,binned,0.49931640875001904,0.10000000149011612,0.8999999761581421,256,1.0,255.62420466063486,0.9985320494556049,0.9985320494556049,0.0014679505443950802,0.04763254231515769,0.001467950544395519,1.5619630011546384,0.2500000000000001,0.013911820245310767,0.006127785588069636,0.0
n1024_m256_binned_seed484.h5,256,484,1024,binned,0.49931640875001904,0.10000000149011612,0.8999999761581421,256,1.0,255.6263925216772,0.9985405957878015,0.9985405957878015,0.0014594042121984785,0.04769643909308222,0.0014594042121990004,1.5625701304778137,0.2500000000000001,0.013986872791305774,0.005809687225606028,0.0
n1024_m256_binned_seed485.h5,256,485,1024,binned,0.49931640875001904,0.10000000149011612,0.8999999761581421,256,1.0,255.62836477393284,0.9985482998981752,0.9985482998981752,0.0014517001018248266,0.04774415762846957,0.0014517001018254962,1.5611334545717888,0.25000000000000017,0.013998135418606662,0.005808886560068083,0.0
n1024_m256_binned_seed486.h5,256,486,1024,binned,0.49931640875001904,0.10000000149011612,0.8999999761581421,256,1.0,255.6279102826229,0.9985465245414957,0.9985465245414957,0.001453475458504272,0.04762511197051656,0.0014534754585047358,1.5633374076932078,0.2500000000000001,0.013732041407390785,0.005895590362047251,0.0
n1024_m256_binned_seed487.h5,256,487,1024,binned,0.49931640875001904,0.10000000149011612,0.8999999761581421,256,1.0,255.63069354994514,0.9985573966794732,0.9985573966794732,0.001442603320526814,0.047364202396111686,0.0014426033205274282,1.5597223207834168,0.25000000000000017,0.013673403938785494,0.005606007154231605,0.0
n1024_m256_binned_seed488.h5,256,488,1024,binned,0.49931640875001904,0.10000000149011612,0.8999999761581421,256,1.0,255.62893147938303,0.99855051359134,0.99855051359134,0.00144948640866005,0.04722802144036247,0.0014494864086604944,1.5605658628589711,0.2500000000000001,0.01407557305139839,0.0060909513994844965,0.0
n1024_m256_binned_seed489.h5,256,489,1024,binned,0.49931640875001904,0.10000000149011612,0.8999999761581421,256,1.0,255.63285487778194,0.9985658393663357,0.9985658393663357,0.0014341606336643054,0.04762092590739287,0.0014341606336647874,1.5673227040585258,0.2500000000000001,0.013290825006390079,0.005816251280333595,0.0
n1024_m256_binned_seed49.h5,256,49,1024,binned,0.49931640875001904,0.10000000149011612,0.8999999761581421,256,1.0,255.62834034700063,0.9985482044804712,0.9985482044804712,0.0014517955195287868,0.04738845765110066,0.0014517955195294393,1.561668523991704,0.25000000000000017,0.013750037043546413,0.00582297007831039,0.0
n1024_m256_binned_seed490.h5,256,490,1024,binned,0.49931640875001904,0.10000000149011612,0.8999999761581421,256,1.0,255.62479278453975,0.9985343468146084,0.9985343468146084,0.0014656531853916022,0.047489016485168505,0.0014656531853920296,1.5564689499405517,0.2500000000000001,0.014546302068431109,0.005503664223950069,0.0
n1024_m256_binned_seed491.h5,256,491,1024,binned,0.49931640875001904,0.10000000149011612,0.8999999761581421,256,1.0,255.62788101570914,0.9985464102176138,0.9985464102176138,0.0014535897823861887,0.04762634130200721,0.0014535897823866127,1.563410191683396,0.2500000000000001,0.013832480902037874,0.005600492221648904,0.0
n1024_m256_binned_seed492.h5,256,492,1024,binned,0.49931640875001904,0.10000000149011612,0.8999999761581421,256,1.0,255.62767657800578,0.9985456116328351,0.9985456116328351,0.0014543883671649382,0.04710542380650667,0.001454388367165239,1.5505800553943707,0.2500000000000001,0.014468732952203522,0.0056878473090759985,0.0
n1024_m256_binned_seed493.h5,256,493,1024,binned,0.49931640875001904,0.10000000149011612,0.8999999761581421,256,1.0,255.63060223475622,0.9985570399795165,0.9985570399795165,0.001442960020483497,0.04723373493984232,0.001442960020483897,1.5480517436340724,0.2500000000000001,0.014407004643262668,0.005062137683817311,0.0
n1024_m256_binned_seed494.h5,256,494,1024,binned,0.49931640875001904,0.10000000149011612,0.8999999761581421,256,1.0,255.63661697039788,0.9985805350406167,0.9985805350406167,0.0014194649593832764,0.04718390502209649,0.0014194649593838834,1.5650287515614523,0.2500000000000002,0.013207690838229837,0.005566649229958413,0.0
n1024_m256_binned_seed495.h5,256,495,1024,binned,0.49931640875001904,0.10000000149011612,0.8999999761581421,256,1.0,255.6351253365283,0.9985747083458136,0.9985747083458136,0.001425291654186367,0.047106906506398184,0.0014252916541868264,1.5699005438812665,0.2500000000000001,0.01336540055017887,0.005908264688975725,0.0
n1024_m256_binned_seed496.h5,256,496,1024,binned,0.49931640875001904,0.10000000149011612,0.8999999761581421,256,1.0,255.620433254604,0.9985173174007969,0.9985173174007969,0.0014826825992031445,0.04780163215107991,0.0014826825992035456,1.5580620582931435,0.2500000000000001,0.013875883215845361,0.00642392718110985,1.441708664392895e-06
n1024_m256_binned_seed497.h5,256,497,1024,binned,0.49931640875001904,0.10000000149011612,0.8999999761581421,256,1.0,255.6335609134403,0.9985685973181262,0.9985685973181262,0.0014314026818738057,0.04701225502693432,0.0014314026818741828,1.5484182276907248,0.2500000000000001,0.014607688839346057,0.005079959199711523,0.0
n1024_m256_binned_seed498.h5,256,498,1024,binned,0.49931640875001904,0.10000000149011612,0.8999999761581421,256,1.0,255.63249860084034,0.9985644476595326,0.9985644476595326,0.0014355523404674386,0.047400151392394736,0.0014355523404678049,1.5602360741172407,0.2500000000000001,0.01378375992271402,0.005599877614163493,0.0
n1024_m256_binned_seed499.h5,256,499,1024,binned,0.49931640875001904,0.10000000149011612,0.8999999761581421,256,1.0,255.62804650046746,0.998547056642451,0.998547056642451,0.0014529433575489747,0.04741123354078553,0.0014529433575493622,1.5630696658948662,0.2500000000000001,0.013486853336869414,0.00600168795154807,0.0
n1024_m256_binned_seed5.h5,256,5,1024,binned,0.49931640875001904,0.10000000149011612,0.8999999761581421,256,1.0,255.62570639180194,0.9985379155929763,0.9985379155929763,0.0014620844070236672,0.0476818341056663,0.0014620844070242838,1.5629845165543312,0.25000000000000017,0.013830115085648737,0.005841107570495868,0.0
n1024_m256_binned_seed50.h5,256,50,1024,binned,0.49931640875001904,0.10000000149011612,0.8999999761581421,256,1.0,255.63067868129292,0.9985573385988005,0.9985573385988005,0.0014426614011995298,0.04746892516571669,0.0014426614011999535,1.5629503698323834,0.2500000000000001,0.013695168817026478,0.0056569533800079775,0.0
n1024_m256_binned_seed500.h5,256,500,1024,binned,0.49931640875001904,0.10000000149011612,0.8999999761581421,256,1.0,255.62402390807983,0.9985313433909369,0.9985313433909369,0.0014686566090631459,0.047830419010296055,0.0014686566090635765,1.5639743805975905,0.2500000000000001,0.014076175926338506,0.005823138083946178,1.1569044101197819e-06
n1024_m256_binned_seed501.h5,256,501,1024,binned,0.49931640875001904,0.10000000149011612,0.8999999761581421,256,1.0,255.62027938613028,0.9985167163520714,0.9985167163520714,0.0014832836479286016,0.047907203327110834,0.0014832836479292458,1.5623010764826113,0.25000000000000017,0.013845105752931554,0.005884182580048718,1.208636834701641e-06
n1024_m256_binned_seed502.h5,256,502,1024,binned,0.49931640875001904,0.10000000149011612,0.8999999761581421,256,1.0,255.63643221779785,0.9985798133507728,0.9985798133507728,0.001420186649227162,0.04709289740156996,0.0014201866492277487,1.5687725376143529,0.2500000000000001,0.013699760825213077,0.005760158752327376,0.0
n1024_m256_binned_seed503.h5,256,503,1024,binned,0.49931640875001904,0.10000000149011612,0.8999999761581421,256,1.0,255.62530391664768,0.998536343424405,0.998536343424405,0.001463656575594996,0.04764328927806728,0.0014636565755955851,1.5599834373961021,0.2500000000000001,0.014082331724615928,0.0058157997921664305,0.0
n1024_m256_binned_seed504.h5,256,504,1024,binned,0.49931640875001904,0.10000000149011612,0.8999999761581421,256,1.0,255.62226002190437,0.9985244532105639,0.9985244532105639,0.0014755467894360663,0.04738084680525557,0.0014755467894366917,1.556616244593022,0.25000000000000017,0.01386729979729666,0.006089764425535186,0.0
n1024_m256_binned_seed505.h5,256,505,1024,binned,0.49931640875001904,0.10000000149011612,0.8999999761581421,256,1.0,255.6326824180287,0.9985651656954246,0.9985651656954246,0.0014348343045753609,0.04723684578312,0.0014348343045758607,1.5587588133599273,0.2500000000000001,0.01352044127509088,0.005487889684119024,0.0
n1024_m256_binned_seed506.h5,256,506,1024,binned,0.49931640875001904,0.10000000149011612,0.8999999761581421,256,1.0,255.62609576240357,0.9985394365718889,0.9985394365718889,0.0014605634281110724,0.047132357111475565,0.001460563428111762,1.5415382430812306,0.25000000000000017,0.014986917927907649,0.004778806274258951,0.0
n1024_m256_binned_seed507.h5,256,507,1024,binned,0.49931640875001904,0.10000000149011612,0.8999999761581421,256,1.0,255.63000928933616,0.9985547237864694,0.9985547237864694,0.001445276213530633,0.04751305593466271,0.0014452762135312891,1.5646374738232325,0.25000000000000017,0.013688416913251338,0.005904993924727583,0.0
n1024_m256_binned_seed508.h5,256,508,1024,binned,0.49931640875001904,0.10000000149011612,0.8999999761581421,256,1.0,255.63144557461783,0.9985603342758509,0.9985603342758509,0.0014396657241491084,0.04696817136612952,0.0014396657241495599,1.553184687003439,0.2500000000000001,0.014154411114341492,0.005566097580690321,0.0
n1024_m256_binned_seed509.h5,256,509,1024,binned,0.49931640875001904,0.10000000149011612,0.8999999761581421,256,1.0,255.62743975351623,0.9985446865371728,0.9985446865371728,0.0014553134628272346,0.04761447206398107,0.0014553134628278062,1.5677603466520191,0.25000000000000017,0.013864312350753416,0.006139979136729288,0.0
n1024_m256_binned_seed51.h5,256,51,1024,binned,0.49931640875001904,0.10000000149011612,0.8999999761581421,256,1.0,255.62156959695858,0.9985217562381195,0.9985217562381195,0.0014782437618805488,0.04774057766855602,0.001478243761881068,1.5681562811336172,0.2500000000000001,0.013953678870692519,0.006022473785039498,0.0
n1024_m256_binned_seed510.h5,256,510,1024,binned,0.49931640875001904,0.10000000149011612,0.8999999761581421,256,1.0,255.62447358951613,0.9985330999590474,0.9985330999590474,0.0014669000409526234,0.047607049234360495,0.0014669000409529714,1.5542697951395887,0.2500000000000001,0.014295872053908278,0.006016674697999187,0.0
n1024_m256_binned_seed511.h5,256,511,1024,binned,0.49931640875001904,0.10000000149011612,0.8999999761581421,256,1.0,255.633386086658,0.9985679144010078,0.9985679144010078,0.0014320855989922165,0.04729289066957997,0.0014320855989927168,1.5668337249099062,0.2500000000000001,0.013711303590345952,0.0058601491374822845,0.0
n1024_m256_binned_seed52.h5,256,52,1024,binned,0.49931640875001904,0.10000000149011612,0.8999999761581421,256,1.0,255.626129836397,0.9985395696734258,0.9985395696734258,0.0014604303265741692,0.04738620958173877,0.0014604303265746993,1.562640570328275,0.2500000000000001,0.014380663658861556,0.005904767614828448,0.0
n1024_m256_binned_seed53.h5,256,53,1024,binned,0.49931640875001904,0.10000000149011612,0.8999999761581421,256,1.0,255.6291976026987,0.9985515531355418,0.9985515531355418,0.0014484468644582194,0.04726056886276565,0.0014484468644587103,1.5629115384538688,0.2500000000000001,0.01394399173099952,0.005737305661805567,0.0
n1024_m256_binned_seed54.h5,256,54,1024,binned,0.49931640875001904,0.10000000149011612,0.8999999761581421,256,1.0,255.62687955204456,0.998542498250174,0.998542498250174,0.0014575017498259513,0.047457331700064775,0.0014575017498263064,1.5575718598549921,0.2500000000000001,0.014771734155248661,0.005958749893851187,0.0
n1024_m256_binned_seed55.h5,256,55,1024,binned,0.49931640875001904,0.10000000149011612,0.8999999761581421,256,1.0,255.63088919552683,0.9985581609200267,0.9985581609200267,0.001441839079973306,0.04742525470597102,0.0014418390799739566,1.5607988066658984,0.25000000000000017,0.013892613954214237,0.005787330257991698,0.0
n1024_m256_binned_seed56.h5,256,56,1024,binned,0.49931640875001904,0.10000000149011612,0.8999999761581421,256,1.0,255.6173952499812,0.9985054501952391,0.9985054501952391,0.0014945498047609362,0.04774844086867014,0.0014945498047614519,1.55955336966714,0.25000000000000017,0.01415255779748872,0.006370960937698367,1.3851668868544452e-06
n1024_m256_binned_seed57.h5,256,57,1024,binned,0.49931640875001904,0.10000000149011612,0.8999999761581421,256,1.0,255.63071920680522,0.9985574969015829,0.9985574969015829,0.0014425030984170917,0.04743231787891546,0.0014425030984177095,1.5633318871218012,0.25000000000000017,0.013878586025630083,0.005948279909618635,0.0
n1024_m256_binned_seed58.h5,256,58,1024,binned,0.49931640875001904,0.10000000149011612,0.8999999761581421,256,1.0,255.63531990353658,0.9985754683731898,0.9985754683731898,0.0014245316268102215,0.047201113802177085,0.0014245316268108252,1.5706481267790697,0.25000000000000017,0.013445652125974908,0.005811761972501822,0.0
n1024_m256_binned_seed59.h5,256,59,1024,binned,0.49931640875001904,0.10000000149011612,0.8999999761581421,256,1.0,255.63010463576938,0.9985550962334742,0.9985550962334742,0.0014449037665258402,0.04721483867162762,0.0014449037665263287,1.5648163852021053,0.2500000000000001,0.013809196692499196,0.006030938129815721,0.0
n1024_m256_binned_seed6.h5,256,6,1024,binned,0.49931640875001904,0.10000000149011612,0.8999999761581421,256,1.0,255.62509733371553,0.9985355364598263,0.9985355364598263,0.0014644635401737105,0.04744138109184331,0.0014644635401743309,1.5700329630264094,0.2500000000000001,0.013636307906468012,0.006579348118157165,1.6834051805355624e-06
n1024_m256_binned_seed60.h5,256,60,1024,binned,0.49931640875001904,0.10000000149011612,0.8999999761581421,256,1.0,255.61615792341763,0.9985006168883501,0.9985006168883501,0.0014993831116498768,0.04785247422074492,0.0014993831116503304,1.5573647989272958,0.2500000000000001,0.01510224312098292,0.005774441635201065,0.0
n1024_m256_binned_seed61.h5,256,61,1024,binned,0.49931640875001904,0.10000000149011612,0.8999999761581421,256,1.0,255.63180049874063,0.9985617206982056,0.9985617206982056,0.0014382793017944095,0.04719492335139509,0.0014382793017949122,1.5639142742811998,0.2500000000000001,0.013704112548985228,0.005973199748800093,0.0
n1024_m256_binned_seed62.h5,256,62,1024,binned,0.49931640875001904,0.10000000149011612,0.8999999761581421,256,1.0,255.63469725435425,0.9985730361498213,0.9985730361498213,0.0014269638501787085,0.04717055448460108,0.0014269638501792083,1.5673629573265322,0.2500000000000001,0.013771231837236858,0.006039282846966946,0.0
n1024_m256_binned_seed63.h5,256,63,1024,binned,0.49931640875001904,0.10000000149011612,0.8999999761581421,256,1.0,255.6207755018695,0.9985186543041777,0.9985186543041777,0.001481345695822256,0.047726082108351345,0.0014813456958227141,1.558875308933809,0.2500000000000001,0.013354907674253114,0.005880733072738071,1.223375098537467e-06
n1024_m256_binned_seed64.h5,256,64,1024,binned,0.49931640875001904,0.10000000149011612,0.8999999761581421,256,1.0,255.63421328215918,0.9985711456334343,0.9985711456334343,0.0014288543665657016,0.04736650493952206,0.001428854366566051,1.5582673897131258,0.2500000000000001,0.01348185199895512,0.005228287601422242,0.0
n1024_m256_binned_seed65.h5,256,65,1024,binned,0.49931640875001904,0.10000000149011612,0.8999999761581421,256,1.0,255.63410476934223,0.9985707217552431,0.9985707217552431,0.0014292782447569152,0.0470903877326277,0.0014292782447572286,1.5579288934427076,0.2500000000000001,0.013963139720009305,0.005875273391062129,0.0
n1024_m256_binned_seed66.h5,256,66,1024,binned,0.49931640875001904,0.10000000149011612,0.8999999761581421,256,1.0,255.62400070301373,0.9985312527461474,0.9985312527461474,0.001468747253852598,0.04716370653184963,0.0014687472538530665,1.5500785507497685,0.2500000000000001,0.01452731917394705,0.006307314049478013,0.0
n1024_m256_binned_seed67.h5,256,67,1024,binned,0.49931640875001904,0.10000000149011612,0.8999999761581421,256,1.0,255.62491370389762,0.9985348191558501,0.9985348191558501,0.001465180844149927,0.04755643380279496,0.0014651808441504684,1.564744738685712,0.2500000000000001,0.013633761210115888,0.006005154088040172,0.0
n1024_m256_binned_seed68.h5,256,68,1024,binned,0.49931640875001904,0.10000000149011612,0.8999999761581421,256,1.0,255.6257793030527,0.9985382004025496,0.9985382004025496,0.0014617995974504083,0.047422213301480824,0.0014617995974509008,1.563148509861097,0.2500000000000001,0.013694606969717403,0.006118939546537314,0.0
n1024_m256_binned_seed69.h5,256,69,1024,binned,0.49931640875001904,0.10000000149011612,0.8999999761581421,256,1.0,255.63500348755042,0.9985742323732438,0.9985742323732438,0.0014257676267561692,0.04671344869052286,0.0014257676267566525,1.558139595513735,0.2500000000000001,0.014649810443179402,0.005718377665315415,0.0
n1024_m256_binned_seed7.h5,256,7,1024,binned,0.49931640875001904,0.10000000149011612,0.8999999761581421,256,1.0,255.63097357538936,0.9985584905288647,0.9985584905288647,0.001441509471135305,0.0473948395785811,0.0014415094711358143,1.5579109559411142,0.2500000000000001,0.013485846671030848,0.005327602530649075,0.0
n1024_m256_binned_seed70.h5,256,70,1024,binned,0.49931640875001904,0.10000000149011612,0.8999999761581421,256,1.0,255.6350323423103,0.9985743450871496,0.9985743450871496,0.0014256549128504048,0.047515734802380624,0.0014256549128508708,1.5689337250818531,0.2500000000000001,0.013013042056576512,0.005661116828885513,0.0
n1024_m256_binned_seed71.h5,256,71,1024,binned,0.49931640875001904,0.10000000149011612,0.8999999761581421,256,1.0,255.62041361081356,0.9985172406672405,0.9985172406672405,0.0014827593327595423,0.04745886549021431,0.001482759332760029,1.549605961053533,0.2500000000000001,0.01450599965516796,0.005704719301493627,0.0
n1024_m256_binned_seed72.h5,256,72,1024,binned,0.49931640875001904,0.10000000149011612,0.8999999761581421,256,1.0,255.6314871325594,0.9985604966115602,0.9985604966115602,0.001439503388439789,0.047461713832610906,0.0014395033884402268,1.5556286906203987,0.2500000000000001,0.013492850645066827,0.004964070769039196,0.0
n1024_m256_binned_seed73.h5,256,73,1024,binned,0.49931640875001904,0.10000000149011612,0.8999999761581421,256,1.0,255.62950921885204,0.9985527703861408,0.9985527703861408,0.0014472296138592355,0.04754998495182724,0.0014472296138596894,1.5617680591773546,0.2500000000000001,0.013866140524635374,0.005468870738923645,0.0
n1024_m256_binned_seed74.h5,256,74,1024,binned,0.49931640875001904,0.10000000149011612,0.8999999761581421,256,1.0,255.63150241227413,0.9985605562979458,0.9985605562979458,0.0014394437020541773,0.047461409880851575,0.0014394437020546207,1.566741915622631,0.2500000000000001,0.013848850120983185,0.006036810631686443,0.0
n1024_m256_binned_seed75.h5,256,75,1024,binned,0.49931640875001904,0.10000000149011612,0.8999999761581421,256,1.0,255.6341482491407,0.9985708915982059,0.9985708915982059,0.0014291084017941103,0.04704398996404143,0.0014291084017946443,1.5669378780664105,0.2500000000000001,0.013801425140766948,0.0060989220039282584,0.0
n1024_m256_binned_seed76.h5,256,76,1024,binned,0.49931640875001904,0.10000000149011612,0.8999999761581421,256,1.0,255.62837865979236,0.9985483541398139,0.9985483541398139,0.0014516458601860904,0.04741644168731187,0.0014516458601865935,1.557634645552498,0.2500000000000001,0.013770827686499414,0.005659600291145966,0.0
n1024_m256_binned_seed77.h5,256,77,1024,binned,0.49931640875001904,0.10000000149011612,0.8999999761581421,256,1.0,255.62770735888625,0.9985457318706494,0.9985457318706494,0.0014542681293505666,0.047711619396796745,0.0014542681293512206,1.5679321211265609,0.25000000000000017,0.01347449624109752,0.006056516583172274,0.0
n1024_m256_binned_seed78.h5,256,78,1024,binned,0.49931640875001904,0.10000000149011612,0.8999999761581421,256,1.0,255.62299722697935,0.9985273329178881,0.9985273329178881,0.0014726670821119114,0.04761473940768484,0.0014726670821124993,1.5697974138539739,0.2500000000000001,0.013972856677111732,0.006221473651979112,2.8636263999987803e-06
n1024_m256_binned_seed79.h5,256,79,1024,binned,0.49931640875001904,0.10000000149011612,0.8999999761581421,256,1.0,255.62706419937604,0.9985432195288126,0.9985432195288126,0.0014567804711873578,0.04724304090126477,0.0014567804711877938,1.5532061516344842,0.2500000000000001,0.014584151891769226,0.005822058817428765,0.0
n1024_m256_binned_seed8.h5,256,8,1024,binned,0.49931640875001904,0.10000000149011612,0.8999999761581421,256,1.0,255.6267106259038,0.9985418383824367,0.9985418383824367,0.0014581616175632917,0.04754579575945677,0.0014581616175639077,1.5628806662430936,0.25000000000000017,0.013795763227598234,0.005992281396498295,0.0
n1024_m256_binned_seed80.h5,256,80,1024,binned,0.49931640875001904,0.10000000149011612,0.8999999761581421,256,1.0,255.63076865606126,0.9985576900627393,0.9985576900627393,0.0014423099372606885,0.04691801594938902,0.0014423099372613912,1.5610782892236128,0.25000000000000017,0.013747083743526553,0.006274941179049179,0.0
n1024_m256_binned_seed81.h5,256,81,1024,binned,0.49931640875001904,0.10000000149011612,0.8999999761581421,256,1.0,255.62533994435216,0.9985364841576256,0.9985364841576256,0.0014635158423743633,0.047364444223432285,0.0014635158423747712,1.5668377686239865,0.2500000000000001,0.01409539915744646,0.006188212323711108,0.0
n1024_m256_binned_seed82.h5,256,82,1024,binned,0.49931640875001904,0.10000000149011612,0.8999999761581421,256,1.0,255.63317831637687,0.9985671027983472,0.9985671027983472,0.0014328972016528496,0.04661800378243119,0.0014328972016533692,1.55563598032682,0.2500000000000001,0.014897362449356868,0.006179322789773543,0.0
n1024_m256_binned_seed83.h5,256,83,1024,binned,0.49931640875001904,0.10000000149011612,0.8999999761581421,256,1.0,255.62619677335897,0.9985398311459335,0.9985398311459335,0.0014601688540665236,0.047745511789211284,0.001460168854067215,1.565978603290076,0.2500000000000002,0.013444118591328998,0.006178276114005547,0.0
n1024_m256_binned_seed84.h5,256,84,1024,binned,0.49931640875001904,0.10000000149011612,0.8999999761581421,256,1.0,255.63631326808536,0.9985793487034584,0.9985793487034584,0.001420651296541564,0.04723895616319263,0.0014206512965419602,1.569794175733609,0.25000000000000006,0.012960302315900299,0.0057514654795443945,0.0
n1024_m256_binned_seed85.h5,256,85,1024,binned,0.49931640875001904,0.10000000149011612,0.8999999761581421,256,1.0,255.63263752881903,0.9985649903469493,0.9985649903469493,0.0014350096530506562,0.04723071900975143,0.0014350096530511534,1.557576725634392,0.2500000000000001,0.014132427162834773,0.005610521225724137,0.0
n1024_m256_binned_seed86.h5,256,86,1024,binned,0.49931640875001904,0.10000000149011612,0.8999999761581421,256,1.0,255.6331843786029,0.9985671264789175,0.9985671264789175,0.0014328735210824561,0.046854890985015975,0.001432873521083038,1.5568099899584886,0.25000000000000017,0.01419401800289525,0.0055460401989203476,0.0
n1024_m256_binned_seed87.h5,256,87,1024,binned,0.49931640875001904,0.10000000149011612,0.8999999761581421,256,1.0,255.63338600689895,0.998567914089449,0.998567914089449,0.0014320859105509953,0.04723756678666962,0.0014320859105516836,1.5592084409187967,0.25000000000000017,0.013878025290275726,0.005504438243679632,0.0
n1024_m256_binned_seed88.h5,256,88,1024,binned,0.49931640875001904,0.10000000149011612,0.8999999761581421,256,1.0,255.6323643722426,0.9985639233290726,0.9985639233290726,0.0014360766709273776,0.04708973365089129,0.0014360766709277857,1.5595876741052856,0.2500000000000001,0.014156424198361602,0.005667582156164681,0.0
n1024_m256_binned_seed89.h5,256,89,1024,binned,0.49931640875001904,0.10000000149011612,0.8999999761581421,256,1.0,255.62647056489368,0.9985409006441159,0.9985409006441159,0.0014590993558840637,0.0473967198152967,0.0014590993558845024,1.5643198100174764,0.2500000000000001,0.01426727303806944,0.006448229161050313,0.0
n1024_m256_binned_seed9.h5,256,9,1024,binned,0.49931640875001904,0.10000000149011612,0.8999999761581421,256,1.0,255.61702927849547,0.9985040206191229,0.9985040206191229,0.0014959793808770883,0.047970629165807785,0.0014959793808776004,1.5590950053819117,0.2500000000000001,0.013963072816073303,0.005625703584014484,0.0
n1024_m256_binned_seed90.h5,256,90,1024,binned,0.49931640875001904,0.10000000149011612,0.8999999761581421,256,1.0,255.63317805432598,0.9985671017747109,0.9985671017747109,0.0014328982252891365,0.04727197557233127,0.001432898225289373,1.5705871474494524,0.25000000000000006,0.014055343060861517,0.006236162668898504,0.0
n1024_m256_binned_seed91.h5,256,91,1024,binned,0.49931640875001904,0.10000000149011612,0.8999999761581421,256,1.0,255.62769494242093,0.9985456833688318,0.9985456833688318,0.0014543166311682398,0.047533035024166594,0.0014543166311687945,1.5628751303155206,0.2500000000000001,0.01356926876148273,0.005318423034200875,0.0
n1024_m256_binned_seed92.h5,256,92,1024,binned,0.49931640875001904,0.10000000149011612,0.8999999761581421,256,1.0,255.6311513625842,0.9985591850100946,0.9985591850100946,0.0014408149899054479,0.047461905700073706,0.0014408149899058306,1.567418879851534,0.2500000000000001,0.013203239578721144,0.005529113041766711,0.0
n1024_m256_binned_seed93.h5,256,93,1024,binned,0.49931640875001904,0.10000000149011612,0.8999999761581421,256,1.0,255.6339740503463,0.9985702111341652,0.9985702111341652,0.0014297888658347802,0.047098352063630826,0.0014297888658352756,1.5635665535392012,0.2500000000000001,0.013358159425382404,0.006337035236329025,0.0
n1024_m256_binned_seed94.h5,256,94,1024,binned,0.49931640875001904,0.10000000149011612,0.8999999761581421,256,1.0,255.63342789818125,0.9985680777272705,0.9985680777272705,0.00143192227272948,0.04712404339639258,0.001431922272730049,1.5522586083469834,0.2500000000000001,0.01415285620248008,0.005273715512425619,0.0
n1024_m256_binned_seed95.h5,256,95,1024,binned,0.49931640875001904,0.10000000149011612,0.8999999761581421,256,1.0,255.6292148418288,0.9985516204758937,0.9985516204758937,0.001448379524106258,0.04737121733621071,0.0014483795241067366,1.5671313314347006,0.2500000000000001,0.013810145224783427,0.006251536785881867,0.0
n1024_m256_binned_seed96.h5,256,96,1024,binned,0.49931640875001904,0.10000000149011612,0.8999999761581421,256,1.0,255.63039956662396,0.9985562483071249,0.9985562483071249,0.0014437516928751393,0.04736042239331145,0.0014437516928755552,1.5610001122037442,0.2500000000000001,0.013805464036910128,0.00585412332440914,0.0
n1024_m256_binned_seed97.h5,256,97,1024,binned,0.49931640875001904,0.10000000149011612,0.8999999761581421,256,1.0,255.62740096295602,0.9985445350115469,0.9985445350115469,0.001455464988453059,0.047307868328316974,0.0014554649884535211,1.553357270827849,0.2500000000000001,0.014118634716169899,0.005806415476179845,0.0
n1024_m256_binned_seed98.h5,256,98,1024,binned,0.49931640875001904,0.10000000149011612,0.8999999761581421,256,1.0,255.6277287148405,0.9985458152923457,0.9985458152923457,0.001454184707654349,0.04747696347114863,0.001454184707654695,1.5646202887202045,0.2500000000000001,0.013590550919831511,0.006149649236939421,0.0
n1024_m256_binned_seed99.h5,256,99,1024,binned,0.49931640875001904,0.10000000149011612,0.8999999761581421,256,1.0,255.6323703815724,0.9985639468030172,0.9985639468030172,0.0014360531969828116,0.04747116691981199,0.0014360531969833377,1.5617772346815202,0.2500000000000001,0.013418844898798216,0.005787640578712175,0.0
