m_hidden,sparsity,seed,checkpoint_step,n_clusters,mean_participation_ratio,mean_max_projection
112,0.0,0,25000,29,32.99882749869002,0.20683475122910286
112,0.0,1,25000,26,32.855826174030916,0.20849864317276978
112,0.02020408163265306,0,25000,28,33.08093853310002,0.20838655838968886
112,0.02020408163265306,1,25000,26,32.999960240505644,0.20998222460224153
112,0.04040816326530612,0,25000,29,33.37299899232791,0.2016309848928285
112,0.04040816326530612,1,25000,30,33.16281418771332,0.20715457964189254
112,0.06061224489795918,0,25000,29,33.697801613961246,0.19462105418145448
112,0.06061224489795918,1,25000,29,33.324461257555356,0.20486581190192543
112,0.08081632653061224,0,25000,27,34.02317091082886,0.18946431713279518
112,0.08081632653061224,1,25000,26,33.49608845012271,0.20107973688906428
112,0.1010204081632653,0,25000,36,34.16146388342896,0.1876090469906852
112,0.1010204081632653,1,25000,25,33.484804936162035,0.20086548532245
112,0.12122448979591836,0,25000,31,34.29694927615793,0.18452758130146021
112,0.12122448979591836,1,25000,30,33.644091241301695,0.19550660812253434
112,0.14142857142857143,0,25000,34,34.159905618456655,0.18168752863135068
112,0.14142857142857143,1,25000,33,33.537081245536754,0.19359884493727342
112,0.16163265306122448,0,25000,35,33.42655145305154,0.18430112368728507
112,0.16163265306122448,1,25000,39,33.05402812589935,0.1927417530203579
112,0.18183673469387754,0,25000,44,32.75053758768295,0.1800614189789747
112,0.18183673469387754,1,25000,44,32.02878657943196,0.1950329292706134
112,0.2020408163265306,0,25000,57,30.717840029839866,0.1793722578786212
112,0.2020408163265306,1,25000,54,30.24108199472729,0.18769598008558389
112,0.22224489795918367,0,25000,57,29.794571776279838,0.17372452344339556
112,0.22224489795918367,1,25000,58,29.954871559192178,0.17946215993666315
112,0.24244897959183673,0,25000,55,29.19831033886888,0.16736764393050738
112,0.24244897959183673,1,25000,54,28.47050084311884,0.17667521747758508
112,0.2626530612244898,0,25000,42,28.419090452459514,0.16592288678043965
112,0.2626530612244898,1,25000,42,28.421713236793682,0.17197472055169477
112,0.28285714285714286,0,25000,33,28.5627211076567,0.16129972879295448
112,0.28285714285714286,1,25000,26,28.45036648320151,0.16677799105132352
112,0.3030612244897959,0,25000,27,28.843764069400656,0.1560160429911569
112,0.3030612244897959,1,25000,24,28.564150068386965,0.16081627232939277
112,0.32326530612244897,0,25000,26,30.433184600842367,0.14948940094345303
112,0.32326530612244897,1,25000,26,30.52182227315034,0.15086005793685592
112,0.34346938775510205,0,25000,27,30.27291439842965,0.14591920879491466
112,0.34346938775510205,1,25000,29,29.59451195324078,0.14907768189639864
112,0.3636734693877551,0,25000,24,23.77277948031137,0.16273465730553383
112,0.3636734693877551,1,25000,21,22.616303878065835,0.16746772718329817
112,0.38387755102040816,0,25000,17,19.23018606258273,0.1768425894020038
112,0.38387755102040816,1,25000,16,19.032580131006608,0.1799403082410619
112,0.4040816326530612,0,25000,18,14.070719142374148,0.2056421667447354
112,0.4040816326530612,1,25000,21,14.981152024032802,0.19498319936545744
112,0.42428571428571427,0,25000,23,12.727129402506128,0.2033060259060266
112,0.42428571428571427,1,25000,24,13.526930792577822,0.19113160720346922
112,0.44448979591836735,0,25000,23,13.6708414004747,0.1918609042912532
112,0.44448979591836735,1,25000,25,13.848698175699706,0.18911677494899787
112,0.4646938775510204,0,25000,22,13.52320147450569,0.19593651686111865
112,0.4646938775510204,1,25000,20,13.777256718914611,0.19257838881232836
112,0.48489795918367345,0,25000,16,12.933687112950576,0.21969695983339377
112,0.48489795918367345,1,25000,16,13.338478330271746,0.21483859216615472
112,0.5051020408163265,0,25000,14,12.795607682655309,0.23259248687525436
112,0.5051020408163265,1,25000,14,12.98867837623406,0.22846162842260637
112,0.5253061224489796,0,25000,7,12.535099564772366,0.28353529690744883
112,0.5253061224489796,1,25000,10,12.685267370237623,0.2605415716400324
112,0.5455102040816326,0,25000,4,12.699599063457594,0.3135914036705749
112,0.5455102040816326,1,25000,6,12.546466947795906,0.29648795819330126
112,0.5657142857142857,0,25000,3,13.270955335570816,0.3160958912163748
112,0.5657142857142857,1,25000,4,12.934382884164675,0.3114245379337587
112,0.5859183673469388,0,25000,2,14.176970660989486,0.30984707622039964
112,0.5859183673469388,1,25000,3,13.421328166646118,0.3132609522452745
112,0.6061224489795918,0,25000,1,15.652709105143556,0.2920435998111367
112,0.6061224489795918,1,25000,1,15.841980107276276,0.29080824113828596
112,0.6263265306122449,0,25000,1,16.035947486519003,0.2868281623361325
112,0.6263265306122449,1,25000,1,16.09460606646607,0.2877642175717312
112,0.6465306122448979,0,25000,1,16.17436016253786,0.285151934366789
112,0.6465306122448979,1,25000,1,18.517578685925972,0.2705370377273123
112,0.666734693877551,0,25000,1,16.407521013329166,0.2808566340324997
112,0.666734693877551,1,25000,1,16.921097789101452,0.2784839642753239
112,0.6869387755102041,0,25000,1,17.956652457666273,0.2687935306027482
112,0.6869387755102041,1,25000,1,17.6360159747106,0.2720888979526229
112,0.7071428571428571,0,25000,1,18.388216872858855,0.26134449589774844
112,0.7071428571428571,1,25000,1,18.88149299701388,0.2610367718899739
112,0.7273469387755102,0,25000,47,38.87827526981571,0.06984952442476819
112,0.7273469387755102,1,25000,1,18.95791113005355,0.25791917034140577
112,0.7475510204081632,0,25000,45,35.153297571918856,0.08513238814804092
112,0.7475510204081632,1,25000,44,34.07355593245621,0.0891020072469455
112,0.7677551020408163,0,25000,44,35.784134375442335,0.08634020686518831
112,0.7677551020408163,1,25000,54,36.35482956943311,0.08241169815917576
112,0.7879591836734694,0,25000,51,37.61404689570826,0.07654520916091086
112,0.7879591836734694,1,25000,55,38.44241105200743,0.0721000654606122
112,0.8081632653061224,0,25000,47,38.1614099123284,0.07377183313933335
112,0.8081632653061224,1,25000,52,37.90023446514948,0.07441294019433543
112,0.8283673469387755,0,25000,49,37.6016743602451,0.07649570476038034
112,0.8283673469387755,1,25000,44,38.11572537186218,0.07285429730658126
112,0.8485714285714285,0,25000,47,37.5055170917054,0.07542399732056712
112,0.8485714285714285,1,25000,49,37.33120004311215,0.07628203862889324
112,0.8687755102040816,0,25000,49,37.20018427152177,0.07530871336949016
112,0.8687755102040816,1,25000,49,37.79878853383205,0.0726996330814858
112,0.8889795918367347,0,25000,50,37.967856612699876,0.07365990176948176
112,0.8889795918367347,1,25000,52,37.88831065405492,0.07353828204352655
112,0.9091836734693878,0,25000,50,38.41836269589235,0.07136549737344663
112,0.9091836734693878,1,25000,49,38.3570270373705,0.07241540232256012
112,0.9293877551020407,0,25000,51,38.71915043201858,0.07007613024727438
112,0.9293877551020407,1,25000,47,38.53664149855374,0.0711349259965505
112,0.9495918367346938,0,25000,51,38.82061777153908,0.07039651853410411
112,0.9495918367346938,1,25000,51,38.45036132675607,0.07132988428678844
112,0.9697959183673469,0,25000,49,38.87348000086432,0.07057920937232853
112,0.9697959183673469,1,25000,44,38.55152265366992,0.0712630526002817
112,0.99,0,25000,53,38.37516989827548,0.071638023120172
112,0.99,1,25000,48,38.77994188521208,0.07065132026004382
128,0.0,0,25000,17,37.90896124952825,0.1859928426759329
128,0.0,1,25000,9,37.30087599724669,0.19924644188936036
128,0.02020408163265306,0,25000,14,38.07901002850839,0.18679306525715877
128,0.02020408163265306,1,25000,18,37.37907155006732,0.1984233406768659
128,0.04040816326530612,0,25000,15,38.471927857803266,0.18687072414735229
128,0.04040816326530612,1,25000,14,38.21428775405256,0.19456970831885947
128,0.06061224489795918,0,25000,15,38.4011674946672,0.18276812407219512
128,0.06061224489795918,1,25000,17,37.99439275985577,0.19200124926260784
128,0.08081632653061224,0,25000,23,38.60292862025335,0.17951657819470113
128,0.08081632653061224,1,25000,20,38.24477942773752,0.18760759611452993
128,0.1010204081632653,0,25000,23,38.42814635432208,0.17724385823216895
128,0.1010204081632653,1,25000,20,38.446585396270635,0.18146342566088133
128,0.12122448979591836,0,25000,25,38.44390714877281,0.17450700100443306
128,0.12122448979591836,1,25000,20,38.493459695584704,0.17843344497252922
128,0.14142857142857143,0,25000,27,37.97850143562559,0.17315053236226208
128,0.14142857142857143,1,25000,26,37.33721782240889,0.18252837810113565
128,0.16163265306122448,0,25000,41,36.52387703678514,0.17252916569437063
128,0.16163265306122448,1,25000,37,35.19356785087754,0.17984481962250534
128,0.18183673469387754,0,25000,52,34.1697071666919,0.1704501986249774
128,0.18183673469387754,1,25000,54,34.19489326250305,0.17251826483237248
128,0.2020408163265306,0,25000,56,33.358729957068846,0.16150561985400821
128,0.2020408163265306,1,25000,56,32.2364672468253,0.16980810690599252
128,0.22224489795918367,0,25000,52,32.42999750760664,0.1584953472543115
128,0.22224489795918367,1,25000,49,31.795323466040706,0.16599255780687128
128,0.24244897959183673,0,25000,37,32.0306666689335,0.15566705310436993
128,0.24244897959183673,1,25000,38,31.439530957257716,0.16048006883593358
128,0.2626530612244898,0,25000,21,33.36757860225832,0.147020406268759
128,0.2626530612244898,1,25000,23,32.490639391218,0.15360608025520694
128,0.28285714285714286,0,25000,26,34.39680272514117,0.1410795687142312
128,0.28285714285714286,1,25000,30,35.448633431473546,0.13760439802636873
128,0.3030612244897959,0,25000,32,36.0949539968924,0.13147426325217226
128,0.3030612244897959,1,25000,33,36.280558077562866,0.1310993434437427
128,0.32326530612244897,0,25000,33,37.243757013346254,0.11991701844004676
128,0.32326530612244897,1,25000,34,36.52675406763954,0.12668474840958763
128,0.34346938775510205,0,25000,30,34.35566623311514,0.12551022506179121
128,0.34346938775510205,1,25000,32,34.55190784197593,0.12631428905025605
128,0.3636734693877551,0,25000,18,25.268682321437833,0.1493607388698761
128,0.3636734693877551,1,25000,22,25.552090699557645,0.1515290199113692
128,0.38387755102040816,0,25000,16,22.76366177081639,0.16118891823936685
128,0.38387755102040816,1,25000,13,21.906396677699785,0.16893944296012928
128,0.4040816326530612,0,25000,19,15.051139995210931,0.1850685012924877
128,0.4040816326530612,1,25000,19,15.748654867351991,0.1884997715559277
128,0.42428571428571427,0,25000,25,14.424413601445474,0.1829648041187651
128,0.42428571428571427,1,25000,24,14.420613196639954,0.18519036676282447
128,0.44448979591836735,0,25000,21,14.984651567383779,0.1836353250724741
128,0.44448979591836735,1,25000,21,15.309107048071,0.1859894987191411
128,0.4646938775510204,0,25000,17,14.927982215038458,0.1990007545861668
128,0.4646938775510204,1,25000,18,15.038650663981244,0.199153901752342
128,0.48489795918367345,0,25000,14,15.178457561028777,0.21112125457521327
128,0.48489795918367345,1,25000,15,15.506419414995209,0.20973326985576987
128,0.5051020408163265,0,25000,10,14.76111905760634,0.2484320270676259
128,0.5051020408163265,1,25000,9,15.130674650263021,0.2513996989151436
128,0.5253061224489796,0,25000,7,14.93870547330414,0.27076207788505857
128,0.5253061224489796,1,25000,3,16.086934150023005,0.2838382448753739
128,0.5455102040816326,0,25000,4,15.673563676223315,0.2855997089423086
128,0.5455102040816326,1,25000,2,16.462268951364337,0.2861621524388054
128,0.5657142857142857,0,25000,1,17.90019128249708,0.2683809772776483
128,0.5657142857142857,1,25000,1,18.406419091527408,0.26597800780956665
128,0.5859183673469388,0,25000,1,19.345620761173453,0.2564862689510113
128,0.5859183673469388,1,25000,1,18.051656484314663,0.2709789917690588
128,0.6061224489795918,0,25000,1,18.121128375589663,0.2688724849935214
128,0.6061224489795918,1,25000,1,18.67551342910969,0.2677879184655662
128,0.6263265306122449,0,25000,1,19.06179445541247,0.26232174526010243
128,0.6263265306122449,1,25000,1,18.794042066970906,0.2668590789905538
128,0.6465306122448979,0,25000,1,19.853836832986627,0.2577812669970785
128,0.6465306122448979,1,25000,1,18.97482973304203,0.2638349969739703
128,0.666734693877551,0,25000,1,19.818791572176053,0.2549927457473355
128,0.666734693877551,1,25000,1,20.781173908786524,0.2530608605959984
128,0.6869387755102041,0,25000,1,20.988776679289472,0.24618080446129362
128,0.6869387755102041,1,25000,1,20.765346597088143,0.24932863772204494
128,0.7071428571428571,0,25000,1,21.34012235795398,0.24313331988324963
128,0.7071428571428571,1,25000,2,21.755303269231003,0.2412151872305756
128,0.7273469387755102,0,25000,1,22.377475825259577,0.23214715932583305
128,0.7273469387755102,1,25000,1,23.218748076883806,0.23027232790494423
128,0.7475510204081632,0,25000,43,42.69021703306597,0.07172555344545942
128,0.7475510204081632,1,25000,41,38.47237387974823,0.0861047637500208
128,0.7677551020408163,0,25000,33,41.24342627108851,0.07532587689610684
128,0.7677551020408163,1,25000,43,40.701432015377684,0.07388957775036512
128,0.7879591836734694,0,25000,37,42.75469928927761,0.06707906983407202
128,0.7879591836734694,1,25000,37,42.349094596890644,0.06830605917903036
128,0.8081632653061224,0,25000,32,42.33036669588924,0.06994984807060284
128,0.8081632653061224,1,25000,33,42.41664963667266,0.07084151138015002
128,0.8283673469387755,0,25000,31,43.2332178043049,0.0684463924492471
128,0.8283673469387755,1,25000,39,43.224870586080854,0.06782442849511361
128,0.8485714285714285,0,25000,38,43.01772259097736,0.06742321448571793
128,0.8485714285714285,1,25000,38,42.46590976842478,0.0688787435421444
128,0.8687755102040816,0,25000,36,42.56335785491139,0.06846787526694087
128,0.8687755102040816,1,25000,38,42.47311638455829,0.0674038119765006
128,0.8889795918367347,0,25000,42,42.754019018974816,0.06648075856030472
128,0.8889795918367347,1,25000,38,43.20682211742096,0.06580131568392181
128,0.9091836734693878,0,25000,35,43.508495093036586,0.06549634753367367
128,0.9091836734693878,1,25000,41,43.5405577032924,0.06520457947598007
128,0.9293877551020407,0,25000,33,43.933945368716785,0.0637168966639917
128,0.9293877551020407,1,25000,37,43.91879032249994,0.06407589517209986
128,0.9495918367346938,0,25000,43,43.94171432006419,0.06416771841995415
128,0.9495918367346938,1,25000,44,43.8539658793463,0.06351944569107369
128,0.9697959183673469,0,25000,40,43.85774584787772,0.06434632218069673
128,0.9697959183673469,1,25000,38,43.87077313533581,0.06392025864739567
128,0.99,0,25000,35,43.580954816056035,0.06516603550124958
128,0.99,1,25000,35,43.98755536784621,0.06409275953926302
144,0.0,0,25000,13,43.0507305516241,0.17509070183005987
144,0.0,1,25000,13,42.9291045347185,0.15603430274242436
144,0.02020408163265306,0,25000,15,43.34608147125949,0.17038941494700272
144,0.02020408163265306,1,25000,11,42.67961206903833,0.16940735785496916
144,0.04040816326530612,0,25000,19,43.96708831741278,0.1668638098584654
144,0.04040816326530612,1,25000,15,42.960356166195155,0.1743313500826284
144,0.06061224489795918,0,25000,11,43.93514440388064,0.16142388195751292
144,0.06061224489795918,1,25000,10,43.13683232407206,0.17296349083003998
144,0.08081632653061224,0,25000,11,44.14355694913031,0.15945481404529396
144,0.08081632653061224,1,25000,11,43.262684349545,0.17340084186189958
144,0.1010204081632653,0,25000,14,44.37115427311066,0.15250793580181388
144,0.1010204081632653,1,25000,13,42.41030632079191,0.17589386881811664
144,0.12122448979591836,0,25000,23,42.875544910224484,0.1566557049941107
144,0.12122448979591836,1,25000,22,40.52288998695953,0.17790192963784784
144,0.14142857142857143,0,25000,30,40.05693947743584,0.1573676884178613
144,0.14142857142857143,1,25000,26,38.43623108749094,0.17622940639360002
144,0.16163265306122448,0,25000,45,38.74053348830634,0.14916043116790223
144,0.16163265306122448,1,25000,45,36.64410856915707,0.17153972766935793
144,0.18183673469387754,0,25000,58,36.92141381642421,0.1455032560088786
144,0.18183673469387754,1,25000,55,35.38120296110867,0.16408165672248162
144,0.2020408163265306,0,25000,53,36.36157481159296,0.14093999597073734
144,0.2020408163265306,1,25000,48,35.23970612186153,0.15964169541939044
144,0.22224489795918367,0,25000,40,36.324194767292354,0.13653908889898395
144,0.22224489795918367,1,25000,33,35.82284243260338,0.15015555173908757
144,0.24244897959183673,0,25000,25,37.43994574523652,0.13121045103621964
144,0.24244897959183673,1,25000,24,36.59277742619771,0.1457219497454553
144,0.2626530612244898,0,25000,27,39.12062308247077,0.12352351973405998
144,0.2626530612244898,1,25000,30,39.30206730431694,0.13000765415968724
144,0.28285714285714286,0,25000,33,40.825719679797935,0.11643624311123915
144,0.28285714285714286,1,25000,32,40.793990913176664,0.12177152252543771
144,0.3030612244897959,0,25000,34,41.88722055293448,0.10868021732162766
144,0.3030612244897959,1,25000,36,41.46560839597804,0.11417904847805295
144,0.32326530612244897,0,25000,38,41.9140614518913,0.10508966217431212
144,0.32326530612244897,1,25000,36,41.516329692955786,0.10984698350139338
144,0.34346938775510205,0,25000,32,36.84819754908314,0.11067320131348372
144,0.34346938775510205,1,25000,27,36.234915390102785,0.11600878220662571
144,0.3636734693877551,0,25000,21,30.735117994542478,0.1286665249991125
144,0.3636734693877551,1,25000,18,37.29103268295437,0.11300256416752794
144,0.38387755102040816,0,25000,8,28.27299841682691,0.1483364718344355
144,0.38387755102040816,1,25000,9,32.822109329405016,0.13001737029044777
144,0.4040816326530612,0,25000,16,17.09202185961292,0.17277840475244505
144,0.4040816326530612,1,25000,16,17.347406524543565,0.17966318141198323
144,0.42428571428571427,0,25000,22,15.709479135622823,0.17766328020691788
144,0.42428571428571427,1,25000,17,15.223407282035136,0.19149049585919686
144,0.44448979591836735,0,25000,20,17.709357510202352,0.17284498254055802
144,0.44448979591836735,1,25000,18,16.446568586236097,0.19112078820806555
144,0.4646938775510204,0,25000,16,17.225684619410398,0.19724220698705297
144,0.4646938775510204,1,25000,13,17.106353529369564,0.21281285292750723
144,0.48489795918367345,0,25000,12,17.585769235505058,0.2205742715957
144,0.48489795918367345,1,25000,11,17.67232100658652,0.21903480009885773
144,0.5051020408163265,0,25000,5,18.02970692338075,0.26279088844106047
144,0.5051020408163265,1,25000,5,18.335254636633728,0.26424768829744893
144,0.5253061224489796,0,25000,3,19.354035292843918,0.2558074280453586
144,0.5253061224489796,1,25000,2,19.88305217169092,0.2630029276814238
144,0.5455102040816326,0,25000,2,19.93740647797648,0.263035758755899
144,0.5455102040816326,1,25000,1,20.94986641335183,0.25018014936334837
144,0.5657142857142857,0,25000,1,21.103659242965293,0.24796060171077797
144,0.5657142857142857,1,25000,1,21.00348093635752,0.250962593545427
144,0.5859183673469388,0,25000,1,22.01261150100644,0.24073405551551286
144,0.5859183673469388,1,25000,1,21.09539974130039,0.25077935793446005
144,0.6061224489795918,0,25000,1,22.793462802279635,0.23950628432654608
144,0.6061224489795918,1,25000,1,21.540562697391962,0.2493377319626609
144,0.6263265306122449,0,25000,1,21.847098640726262,0.2431552446040498
144,0.6263265306122449,1,25000,1,21.469855825680973,0.2476472132388311
144,0.6465306122448979,0,25000,1,24.3300007198716,0.2312094985268351
144,0.6465306122448979,1,25000,1,22.420751133869068,0.24154450056707405
144,0.666734693877551,0,25000,1,23.986596897162855,0.2309332458216271
144,0.666734693877551,1,25000,1,23.129890936266733,0.23575216018103384
144,0.6869387755102041,0,25000,1,25.965762389721746,0.22259706858529682
144,0.6869387755102041,1,25000,1,24.30491471434504,0.2283521276168008
144,0.7071428571428571,0,25000,1,27.445792554099604,0.21313236889335113
144,0.7071428571428571,1,25000,1,25.4738149688079,0.22142584203600213
144,0.7273469387755102,0,25000,1,28.931599934511333,0.2059984900667517
144,0.7273469387755102,1,25000,27,48.68496159900931,0.06296133483941893
144,0.7475510204081632,0,25000,27,43.86355097842562,0.07821547386835746
144,0.7475510204081632,1,25000,27,42.143954607323565,0.07666394893919148
144,0.7677551020408163,0,25000,35,45.34357701924736,0.06905494306729315
144,0.7677551020408163,1,25000,30,45.47304730932677,0.07217699251548963
144,0.7879591836734694,0,25000,26,46.641267377876616,0.06641185137241282
144,0.7879591836734694,1,25000,29,46.99791799130735,0.064041475108092
144,0.8081632653061224,0,25000,30,47.8580981302248,0.06396500884487309
144,0.8081632653061224,1,25000,29,47.59212046103791,0.06393993195424343
144,0.8283673469387755,0,25000,27,48.296429198958705,0.06155970325171567
144,0.8283673469387755,1,25000,30,48.24362221527872,0.0613441920450206
144,0.8485714285714285,0,25000,28,47.28017537107003,0.06351735552599923
144,0.8485714285714285,1,25000,32,48.45985334796913,0.06039723237370759
144,0.8687755102040816,0,25000,27,48.13946945442825,0.06044554977008304
144,0.8687755102040816,1,25000,27,47.6947805794071,0.06188394927805079
144,0.8889795918367347,0,25000,30,47.93096960155472,0.06122307915476254
144,0.8889795918367347,1,25000,30,47.78863375972202,0.06186355054159402
144,0.9091836734693878,0,25000,32,49.066244048734646,0.05887997083303777
144,0.9091836734693878,1,25000,26,49.021917865141745,0.05920359695374129
144,0.9293877551020407,0,25000,23,49.10969347351999,0.05865243495441619
144,0.9293877551020407,1,25000,27,48.82238960470796,0.059339342363749006
144,0.9495918367346938,0,25000,26,49.06984531224238,0.05828663308170749
144,0.9495918367346938,1,25000,25,48.887784823139015,0.058812645282318776
144,0.9697959183673469,0,25000,28,49.22496238912386,0.05812866736780159
144,0.9697959183673469,1,25000,29,49.2128349902234,0.05871917752371082
144,0.99,0,25000,28,48.87630358051061,0.059222111989026306
144,0.99,1,25000,27,48.916397749408446,0.05939004671756618
160,0.0,0,25000,8,47.74548478714388,0.1697488826265942
160,0.0,1,25000,8,47.01441428643111,0.13679369013407583
160,0.02020408163265306,0,25000,11,47.71757748255885,0.16269192722669495
160,0.02020408163265306,1,25000,6,47.36220306162549,0.1614183840424375
160,0.04040816326530612,0,25000,8,48.410029220164695,0.15840082884113899
160,0.04040816326530612,1,25000,5,47.71771859766099,0.16737896574097683
160,0.06061224489795918,0,25000,11,48.218487709697705,0.15354165033100045
160,0.06061224489795918,1,25000,11,47.839180234289515,0.165161435844074
160,0.08081632653061224,0,25000,5,47.9271755559687,0.1553698245725132
160,0.08081632653061224,1,25000,11,47.14899926401694,0.16558572941667093
160,0.1010204081632653,0,25000,17,46.438739544043045,0.1553524922727916
160,0.1010204081632653,1,25000,19,45.09915076496843,0.1701090412544719
160,0.12122448979591836,0,25000,25,43.54090128575682,0.15312078018674227
160,0.12122448979591836,1,25000,30,41.9934531689301,0.1663958774424105
160,0.14142857142857143,0,25000,37,41.25463104086033,0.14869053882789757
160,0.14142857142857143,1,25000,41,41.00590417519804,0.15850756287201306
160,0.16163265306122448,0,25000,54,40.298490903588764,0.14163884183899422
160,0.16163265306122448,1,25000,54,39.67076861920237,0.15201493366024382
160,0.18183673469387754,0,25000,49,39.66370634293738,0.1369041431510677
160,0.18183673469387754,1,25000,53,39.161949155524454,0.1428754467962992
160,0.2020408163265306,0,25000,33,40.27273323976409,0.13127724404182411
160,0.2020408163265306,1,25000,30,40.16591154559413,0.13775858312234776
160,0.22224489795918367,0,25000,26,41.42402907036064,0.1232085359336611
160,0.22224489795918367,1,25000,23,41.26186358877209,0.1329539658612492
160,0.24244897959183673,0,25000,32,44.40062902679672,0.11294765343162128
160,0.24244897959183673,1,25000,29,43.98608097148211,0.12266978367952286
160,0.2626530612244898,0,25000,31,46.526273095337984,0.10525183603560824
160,0.2626530612244898,1,25000,30,45.209981919286946,0.11602215794393628
160,0.28285714285714286,0,25000,31,46.68846894262411,0.10107726911852201
160,0.28285714285714286,1,25000,32,45.94741092377599,0.10802414307255731
160,0.3030612244897959,0,25000,36,47.561473989602135,0.0950310666741443
160,0.3030612244897959,1,25000,35,47.0058868612991,0.10013839687387843
160,0.32326530612244897,0,25000,34,46.06885043975866,0.09216666780479747
160,0.32326530612244897,1,25000,35,46.28787731520629,0.09729265861606143
160,0.34346938775510205,0,25000,29,42.37709752201164,0.09560814730825457
160,0.34346938775510205,1,25000,28,41.590116347305475,0.10153734769945622
160,0.3636734693877551,0,25000,14,42.35586348949337,0.09443831176564886
160,0.3636734693877551,1,25000,12,41.79434848906054,0.10430873785773134
160,0.38387755102040816,0,25000,12,37.2511827892803,0.10811112783807905
160,0.38387755102040816,1,25000,8,41.73486967690832,0.09527530997896994
160,0.4040816326530612,0,25000,12,18.354620163347455,0.17172027221422703
160,0.4040816326530612,1,25000,15,17.24808596866292,0.17573016764850646
160,0.42428571428571427,0,25000,20,18.04556880096819,0.17461863093642366
160,0.42428571428571427,1,25000,20,18.167561672136927,0.17380257293291604
160,0.44448979591836735,0,25000,17,19.735006552908764,0.1800396491090225
160,0.44448979591836735,1,25000,16,19.815300297778148,0.18129114429389315
160,0.4646938775510204,0,25000,13,20.736146143355814,0.19829650263054183
160,0.4646938775510204,1,25000,12,20.200310643227873,0.20339063068811652
160,0.48489795918367345,0,25000,8,20.765124709369886,0.2322810912688558
160,0.48489795918367345,1,25000,6,21.562562707913074,0.23633404483830145
160,0.5051020408163265,0,25000,2,23.23408045398378,0.23924600955733386
160,0.5051020408163265,1,25000,1,24.867963507467582,0.22189658547793184
160,0.5253061224489796,0,25000,2,24.671863024465843,0.22599646597265793
160,0.5253061224489796,1,25000,1,24.89965175637761,0.2239837161919395
160,0.5455102040816326,0,25000,2,23.150387381449736,0.2467169919487918
160,0.5455102040816326,1,25000,2,24.40361398494305,0.2217890161753605
160,0.5657142857142857,0,25000,1,24.23103034914936,0.23221903209167977
160,0.5657142857142857,1,25000,1,25.19719462916748,0.22754653266910457
160,0.5859183673469388,0,25000,1,25.13048261619351,0.2308448294635446
160,0.5859183673469388,1,25000,2,23.321036591770408,0.24762864593433156
160,0.6061224489795918,0,25000,1,24.921581079610025,0.23057248904070204
160,0.6061224489795918,1,25000,1,25.733398992068775,0.224836883228866
160,0.6263265306122449,0,25000,1,25.687992322460794,0.22572819868453844
160,0.6263265306122449,1,25000,1,27.45837175651484,0.21706109282877412
160,0.6465306122448979,0,25000,1,25.925904003320873,0.2231248523596895
160,0.6465306122448979,1,25000,1,29.27657966201493,0.21179621001346072
160,0.666734693877551,0,25000,2,26.948551313783653,0.21802805786410095
160,0.666734693877551,1,25000,1,28.9501112404145,0.213488824738924
160,0.6869387755102041,0,25000,2,27.636981483674678,0.21341115746347195
160,0.6869387755102041,1,25000,1,30.117709517114356,0.2068120041122838
160,0.7071428571428571,0,25000,1,29.58100973076961,0.20473473649911886
160,0.7071428571428571,1,25000,1,30.931280397662285,0.20213209518857964
160,0.7273469387755102,0,25000,1,30.868170164111227,0.1970654393468939
160,0.7273469387755102,1,25000,18,53.98736663014523,0.05824559302917339
160,0.7475510204081632,0,25000,20,49.42319937301254,0.06712649117377291
160,0.7475510204081632,1,25000,20,50.69691072177737,0.07381103587131342
160,0.7677551020408163,0,25000,21,50.63939552255286,0.06707191722199188
160,0.7677551020408163,1,25000,27,50.99098406365658,0.06454587176326562
160,0.7879591836734694,0,25000,23,52.205028241589076,0.0610826494661567
160,0.7879591836734694,1,25000,15,52.73961869865013,0.060672779073783795
160,0.8081632653061224,0,25000,25,54.10758392469689,0.05437711628708486
160,0.8081632653061224,1,25000,20,53.46735797398905,0.057605894633862134
160,0.8283673469387755,0,25000,24,53.98221693703529,0.054492307700312374
160,0.8283673469387755,1,25000,21,53.10356090354411,0.05936347311604062
160,0.8485714285714285,0,25000,24,53.576045145196844,0.05623044299200937
160,0.8485714285714285,1,25000,23,53.11628191347898,0.05689205642931011
160,0.8687755102040816,0,25000,25,53.58407532548544,0.056859075247667167
160,0.8687755102040816,1,25000,19,53.11289669555963,0.056592656434554856
160,0.8889795918367347,0,25000,24,53.03292997097633,0.05676896946586184
160,0.8889795918367347,1,25000,22,52.743209895877754,0.05722985452208362
160,0.9091836734693878,0,25000,19,54.76076938729304,0.053292028356952764
160,0.9091836734693878,1,25000,19,54.237271369487104,0.05405173624890079
160,0.9293877551020407,0,25000,16,54.461611126964954,0.05341503566506317
160,0.9293877551020407,1,25000,17,54.91174642565834,0.05308024730745904
160,0.9495918367346938,0,25000,18,54.48779657680285,0.05368727708450686
160,0.9495918367346938,1,25000,21,54.52039497790859,0.054048089274224845
160,0.9697959183673469,0,25000,18,54.39285627033682,0.05409837386588713
160,0.9697959183673469,1,25000,13,54.625666837244076,0.053438180091666926
160,0.99,0,25000,19,54.365184046238014,0.05459028859206056
160,0.99,1,25000,21,54.26291243972915,0.05391296105236812
16,0.0,0,25000,16,5.228866391845818,0.4300554711683043
16,0.0,1,25000,16,4.99814111228641,0.4699837959792465
16,0.02020408163265306,0,25000,16,5.144064285536326,0.45853380565274166
16,0.02020408163265306,1,25000,16,5.02520882707421,0.4782596090725049
16,0.04040816326530612,0,25000,16,5.175152418514353,0.46598090208766196
16,0.04040816326530612,1,25000,16,5.088883136839046,0.47775525756803494
16,0.06061224489795918,0,25000,16,5.185818624043263,0.4679105013006431
16,0.06061224489795918,1,25000,16,5.111506217618686,0.47983966645954707
16,0.08081632653061224,0,25000,16,5.246959832750908,0.4677956277486611
16,0.08081632653061224,1,25000,16,5.079263936278315,0.48381351675863804
16,0.1010204081632653,0,25000,16,5.205762041508957,0.46950543627654984
16,0.1010204081632653,1,25000,16,5.1194937436401915,0.4797826287154353
16,0.12122448979591836,0,25000,16,5.304372518213398,0.461725115651467
16,0.12122448979591836,1,25000,16,5.1060896677739045,0.47988298374149735
16,0.14142857142857143,0,25000,16,5.2384640568287,0.4669559806454038
16,0.14142857142857143,1,25000,16,5.132828438834853,0.47810198897449313
16,0.16163265306122448,0,25000,16,5.207784337131258,0.4708278445420103
16,0.16163265306122448,1,25000,16,5.085482257015627,0.47947402388841187
16,0.18183673469387754,0,25000,16,5.182886308695867,0.46987994400299815
16,0.18183673469387754,1,25000,16,5.170099314770126,0.4715600857392849
16,0.2020408163265306,0,25000,16,5.294476475314199,0.4578588956423927
16,0.2020408163265306,1,25000,16,5.267365023534785,0.4666016912990352
16,0.22224489795918367,0,25000,16,5.2915097441927905,0.4616819320419938
16,0.22224489795918367,1,25000,16,5.209605958488804,0.4678299247973612
16,0.24244897959183673,0,25000,16,5.350150241941371,0.45351289328541794
16,0.24244897959183673,1,25000,16,5.215952886763098,0.4687142680688766
16,0.2626530612244898,0,25000,16,5.239217657395748,0.46459998251221657
16,0.2626530612244898,1,25000,16,5.192832388139618,0.4668790734723993
16,0.28285714285714286,0,25000,16,5.34987769533018,0.45374142580976906
16,0.28285714285714286,1,25000,16,5.144340824497769,0.46625861116509837
16,0.3030612244897959,0,25000,16,5.250638701508503,0.4590985153572044
16,0.3030612244897959,1,25000,16,5.260882782032457,0.46137820676945807
16,0.32326530612244897,0,25000,16,5.227071594452752,0.4596094451109386
16,0.32326530612244897,1,25000,16,5.260924649885082,0.45983569019181236
16,0.34346938775510205,0,25000,16,5.392931817341867,0.4489842146031612
16,0.34346938775510205,1,25000,16,5.325377950234994,0.4536188913956653
16,0.3636734693877551,0,25000,16,5.40677046272029,0.4483684556560033
16,0.3636734693877551,1,25000,16,5.237592267649557,0.45936425163857697
16,0.38387755102040816,0,25000,16,5.329977930057902,0.45045712673560423
16,0.38387755102040816,1,25000,16,5.353180278923601,0.4504552035982149
16,0.4040816326530612,0,25000,16,5.381985335450525,0.44820189211292183
16,0.4040816326530612,1,25000,16,5.271588515099628,0.45392866485044797
16,0.42428571428571427,0,25000,16,5.42341501899975,0.44573022214804187
16,0.42428571428571427,1,25000,16,5.267341683833843,0.4546798555632532
16,0.44448979591836735,0,25000,16,5.359988972063198,0.44729626444946036
16,0.44448979591836735,1,25000,16,5.307281436682152,0.44822820113048
16,0.4646938775510204,0,25000,16,5.414171426213423,0.44470891750607816
16,0.4646938775510204,1,25000,16,5.373450061819799,0.44412679209329087
16,0.48489795918367345,0,25000,16,5.375793267180821,0.444116661743023
16,0.48489795918367345,1,25000,16,5.522852900145787,0.43495284019113084
16,0.5051020408163265,0,25000,15,5.397812529380365,0.43738506840172686
16,0.5051020408163265,1,25000,16,5.299100980799982,0.44542047113779504
16,0.5253061224489796,0,25000,14,5.3206350407725465,0.4379243169852636
16,0.5253061224489796,1,25000,16,5.435713504248749,0.43786284712806256
16,0.5455102040816326,0,25000,14,5.384046283501895,0.4298983329892648
16,0.5455102040816326,1,25000,15,5.3753442845249735,0.4343842026989864
16,0.5657142857142857,0,25000,12,4.504502163052477,0.4367434431627027
16,0.5657142857142857,1,25000,12,4.722599950835864,0.4275157542550062
16,0.5859183673469388,0,25000,13,4.928536854511451,0.421902570183156
16,0.5859183673469388,1,25000,12,4.4657830324676375,0.4287881727400635
16,0.6061224489795918,0,25000,10,4.085879115434587,0.43896299192912824
16,0.6061224489795918,1,25000,11,4.277113639606116,0.43255262939965267
16,0.6263265306122449,0,25000,9,3.832801923626895,0.4470044084278436
16,0.6263265306122449,1,25000,9,3.8668324915187786,0.44430722216632534
16,0.6465306122448979,0,25000,8,3.685897955113525,0.44923762152444074
16,0.6465306122448979,1,25000,9,3.8777460172399865,0.43773593089867147
16,0.666734693877551,0,25000,5,3.1012315205927163,0.498289082307516
16,0.666734693877551,1,25000,6,3.315862765671844,0.4757993223102762
16,0.6869387755102041,0,25000,3,2.861168512388664,0.5507862715498533
16,0.6869387755102041,1,25000,6,3.1267699254090764,0.500636215600793
16,0.7071428571428571,0,25000,3,2.9245468513108395,0.5548593904395378
16,0.7071428571428571,1,25000,6,3.1678802686880045,0.5102477593945365
16,0.7273469387755102,0,25000,5,3.06693112025815,0.5471966500690029
16,0.7273469387755102,1,25000,14,3.216154069211622,0.5486411482805975
16,0.7475510204081632,0,25000,15,3.286952402893438,0.5663349084953078
16,0.7475510204081632,1,25000,16,4.077300044355469,0.52044215701
16,0.7677551020408163,0,25000,16,3.9826035015995243,0.5363824464635581
16,0.7677551020408163,1,25000,16,4.18312697248356,0.505650572281942
16,0.7879591836734694,0,25000,16,3.8286180568787236,0.5404186927952364
16,0.7879591836734694,1,25000,16,6.295070699982897,0.2931254731026304
16,0.8081632653061224,0,25000,16,6.130064140000633,0.30351618651069134
16,0.8081632653061224,1,25000,16,6.207642752267592,0.297811270172445
16,0.8283673469387755,0,25000,16,6.34289842768249,0.29049534591033543
16,0.8283673469387755,1,25000,16,6.228436490458879,0.2995203736859682
16,0.8485714285714285,0,25000,16,6.3213979426243885,0.29025292802642955
16,0.8485714285714285,1,25000,16,6.285927913991676,0.2932235872063469
16,0.8687755102040816,0,25000,16,6.315542195768196,0.2912933336577909
16,0.8687755102040816,1,25000,16,6.383496526739551,0.2876391558079603
16,0.8889795918367347,0,25000,16,6.273187432214767,0.293261287585617
16,0.8889795918367347,1,25000,16,6.389912905139015,0.28693681531072274
16,0.9091836734693878,0,25000,16,6.37908012993309,0.2872300841822544
16,0.9091836734693878,1,25000,16,6.399028543794158,0.2856069756656714
16,0.9293877551020407,0,25000,16,6.418370011002663,0.2874304609199515
16,0.9293877551020407,1,25000,16,6.437465131769163,0.283543836262853
16,0.9495918367346938,0,25000,16,6.417221262187641,0.285706473448889
16,0.9495918367346938,1,25000,16,6.467158664219193,0.2843957600026962
16,0.9697959183673469,0,25000,16,6.405264926095989,0.2856566524914077
16,0.9697959183673469,1,25000,16,6.467260829268815,0.2793771148222215
16,0.99,0,25000,16,6.482810501832577,0.2850552647405863
16,0.99,1,25000,16,6.379110891092863,0.2883082660686085
176,0.0,0,25000,4,53.05385375664585,0.14989646114977262
176,0.0,1,25000,4,52.38427481964018,0.0995060669906533
176,0.02020408163265306,0,25000,9,52.81463473241751,0.1520742894974934
176,0.02020408163265306,1,25000,6,52.467288949680054,0.09732181891142663
176,0.04040816326530612,0,25000,10,53.65657399410565,0.147756763794843
176,0.04040816326530612,1,25000,7,52.19370846181427,0.15147191314437455
176,0.06061224489795918,0,25000,7,53.102682854517695,0.14517914635456863
176,0.06061224489795918,1,25000,6,52.02813480009789,0.15408459918938375
176,0.08081632653061224,0,25000,7,51.47018851250638,0.14638977605678782
176,0.08081632653061224,1,25000,13,49.61499237252255,0.15686661321982504
176,0.1010204081632653,0,25000,24,47.5137398813619,0.14314553573608207
176,0.1010204081632653,1,25000,23,47.15047902948342,0.15458579754595175
176,0.12122448979591836,0,25000,36,45.9884090535532,0.13648647691783528
176,0.12122448979591836,1,25000,37,44.21786555619883,0.15043191038690487
176,0.14142857142857143,0,25000,50,43.96656080722654,0.13512820600884143
176,0.14142857142857143,1,25000,51,43.0090418371829,0.14418685534750275
176,0.16163265306122448,0,25000,45,44.00477485815696,0.12818979550734882
176,0.16163265306122448,1,25000,44,43.14790975284818,0.13881358960594276
176,0.18183673469387754,0,25000,32,44.494335657957805,0.12308945956786954
176,0.18183673469387754,1,25000,29,43.84569157650475,0.13413278291560093
176,0.2020408163265306,0,25000,26,45.594094872713086,0.11834160950397504
176,0.2020408163265306,1,25000,25,45.90228665693327,0.1249097921700423
176,0.22224489795918367,0,25000,36,49.4353421628269,0.10609364860865808
176,0.22224489795918367,1,25000,29,48.262127845641814,0.1161786109120247
176,0.24244897959183673,0,25000,30,50.25000829546605,0.1020551282895292
176,0.24244897959183673,1,25000,36,49.02248938926468,0.11088401625157097
176,0.2626530612244898,0,25000,30,51.579106972775364,0.09385161012426857
176,0.2626530612244898,1,25000,30,50.355870245113856,0.10313645588873901
176,0.28285714285714286,0,25000,34,51.75638763995996,0.08913895375442944
176,0.28285714285714286,1,25000,35,51.53426718359862,0.09703455069194737
176,0.3030612244897959,0,25000,35,53.22813019432362,0.08241722587847577
176,0.3030612244897959,1,25000,28,51.71244482592842,0.0926204212140121
176,0.32326530612244897,0,25000,33,51.48857389806729,0.08245307705196728
176,0.32326530612244897,1,25000,32,50.7668560997827,0.08842498630194956
176,0.34346938775510205,0,25000,24,51.081472325034795,0.07971086518190043
176,0.34346938775510205,1,25000,24,50.953211174017895,0.08231249846759742
176,0.3636734693877551,0,25000,19,51.39844951876617,0.07408272961092752
176,0.3636734693877551,1,25000,18,50.3514629018007,0.07901082082758734
176,0.38387755102040816,0,25000,9,41.15764660755585,0.09177515423173088
176,0.38387755102040816,1,25000,9,40.948784690452975,0.09297819601270474
176,0.4040816326530612,0,25000,13,19.338952785567013,0.16788414796593426
176,0.4040816326530612,1,25000,13,19.069108118829035,0.1717137527055449
176,0.42428571428571427,0,25000,14,20.446513272352256,0.17351071326138462
176,0.42428571428571427,1,25000,14,18.983584236475206,0.18150375870574176
176,0.44448979591836735,0,25000,12,22.14906152087606,0.2008287566243911
176,0.44448979591836735,1,25000,13,21.91495793530244,0.19363317670698033
176,0.4646938775510204,0,25000,7,24.50286784817261,0.2156352748155235
176,0.4646938775510204,1,25000,8,23.699128438701816,0.21207372441965883
176,0.48489795918367345,0,25000,2,26.929850789977813,0.21854182803307537
176,0.48489795918367345,1,25000,2,27.168504062703562,0.21721001959340053
176,0.5051020408163265,0,25000,2,26.549568636455376,0.22502542318881402
176,0.5051020408163265,1,25000,1,28.178179983336868,0.20833982170557494
176,0.5253061224489796,0,25000,1,27.861875348046567,0.21135393900745614
176,0.5253061224489796,1,25000,1,28.083003848711243,0.21223764678494186
176,0.5455102040816326,0,25000,1,28.178424123787927,0.21442608556807652
176,0.5455102040816326,1,25000,1,27.97716831141672,0.21441708396640663
176,0.5657142857142857,0,25000,1,28.01665139454757,0.21594147061414828
176,0.5657142857142857,1,25000,2,28.288726219027716,0.21578799765819
176,0.5859183673469388,0,25000,1,28.19228608888963,0.21567519226640175
176,0.5859183673469388,1,25000,1,28.165960459290318,0.21635064805095464
176,0.6061224489795918,0,25000,2,29.02523655952934,0.21287095253233335
176,0.6061224489795918,1,25000,1,30.09325225379061,0.20858492564702819
176,0.6263265306122449,0,25000,1,29.344546179629717,0.21054848106319546
176,0.6263265306122449,1,25000,1,29.72156534911217,0.2110219187265049
176,0.6465306122448979,0,25000,1,30.430984669113094,0.20689604438378156
176,0.6465306122448979,1,25000,1,32.30979075321291,0.20034913794846165
176,0.666734693877551,0,25000,1,31.18915010322722,0.2028878706285167
176,0.666734693877551,1,25000,2,33.27511534186725,0.19604916754194052
176,0.6869387755102041,0,25000,2,31.858578805026113,0.19745886971557897
176,0.6869387755102041,1,25000,1,35.560109709185966,0.18903647993131095
176,0.7071428571428571,0,25000,1,34.26951292419764,0.18946382398345588
176,0.7071428571428571,1,25000,1,34.2286488526338,0.1899951724065216
176,0.7273469387755102,0,25000,1,36.54552701722606,0.1795880422854054
176,0.7273469387755102,1,25000,1,36.459621765433404,0.18413680311693761
176,0.7475510204081632,0,25000,14,50.69541695643193,0.0670460484554159
176,0.7475510204081632,1,25000,10,50.23895402526528,0.06926528669128743
176,0.7677551020408163,0,25000,18,58.537803862309914,0.05557149652762232
176,0.7677551020408163,1,25000,16,55.27049271780096,0.05983460785525452
176,0.7879591836734694,0,25000,18,56.31798872957131,0.06014718294164369
176,0.7879591836734694,1,25000,17,54.96193040139738,0.06125748739730075
176,0.8081632653061224,0,25000,13,58.330823370926055,0.05435006210103603
176,0.8081632653061224,1,25000,18,58.448252047009525,0.05355934091930868
176,0.8283673469387755,0,25000,18,59.16168398245894,0.05139784671016895
176,0.8283673469387755,1,25000,18,59.09324323753801,0.051505729383926446
176,0.8485714285714285,0,25000,17,58.63248180312232,0.052254411250759934
176,0.8485714285714285,1,25000,19,58.686236528568806,0.05185222257414943
176,0.8687755102040816,0,25000,17,58.86034350251812,0.05222511462678548
176,0.8687755102040816,1,25000,23,58.15565918559162,0.052805948855637025
176,0.8889795918367347,0,25000,18,58.28052581557977,0.05234351029776693
176,0.8889795918367347,1,25000,17,58.20986357012864,0.05253816922815463
176,0.9091836734693878,0,25000,12,59.80395797173103,0.05025735775651417
176,0.9091836734693878,1,25000,12,58.92254251487422,0.051060375825871473
176,0.9293877551020407,0,25000,17,59.37117887006643,0.05106287879351935
176,0.9293877551020407,1,25000,14,59.48927607357407,0.05048936735894216
176,0.9495918367346938,0,25000,11,59.90063496348966,0.0499854776187011
176,0.9495918367346938,1,25000,9,60.20392897055752,0.04943254377422017
176,0.9697959183673469,0,25000,12,60.04056316049839,0.04960754941532332
176,0.9697959183673469,1,25000,13,59.499868779131816,0.050627282152341274
176,0.99,0,25000,17,59.41821977287056,0.05067673895352247
176,0.99,1,25000,13,59.539968108093284,0.050685800535629724
192,0.0,0,25000,2,58.29621270913718,0.11655685660989479
192,0.0,1,25000,2,57.62897028900598,0.11940862173288062
192,0.02020408163265306,0,25000,5,58.597416314827946,0.1356220771189813
192,0.02020408163265306,1,25000,6,57.522284367185165,0.10116941517670935
192,0.04040816326530612,0,25000,4,57.76309721863508,0.13874938691097688
192,0.04040816326530612,1,25000,5,56.79910378932456,0.14226627690202256
192,0.06061224489795918,0,25000,10,56.358862002330426,0.13926149254075826
192,0.06061224489795918,1,25000,5,54.59486656841419,0.14973702067775446
192,0.08081632653061224,0,25000,12,53.34914860586526,0.13714066123919816
192,0.08081632653061224,1,25000,12,51.06952794993656,0.14848486220955054
192,0.1010204081632653,0,25000,31,49.32340644567159,0.13030743488630814
192,0.1010204081632653,1,25000,36,48.21036172202117,0.1409832192001616
192,0.12122448979591836,0,25000,49,47.78131294584563,0.12838868193042619
192,0.12122448979591836,1,25000,50,46.885769041221806,0.13742481191315004
192,0.14142857142857143,0,25000,47,47.434029769567616,0.12388232096281418
192,0.14142857142857143,1,25000,44,47.158024421122654,0.13033536162081646
192,0.16163265306122448,0,25000,31,48.27105058307512,0.11812904688645709
192,0.16163265306122448,1,25000,31,48.0373135056135,0.12596317812978128
192,0.18183673469387754,0,25000,28,51.108793698649734,0.10939437763652021
192,0.18183673469387754,1,25000,30,51.19456121631667,0.11588577072907433
192,0.2020408163265306,0,25000,30,53.18874593018182,0.10362712711855593
192,0.2020408163265306,1,25000,31,52.63622041571898,0.10851508257872763
192,0.22224489795918367,0,25000,31,53.82495621444745,0.1010657334119043
192,0.22224489795918367,1,25000,34,54.07351585938939,0.1022330079334306
192,0.24244897959183673,0,25000,32,55.18546854931138,0.09500586350648504
192,0.24244897959183673,1,25000,30,54.88847169874332,0.09830757052552358
192,0.2626530612244898,0,25000,30,55.503101125472966,0.0909353269017723
192,0.2626530612244898,1,25000,33,55.21435216579757,0.09263811297762498
192,0.28285714285714286,0,25000,29,56.24217599668366,0.08664996370048703
192,0.28285714285714286,1,25000,31,56.17570880341698,0.08779001403103519
192,0.3030612244897959,0,25000,34,57.31184922873527,0.08102429350407686
192,0.3030612244897959,1,25000,29,57.06617040468477,0.0830142952543373
192,0.32326530612244897,0,25000,31,56.77070734651049,0.07635708700188612
192,0.32326530612244897,1,25000,33,55.90557911232712,0.07988972232924174
192,0.34346938775510205,0,25000,22,57.49814561634508,0.07818408653470257
192,0.34346938775510205,1,25000,21,57.697252120224974,0.07123617270776578
192,0.3636734693877551,0,25000,16,52.40040020726521,0.07545636817904872
192,0.3636734693877551,1,25000,18,53.83327221386387,0.0734409581950026
192,0.38387755102040816,0,25000,8,43.97281573297764,0.0874955668767373
192,0.38387755102040816,1,25000,6,43.661736409659795,0.08743018512047207
192,0.4040816326530612,0,25000,11,24.7010137178712,0.15231943194611647
192,0.4040816326530612,1,25000,11,21.029794801128347,0.17153441161485156
192,0.42428571428571427,0,25000,11,24.3952157516808,0.18527816453625637
192,0.42428571428571427,1,25000,12,23.136991718816837,0.17838044495367728
192,0.44448979591836735,0,25000,10,26.407095748148883,0.1953952195792037
192,0.44448979591836735,1,25000,12,26.726940912801897,0.1832128685082468
192,0.4646938775510204,0,25000,3,30.214127834571926,0.19466143586464035
192,0.4646938775510204,1,25000,2,30.281508703440053,0.19989779435401894
192,0.48489795918367345,0,25000,2,32.182146104400644,0.19014757587237557
192,0.48489795918367345,1,25000,1,32.26334213033776,0.18994381908333943
192,0.5051020408163265,0,25000,1,31.817321678981838,0.19544741445602465
192,0.5051020408163265,1,25000,1,32.47131904537528,0.194947534590994
192,0.5253061224489796,0,25000,1,32.09535120788969,0.19768652326315794
192,0.5253061224489796,1,25000,1,31.909415050780474,0.19958608685826446
192,0.5455102040816326,0,25000,1,32.163505033402195,0.20048639324145817
192,0.5455102040816326,1,25000,1,32.140175590491644,0.20216119962002016
192,0.5657142857142857,0,25000,2,32.63427888890136,0.19967564162612178
192,0.5657142857142857,1,25000,1,32.153749222269404,0.20319571088242083
192,0.5859183673469388,0,25000,1,32.65363559250686,0.20001922337703162
192,0.5859183673469388,1,25000,1,32.001573490207704,0.20330518353385768
192,0.6061224489795918,0,25000,1,34.0750928665041,0.19379553550785256
192,0.6061224489795918,1,25000,1,32.99050628339185,0.20063899099328955
192,0.6263265306122449,0,25000,1,33.824076905226406,0.19725791752602667
192,0.6263265306122449,1,25000,1,33.31973573361104,0.19965145143844992
192,0.6465306122448979,0,25000,1,33.81660909183288,0.19557750849562744
192,0.6465306122448979,1,25000,3,33.5546094253001,0.1966043301460202
192,0.666734693877551,0,25000,1,36.342161697377435,0.18661916512614235
192,0.666734693877551,1,25000,1,34.853075721542105,0.19062623520991884
192,0.6869387755102041,0,25000,1,36.51699642102339,0.18503388214398864
192,0.6869387755102041,1,25000,1,35.618034998281516,0.18644395959669705
192,0.7071428571428571,0,25000,1,38.715782314656806,0.17698782639391455
192,0.7071428571428571,1,25000,1,37.66939819118713,0.17970670130057695
192,0.7273469387755102,0,25000,1,41.06074947123179,0.16857959313374932
192,0.7273469387755102,1,25000,1,38.993750776677814,0.17724063895941794
192,0.7475510204081632,0,25000,8,56.212192370150476,0.06525490203091763
192,0.7475510204081632,1,25000,11,53.95091716861921,0.061339837817582066
192,0.7677551020408163,0,25000,15,56.89284563051656,0.0625098609358084
192,0.7677551020408163,1,25000,14,60.47086073880167,0.05596165128263989
192,0.7879591836734694,0,25000,15,63.16155812896534,0.04964591123643501
192,0.7879591836734694,1,25000,9,63.25287351591537,0.04916676123665119
192,0.8081632653061224,0,25000,16,64.51716639767126,0.04762681599471429
192,0.8081632653061224,1,25000,12,64.21283033676485,0.048140166507149924
192,0.8283673469387755,0,25000,16,63.808538019639954,0.050430690712403366
192,0.8283673469387755,1,25000,12,63.67504660820547,0.04970434337068843
192,0.8485714285714285,0,25000,16,64.29386588247306,0.048642025263351076
192,0.8485714285714285,1,25000,13,64.59418687900154,0.04743317906352178
192,0.8687755102040816,0,25000,10,63.65491955277031,0.04928185093355715
192,0.8687755102040816,1,25000,14,63.842813842587375,0.0483691188435232
192,0.8889795918367347,0,25000,12,63.430797057847585,0.04868810615759049
192,0.8889795918367347,1,25000,17,63.07964631274044,0.04942286902193292
192,0.9091836734693878,0,25000,11,64.51698503622096,0.04752786806905861
192,0.9091836734693878,1,25000,15,64.7833194907686,0.04721388666345005
192,0.9293877551020407,0,25000,10,64.65505392927273,0.047553212473263315
192,0.9293877551020407,1,25000,11,64.74169619075742,0.04714726039173556
192,0.9495918367346938,0,25000,8,65.14566469519048,0.046908187081858815
192,0.9495918367346938,1,25000,5,65.0878941313204,0.046873201563325716
192,0.9697959183673469,0,25000,10,65.57746581754341,0.04631023047571116
192,0.9697959183673469,1,25000,9,65.0860488612019,0.04661606141553667
192,0.99,0,25000,13,64.9268976920066,0.047101276026184455
192,0.99,1,25000,14,65.4679276766327,0.04562904849687187
208,0.0,0,25000,4,63.10733355816734,0.13302966784971848
208,0.0,1,25000,2,62.32477340816358,0.096605568321348
208,0.02020408163265306,0,25000,5,62.60904798957462,0.13126630877643666
208,0.02020408163265306,1,25000,2,62.099456057206964,0.09055977581442937
208,0.04040816326530612,0,25000,7,61.38473970453339,0.13026398534368816
208,0.04040816326530612,1,25000,2,60.43655751005422,0.11872674380444218
208,0.06061224489795918,0,25000,8,58.17077360152571,0.1319335843343804
208,0.06061224489795918,1,25000,11,56.57370884560302,0.1412773035082492
208,0.08081632653061224,0,25000,18,53.967145903227156,0.1289580936453007
208,0.08081632653061224,1,25000,21,52.798418046136604,0.1351501019916796
208,0.1010204081632653,0,25000,39,51.53662805721736,0.12310223261907198
208,0.1010204081632653,1,25000,38,50.7200931324114,0.13224171404030022
208,0.12122448979591836,0,25000,45,51.65233867077813,0.11911819169915039
208,0.12122448979591836,1,25000,49,50.47994397549342,0.12392554763325081
208,0.14142857142857143,0,25000,31,52.33180946161844,0.11496261207160924
208,0.14142857142857143,1,25000,34,51.597154657549254,0.11931261809599428
208,0.16163265306122448,0,25000,25,55.3401493610767,0.10640646038274174
208,0.16163265306122448,1,25000,29,54.17570342055631,0.11115041364698164
208,0.18183673469387754,0,25000,29,56.30193730052086,0.10245632378657826
208,0.18183673469387754,1,25000,31,57.3296203680443,0.10196894688693312
208,0.2020408163265306,0,25000,29,58.25205296750768,0.09262635423644275
208,0.2020408163265306,1,25000,31,58.404991937973264,0.09718118474087273
208,0.22224489795918367,0,25000,32,59.101981410515805,0.08948570293696118
208,0.22224489795918367,1,25000,32,59.65318853843023,0.09146739635832177
208,0.24244897959183673,0,25000,32,60.27399525343161,0.08321071399658196
208,0.24244897959183673,1,25000,34,59.66536773095564,0.08843823198701914
208,0.2626530612244898,0,25000,29,61.71783959883559,0.07908849959511108
208,0.2626530612244898,1,25000,28,61.305348276904915,0.08152346165754389
208,0.28285714285714286,0,25000,28,61.71306958559586,0.07696032336153796
208,0.28285714285714286,1,25000,24,61.498593744676526,0.0779424770795727
208,0.3030612244897959,0,25000,29,62.52641242899389,0.0775874828129508
208,0.3030612244897959,1,25000,28,63.01005285718841,0.0728997468415289
208,0.32326530612244897,0,25000,25,61.60909593100267,0.07009951235544606
208,0.32326530612244897,1,25000,30,62.229306657391206,0.0708490274032397
208,0.34346938775510205,0,25000,20,62.72474788827636,0.0651820965718139
208,0.34346938775510205,1,25000,19,61.78548263208755,0.06680058362706218
208,0.3636734693877551,0,25000,12,56.318984514851245,0.06774791112474327
208,0.3636734693877551,1,25000,12,56.200217846294706,0.06911600047046239
208,0.38387755102040816,0,25000,10,47.132728294206714,0.08095243323000575
208,0.38387755102040816,1,25000,5,47.351342433848814,0.07959377665654559
208,0.4040816326530612,0,25000,9,26.08310478208051,0.15480213286502695
208,0.4040816326530612,1,25000,10,25.17830943203014,0.15948978424335614
208,0.42428571428571427,0,25000,8,29.863298878874666,0.17412076059272297
208,0.42428571428571427,1,25000,11,25.669184597348593,0.17348314267285048
208,0.44448979591836735,0,25000,6,31.163140871554965,0.1916403315057283
208,0.44448979591836735,1,25000,4,33.36415619999483,0.18001780959076125
208,0.4646938775510204,0,25000,3,35.74321661832259,0.16767049550054525
208,0.4646938775510204,1,25000,1,36.69828121025469,0.17225376948987536
208,0.48489795918367345,0,25000,1,36.01421130047956,0.1756012715879846
208,0.48489795918367345,1,25000,1,35.873901204942186,0.17914586834348875
208,0.5051020408163265,0,25000,1,35.75781920273695,0.17872612738440355
208,0.5051020408163265,1,25000,1,36.32926483468318,0.18246552953537498
208,0.5253061224489796,0,25000,1,35.865569489342164,0.1850771839733627
208,0.5253061224489796,1,25000,1,35.76897465277522,0.18821567685409707
208,0.5455102040816326,0,25000,1,35.79385446533871,0.18849880741077368
208,0.5455102040816326,1,25000,1,35.53627859317892,0.1906475804564513
208,0.5657142857142857,0,25000,1,35.79759557667492,0.1899834998136285
208,0.5657142857142857,1,25000,1,35.656119456557946,0.19212131294495738
208,0.5859183673469388,0,25000,1,36.04349334741798,0.19082507680221242
208,0.5859183673469388,1,25000,2,36.19418956564172,0.19183061473713858
208,0.6061224489795918,0,25000,1,36.61314194262921,0.1897336421096396
208,0.6061224489795918,1,25000,1,37.203385964082784,0.1886333487531737
208,0.6263265306122449,0,25000,1,37.5588101659024,0.18667121186581245
208,0.6263265306122449,1,25000,1,38.99157247489269,0.18182471432325015
208,0.6465306122448979,0,25000,2,42.06360976831514,0.17303020928673324
208,0.6465306122448979,1,25000,1,38.89357693301692,0.1820638692910774
208,0.666734693877551,0,25000,1,42.67621500589234,0.1718230684458139
208,0.666734693877551,1,25000,1,40.96916117586109,0.17620461189314496
208,0.6869387755102041,0,25000,2,41.54227938768686,0.17299903360009927
208,0.6869387755102041,1,25000,1,42.51631344481558,0.172186947057109
208,0.7071428571428571,0,25000,1,42.92241889225654,0.1671126352949687
208,0.7071428571428571,1,25000,1,45.54318956220834,0.16501580561645668
208,0.7273469387755102,0,25000,1,45.95558925900518,0.1581971195457642
208,0.7273469387755102,1,25000,8,70.11103721210182,0.047365759315189875
208,0.7475510204081632,0,25000,7,59.58813580181184,0.05784587327473536
208,0.7475510204081632,1,25000,9,59.13442356208404,0.06294269938345368
208,0.7677551020408163,0,25000,12,63.94384584458204,0.055900470494065005
208,0.7677551020408163,1,25000,13,66.26696582300228,0.05232346536137342
208,0.7879591836734694,0,25000,14,68.12730136447698,0.04675620555478434
208,0.7879591836734694,1,25000,8,67.47471749872484,0.0482228228629972
208,0.8081632653061224,0,25000,10,68.6821794531856,0.04703485673369573
208,0.8081632653061224,1,25000,13,68.51904340223112,0.046891850877450264
208,0.8283673469387755,0,25000,9,69.5657636202015,0.04490759449678528
208,0.8283673469387755,1,25000,11,69.28525074705254,0.04485784331668965
208,0.8485714285714285,0,25000,12,69.09578590963794,0.04566799928698976
208,0.8485714285714285,1,25000,15,69.70031146696988,0.04458854902709766
208,0.8687755102040816,0,25000,15,68.98084774384628,0.04602108635223451
208,0.8687755102040816,1,25000,9,68.94336358022494,0.045458972714862614
208,0.8889795918367347,0,25000,6,68.84852414185495,0.045773525203222504
208,0.8889795918367347,1,25000,11,68.68150385532391,0.04578045508601949
208,0.9091836734693878,0,25000,8,69.86189152971966,0.044341480002270825
208,0.9091836734693878,1,25000,11,68.9476993038238,0.04536055236859215
208,0.9293877551020407,0,25000,5,70.40634048259017,0.04416329409728721
208,0.9293877551020407,1,25000,13,68.8580655656178,0.045776104237776644
208,0.9495918367346938,0,25000,7,70.16516868425023,0.04404587965591044
208,0.9495918367346938,1,25000,11,70.44173029775723,0.04376634516925691
208,0.9697959183673469,0,25000,8,69.98004636227103,0.044092784527840365
208,0.9697959183673469,1,25000,5,69.95159463265159,0.04403526039993447
208,0.99,0,25000,7,70.00541911207668,0.04420167320227258
208,0.99,1,25000,9,70.13415498893798,0.04384912122137131
224,0.0,0,25000,3,65.99376359148327,0.12742960910228807
224,0.0,1,25000,4,66.66543732196003,0.1263243094227599
224,0.02020408163265306,0,25000,2,65.11911664592535,0.13434736820171578
224,0.02020408163265306,1,25000,2,65.57712385314564,0.12108010414278182
224,0.04040816326530612,0,25000,5,62.48697140833609,0.14002024724490666
224,0.04040816326530612,1,25000,3,61.9772864099419,0.10418904326443622
224,0.06061224489795918,0,25000,17,57.861768264326145,0.1348642535100475
224,0.06061224489795918,1,25000,7,57.559388725840236,0.13328029767514615
224,0.08081632653061224,0,25000,24,55.13490145431457,0.12690207837069367
224,0.08081632653061224,1,25000,35,54.97075492968261,0.1277130814810884
224,0.1010204081632653,0,25000,45,54.358694849276006,0.122713194811265
224,0.1010204081632653,1,25000,41,54.73828892287414,0.12394307203152424
224,0.12122448979591836,0,25000,29,55.952206318302665,0.11528967451675609
224,0.12122448979591836,1,25000,32,55.670327492464764,0.11541628225383946
224,0.14142857142857143,0,25000,25,58.086666181452,0.10702180486924434
224,0.14142857142857143,1,25000,31,57.01542414720848,0.10879514751962824
224,0.16163265306122448,0,25000,26,60.556444715270885,0.1016162143192238
224,0.16163265306122448,1,25000,33,60.162598613271186,0.10027083692501756
224,0.18183673469387754,0,25000,31,62.847573117925776,0.09378069587097723
224,0.18183673469387754,1,25000,29,61.667072102705895,0.09588884002197803
224,0.2020408163265306,0,25000,27,63.64109969948061,0.0878202602452334
224,0.2020408163265306,1,25000,27,62.66057828852474,0.090346330637144
224,0.22224489795918367,0,25000,26,64.32961603022078,0.08382589404518767
224,0.22224489795918367,1,25000,31,64.10360467250813,0.08388539019427702
224,0.24244897959183673,0,25000,34,65.50852227175568,0.07549814018467857
224,0.24244897959183673,1,25000,28,64.81482970348685,0.0813412942557737
224,0.2626530612244898,0,25000,32,66.5231344607021,0.07233624766853214
224,0.2626530612244898,1,25000,27,66.05560726621235,0.07634774017182738
224,0.28285714285714286,0,25000,24,67.59546850550926,0.06899240393989794
224,0.28285714285714286,1,25000,25,66.79851260868273,0.0724483692648023
224,0.3030612244897959,0,25000,27,67.76204212415198,0.06613037146981424
224,0.3030612244897959,1,25000,28,67.56692134995649,0.06899585791047763
224,0.32326530612244897,0,25000,29,67.80988187116392,0.06088956108831717
224,0.32326530612244897,1,25000,23,67.02193273793687,0.06511875500095785
224,0.34346938775510205,0,25000,22,66.91003110266627,0.05919864445933754
224,0.34346938775510205,1,25000,19,67.11543490302728,0.05989996242302004
224,0.3636734693877551,0,25000,6,61.45681440040171,0.06291031640444694
224,0.3636734693877551,1,25000,10,60.63080350904618,0.06447800718692506
224,0.38387755102040816,0,25000,3,51.0545681160793,0.07700791551071672
224,0.38387755102040816,1,25000,5,50.250108861211004,0.07893231813881617
224,0.4040816326530612,0,25000,8,32.21466999143257,0.14661197487425176
224,0.4040816326530612,1,25000,6,35.19949060579251,0.14092984380817777
224,0.42428571428571427,0,25000,7,33.99965476430464,0.16441406276008397
224,0.42428571428571427,1,25000,5,35.75833024847927,0.15989117693288618
224,0.44448979591836735,0,25000,2,40.77656344388545,0.15140729812073428
224,0.44448979591836735,1,25000,1,41.125461980564,0.15151269472204362
224,0.4646938775510204,0,25000,1,40.270831126352704,0.16112193041908196
224,0.4646938775510204,1,25000,2,40.36648563402888,0.16261175290782706
224,0.48489795918367345,0,25000,1,40.36364314239273,0.16614595282076247
224,0.48489795918367345,1,25000,1,40.1843400303288,0.1693124452350044
224,0.5051020408163265,0,25000,1,39.608889182095865,0.17324010284144903
224,0.5051020408163265,1,25000,1,39.931184714262045,0.17420559219747994
224,0.5253061224489796,0,25000,1,39.77601566063467,0.17669456998457128
224,0.5253061224489796,1,25000,1,40.15651733833116,0.17754735657874324
224,0.5455102040816326,0,25000,1,40.251587044049344,0.17508809521035806
224,0.5455102040816326,1,25000,1,40.145366299508936,0.17935832633656373
224,0.5657142857142857,0,25000,1,41.070441514593725,0.17551162319782837
224,0.5657142857142857,1,25000,1,40.411806431416316,0.17720649486381185
224,0.5859183673469388,0,25000,1,40.272925856387374,0.1802452465854173
224,0.5859183673469388,1,25000,1,40.93591783292853,0.17911885191502164
224,0.6061224489795918,0,25000,1,41.19344740531842,0.17869159431503162
224,0.6061224489795918,1,25000,1,40.899410138435314,0.17904856891939655
224,0.6263265306122449,0,25000,1,41.22149250292723,0.17782900564980475
224,0.6263265306122449,1,25000,1,41.79954440708004,0.1780202868998017
224,0.6465306122448979,0,25000,1,42.504018203668764,0.17409700910044087
224,0.6465306122448979,1,25000,1,42.22119139758428,0.1745023291939165
224,0.666734693877551,0,25000,1,43.81710633987933,0.17014427267408083
224,0.666734693877551,1,25000,1,43.22238451008458,0.17139356547118473
224,0.6869387755102041,0,25000,1,46.9055718045578,0.16177391625550508
224,0.6869387755102041,1,25000,1,45.16513353056763,0.1652154329732794
224,0.7071428571428571,0,25000,1,51.54651509211611,0.14988888119261035
224,0.7071428571428571,1,25000,1,48.26437070575493,0.15666719774826451
224,0.7273469387755102,0,25000,1,50.98738726772264,0.15189175529308002
224,0.7273469387755102,1,25000,8,75.40105446954695,0.0447763408075697
224,0.7475510204081632,0,25000,4,68.01712357140822,0.057601995728450026
224,0.7475510204081632,1,25000,10,61.65786566370215,0.056659817397612305
224,0.7677551020408163,0,25000,4,70.65119801575099,0.05304255113268107
224,0.7677551020408163,1,25000,8,70.13374875960473,0.05060161501065338
224,0.7879591836734694,0,25000,9,74.23644377711955,0.04273177628867579
224,0.7879591836734694,1,25000,7,73.73309820429458,0.04632047819077973
224,0.8081632653061224,0,25000,8,74.58903461934418,0.04315325270280923
224,0.8081632653061224,1,25000,11,75.16891728377635,0.04166354347324525
224,0.8283673469387755,0,25000,4,75.02433126333301,0.042046773981638544
224,0.8283673469387755,1,25000,7,75.40795545845266,0.041814432491409495
224,0.8485714285714285,0,25000,7,74.92948820030006,0.04213630905759662
224,0.8485714285714285,1,25000,5,75.33209085809978,0.04183356785020182
224,0.8687755102040816,0,25000,6,73.90598897723555,0.04323093725790016
224,0.8687755102040816,1,25000,11,73.8387876485316,0.04321029412503816
224,0.8889795918367347,0,25000,7,74.33562000989272,0.04289988083644699
224,0.8889795918367347,1,25000,7,73.32797378933105,0.04400412435120732
224,0.9091836734693878,0,25000,7,74.99829117265651,0.04170396235515911
224,0.9091836734693878,1,25000,6,74.2940571843123,0.04283900945238877
224,0.9293877551020407,0,25000,3,74.70508870612147,0.042346813284230525
224,0.9293877551020407,1,25000,5,73.68401164306464,0.04364798825243365
224,0.9495918367346938,0,25000,6,75.4080432441421,0.04150612289944622
224,0.9495918367346938,1,25000,5,75.22885818618926,0.0418949677591041
224,0.9697959183673469,0,25000,6,75.30894986952762,0.04129333419279965
224,0.9697959183673469,1,25000,4,75.47899668520793,0.04164975673056107
224,0.99,0,25000,4,74.9080099389525,0.041999685257612523
224,0.99,1,25000,9,75.32998933808219,0.041638853118672846
240,0.0,0,25000,5,70.18566070312858,0.07658302110355397
240,0.0,1,25000,1,70.83699250612915,0.09567580859950367
240,0.02020408163265306,0,25000,2,67.58185300257065,0.09659000079168706
240,0.02020408163265306,1,25000,1,68.27129157342321,0.10737000116144607
240,0.04040816326530612,0,25000,4,63.2225987871433,0.1345149696271786
240,0.04040816326530612,1,25000,9,63.948506932742625,0.13016021547920165
240,0.06061224489795918,0,25000,22,59.84519831343992,0.12849770848371844
240,0.06061224489795918,1,25000,17,59.341865223364785,0.12635605462866867
240,0.08081632653061224,0,25000,39,58.57207933894327,0.122364958179801
240,0.08081632653061224,1,25000,37,57.86245907416239,0.12161909948576263
240,0.1010204081632653,0,25000,30,59.65486833814185,0.11988339495722178
240,0.1010204081632653,1,25000,32,59.09504657042215,0.11526932202665377
240,0.12122448979591836,0,25000,25,61.68576127007365,0.10837527771719552
240,0.12122448979591836,1,25000,29,60.93488650114208,0.10741852038763636
240,0.14142857142857143,0,25000,32,64.57768625299914,0.10035699893566527
240,0.14142857142857143,1,25000,29,64.3215442759539,0.10056367668196614
240,0.16163265306122448,0,25000,30,66.38763789335704,0.09456783943386134
240,0.16163265306122448,1,25000,26,65.45752663677321,0.09358210950139535
240,0.18183673469387754,0,25000,30,66.73075962066378,0.08866698559162367
240,0.18183673469387754,1,25000,25,66.44432292298468,0.08947026896023724
240,0.2020408163265306,0,25000,25,68.48236460280381,0.0809760960629597
240,0.2020408163265306,1,25000,27,67.97375489552095,0.08470291598693996
240,0.22224489795918367,0,25000,32,69.64110390590267,0.07478134111790481
240,0.22224489795918367,1,25000,25,69.06367240745809,0.07859063861718718
240,0.24244897959183673,0,25000,27,71.00530080076774,0.0686861082734811
240,0.24244897959183673,1,25000,24,70.2841970422879,0.07397989941732416
240,0.2626530612244898,0,25000,24,72.49622012308434,0.061928575843796234
240,0.2626530612244898,1,25000,25,70.90070936147397,0.06934767291317251
240,0.28285714285714286,0,25000,25,73.2057163556683,0.0603690855100965
240,0.28285714285714286,1,25000,24,72.25830649343875,0.06505732789270854
240,0.3030612244897959,0,25000,22,73.80097298768925,0.056382684825894216
240,0.3030612244897959,1,25000,28,73.05980766577852,0.060411014977771946
240,0.32326530612244897,0,25000,25,73.237755292234,0.05578319976983751
240,0.32326530612244897,1,25000,23,72.75895174456146,0.057555677723886145
240,0.34346938775510205,0,25000,19,71.66675747424839,0.053403423140795256
240,0.34346938775510205,1,25000,17,71.26235631078511,0.05511845415949604
240,0.3636734693877551,0,25000,9,67.66838990347276,0.05691038859205269
240,0.3636734693877551,1,25000,5,66.57223570501505,0.05875431961237386
240,0.38387755102040816,0,25000,1,56.05731528065316,0.07377057870269996
240,0.38387755102040816,1,25000,1,55.37025728775828,0.07428326645909836
240,0.4040816326530612,0,25000,3,44.09292606022649,0.12186479116833987
240,0.4040816326530612,1,25000,5,39.935914134079574,0.12954155736019163
240,0.42428571428571427,0,25000,1,46.355904297496636,0.12765866916335655
240,0.42428571428571427,1,25000,1,47.19466250218795,0.12495404397436287
240,0.44448979591836735,0,25000,1,44.69045215212378,0.14431110607304576
240,0.44448979591836735,1,25000,1,45.36773732426964,0.1444070490129674
240,0.4646938775510204,0,25000,1,44.23284691456311,0.15447591031939664
240,0.4646938775510204,1,25000,1,45.05262730975277,0.15505739538794636
240,0.48489795918367345,0,25000,1,44.2370819518252,0.16032105189997778
240,0.48489795918367345,1,25000,1,43.938600699764976,0.16168745408752314
240,0.5051020408163265,0,25000,1,44.65583771297213,0.16365827788249235
240,0.5051020408163265,1,25000,1,44.38712758425565,0.16578470259417113
240,0.5253061224489796,0,25000,1,44.95995316117692,0.16761607901504133
240,0.5253061224489796,1,25000,1,44.872087911914406,0.16828492780376922
240,0.5455102040816326,0,25000,1,44.473679552913694,0.17020128792888764
240,0.5455102040816326,1,25000,2,44.40655573634692,0.17030281692836885
240,0.5657142857142857,0,25000,1,44.91450174649515,0.1710798816966706
240,0.5657142857142857,1,25000,1,45.31033451327498,0.17060130036298005
240,0.5859183673469388,0,25000,2,45.13774395281703,0.1706851781791241
240,0.5859183673469388,1,25000,1,44.63353261727201,0.1719207424031574
240,0.6061224489795918,0,25000,2,45.783325673483155,0.16981967915496404
240,0.6061224489795918,1,25000,1,46.18816589137971,0.16828206328534645
240,0.6263265306122449,0,25000,1,49.52454921984615,0.15894938971704273
240,0.6263265306122449,1,25000,1,47.96403668030905,0.16442647412716652
240,0.6465306122448979,0,25000,1,48.384384055453324,0.16167947763140258
240,0.6465306122448979,1,25000,1,53.824051464134214,0.15043197431085417
240,0.666734693877551,0,25000,1,48.86650247020894,0.15991659058351568
240,0.666734693877551,1,25000,1,54.20509382711387,0.14935354221665548
240,0.6869387755102041,0,25000,1,52.678151312210765,0.15072589074322731
240,0.6869387755102041,1,25000,1,52.61765793748451,0.15112052314641353
240,0.7071428571428571,0,25000,1,54.135255593622645,0.14804972815059214
240,0.7071428571428571,1,25000,1,55.1478763214666,0.1435346039244571
240,0.7273469387755102,0,25000,1,56.68782698532929,0.1384978491170657
240,0.7273469387755102,1,25000,1,56.492824753573466,0.1403252877271871
240,0.7475510204081632,0,25000,4,65.61329153870557,0.051978186286465736
240,0.7475510204081632,1,25000,2,65.27132819712105,0.05194538984223768
240,0.7677551020408163,0,25000,5,76.17923998198374,0.046785960618623654
240,0.7677551020408163,1,25000,6,76.14297781162475,0.048602414651027416
240,0.7879591836734694,0,25000,6,78.25997041957635,0.041518200004162245
240,0.7879591836734694,1,25000,7,78.46441744762987,0.04370580635729476
240,0.8081632653061224,0,25000,5,79.82184750534168,0.040891864502201114
240,0.8081632653061224,1,25000,6,80.20558814447753,0.04059081796925355
240,0.8283673469387755,0,25000,9,80.04032872721551,0.04078016072041291
240,0.8283673469387755,1,25000,7,80.79682239043623,0.03946553939107261
240,0.8485714285714285,0,25000,5,80.09812112645298,0.04011496672649237
240,0.8485714285714285,1,25000,7,79.4482476169859,0.04086099444018506
240,0.8687755102040816,0,25000,5,78.74952928795243,0.04171556089847083
240,0.8687755102040816,1,25000,11,78.5825733188149,0.041760718568690285
240,0.8889795918367347,0,25000,5,78.66174951997466,0.04104560925857986
240,0.8889795918367347,1,25000,9,78.80015650348487,0.04074619179137655
240,0.9091836734693878,0,25000,9,78.76843182866912,0.04089357767155465
240,0.9091836734693878,1,25000,10,77.74148081853528,0.04232034534092287
240,0.9293877551020407,0,25000,8,78.21394494592025,0.04206796614721733
240,0.9293877551020407,1,25000,7,78.25737208448527,0.041643821547157546
240,0.9495918367346938,0,25000,8,79.0591637683819,0.041074788693319146
240,0.9495918367346938,1,25000,7,78.69291252863911,0.041320251394142374
240,0.9697959183673469,0,25000,4,79.96288269905976,0.040329466689809884
240,0.9697959183673469,1,25000,3,81.03570341942137,0.03924213974196768
240,0.99,0,25000,6,80.9052618938816,0.0387463526022184
240,0.99,1,25000,6,80.14375320447357,0.03966489587796578
256,0.0,0,25000,1,74.48250299632805,0.0848941005588969
256,0.0,1,25000,2,74.57077193862139,0.07840482725197806
256,0.02020408163265306,0,25000,5,72.23257058100201,0.09438548702238711
256,0.02020408163265306,1,25000,2,71.01177160307057,0.07795096179276959
256,0.04040816326530612,0,25000,9,66.53830002373446,0.11755393589280945
256,0.04040816326530612,1,25000,8,66.04927500751666,0.1163291336683494
256,0.06061224489795918,0,25000,21,63.246782398731725,0.1142588813289675
256,0.06061224489795918,1,25000,16,62.704216826971575,0.11734550571480938
256,0.08081632653061224,0,25000,36,62.45489900806562,0.10737678695451988
256,0.08081632653061224,1,25000,35,62.8942136883051,0.11001119304790871
256,0.1010204081632653,0,25000,30,64.58139667883205,0.10354408510534163
256,0.1010204081632653,1,25000,29,64.82316473784297,0.10526821511804299
256,0.12122448979591836,0,25000,30,67.68440138172068,0.09772183371703737
256,0.12122448979591836,1,25000,27,67.07169629634208,0.0966012050837238
256,0.14142857142857143,0,25000,25,70.02715885432488,0.09096661957324616
256,0.14142857142857143,1,25000,31,69.30180513044763,0.09031555498600483
256,0.16163265306122448,0,25000,24,70.8071266960471,0.08265172489021992
256,0.16163265306122448,1,25000,26,71.01299280054013,0.0852864227473224
256,0.18183673469387754,0,25000,28,72.53989555262899,0.07750048446092846
256,0.18183673469387754,1,25000,29,72.22520176939346,0.07910047339643975
256,0.2020408163265306,0,25000,25,73.69922404188983,0.07219379248990407
256,0.2020408163265306,1,25000,27,73.168630847445,0.0751246406062508
256,0.22224489795918367,0,25000,24,74.53537642562196,0.06834816231042856
256,0.22224489795918367,1,25000,29,74.64963907292564,0.0699603538449814
256,0.24244897959183673,0,25000,20,76.1260087003464,0.06370106819119659
256,0.24244897959183673,1,25000,23,75.57165019971755,0.06543870861960324
256,0.2626530612244898,0,25000,24,77.43967511896165,0.059603219665572804
256,0.2626530612244898,1,25000,22,76.71607538993655,0.06137114615897786
256,0.28285714285714286,0,25000,25,77.7627093668089,0.05819626130954836
256,0.28285714285714286,1,25000,22,77.52122569847916,0.057805600171713684
256,0.3030612244897959,0,25000,18,78.25246469206454,0.053186668801068517
256,0.3030612244897959,1,25000,19,78.73185983210908,0.0545483186162849
256,0.32326530612244897,0,25000,20,79.78431327621337,0.04936490499878324
256,0.32326530612244897,1,25000,21,79.21520385683586,0.05285780290290077
256,0.34346938775510205,0,25000,15,75.22059332895421,0.051539543967826534
256,0.34346938775510205,1,25000,21,74.8523068879027,0.0529930248974966
256,0.3636734693877551,0,25000,3,72.85188029882472,0.05415201756598473
256,0.3636734693877551,1,25000,2,72.89357071108645,0.056517731374265835
256,0.38387755102040816,0,25000,1,62.90773154479153,0.07375891017067251
256,0.38387755102040816,1,25000,1,64.16142813438402,0.07163520160367043
256,0.4040816326530612,0,25000,1,57.64904487309879,0.09111060207089386
256,0.4040816326530612,1,25000,1,56.503486694144726,0.09467879170731523
256,0.42428571428571427,0,25000,1,51.420389110708,0.11855453008601564
256,0.42428571428571427,1,25000,1,51.61335801308628,0.11817328880084671
256,0.44448979591836735,0,25000,1,49.896607606502236,0.13743578893202468
256,0.44448979591836735,1,25000,1,49.59490638237071,0.13769014144522154
256,0.4646938775510204,0,25000,1,49.598692844368315,0.1449896571756301
256,0.4646938775510204,1,25000,1,49.27883105490534,0.14755670107637459
256,0.48489795918367345,0,25000,1,49.48073926654911,0.1509304780929317
256,0.48489795918367345,1,25000,2,47.498753949207945,0.1666378931914711
256,0.5051020408163265,0,25000,1,48.868272120145114,0.15610186293234654
256,0.5051020408163265,1,25000,1,48.78789031967179,0.1572238451365537
256,0.5253061224489796,0,25000,1,49.53502931439743,0.1590715347820521
256,0.5253061224489796,1,25000,1,49.61131824957121,0.15797359605084754
256,0.5455102040816326,0,25000,1,50.05755027259873,0.1605649732990025
256,0.5455102040816326,1,25000,1,49.755458418910436,0.1607797833164883
256,0.5657142857142857,0,25000,2,49.99626300935061,0.1599597397762073
256,0.5657142857142857,1,25000,1,49.72204461112027,0.15997784608403426
256,0.5859183673469388,0,25000,1,50.2643869346543,0.1615472547833327
256,0.5859183673469388,1,25000,1,49.95476353896507,0.16275013318936216
256,0.6061224489795918,0,25000,1,50.32633619927735,0.16162691583424404
256,0.6061224489795918,1,25000,2,51.116809747638065,0.15946225130098085
256,0.6263265306122449,0,25000,1,51.267183726225575,0.15947193392945655
256,0.6263265306122449,1,25000,1,52.674025755265376,0.15536099272888987
256,0.6465306122448979,0,25000,1,53.38382682975339,0.15299427575412478
256,0.6465306122448979,1,25000,1,52.40098008223141,0.15611590476460474
256,0.666734693877551,0,25000,1,54.663424984894384,0.15019163723788898
256,0.666734693877551,1,25000,1,55.46790411355177,0.14883265332430795
256,0.6869387755102041,0,25000,1,54.13279390393282,0.14834438289948082
256,0.6869387755102041,1,25000,1,61.28284351742602,0.13655379975501927
256,0.7071428571428571,0,25000,2,56.30176918934235,0.1426435070356573
256,0.7071428571428571,1,25000,1,61.7287644549527,0.1320033254458527
256,0.7273469387755102,0,25000,2,61.77817559076618,0.13005560654846177
256,0.7273469387755102,1,25000,10,82.19566722047306,0.048572159177957354
256,0.7475510204081632,0,25000,2,67.3011195943225,0.054594620080608995
256,0.7475510204081632,1,25000,3,73.14988333997653,0.054666269269889656
256,0.7677551020408163,0,25000,5,79.19699400598577,0.047125301100570414
256,0.7677551020408163,1,25000,3,80.54995359020884,0.04496495874223864
256,0.7879591836734694,0,25000,4,84.05053536365031,0.041398726871770306
256,0.7879591836734694,1,25000,2,85.72457047358668,0.037450475492521174
256,0.8081632653061224,0,25000,4,85.26016597742777,0.03848458931298876
256,0.8081632653061224,1,25000,7,85.2314647958926,0.03850949830520582
256,0.8283673469387755,0,25000,5,85.87822370131187,0.037784169577446416
256,0.8283673469387755,1,25000,10,85.59110014800245,0.03843281616233932
256,0.8485714285714285,0,25000,6,85.30327178162608,0.03830702589650703
256,0.8485714285714285,1,25000,7,85.30161889955812,0.03834631866298792
256,0.8687755102040816,0,25000,6,85.11241938102995,0.03800910921928401
256,0.8687755102040816,1,25000,5,83.73444972854341,0.03938704968709298
256,0.8889795918367347,0,25000,13,83.25463615063228,0.04037758012915052
256,0.8889795918367347,1,25000,4,83.78412526366225,0.039076265012569125
256,0.9091836734693878,0,25000,8,83.3291864971001,0.03930935457296602
256,0.9091836734693878,1,25000,9,83.02484933734729,0.039977897447671835
256,0.9293877551020407,0,25000,10,80.4094928481511,0.042958073102791844
256,0.9293877551020407,1,25000,12,81.86931072932808,0.04130782703044809
256,0.9495918367346938,0,25000,10,81.85860328934797,0.0424162602461504
256,0.9495918367346938,1,25000,9,82.60761273963753,0.04136685602971081
256,0.9697959183673469,0,25000,1,85.84653858780747,0.03733062714110157
256,0.9697959183673469,1,25000,6,85.79686498372253,0.03754284186907558
256,0.99,0,25000,8,86.11019866365484,0.0371088443206767
256,0.99,1,25000,2,86.12389216726586,0.03706898652989532
272,0.0,0,25000,1,78.86147092751689,0.09635781914241712
272,0.0,1,25000,1,77.57034484657328,0.09571174576457823
272,0.02020408163265306,0,25000,2,75.26172765176769,0.08329754279117521
272,0.02020408163265306,1,25000,2,74.31312299913975,0.10976407116277812
272,0.04040816326530612,0,25000,9,68.903799563701,0.10509804788933913
272,0.04040816326530612,1,25000,9,69.1661032782205,0.115457936532042
272,0.06061224489795918,0,25000,24,66.34383124537078,0.1046328462039462
272,0.06061224489795918,1,25000,21,66.50710256793049,0.11126270491552603
272,0.08081632653061224,0,25000,33,67.0442262385501,0.10183140447025082
272,0.08081632653061224,1,25000,27,67.16009128334889,0.1065260619931539
272,0.1010204081632653,0,25000,28,71.03192930244984,0.09276159586594274
272,0.1010204081632653,1,25000,23,69.78872838330787,0.0958763204337401
272,0.12122448979591836,0,25000,26,73.27234775757891,0.08671366355596691
272,0.12122448979591836,1,25000,27,72.47314675643382,0.08881528590831636
272,0.14142857142857143,0,25000,25,75.19317003235213,0.08212324614446288
272,0.14142857142857143,1,25000,28,75.3403749221039,0.08016388694917544
272,0.16163265306122448,0,25000,27,76.858432447798,0.07633868639101449
272,0.16163265306122448,1,25000,23,76.41130322828408,0.07521978111016597
272,0.18183673469387754,0,25000,22,78.20938787358031,0.07038592840508634
272,0.18183673469387754,1,25000,26,78.26589263884975,0.0712202583860704
272,0.2020408163265306,0,25000,23,79.25997861005527,0.06705217217422285
272,0.2020408163265306,1,25000,21,79.35161393393727,0.06710335243175872
272,0.22224489795918367,0,25000,21,80.43117709102532,0.062478971671185324
272,0.22224489795918367,1,25000,22,80.08355908835416,0.0652523496709499
272,0.24244897959183673,0,25000,22,80.7559485500611,0.06058776295356532
272,0.24244897959183673,1,25000,21,81.32273693661799,0.06170400108129798
272,0.2626530612244898,0,25000,22,82.31946885800673,0.05544021592262743
272,0.2626530612244898,1,25000,21,82.21809998851596,0.05744648864705275
272,0.28285714285714286,0,25000,19,83.79646603049461,0.052026335693386376
272,0.28285714285714286,1,25000,20,82.75445532728706,0.054564521395371136
272,0.3030612244897959,0,25000,19,83.82916201196159,0.05040738653466844
272,0.3030612244897959,1,25000,20,83.89063398685137,0.05069049773160453
272,0.32326530612244897,0,25000,16,84.59960665354879,0.047193372317995745
272,0.32326530612244897,1,25000,15,84.3906132264507,0.04898806670692378
272,0.34346938775510205,0,25000,19,80.39400237153475,0.04947537548668128
272,0.34346938775510205,1,25000,18,79.6874365708682,0.04938678882618795
272,0.3636734693877551,0,25000,1,78.18559654739038,0.05264153848905739
272,0.3636734693877551,1,25000,2,77.27327043086389,0.05295306652784089
272,0.38387755102040816,0,25000,1,70.31304325712755,0.07043958992482484
272,0.38387755102040816,1,25000,1,67.88521027748234,0.07449176627414239
272,0.4040816326530612,0,25000,1,63.27515802433156,0.08380441098874322
272,0.4040816326530612,1,25000,1,62.82052494712151,0.08465150429194637
272,0.42428571428571427,0,25000,1,56.15627622357131,0.11128758101171216
272,0.42428571428571427,1,25000,1,56.92874413351007,0.11091264322274422
272,0.44448979591836735,0,25000,1,54.03115210056601,0.13089004657393494
272,0.44448979591836735,1,25000,1,54.743285458496175,0.13123798756712385
272,0.4646938775510204,0,25000,1,54.008685818121386,0.14078461416289567
272,0.4646938775510204,1,25000,1,53.78029314858051,0.14022187093130875
272,0.48489795918367345,0,25000,1,54.382569458522255,0.1456892675484908
272,0.48489795918367345,1,25000,1,54.50298338434673,0.14353722137792266
272,0.5051020408163265,0,25000,1,54.68970836185599,0.1494179258191493
272,0.5051020408163265,1,25000,1,54.03374577516685,0.14681452049326277
272,0.5253061224489796,0,25000,1,54.16250631235914,0.15222568317539448
272,0.5253061224489796,1,25000,1,54.28526133480249,0.14970049711945768
272,0.5455102040816326,0,25000,2,54.75954988335239,0.15114390025540217
272,0.5455102040816326,1,25000,3,54.022016838597544,0.15328000953367238
272,0.5657142857142857,0,25000,1,55.20161734306936,0.1503927312530849
272,0.5657142857142857,1,25000,1,54.336543879932435,0.15484145293522872
272,0.5859183673469388,0,25000,2,56.8030837859852,0.14970734719223935
272,0.5859183673469388,1,25000,2,54.709859743662804,0.1553423999069125
272,0.6061224489795918,0,25000,2,57.416747977769234,0.14735624071737552
272,0.6061224489795918,1,25000,1,55.08446119438412,0.15446052003908445
272,0.6263265306122449,0,25000,1,56.185967160348085,0.15143020337562335
272,0.6263265306122449,1,25000,1,55.27701299187747,0.1538816505279925
272,0.6465306122448979,0,25000,2,57.69852176194615,0.1474183458560594
272,0.6465306122448979,1,25000,1,55.87999436046337,0.1519827127512491
272,0.666734693877551,0,25000,1,65.04389972977538,0.13243889144189713
272,0.666734693877551,1,25000,1,57.20669263988481,0.14684389442199453
272,0.6869387755102041,0,25000,2,63.71975652046964,0.13378934965938638
272,0.6869387755102041,1,25000,1,58.649796118268995,0.14213406671792306
272,0.7071428571428571,0,25000,1,65.48490018040829,0.12845538505952758
272,0.7071428571428571,1,25000,1,61.30422180768031,0.135243127827593
272,0.7273469387755102,0,25000,1,65.96607804484469,0.128635826813018
272,0.7273469387755102,1,25000,3,88.04544105144498,0.04726314046030393
272,0.7475510204081632,0,25000,3,74.48874484228674,0.05373888103708741
272,0.7475510204081632,1,25000,3,72.00681144543407,0.04762225650360533
272,0.7677551020408163,0,25000,4,90.1481958015125,0.037622390609133666
272,0.7677551020408163,1,25000,5,88.03311983935654,0.042217423093153045
272,0.7879591836734694,0,25000,2,90.60293124115304,0.036168200460773806
272,0.7879591836734694,1,25000,3,90.66183218653666,0.03594771042388111
272,0.8081632653061224,0,25000,2,90.51291783408473,0.03671038507013016
272,0.8081632653061224,1,25000,5,90.09727614598174,0.03719128488518081
272,0.8283673469387755,0,25000,8,89.92682733496906,0.036774975593830944
272,0.8283673469387755,1,25000,5,90.37723848685238,0.036390720597927806
272,0.8485714285714285,0,25000,6,89.85874420896072,0.03688420708997191
272,0.8485714285714285,1,25000,4,89.40354565168833,0.03726978474934585
272,0.8687755102040816,0,25000,4,89.46723935798255,0.03662812272741968
272,0.8687755102040816,1,25000,7,89.27356944134125,0.037008800861439095
272,0.8889795918367347,0,25000,6,89.29761650629405,0.03724957436745518
272,0.8889795918367347,1,25000,5,88.40370111436903,0.03785473537182854
272,0.9091836734693878,0,25000,10,87.16168933963306,0.039328216206306
272,0.9091836734693878,1,25000,4,87.52064325092834,0.0390192741558609
272,0.9293877551020407,0,25000,8,85.73723729809777,0.03980119504363104
272,0.9293877551020407,1,25000,11,84.030663143765,0.042473961582345024
272,0.9495918367346938,0,25000,10,81.85117984289502,0.04248926115581728
272,0.9495918367346938,1,25000,11,83.99811567917473,0.04139288963827945
272,0.9697959183673469,0,25000,3,91.43659356242009,0.03551578664314346
272,0.9697959183673469,1,25000,0,91.34459791068781,0.03552866808411655
272,0.99,0,25000,3,90.89477277333802,0.03556817148533499
272,0.99,1,25000,0,91.27965616492092,0.0354518248631305
288,0.0,0,25000,1,81.81201062065048,0.09343895650294301
288,0.0,1,25000,2,81.03637005751577,0.10653842169699901
288,0.02020408163265306,0,25000,4,77.9921637533989,0.08553628813955343
288,0.02020408163265306,1,25000,3,76.90301036913337,0.08684691862744755
288,0.04040816326530612,0,25000,11,73.02267942949203,0.09676951209987164
288,0.04040816326530612,1,25000,11,71.6195905933699,0.11033759854705458
288,0.06061224489795918,0,25000,22,71.55898398822166,0.09742266487202456
288,0.06061224489795918,1,25000,30,70.43706594393987,0.10507254238530375
288,0.08081632653061224,0,25000,30,72.3517569779467,0.09383360844369878
288,0.08081632653061224,1,25000,26,73.17074348269357,0.09877968693804752
288,0.1010204081632653,0,25000,24,76.41405272168973,0.08537290007896417
288,0.1010204081632653,1,25000,21,76.17953854818948,0.09021307554899921
288,0.12122448979591836,0,25000,27,78.76943355513731,0.07707542563019162
288,0.12122448979591836,1,25000,23,78.59200335006014,0.0817377167139943
288,0.14142857142857143,0,25000,25,81.0236991483724,0.07109951115591004
288,0.14142857142857143,1,25000,26,79.76381008898767,0.07728954486521132
288,0.16163265306122448,0,25000,20,81.64351603203022,0.06779691042850694
288,0.16163265306122448,1,25000,24,81.0317325474876,0.07371014965743497
288,0.18183673469387754,0,25000,21,83.35183904368336,0.06276843063205667
288,0.18183673469387754,1,25000,20,83.23928173104676,0.06709926142356036
288,0.2020408163265306,0,25000,23,84.60743512485791,0.058675126733869
288,0.2020408163265306,1,25000,20,83.38988986359742,0.06497612013411515
288,0.22224489795918367,0,25000,20,86.17757646120387,0.0555650335118843
288,0.22224489795918367,1,25000,23,84.75314130601282,0.05963424410445246
288,0.24244897959183673,0,25000,21,86.74303778706548,0.0534387777933733
288,0.24244897959183673,1,25000,23,86.25372792993018,0.05703225755745774
288,0.2626530612244898,0,25000,18,87.69838377745907,0.05122613021752245
288,0.2626530612244898,1,25000,16,87.26334570923083,0.05454381752349411
288,0.28285714285714286,0,25000,22,87.93710587636912,0.04966790813403713
288,0.28285714285714286,1,25000,21,88.31766830005847,0.05060460219061012
288,0.3030612244897959,0,25000,19,88.82477167361768,0.048109070343306595
288,0.3030612244897959,1,25000,20,89.08145153907904,0.048492784455617374
288,0.32326530612244897,0,25000,18,90.02053083714716,0.044863732257138064
288,0.32326530612244897,1,25000,13,89.56480030665828,0.04621726722705302
288,0.34346938775510205,0,25000,14,87.93867248353635,0.044589904464506364
288,0.34346938775510205,1,25000,14,89.08811898079779,0.04576155092495267
288,0.3636734693877551,0,25000,2,75.15131533404013,0.05374636150654644
288,0.3636734693877551,1,25000,2,74.42551452756727,0.05561810223378372
288,0.38387755102040816,0,25000,1,78.72935547665347,0.05854208414793495
288,0.38387755102040816,1,25000,1,78.4655606432091,0.059149774884063124
288,0.4040816326530612,0,25000,1,68.0574771122751,0.07958058414630681
288,0.4040816326530612,1,25000,2,66.78571615383237,0.08194763916676355
288,0.42428571428571427,0,25000,1,61.36262640959676,0.1057687946553671
288,0.42428571428571427,1,25000,1,61.99298336108961,0.10524608310400829
288,0.44448979591836735,0,25000,1,60.0490380492748,0.12514901527857342
288,0.44448979591836735,1,25000,2,60.079659524016726,0.12472437448144477
288,0.4646938775510204,0,25000,3,59.38970824144079,0.1345467530211404
288,0.4646938775510204,1,25000,1,59.85346443201878,0.1340493869520517
288,0.48489795918367345,0,25000,1,59.575865444018355,0.13921853718064642
288,0.48489795918367345,1,25000,1,59.41290350985818,0.13849944382089205
288,0.5051020408163265,0,25000,2,58.81520270571011,0.14408784790862375
288,0.5051020408163265,1,25000,1,59.949067808041605,0.14077248498994296
288,0.5253061224489796,0,25000,1,59.73815492548985,0.14555739725869213
288,0.5253061224489796,1,25000,1,59.47048121718561,0.14550571000409335
288,0.5455102040816326,0,25000,2,59.62374945679716,0.14769205121343798
288,0.5455102040816326,1,25000,1,59.26931948312488,0.14760840429935754
288,0.5657142857142857,0,25000,1,60.38029023101584,0.1484782117901614
288,0.5657142857142857,1,25000,2,59.36156664377577,0.14916780972796204
288,0.5859183673469388,0,25000,1,59.958111576353744,0.14849419844046163
288,0.5859183673469388,1,25000,2,59.81488769704618,0.1493044889448653
288,0.6061224489795918,0,25000,1,60.56577078782594,0.1470563748899519
288,0.6061224489795918,1,25000,1,60.32870997123027,0.14813204518813256
288,0.6263265306122449,0,25000,1,61.40020045569969,0.14535505603902554
288,0.6263265306122449,1,25000,1,60.53073061115843,0.14657893988465598
288,0.6465306122448979,0,25000,2,61.72146039127645,0.14351572567797938
288,0.6465306122448979,1,25000,1,61.70690550694923,0.1440638666470319
288,0.666734693877551,0,25000,1,62.76102163915479,0.14103983923226138
288,0.666734693877551,1,25000,2,62.154309506903935,0.14119861479550533
288,0.6869387755102041,0,25000,1,63.454660446033444,0.13627834297551814
288,0.6869387755102041,1,25000,1,63.08791063220913,0.13670174045935307
288,0.7071428571428571,0,25000,1,64.17505716868672,0.13272039977683242
288,0.7071428571428571,1,25000,1,65.92422599487591,0.1311442484131985
288,0.7273469387755102,0,25000,4,92.44073743158093,0.043210289032167934
288,0.7273469387755102,1,25000,5,88.36368123005549,0.045579284548880925
288,0.7475510204081632,0,25000,2,94.4796725013492,0.038901829831652975
288,0.7475510204081632,1,25000,1,86.85450735015998,0.042954386787383114
288,0.7677551020408163,0,25000,2,95.05219358584613,0.03720629609766435
288,0.7677551020408163,1,25000,2,93.01573855892484,0.038383103579969644
288,0.7879591836734694,0,25000,2,95.82689112255616,0.03450511593551393
288,0.7879591836734694,1,25000,3,96.73311283893776,0.03390089247236597
288,0.8081632653061224,0,25000,4,95.34807310417581,0.03710334163587218
288,0.8081632653061224,1,25000,5,95.90758195006464,0.03424120340518503
288,0.8283673469387755,0,25000,3,95.48394944133324,0.03469892545930468
288,0.8283673469387755,1,25000,1,95.63296315378248,0.035017816010821386
288,0.8485714285714285,0,25000,4,94.23443075280234,0.03619623948311444
288,0.8485714285714285,1,25000,1,95.59925772403807,0.03494038549275605
288,0.8687755102040816,0,25000,5,95.47282353127389,0.03507831024867977
288,0.8687755102040816,1,25000,5,94.760707510884,0.035229117174410886
288,0.8889795918367347,0,25000,5,91.97186738230633,0.03822922870349051
288,0.8889795918367347,1,25000,3,94.1321522696936,0.0357182509988164
288,0.9091836734693878,0,25000,5,91.62405506964376,0.03850764648160289
288,0.9091836734693878,1,25000,8,91.12349041239578,0.03831049150000196
288,0.9293877551020407,0,25000,9,89.10507305415507,0.03967207309663544
288,0.9293877551020407,1,25000,11,87.63468556239835,0.04184868006402289
288,0.9495918367346938,0,25000,8,84.87564408760866,0.0430616002214647
288,0.9495918367346938,1,25000,9,87.73903962776095,0.040475225397373804
288,0.9697959183673469,0,25000,1,96.24169141928749,0.03427995228840498
288,0.9697959183673469,1,25000,1,95.96013629283803,0.03396127099547455
288,0.99,0,25000,4,96.67479670852526,0.03357519162369727
288,0.99,1,25000,3,96.28767399677116,0.033847527191473034
304,0.0,0,25000,3,84.35211216531928,0.08749804769781566
304,0.0,1,25000,2,85.04345576906917,0.07147111660137329
304,0.02020408163265306,0,25000,6,79.7400152291423,0.09687481369825568
304,0.02020408163265306,1,25000,4,78.94008776057333,0.09356379302122048
304,0.04040816326530612,0,25000,12,76.49874140675665,0.09630292171537666
304,0.04040816326530612,1,25000,10,75.25787091975684,0.08673709699703937
304,0.06061224489795918,0,25000,25,75.43022661978364,0.0848420853695554
304,0.06061224489795918,1,25000,25,75.88729674519674,0.09120168558725975
304,0.08081632653061224,0,25000,25,78.07094421154378,0.08069664149327388
304,0.08081632653061224,1,25000,26,78.01052179326183,0.09026579999283214
304,0.1010204081632653,0,25000,24,81.79897887406636,0.07519267427789826
304,0.1010204081632653,1,25000,21,81.6207735108728,0.08210636850457409
304,0.12122448979591836,0,25000,23,84.12424253336766,0.07161381238416478
304,0.12122448979591836,1,25000,20,83.84598048514243,0.07404655530286768
304,0.14142857142857143,0,25000,23,85.73688895803718,0.06601853555411072
304,0.14142857142857143,1,25000,23,85.29420561652881,0.07070060893099438
304,0.16163265306122448,0,25000,20,87.4295342277986,0.0627372238519043
304,0.16163265306122448,1,25000,24,86.92905921806667,0.06640527491507003
304,0.18183673469387754,0,25000,20,88.88238704394851,0.05749408022348612
304,0.18183673469387754,1,25000,19,87.73794961327035,0.06257687918728427
304,0.2020408163265306,0,25000,18,90.499445795989,0.05378455605234557
304,0.2020408163265306,1,25000,19,89.46463559726362,0.0581898779754782
304,0.22224489795918367,0,25000,18,90.87396037229914,0.05154597988369496
304,0.22224489795918367,1,25000,17,90.52721748866895,0.05490205888305308
304,0.24244897959183673,0,25000,16,92.03429459510977,0.049237340090942355
304,0.24244897959183673,1,25000,17,91.88767107729129,0.05142377928594537
304,0.2626530612244898,0,25000,16,92.82209015372163,0.0474063499445716
304,0.2626530612244898,1,25000,16,92.22703832088396,0.049166615213253106
304,0.28285714285714286,0,25000,15,93.91507439506765,0.04561578818817995
304,0.28285714285714286,1,25000,15,93.2711075832417,0.04765420170126098
304,0.3030612244897959,0,25000,14,94.25269239971244,0.04434763486592144
304,0.3030612244897959,1,25000,18,94.4830202312591,0.04395893253352867
304,0.32326530612244897,0,25000,12,95.04638497435444,0.041936223906379244
304,0.32326530612244897,1,25000,11,95.30893833655647,0.041841595659907575
304,0.34346938775510205,0,25000,9,95.56054863279337,0.042019038125202385
304,0.34346938775510205,1,25000,9,95.15815389422882,0.04026021341173497
304,0.3636734693877551,0,25000,3,74.56768107391053,0.05379521204198829
304,0.3636734693877551,1,25000,5,74.80476758796436,0.05197788621467949
304,0.38387755102040816,0,25000,1,83.78189771297141,0.05811787826922363
304,0.38387755102040816,1,25000,2,82.60079225616349,0.05881136794484475
304,0.4040816326530612,0,25000,2,74.13504938323163,0.07372417085178078
304,0.4040816326530612,1,25000,1,73.23540480118365,0.07573015508096946
304,0.42428571428571427,0,25000,1,67.10502134949544,0.10008420680867974
304,0.42428571428571427,1,25000,1,67.73657027376134,0.09965154792237743
304,0.44448979591836735,0,25000,1,64.66108688688382,0.12002537180327547
304,0.44448979591836735,1,25000,1,65.04974529115668,0.12007072626157558
304,0.4646938775510204,0,25000,1,64.52664508677147,0.1282321269840137
304,0.4646938775510204,1,25000,1,65.47855967815596,0.12719083356855676
304,0.48489795918367345,0,25000,1,64.33352357048213,0.13330112114224407
304,0.48489795918367345,1,25000,1,64.56186465166792,0.13098140121134283
304,0.5051020408163265,0,25000,1,64.71665798001428,0.13679453601573205
304,0.5051020408163265,1,25000,2,65.21644166953561,0.13372419166759383
304,0.5253061224489796,0,25000,1,65.46799127406248,0.1386030798271532
304,0.5253061224489796,1,25000,1,65.41599904221896,0.13782355775802851
304,0.5455102040816326,0,25000,2,65.57520261415081,0.14024560924884377
304,0.5455102040816326,1,25000,2,65.46462837335764,0.13924033192002655
304,0.5657142857142857,0,25000,1,65.73588632683222,0.1406619546972318
304,0.5657142857142857,1,25000,2,65.34162381879912,0.14113163320206285
304,0.5859183673469388,0,25000,1,66.55573622832244,0.13994808996018074
304,0.5859183673469388,1,25000,1,66.11113777225255,0.1395208100017119
304,0.6061224489795918,0,25000,2,66.53570802712235,0.13964119225346183
304,0.6061224489795918,1,25000,1,65.32888739554065,0.14104133767292784
304,0.6263265306122449,0,25000,1,67.01418417166671,0.13788142732297384
304,0.6263265306122449,1,25000,1,73.16217392091889,0.12611054478736994
304,0.6465306122448979,0,25000,1,68.96570279177578,0.13361493851883965
304,0.6465306122448979,1,25000,1,69.44367592125371,0.1332803425950425
304,0.666734693877551,0,25000,1,71.71972604274282,0.12679754853854952
304,0.666734693877551,1,25000,1,68.16547492627224,0.13330517544274906
304,0.6869387755102041,0,25000,2,73.11703431971841,0.12189662678048074
304,0.6869387755102041,1,25000,2,69.10158993867444,0.13072766139613196
304,0.7071428571428571,0,25000,1,74.20610311455397,0.11960617575257551
304,0.7071428571428571,1,25000,1,71.04198573067714,0.12476322817781393
304,0.7273469387755102,0,25000,2,90.43576738629416,0.04298753873736048
304,0.7273469387755102,1,25000,0,78.09629816075764,0.045902407588487334
304,0.7475510204081632,0,25000,6,101.97965053434716,0.03258875717874252
304,0.7475510204081632,1,25000,1,97.42199251477903,0.03996392140379397
304,0.7677551020408163,0,25000,1,100.60844899462043,0.03508929063157762
304,0.7677551020408163,1,25000,2,100.90124923967362,0.033388703951425146
304,0.7879591836734694,0,25000,2,102.42676998222737,0.03215234160049369
304,0.7879591836734694,1,25000,2,101.30626364868513,0.03306226130177599
304,0.8081632653061224,0,25000,4,101.39515105610616,0.03332413322398173
304,0.8081632653061224,1,25000,1,99.32157464215985,0.03481981432517507
304,0.8283673469387755,0,25000,1,100.01871918043952,0.03402349586044065
304,0.8283673469387755,1,25000,4,100.73506536208912,0.03346501809165371
304,0.8485714285714285,0,25000,4,100.52719876216119,0.033639341513754764
304,0.8485714285714285,1,25000,1,100.49039462685988,0.03363424912823178
304,0.8687755102040816,0,25000,3,98.63006986443574,0.034961494444304325
304,0.8687755102040816,1,25000,5,99.78699341006696,0.03398998102521035
304,0.8889795918367347,0,25000,3,97.45147922013302,0.03633394398968374
304,0.8889795918367347,1,25000,4,96.8772370907682,0.036624196443669516
304,0.9091836734693878,0,25000,6,97.6320872512795,0.037075443677399574
304,0.9091836734693878,1,25000,9,95.06871900273325,0.03857649395775249
304,0.9293877551020407,0,25000,6,95.40109939439338,0.038736819773729274
304,0.9293877551020407,1,25000,8,94.60505484202578,0.03811124400440728
304,0.9495918367346938,0,25000,7,97.23507600538558,0.03618875195488569
304,0.9495918367346938,1,25000,6,97.00686738351274,0.036650664068227645
304,0.9697959183673469,0,25000,2,94.74240691889086,0.03670062854519137
304,0.9697959183673469,1,25000,1,95.70811931600412,0.0358715119945028
304,0.99,0,25000,1,101.86668609212401,0.03283307013129801
304,0.99,1,25000,3,101.31407746691471,0.0328047377450551
320,0.0,0,25000,1,87.74242053291198,0.07802863202801537
320,0.0,1,25000,2,88.72013256408934,0.06798220099089525
320,0.02020408163265306,0,25000,3,83.57879562495253,0.06650823072952934
320,0.02020408163265306,1,25000,5,82.80538389977018,0.07759862593538161
320,0.04040816326530612,0,25000,12,80.06283977762703,0.09311821609603137
320,0.04040816326530612,1,25000,12,79.68601097435666,0.09351338451299022
320,0.06061224489795918,0,25000,20,80.42596421551795,0.08673897056577536
320,0.06061224489795918,1,25000,24,80.74619409780351,0.08636142967175006
320,0.08081632653061224,0,25000,23,83.53751565160277,0.0806225565379758
320,0.08081632653061224,1,25000,24,83.50341264140503,0.08069965219427425
320,0.1010204081632653,0,25000,22,87.18049602987244,0.0732621384319255
320,0.1010204081632653,1,25000,22,87.22571765563913,0.0754144070595664
320,0.12122448979591836,0,25000,20,89.30004322716673,0.06959827841506555
320,0.12122448979591836,1,25000,21,89.13323645847973,0.06945468860808887
320,0.14142857142857143,0,25000,19,90.68830534932388,0.06607408792117589
320,0.14142857142857143,1,25000,18,91.05369799195819,0.0652162692708482
320,0.16163265306122448,0,25000,21,92.72017628888916,0.060807679776868455
320,0.16163265306122448,1,25000,18,92.21392845289657,0.06052843838863796
320,0.18183673469387754,0,25000,17,94.25494052563124,0.05734117659334456
320,0.18183673469387754,1,25000,16,94.01593869148324,0.05795575994093626
320,0.2020408163265306,0,25000,17,94.89294235398421,0.052708278808426615
320,0.2020408163265306,1,25000,14,94.45810249640067,0.054610312029660144
320,0.22224489795918367,0,25000,13,96.23889449222916,0.048915077247340344
320,0.22224489795918367,1,25000,17,96.3874278203754,0.05087062513683733
320,0.24244897959183673,0,25000,14,97.53403762685608,0.04637921305142736
320,0.24244897959183673,1,25000,11,96.80658645382962,0.04827996699877178
320,0.2626530612244898,0,25000,15,98.11696053511,0.04459727362036755
320,0.2626530612244898,1,25000,11,98.37401080520229,0.04491278372064192
320,0.28285714285714286,0,25000,15,99.1451172686512,0.043538029251723356
320,0.28285714285714286,1,25000,10,98.77524558532531,0.04336564472936251
320,0.3030612244897959,0,25000,10,100.502769209384,0.04125216655689585
320,0.3030612244897959,1,25000,10,99.6616890570537,0.041546517948469835
320,0.32326530612244897,0,25000,8,100.39910394829838,0.040214855983296924
320,0.32326530612244897,1,25000,10,100.89733637876344,0.039069534995797864
320,0.34346938775510205,0,25000,5,101.39525095455724,0.03851656224290719
320,0.34346938775510205,1,25000,9,101.25420842252609,0.03714992658542744
320,0.3636734693877551,0,25000,4,89.21980797579121,0.04726995715929609
320,0.3636734693877551,1,25000,7,93.75118947824905,0.04549948351793694
320,0.38387755102040816,0,25000,2,67.18532220333978,0.08428268387907392
320,0.38387755102040816,1,25000,1,69.20300038864278,0.0815155601268551
320,0.4040816326530612,0,25000,1,79.17517656018615,0.06943568761522939
320,0.4040816326530612,1,25000,1,79.03460841034644,0.06849994979454438
320,0.42428571428571427,0,25000,1,71.73288666834524,0.09502937782313498
320,0.42428571428571427,1,25000,1,72.26541876888726,0.09220668157084061
320,0.44448979591836735,0,25000,2,70.32042649298563,0.11627766991423918
320,0.44448979591836735,1,25000,1,69.63591161986142,0.1134488938652426
320,0.4646938775510204,0,25000,1,70.35103997786949,0.12272511027794536
320,0.4646938775510204,1,25000,1,69.91190867238167,0.12322516519197402
320,0.48489795918367345,0,25000,1,70.86227262251003,0.1262388213171068
320,0.48489795918367345,1,25000,1,70.08749757463991,0.1286989878354377
320,0.5051020408163265,0,25000,1,70.52079247344463,0.12991270496566526
320,0.5051020408163265,1,25000,1,70.80127498149768,0.13052856208533747
320,0.5253061224489796,0,25000,2,71.06315935494656,0.13100316211020224
320,0.5253061224489796,1,25000,1,70.77341478148772,0.13286206172850112
320,0.5455102040816326,0,25000,1,71.4741454130101,0.13119795916259697
320,0.5455102040816326,1,25000,1,71.60368341911607,0.13433129407799244
320,0.5657142857142857,0,25000,1,72.2632446889202,0.13162934237554189
320,0.5657142857142857,1,25000,1,71.53474165426138,0.13556918246670302
320,0.5859183673469388,0,25000,2,71.68789211593086,0.13455449711486905
320,0.5859183673469388,1,25000,1,71.78012088758928,0.13486380417168242
320,0.6061224489795918,0,25000,1,73.62643296285742,0.12941048969352825
320,0.6061224489795918,1,25000,1,72.45176396806811,0.13341999808817956
320,0.6263265306122449,0,25000,2,73.61253387798796,0.13165408765271336
320,0.6263265306122449,1,25000,2,72.85780674223028,0.13202393728924147
320,0.6465306122448979,0,25000,2,76.1561899935322,0.12442003776154967
320,0.6465306122448979,1,25000,1,71.93741800728063,0.13159636147123682
320,0.666734693877551,0,25000,2,79.04774373854363,0.11939639131857954
320,0.666734693877551,1,25000,3,72.86069344818435,0.12938177091575004
320,0.6869387755102041,0,25000,2,76.50689360195014,0.12071745445752463
320,0.6869387755102041,1,25000,1,76.13769940424702,0.12312885276613283
320,0.7071428571428571,0,25000,1,77.87004844687851,0.1167444145861655
320,0.7071428571428571,1,25000,1,79.12933142591348,0.11626695059787245
320,0.7273469387755102,0,25000,2,79.19722795470227,0.04613713468801625
320,0.7273469387755102,1,25000,0,79.99351258805086,0.04446388486587867
320,0.7475510204081632,0,25000,0,106.6849062456553,0.031152974471398556
320,0.7475510204081632,1,25000,0,106.46873730891915,0.0319078034064291
320,0.7677551020408163,0,25000,2,105.16011947732335,0.034782472032721085
320,0.7677551020408163,1,25000,5,105.46941378394081,0.03382884394179493
320,0.7879591836734694,0,25000,3,106.10416276440662,0.03312264153518257
320,0.7879591836734694,1,25000,3,106.23417398861596,0.031528263519558
320,0.8081632653061224,0,25000,2,106.77776080606714,0.031290077992654236
320,0.8081632653061224,1,25000,2,106.28184501452182,0.03170328285811519
320,0.8283673469387755,0,25000,4,106.23395103456072,0.031847224871106125
320,0.8283673469387755,1,25000,5,105.85091317564599,0.03226018385915134
320,0.8485714285714285,0,25000,4,105.84290253749124,0.03191245779428782
320,0.8485714285714285,1,25000,3,104.75848201334992,0.03329404279796649
320,0.8687755102040816,0,25000,5,104.16425543976119,0.03315441022829281
320,0.8687755102040816,1,25000,1,104.60557327353746,0.03342095698369629
320,0.8889795918367347,0,25000,5,102.41952218130277,0.03503949479268196
320,0.8889795918367347,1,25000,4,102.55233488628309,0.03585398770244959
320,0.9091836734693878,0,25000,5,100.43614817105504,0.037885077204631204
320,0.9091836734693878,1,25000,2,102.76862318008189,0.03468243717223531
320,0.9293877551020407,0,25000,5,102.33178090609624,0.036403931446579885
320,0.9293877551020407,1,25000,4,102.17655688214771,0.036192768412769895
320,0.9495918367346938,0,25000,2,106.68527172692967,0.03107017610908061
320,0.9495918367346938,1,25000,6,104.67446634154985,0.034314556528471436
320,0.9697959183673469,0,25000,5,104.52301780189343,0.03371076582334864
320,0.9697959183673469,1,25000,4,104.53005874301192,0.03388105029342901
320,0.99,0,25000,2,106.07690430741948,0.03188028143698904
320,0.99,1,25000,2,106.63004079798002,0.03135875004846271
32,0.0,0,25000,32,9.363188133770132,0.3592094294202388
32,0.0,1,25000,32,9.298203352994003,0.373225674836234
32,0.02020408163265306,0,25000,32,9.370848589536852,0.36600336899378577
32,0.02020408163265306,1,25000,32,9.501506324176123,0.37040963282615724
32,0.04040816326530612,0,25000,32,9.447283596078673,0.36894376441232524
32,0.04040816326530612,1,25000,32,9.412411271604292,0.3700921007767309
32,0.06061224489795918,0,25000,32,9.634584577966264,0.36410370707365086
32,0.06061224489795918,1,25000,32,9.459363118539782,0.3698745215241124
32,0.08081632653061224,0,25000,32,9.53597164491245,0.36412789426277675
32,0.08081632653061224,1,25000,32,9.671522847192778,0.36404067311650845
32,0.1010204081632653,0,25000,32,9.572018210953583,0.36189178815247747
32,0.1010204081632653,1,25000,32,9.64784542140401,0.3596752325599767
32,0.12122448979591836,0,25000,32,9.652654450993158,0.3590989367928471
32,0.12122448979591836,1,25000,32,9.601029162386325,0.3603730510524463
32,0.14142857142857143,0,25000,32,9.669792419027015,0.3563585408424108
32,0.14142857142857143,1,25000,32,9.80439986711082,0.3533044199793538
32,0.16163265306122448,0,25000,32,9.703163555122048,0.35609011163548493
32,0.16163265306122448,1,25000,32,9.693825908476,0.35299673615248517
32,0.18183673469387754,0,25000,32,9.758222123362394,0.35314505225094084
32,0.18183673469387754,1,25000,32,9.793927881192438,0.34779796680994074
32,0.2020408163265306,0,25000,32,9.742462605559494,0.3503422140022419
32,0.2020408163265306,1,25000,32,9.811297250448238,0.3480217294817963
32,0.22224489795918367,0,25000,32,9.8235583315334,0.35076091682716576
32,0.22224489795918367,1,25000,32,9.873005473112809,0.3449265972909905
32,0.24244897959183673,0,25000,32,9.738571163260795,0.3481758446933335
32,0.24244897959183673,1,25000,32,9.871297568913974,0.34237691548545945
32,0.2626530612244898,0,25000,32,9.949452071484071,0.34139899133023255
32,0.2626530612244898,1,25000,32,10.01696579994072,0.33870698810334815
32,0.28285714285714286,0,25000,32,9.86750602861968,0.34287721936793447
32,0.28285714285714286,1,25000,32,10.009832324404233,0.33434123550267697
32,0.3030612244897959,0,25000,32,10.09827961843408,0.33679560828919775
32,0.3030612244897959,1,25000,32,9.954647835593242,0.33629022968372174
32,0.32326530612244897,0,25000,32,9.85818197963427,0.338231289315899
32,0.32326530612244897,1,25000,32,10.04743933034872,0.33134667732898315
32,0.34346938775510205,0,25000,32,10.019181336076624,0.33460746806561104
32,0.34346938775510205,1,25000,32,10.113127336328223,0.32917346327040536
32,0.3636734693877551,0,25000,32,9.947522315755757,0.33610480103522955
32,0.3636734693877551,1,25000,32,10.061267962800041,0.3286903874361943
32,0.38387755102040816,0,25000,32,10.05019514574924,0.32877813038024006
32,0.38387755102040816,1,25000,32,10.044512230337183,0.32801285696977267
32,0.4040816326530612,0,25000,32,10.098658731466028,0.3255108296486285
32,0.4040816326530612,1,25000,32,10.032600782702282,0.3253092822888711
32,0.42428571428571427,0,25000,31,10.127830249592648,0.32266685252698996
32,0.42428571428571427,1,25000,31,9.936415882460217,0.3254694329164128
32,0.44448979591836735,0,25000,29,9.688462423845007,0.3228848772734204
32,0.44448979591836735,1,25000,29,9.88026185910366,0.3195014020973109
32,0.4646938775510204,0,25000,26,9.620367864257894,0.3156920178177992
32,0.4646938775510204,1,25000,28,9.485246302412309,0.3155115843062647
32,0.48489795918367345,0,25000,24,8.61873980714667,0.3126264675066185
32,0.48489795918367345,1,25000,24,8.668290090515685,0.3145084804037104
32,0.5051020408163265,0,25000,20,7.833556106132516,0.31656195948633725
32,0.5051020408163265,1,25000,21,7.879999578114795,0.3177878433487446
32,0.5253061224489796,0,25000,19,7.242634944075139,0.3200058095237698
32,0.5253061224489796,1,25000,19,7.089943653277439,0.317816942343087
32,0.5455102040816326,0,25000,17,6.423069213423354,0.3260731381313185
32,0.5455102040816326,1,25000,18,6.825828553837017,0.3232415838006134
32,0.5657142857142857,0,25000,14,5.674700267834856,0.343169350968189
32,0.5657142857142857,1,25000,14,5.954906808291199,0.33369375856181094
32,0.5859183673469388,0,25000,12,5.2769982780518765,0.3553505284079846
32,0.5859183673469388,1,25000,13,5.495697701282348,0.3471005082062832
32,0.6061224489795918,0,25000,10,4.964844085694624,0.36654244722429197
32,0.6061224489795918,1,25000,11,5.074367594468894,0.3631934661867921
32,0.6263265306122449,0,25000,7,4.392088704160805,0.4077255490576548
32,0.6263265306122449,1,25000,9,4.718739473071156,0.3838881220090744
32,0.6465306122448979,0,25000,6,4.167414543151436,0.4231565054782932
32,0.6465306122448979,1,25000,7,4.39464124427138,0.4093478468359333
32,0.666734693877551,0,25000,5,4.166180515942186,0.44543525215344637
32,0.666734693877551,1,25000,5,4.1736533609370134,0.439983064551021
32,0.6869387755102041,0,25000,3,4.1664664956798525,0.48384077974786927
32,0.6869387755102041,1,25000,4,4.247040375410527,0.4693715597300091
32,0.7071428571428571,0,25000,2,4.653502450572355,0.4980423469874963
32,0.7071428571428571,1,25000,2,4.95685830796877,0.4871418005435843
32,0.7273469387755102,0,25000,12,6.518256090601095,0.4413752064810571
32,0.7273469387755102,1,25000,23,7.186249077790939,0.41271892651606074
32,0.7475510204081632,0,25000,18,6.946223451253751,0.42254939752071907
32,0.7475510204081632,1,25000,23,7.146542467353596,0.4104797343369141
32,0.7677551020408163,0,25000,32,11.467334596978443,0.1933463089056733
32,0.7677551020408163,1,25000,28,7.660691155573552,0.37876717650162994
32,0.7879591836734694,0,25000,32,11.17883395148155,0.2005715706156756
32,0.7879591836734694,1,25000,32,11.457352755654107,0.18970219240502728
32,0.8081632653061224,0,25000,32,11.383957263878493,0.19360492196446816
32,0.8081632653061224,1,25000,32,11.336344841120644,0.1930349231411515
32,0.8283673469387755,0,25000,32,11.524063572914283,0.1885267899837344
32,0.8283673469387755,1,25000,32,11.360727545893152,0.19106035435823138
32,0.8485714285714285,0,25000,32,11.53961232867473,0.1893443606812905
32,0.8485714285714285,1,25000,32,11.47874960102462,0.18964258874091605
32,0.8687755102040816,0,25000,32,11.529589848358883,0.1881353552690126
32,0.8687755102040816,1,25000,32,11.427295695757348,0.19031368732650683
32,0.8889795918367347,0,25000,32,11.518597719488545,0.18787558896915232
32,0.8889795918367347,1,25000,32,11.420201552997026,0.19075792192070073
32,0.9091836734693878,0,25000,32,11.893974866490376,0.17960372226921847
32,0.9091836734693878,1,25000,32,11.680714003171524,0.18198861539072603
32,0.9293877551020407,0,25000,32,11.600996825821976,0.18446971464538597
32,0.9293877551020407,1,25000,32,11.775094329157742,0.18118216897988082
32,0.9495918367346938,0,25000,32,11.888657874437282,0.1785245898398264
32,0.9495918367346938,1,25000,32,11.941802810890803,0.17727143328532102
32,0.9697959183673469,0,25000,32,11.946076952281084,0.17806210005124495
32,0.9697959183673469,1,25000,32,11.846380886457329,0.1793625255204214
32,0.99,0,25000,32,11.93867778214754,0.17826382726772388
32,0.99,1,25000,32,11.891086962591176,0.17909816667857986
336,0.0,0,25000,2,91.93535320570159,0.07046198724025539
336,0.0,1,25000,1,91.26541143573317,0.07006050561958845
336,0.02020408163265306,0,25000,3,87.32131913447822,0.08909123390744703
336,0.02020408163265306,1,25000,6,86.50679973968747,0.0865587150019207
336,0.04040816326530612,0,25000,13,84.8679834294775,0.0861592210057503
336,0.04040816326530612,1,25000,12,84.04147171774503,0.0878531365292102
336,0.06061224489795918,0,25000,21,85.35252789649334,0.08014084356216952
336,0.06061224489795918,1,25000,20,84.91251466551824,0.08441127761047662
336,0.08081632653061224,0,25000,21,89.18824263945413,0.07282318409939778
336,0.08081632653061224,1,25000,20,87.99897354530972,0.08209186946843736
336,0.1010204081632653,0,25000,20,92.38221191894695,0.0672178804904665
336,0.1010204081632653,1,25000,19,92.42839843013675,0.07214306377954921
336,0.12122448979591836,0,25000,16,94.51206162760579,0.06631100302385548
336,0.12122448979591836,1,25000,18,94.40350359987696,0.06614053550223531
336,0.14142857142857143,0,25000,16,96.12593564322464,0.059547110508165135
336,0.14142857142857143,1,25000,17,96.13634137941611,0.061683800776092625
336,0.16163265306122448,0,25000,15,98.30925353017167,0.05595500889754532
336,0.16163265306122448,1,25000,17,98.25035678020792,0.05532183129386724
336,0.18183673469387754,0,25000,16,98.74984644723742,0.05306094501932844
336,0.18183673469387754,1,25000,12,98.8807677761058,0.053045152735801744
336,0.2020408163265306,0,25000,13,100.59953897774103,0.04997136535401444
336,0.2020408163265306,1,25000,12,100.58910298008972,0.048620168238534926
336,0.22224489795918367,0,25000,12,101.91931170513924,0.046835525431509165
336,0.22224489795918367,1,25000,12,101.55894237549265,0.046852332293487384
336,0.24244897959183673,0,25000,10,103.12786717555917,0.04559492675095686
336,0.24244897959183673,1,25000,14,102.67377618070904,0.04383501071822733
336,0.2626530612244898,0,25000,8,104.00944993930202,0.04305248283405706
336,0.2626530612244898,1,25000,12,103.96817665507862,0.04118531634208547
336,0.28285714285714286,0,25000,11,104.86448515292008,0.039870763091531994
336,0.28285714285714286,1,25000,11,105.11093430282429,0.03991479403331403
336,0.3030612244897959,0,25000,10,105.70077110915382,0.04038288733133091
336,0.3030612244897959,1,25000,10,106.00694025766887,0.03739852019742007
336,0.32326530612244897,0,25000,3,106.32271050152437,0.037416640863612974
336,0.32326530612244897,1,25000,4,106.87561280600775,0.03578591839903712
336,0.34346938775510205,0,25000,3,107.283635530132,0.03521778398256614
336,0.34346938775510205,1,25000,3,107.81708459649481,0.03436060619351192
336,0.3636734693877551,0,25000,3,105.94650259632903,0.0382563170025789
336,0.3636734693877551,1,25000,2,105.96128256948208,0.03934837756508107
336,0.38387755102040816,0,25000,1,72.76769803530114,0.06793939579121597
336,0.38387755102040816,1,25000,2,71.2134979711447,0.06738099198533731
336,0.4040816326530612,0,25000,2,86.40514042751335,0.06378409210158359
336,0.4040816326530612,1,25000,1,86.05374041062683,0.06353608525300994
336,0.42428571428571427,0,25000,1,78.99076177379858,0.08551449929750113
336,0.42428571428571427,1,25000,1,78.8342607857411,0.08435956620639129
336,0.44448979591836735,0,25000,2,76.60342691731016,0.10754935161916501
336,0.44448979591836735,1,25000,1,76.34094667653204,0.10754814014595271
336,0.4646938775510204,0,25000,2,76.5995598473622,0.11779842268325202
336,0.4646938775510204,1,25000,1,76.24621408289312,0.11806814864041021
336,0.48489795918367345,0,25000,3,76.66315396972777,0.1223233817965717
336,0.48489795918367345,1,25000,1,76.42094565103277,0.12253058004822806
336,0.5051020408163265,0,25000,1,76.44213783621163,0.1257864175647371
336,0.5051020408163265,1,25000,1,76.79976422046893,0.12481570942496592
336,0.5253061224489796,0,25000,1,77.51501033098396,0.12689476303066943
336,0.5253061224489796,1,25000,1,77.47092969590024,0.12652672548974103
336,0.5455102040816326,0,25000,1,77.74023308924282,0.12769095166665123
336,0.5455102040816326,1,25000,1,76.9760977123991,0.1283117221753131
336,0.5657142857142857,0,25000,2,77.92800919704814,0.12880525736521015
336,0.5657142857142857,1,25000,1,78.01526186727392,0.12865035288920365
336,0.5859183673469388,0,25000,2,77.08878026558764,0.12906638559649392
336,0.5859183673469388,1,25000,1,77.81096385061065,0.1287409010355905
336,0.6061224489795918,0,25000,1,77.74538721555751,0.12871121474242767
336,0.6061224489795918,1,25000,2,78.36125672361018,0.12824088754293578
336,0.6263265306122449,0,25000,4,78.4060191333194,0.12752067542231377
336,0.6263265306122449,1,25000,1,78.8889156315879,0.124964521064379
336,0.6465306122448979,0,25000,1,77.79975269085003,0.1262461702338768
336,0.6465306122448979,1,25000,2,78.81988322509312,0.12552124626612554
336,0.666734693877551,0,25000,1,79.33877592034355,0.12275839973554446
336,0.666734693877551,1,25000,1,80.31192560107031,0.12214956089967505
336,0.6869387755102041,0,25000,2,81.19455498564399,0.11884809891400054
336,0.6869387755102041,1,25000,2,83.88923059550473,0.11405307426226186
336,0.7071428571428571,0,25000,2,82.20421100678246,0.11447759909581554
336,0.7071428571428571,1,25000,2,84.45675521346814,0.11076398233536158
336,0.7273469387755102,0,25000,1,85.49666503149867,0.04503385076220202
336,0.7273469387755102,1,25000,0,87.81193477853489,0.04224990865149514
336,0.7475510204081632,0,25000,2,109.45512115679264,0.03484685293109292
336,0.7475510204081632,1,25000,1,111.2892259334866,0.0325369822079702
336,0.7677551020408163,0,25000,0,108.34120496811265,0.034358060843115386
336,0.7677551020408163,1,25000,1,110.97008008335293,0.0320779497327962
336,0.7879591836734694,0,25000,4,111.98379431323048,0.030321078386354228
336,0.7879591836734694,1,25000,2,111.40285083292167,0.030721584828157063
336,0.8081632653061224,0,25000,2,111.43162533065194,0.03127187693547788
336,0.8081632653061224,1,25000,3,111.5467255746216,0.030919338812321367
336,0.8283673469387755,0,25000,1,109.61505494683114,0.03237140529532193
336,0.8283673469387755,1,25000,1,109.57441921094033,0.03195342534089067
336,0.8485714285714285,0,25000,6,108.90170971815395,0.03298648518565992
336,0.8485714285714285,1,25000,3,110.10596134450486,0.031659354282613315
336,0.8687755102040816,0,25000,2,109.12650232656344,0.033435016466665454
336,0.8687755102040816,1,25000,4,109.43401671002772,0.033728844418553144
336,0.8889795918367347,0,25000,3,109.01233667099714,0.0324476627527222
336,0.8889795918367347,1,25000,5,108.63443317582013,0.03420207294602752
336,0.9091836734693878,0,25000,4,108.73847232049388,0.03451073037115551
336,0.9091836734693878,1,25000,3,106.87031083099637,0.03656055934320887
336,0.9293877551020407,0,25000,3,109.74326717130805,0.03164683083590633
336,0.9293877551020407,1,25000,2,111.35727426222743,0.031035048414145845
336,0.9495918367346938,0,25000,4,110.80095438357978,0.030888917425493496
336,0.9495918367346938,1,25000,2,111.23230875781573,0.030796798325327432
336,0.9697959183673469,0,25000,1,111.19657672488776,0.030864447472907133
336,0.9697959183673469,1,25000,1,111.74549903106114,0.030252785284935843
336,0.99,0,25000,1,111.60260437752638,0.03055049129059522
336,0.99,1,25000,1,111.43001359159797,0.0304418712741027
352,0.0,0,25000,3,95.55349637743126,0.07989017369607772
352,0.0,1,25000,2,95.38841302356255,0.06445894627948623
352,0.02020408163265306,0,25000,4,91.04503655574692,0.08319297521976751
352,0.02020408163265306,1,25000,4,90.59784081481132,0.06143659746731071
352,0.04040816326530612,0,25000,11,88.61532781663409,0.08080747147090314
352,0.04040816326530612,1,25000,9,88.50182273005916,0.0726343772757088
352,0.06061224489795918,0,25000,15,90.46385088561458,0.07543988063254344
352,0.06061224489795918,1,25000,16,89.87968866750106,0.06738137330325808
352,0.08081632653061224,0,25000,19,94.74336464074298,0.06919898817354758
352,0.08081632653061224,1,25000,18,93.39091397052844,0.07391053615469163
352,0.1010204081632653,0,25000,15,97.48996219738623,0.0627954851054159
352,0.1010204081632653,1,25000,14,96.859634007842,0.068435455311938
352,0.12122448979591836,0,25000,17,99.63044298360957,0.06066781223520215
352,0.12122448979591836,1,25000,14,99.13619166024372,0.06479726656125279
352,0.14142857142857143,0,25000,14,102.12290444771612,0.055614556297641865
352,0.14142857142857143,1,25000,11,100.81965769554422,0.059427582949499486
352,0.16163265306122448,0,25000,17,103.84878429477197,0.05123545934486273
352,0.16163265306122448,1,25000,13,102.79170248505058,0.053667866326954625
352,0.18183673469387754,0,25000,10,104.46108994338726,0.04885107936716671
352,0.18183673469387754,1,25000,15,104.57704973940162,0.05114202880849443
352,0.2020408163265306,0,25000,13,105.7612246861039,0.046431633444970796
352,0.2020408163265306,1,25000,13,105.362592974813,0.048538845749244185
352,0.22224489795918367,0,25000,9,107.19860859490676,0.04658872687185195
352,0.22224489795918367,1,25000,11,107.97190732509718,0.04298068002785283
352,0.24244897959183673,0,25000,9,109.10106483819962,0.04309248924273214
352,0.24244897959183673,1,25000,9,109.17448789722823,0.03892107688832235
352,0.2626530612244898,0,25000,6,109.08727467266885,0.03970274856859443
352,0.2626530612244898,1,25000,8,109.8298601170471,0.03666486512174884
352,0.28285714285714286,0,25000,10,110.18960356428005,0.03776814119517605
352,0.28285714285714286,1,25000,10,110.73868642773479,0.035221778748420356
352,0.3030612244897959,0,25000,7,111.29484174210677,0.03616678388339917
352,0.3030612244897959,1,25000,6,111.33515840445304,0.03515045646768186
352,0.32326530612244897,0,25000,5,112.40378751371705,0.03457332458228783
352,0.32326530612244897,1,25000,5,112.33340592171507,0.033370055424003175
352,0.34346938775510205,0,25000,1,113.4903121740744,0.03376579162310567
352,0.34346938775510205,1,25000,2,113.38419300148837,0.032000398001970895
352,0.3636734693877551,0,25000,3,113.05577827981234,0.03369946773342884
352,0.3636734693877551,1,25000,3,113.75745318737964,0.03283451721960896
352,0.38387755102040816,0,25000,3,101.98689194905687,0.053588182616654795
352,0.38387755102040816,1,25000,1,101.12222497130524,0.04992379868655796
352,0.4040816326530612,0,25000,1,69.95134100064354,0.09285429454455046
352,0.4040816326530612,1,25000,1,55.11638440376828,0.09199198361606808
352,0.42428571428571427,0,25000,2,85.99047219677917,0.07588466637259451
352,0.42428571428571427,1,25000,2,85.97483772773282,0.07592875939793856
352,0.44448979591836735,0,25000,3,82.74524776574387,0.10253706089660697
352,0.44448979591836735,1,25000,1,82.76672119375748,0.10139212063011295
352,0.4646938775510204,0,25000,3,83.14908997868655,0.11237891311446946
352,0.4646938775510204,1,25000,1,81.80220834534956,0.11271419689942244
352,0.48489795918367345,0,25000,1,82.37454893067527,0.11700535537607079
352,0.48489795918367345,1,25000,1,83.12062612112638,0.11691221884036906
352,0.5051020408163265,0,25000,2,82.8597190926302,0.12006353834771898
352,0.5051020408163265,1,25000,2,83.10889130309235,0.11887591716152954
352,0.5253061224489796,0,25000,1,83.12995606079562,0.12137966392425556
352,0.5253061224489796,1,25000,1,83.47499219054663,0.11906375693620272
352,0.5455102040816326,0,25000,2,84.02390176200782,0.12232043103333744
352,0.5455102040816326,1,25000,1,83.49748585523393,0.12096741533640895
352,0.5657142857142857,0,25000,1,84.0419144528113,0.12342995413679418
352,0.5657142857142857,1,25000,2,84.96089633680657,0.12047912893469148
352,0.5859183673469388,0,25000,1,84.67067898770011,0.12296592079574865
352,0.5859183673469388,1,25000,1,84.52702838930516,0.12232593445748292
352,0.6061224489795918,0,25000,1,84.4433180804153,0.12199689164203699
352,0.6061224489795918,1,25000,1,84.84211355266902,0.12272917354085985
352,0.6263265306122449,0,25000,1,86.01374903298876,0.12007200220894047
352,0.6263265306122449,1,25000,2,84.77788528151659,0.12175232033055756
352,0.6465306122448979,0,25000,1,84.75624080126823,0.11963393379698806
352,0.6465306122448979,1,25000,3,85.0923370688161,0.12054872040682729
352,0.666734693877551,0,25000,2,85.675203629378,0.11694250200527384
352,0.666734693877551,1,25000,1,85.14469356061537,0.11886779808729464
352,0.6869387755102041,0,25000,1,87.23961184854906,0.11244189812041316
352,0.6869387755102041,1,25000,1,86.73456829097424,0.11561216903064893
352,0.7071428571428571,0,25000,1,113.60698375202989,0.03861129755627954
352,0.7071428571428571,1,25000,1,105.52262748838967,0.04158024211986322
352,0.7273469387755102,0,25000,1,94.25720539879636,0.040622156095179135
352,0.7273469387755102,1,25000,1,92.69347830148436,0.03970254577852496
352,0.7475510204081632,0,25000,1,115.19186087788765,0.03420007225922885
352,0.7475510204081632,1,25000,1,114.43936796598268,0.03303971057101019
352,0.7677551020408163,0,25000,1,113.41394356279773,0.03578973239472526
352,0.7677551020408163,1,25000,3,114.22275545098275,0.032958091724815966
352,0.7879591836734694,0,25000,3,117.41618692207399,0.029440244660102435
352,0.7879591836734694,1,25000,6,115.3402758973572,0.03117461279235095
352,0.8081632653061224,0,25000,2,116.01753579800058,0.030520821676939897
352,0.8081632653061224,1,25000,0,114.76102531102171,0.03182946666573763
352,0.8283673469387755,0,25000,1,115.63986847351461,0.030159120789616047
352,0.8283673469387755,1,25000,2,115.07544937523829,0.03150630031894852
352,0.8485714285714285,0,25000,2,114.36920152883708,0.032170317273713805
352,0.8485714285714285,1,25000,3,115.11186455105982,0.03122781919196066
352,0.8687755102040816,0,25000,1,115.62900592693704,0.031236097633374506
352,0.8687755102040816,1,25000,2,115.0690096089597,0.030145916301175572
352,0.8889795918367347,0,25000,3,110.0677616532868,0.03586886234996971
352,0.8889795918367347,1,25000,2,111.87041928949994,0.03504849679827205
352,0.9091836734693878,0,25000,1,113.00956443408089,0.03331216444735926
352,0.9091836734693878,1,25000,3,114.66294576699195,0.030927298013002057
352,0.9293877551020407,0,25000,2,115.62783008160876,0.030070041250084643
352,0.9293877551020407,1,25000,1,115.60471022634292,0.030299954135771363
352,0.9495918367346938,0,25000,2,116.84861935309019,0.029359708465231137
352,0.9495918367346938,1,25000,3,116.93484303979758,0.029379568059958824
352,0.9697959183673469,0,25000,1,117.00646851731403,0.029235746880089404
352,0.9697959183673469,1,25000,1,116.79191066098116,0.029251905836093217
352,0.99,0,25000,0,117.04547918051247,0.029356634938228522
352,0.99,1,25000,1,116.68143383705157,0.029327717739769336
368,0.0,0,25000,1,99.29817142167262,0.07836400748022934
368,0.0,1,25000,3,99.70208586122027,0.07032027759354234
368,0.02020408163265306,0,25000,3,95.79121057294978,0.0668265262169836
368,0.02020408163265306,1,25000,6,96.0812086723276,0.053218032182682146
368,0.04040816326530612,0,25000,10,94.71942432666394,0.07034346346075716
368,0.04040816326530612,1,25000,10,93.21431606602391,0.07327116202641958
368,0.06061224489795918,0,25000,18,96.42231163645113,0.06268956034586662
368,0.06061224489795918,1,25000,15,95.9383639989835,0.05693636355952243
368,0.08081632653061224,0,25000,14,100.22262204220279,0.05975364993894401
368,0.08081632653061224,1,25000,14,98.9353991950127,0.06371899375444096
368,0.1010204081632653,0,25000,14,103.03973383439752,0.058286243276966396
368,0.1010204081632653,1,25000,11,102.9620446661931,0.05853152644775919
368,0.12122448979591836,0,25000,14,105.57289070920066,0.05484217053935711
368,0.12122448979591836,1,25000,10,105.33309644506372,0.05551484230919543
368,0.14142857142857143,0,25000,10,107.65151843749993,0.05287598386977519
368,0.14142857142857143,1,25000,10,107.63252018214361,0.05214094388899394
368,0.16163265306122448,0,25000,9,109.27991082161874,0.048398157323880794
368,0.16163265306122448,1,25000,11,108.59845538661006,0.04879698318839505
368,0.18183673469387754,0,25000,12,110.42195541643466,0.04800727409167957
368,0.18183673469387754,1,25000,11,110.29707467932818,0.04430402865587656
368,0.2020408163265306,0,25000,11,111.97632341722509,0.042182210287494554
368,0.2020408163265306,1,25000,12,112.12366198675956,0.04111769820154683
368,0.22224489795918367,0,25000,8,113.33035915142506,0.042729598436876494
368,0.22224489795918367,1,25000,13,114.10117700675283,0.03654080797484836
368,0.24244897959183673,0,25000,6,114.73705666618301,0.03792604579538962
368,0.24244897959183673,1,25000,9,114.42738419560848,0.03517896977544175
368,0.2626530612244898,0,25000,7,115.48571900996846,0.036690988520426536
368,0.2626530612244898,1,25000,5,115.32358439207808,0.03382183382027329
368,0.28285714285714286,0,25000,4,116.74226714957868,0.034801202564367674
368,0.28285714285714286,1,25000,2,116.74757617149676,0.032827666128205174
368,0.3030612244897959,0,25000,2,117.3778877921989,0.034120362424596345
368,0.3030612244897959,1,25000,2,117.81035304293107,0.03198242667362301
368,0.32326530612244897,0,25000,5,118.18409963070584,0.034125522979501305
368,0.32326530612244897,1,25000,2,118.53360606412568,0.031516311674845573
368,0.34346938775510205,0,25000,3,118.89960709438111,0.0325799200269746
368,0.34346938775510205,1,25000,1,119.06094941562863,0.03101444425223486
368,0.3636734693877551,0,25000,1,119.27874507709747,0.03233537632894738
368,0.3636734693877551,1,25000,3,119.34661230572222,0.030452176280526683
368,0.38387755102040816,0,25000,2,117.71816822830834,0.03686031155466932
368,0.38387755102040816,1,25000,1,119.29963542362023,0.03183106548743638
368,0.4040816326530612,0,25000,1,96.71280358757376,0.05939326878828169
368,0.4040816326530612,1,25000,2,92.64496766909531,0.06311089013441364
368,0.42428571428571427,0,25000,1,92.97101376039123,0.0682979773162343
368,0.42428571428571427,1,25000,1,92.06885162486091,0.07026348440351797
368,0.44448979591836735,0,25000,1,89.96886646839997,0.09454474720518605
368,0.44448979591836735,1,25000,2,89.66950385941091,0.09137012748156019
368,0.4646938775510204,0,25000,2,89.3678873763688,0.107504115656607
368,0.4646938775510204,1,25000,1,88.73850060783658,0.10800255461820088
368,0.48489795918367345,0,25000,1,90.02114215838571,0.1117810993102021
368,0.48489795918367345,1,25000,1,89.4470261481627,0.11225419050433261
368,0.5051020408163265,0,25000,1,89.58081244972159,0.1138473839445302
368,0.5051020408163265,1,25000,2,90.52805129987107,0.11450183816081928
368,0.5253061224489796,0,25000,2,90.39499853920456,0.11460798850742823
368,0.5253061224489796,1,25000,2,90.96157929479241,0.1160346855014941
368,0.5455102040816326,0,25000,2,91.00641429039783,0.1147701453637342
368,0.5455102040816326,1,25000,1,90.2047356405663,0.117339988755642
368,0.5657142857142857,0,25000,1,91.95856059559779,0.11537713247865886
368,0.5657142857142857,1,25000,1,91.07904753628632,0.11785440602027596
368,0.5859183673469388,0,25000,1,91.22244522817365,0.11518035976566995
368,0.5859183673469388,1,25000,1,90.779706175221,0.11820114477183198
368,0.6061224489795918,0,25000,2,92.5350608336707,0.11271296819875085
368,0.6061224489795918,1,25000,1,91.5478877956175,0.11726261863610224
368,0.6263265306122449,0,25000,1,93.33364413584329,0.11118257191893101
368,0.6263265306122449,1,25000,1,91.4490338720757,0.11633658102039518
368,0.6465306122448979,0,25000,1,93.60458841946956,0.10813590231098794
368,0.6465306122448979,1,25000,2,92.50354837887099,0.1131172000305108
368,0.666734693877551,0,25000,2,95.53254718293363,0.10509274713903578
368,0.666734693877551,1,25000,1,93.29201923323726,0.11182989150662598
368,0.6869387755102041,0,25000,2,97.55261900219435,0.10175116473481832
368,0.6869387755102041,1,25000,2,93.33559420227587,0.10790625612735952
368,0.7071428571428571,0,25000,1,110.0123453467433,0.03982207745350101
368,0.7071428571428571,1,25000,1,124.17575384921605,0.027358192930425365
368,0.7273469387755102,0,25000,0,87.48221326345308,0.04090747959291071
368,0.7273469387755102,1,25000,0,102.92426632584844,0.03889223472337622
368,0.7475510204081632,0,25000,1,122.4212347501013,0.027955468949680238
368,0.7475510204081632,1,25000,2,122.14763169019895,0.027948301393184542
368,0.7677551020408163,0,25000,1,117.30904336583254,0.03339222785578232
368,0.7677551020408163,1,25000,0,121.27426558804524,0.030183407904000592
368,0.7879591836734694,0,25000,2,118.93828251541501,0.03178251637419871
368,0.7879591836734694,1,25000,2,120.62520481218031,0.030357932595186286
368,0.8081632653061224,0,25000,2,120.09702008031527,0.030848010244060704
368,0.8081632653061224,1,25000,2,121.00100810939975,0.029166858415817516
368,0.8283673469387755,0,25000,3,117.76940615989793,0.03205670660710766
368,0.8283673469387755,1,25000,3,120.3494266086885,0.029438408065966617
368,0.8485714285714285,0,25000,1,119.53878753977651,0.031013381622952994
368,0.8485714285714285,1,25000,0,118.51826333629225,0.030099285608134393
368,0.8687755102040816,0,25000,2,118.86090673823473,0.02991638601023294
368,0.8687755102040816,1,25000,2,119.52132966849899,0.029805541073053155
368,0.8889795918367347,0,25000,4,118.85550460571889,0.03045419139721959
368,0.8889795918367347,1,25000,2,118.52032622483165,0.030561879555185738
368,0.9091836734693878,0,25000,3,118.99127601671334,0.0302080948973084
368,0.9091836734693878,1,25000,5,120.1148798760991,0.029220566638956644
368,0.9293877551020407,0,25000,6,121.5812466972796,0.028675859009262644
368,0.9293877551020407,1,25000,1,121.15471289635778,0.028994110794665448
368,0.9495918367346938,0,25000,0,122.5623030662911,0.028063042787643606
368,0.9495918367346938,1,25000,2,122.20673558995662,0.028126133658801795
368,0.9697959183673469,0,25000,1,122.50386704137279,0.027899795228445372
368,0.9697959183673469,1,25000,1,122.04116579469007,0.0285244138909223
368,0.99,0,25000,1,116.06621988563667,0.03376906657007448
368,0.99,1,25000,0,115.38895977805319,0.0334948336840975
384,0.0,0,25000,1,104.39538206223747,0.05887951985100946
384,0.0,1,25000,1,105.28295076850937,0.07007509839059892
384,0.02020408163265306,0,25000,4,101.09232888232978,0.05224012544589239
384,0.02020408163265306,1,25000,3,101.24725819674397,0.04926242294509523
384,0.04040816326530612,0,25000,9,99.55935885880845,0.07510820313600391
384,0.04040816326530612,1,25000,9,99.80003224680561,0.06456967798258312
384,0.06061224489795918,0,25000,11,101.96772505944793,0.06872997436522851
384,0.06061224489795918,1,25000,12,101.58042638507818,0.05498346472986647
384,0.08081632653061224,0,25000,10,104.85944874174533,0.06475392784343245
384,0.08081632653061224,1,25000,9,104.94378935718208,0.049465770501212376
384,0.1010204081632653,0,25000,10,108.27928601149085,0.06160894258450045
384,0.1010204081632653,1,25000,13,108.26442982113404,0.0558200519549434
384,0.12122448979591836,0,25000,10,110.4563417059133,0.056243147440394575
384,0.12122448979591836,1,25000,10,110.7322017724619,0.051245497049023245
384,0.14142857142857143,0,25000,11,111.81621533224248,0.05275107697748487
384,0.14142857142857143,1,25000,10,113.46305112078778,0.048461629561702343
384,0.16163265306122448,0,25000,11,114.58463725799054,0.04622304378526422
384,0.16163265306122448,1,25000,11,114.89560837284039,0.045473886332752546
384,0.18183673469387754,0,25000,7,115.5790598878547,0.044296055702921486
384,0.18183673469387754,1,25000,12,116.09775285510528,0.042067959960274674
384,0.2020408163265306,0,25000,6,117.38439029780787,0.04102296443816619
384,0.2020408163265306,1,25000,4,117.77382413823719,0.03816313527183914
384,0.22224489795918367,0,25000,7,119.24203246492795,0.03865294838257995
384,0.22224489795918367,1,25000,6,119.00433084783005,0.035594826277350444
384,0.24244897959183673,0,25000,5,119.81897688123792,0.035581675719140865
384,0.24244897959183673,1,25000,5,120.00019517822655,0.03320813785394276
384,0.2626530612244898,0,25000,3,121.17742951685742,0.034253272409240906
384,0.2626530612244898,1,25000,3,121.85117377100079,0.032253071520036744
384,0.28285714285714286,0,25000,3,122.60233024312967,0.03266289337408769
384,0.28285714285714286,1,25000,2,122.3362676321729,0.030603643696755504
384,0.3030612244897959,0,25000,2,123.61062877984926,0.030864462870595757
384,0.3030612244897959,1,25000,4,124.08891141647425,0.029933776437913038
384,0.32326530612244897,0,25000,2,123.61578829067527,0.030379070122852347
384,0.32326530612244897,1,25000,0,124.39943460738823,0.029866990963093885
384,0.34346938775510205,0,25000,0,124.75691741999935,0.02992179054925052
384,0.34346938775510205,1,25000,1,124.48366896940371,0.029191202657822414
384,0.3636734693877551,0,25000,0,125.49522914385994,0.029160052773398584
384,0.3636734693877551,1,25000,1,125.32171092226622,0.0284745727637404
384,0.38387755102040816,0,25000,1,126.056742930743,0.028571910323483114
384,0.38387755102040816,1,25000,1,125.31691851754898,0.029838218364735415
384,0.4040816326530612,0,25000,1,120.65283592277501,0.04337265929950598
384,0.4040816326530612,1,25000,1,122.02823415693356,0.04031676834189829
384,0.42428571428571427,0,25000,2,55.829482246867165,0.0975081390624584
384,0.42428571428571427,1,25000,3,58.668044838190056,0.08782871244089152
384,0.44448979591836735,0,25000,1,96.81169816247095,0.08699358740104096
384,0.44448979591836735,1,25000,2,97.83156199783329,0.08421688539052002
384,0.4646938775510204,0,25000,1,96.04873602557205,0.1031471835989814
384,0.4646938775510204,1,25000,1,97.15110584966001,0.10190174540247
384,0.48489795918367345,0,25000,1,97.16234901150003,0.10559446885989787
384,0.48489795918367345,1,25000,1,97.67176900340215,0.10621876778858638
384,0.5051020408163265,0,25000,1,97.94294919618372,0.10756191121163836
384,0.5051020408163265,1,25000,1,97.46193115393096,0.10852788060923295
384,0.5253061224489796,0,25000,1,98.78388409645342,0.10914752363207857
384,0.5253061224489796,1,25000,1,97.49251047507028,0.10992816360579838
384,0.5455102040816326,0,25000,1,97.97459996298805,0.11060451615724526
384,0.5455102040816326,1,25000,1,99.22381161169358,0.11072426135698832
384,0.5657142857142857,0,25000,1,98.40479366659794,0.11066864906994553
384,0.5657142857142857,1,25000,1,97.93460993833085,0.11201166871131746
384,0.5859183673469388,0,25000,1,98.78435090894804,0.11126776876727804
384,0.5859183673469388,1,25000,1,98.8184266550169,0.11224910701383635
384,0.6061224489795918,0,25000,1,99.28717489564038,0.11017371630514147
384,0.6061224489795918,1,25000,1,98.34491716264093,0.11184438787973329
384,0.6263265306122449,0,25000,1,99.40288680259661,0.10813647069133528
384,0.6263265306122449,1,25000,1,98.8866386349581,0.1104216484031019
384,0.6465306122448979,0,25000,1,99.56782618144402,0.10629713355011539
384,0.6465306122448979,1,25000,2,99.72921758875304,0.10793580576872669
384,0.666734693877551,0,25000,4,102.38580847877736,0.09979393154962907
384,0.666734693877551,1,25000,2,100.30862813390482,0.10469932143391958
384,0.6869387755102041,0,25000,1,104.79553570272205,0.09484297471704431
384,0.6869387755102041,1,25000,1,100.68259433591027,0.10153727188024574
384,0.7071428571428571,0,25000,3,128.82478704519372,0.02651624452750376
384,0.7071428571428571,1,25000,0,111.50970361579289,0.037094353919182664
384,0.7273469387755102,0,25000,3,91.01646918289131,0.041503569240421395
384,0.7273469387755102,1,25000,1,97.23073077037202,0.03852092242894724
384,0.7475510204081632,0,25000,1,125.95646761121881,0.03112467285539492
384,0.7475510204081632,1,25000,1,124.45208840701555,0.03301222263452212
384,0.7677551020408163,0,25000,2,123.41353322154234,0.030364888467886618
384,0.7677551020408163,1,25000,2,122.06965543360464,0.030995430924036307
384,0.7879591836734694,0,25000,0,126.68460710517805,0.02783031329276632
384,0.7879591836734694,1,25000,1,124.86672245387743,0.029398765772797777
384,0.8081632653061224,0,25000,2,123.0634624199016,0.03202227866493219
384,0.8081632653061224,1,25000,1,123.24260493746209,0.029697983245036523
384,0.8283673469387755,0,25000,4,124.17804798299832,0.029049129551089917
384,0.8283673469387755,1,25000,0,121.33012432403495,0.032863729326218644
384,0.8485714285714285,0,25000,1,120.8809927586388,0.033040688094907816
384,0.8485714285714285,1,25000,2,122.42450465409364,0.030638001849689744
384,0.8687755102040816,0,25000,1,121.71385026559307,0.03069832283016657
384,0.8687755102040816,1,25000,4,122.7611711972433,0.030254889333954503
384,0.8889795918367347,0,25000,1,120.45080834379884,0.03138939364746285
384,0.8889795918367347,1,25000,3,120.67280566720736,0.03154443239787797
384,0.9091836734693878,0,25000,2,122.53221113496262,0.029913699697536836
384,0.9091836734693878,1,25000,2,122.40651147840497,0.03000891745395301
384,0.9293877551020407,0,25000,2,125.27667168923053,0.02826871068600329
384,0.9293877551020407,1,25000,2,126.15856723051975,0.02781833978965554
384,0.9495918367346938,0,25000,4,127.16735830243736,0.027208342393524175
384,0.9495918367346938,1,25000,0,128.1659903092743,0.027033017542172647
384,0.9697959183673469,0,25000,2,127.07849996608519,0.02754208523373073
384,0.9697959183673469,1,25000,0,127.06984201635598,0.02735069624726457
384,0.99,0,25000,2,97.51412269626887,0.037848601336662575
384,0.99,1,25000,5,99.23134258545318,0.037732837907349576
400,0.0,0,25000,1,109.68512626783273,0.050947106682915376
400,0.0,1,25000,1,111.62106120596435,0.046841447703278055
400,0.02020408163265306,0,25000,2,106.39740545153286,0.05783755349163976
400,0.02020408163265306,1,25000,1,108.50531241449536,0.05499723166851041
400,0.04040816326530612,0,25000,6,106.10997834477055,0.061634680542586265
400,0.04040816326530612,1,25000,6,106.80879782355373,0.04945562210418797
400,0.06061224489795918,0,25000,10,107.12175876250663,0.06735777704790988
400,0.06061224489795918,1,25000,9,107.39357468486628,0.05577797443625615
400,0.08081632653061224,0,25000,11,110.74296470414984,0.05823368437763385
400,0.08081632653061224,1,25000,12,111.63331389801843,0.043796050320032184
400,0.1010204081632653,0,25000,10,113.64926283246169,0.059013706301111246
400,0.1010204081632653,1,25000,8,114.16714644691066,0.042097880057027214
400,0.12122448979591836,0,25000,6,115.90171924571345,0.05134705155334522
400,0.12122448979591836,1,25000,8,118.01434195706747,0.04166556271320568
400,0.14142857142857143,0,25000,11,118.69679089487686,0.046407860317747684
400,0.14142857142857143,1,25000,7,119.88783043122297,0.039509735877210815
400,0.16163265306122448,0,25000,8,120.4706340539935,0.04253987500495385
400,0.16163265306122448,1,25000,6,120.42153664438493,0.03760050683919104
400,0.18183673469387754,0,25000,7,122.22660237088152,0.04027060839539677
400,0.18183673469387754,1,25000,4,122.450309702358,0.03561419397530316
400,0.2020408163265306,0,25000,4,123.70751188196512,0.037704982595223833
400,0.2020408163265306,1,25000,5,123.88492697380428,0.034465451771273206
400,0.22224489795918367,0,25000,6,124.8747754961309,0.03565943916066594
400,0.22224489795918367,1,25000,3,125.33860929155328,0.03274739935715907
400,0.24244897959183673,0,25000,2,126.2092550761231,0.03428590713984847
400,0.24244897959183673,1,25000,2,127.04485009122818,0.03016352537076032
400,0.2626530612244898,0,25000,2,128.16457325135656,0.031759549256218544
400,0.2626530612244898,1,25000,1,128.00290321998705,0.028871558691216465
400,0.28285714285714286,0,25000,2,128.14817799184326,0.030781410777258142
400,0.28285714285714286,1,25000,1,129.3990698645003,0.027949491305386927
400,0.3030612244897959,0,25000,1,129.50859702383957,0.02933474715814608
400,0.3030612244897959,1,25000,1,130.29531353799737,0.02755408964546802
400,0.32326530612244897,0,25000,1,130.00220690593744,0.02871735947578194
400,0.32326530612244897,1,25000,0,130.0764777258696,0.02795928857179648
400,0.34346938775510205,0,25000,0,130.68263799087953,0.02792182343606919
400,0.34346938775510205,1,25000,0,130.56331481124775,0.02777727738690132
400,0.3636734693877551,0,25000,1,131.94436331233845,0.02715570413300297
400,0.3636734693877551,1,25000,0,131.768076591772,0.026860823550205252
400,0.38387755102040816,0,25000,1,132.47772299243496,0.027121041276075297
400,0.38387755102040816,1,25000,0,131.52561513352788,0.026655034613972877
400,0.4040816326530612,0,25000,1,130.76606265539044,0.030456431520248815
400,0.4040816326530612,1,25000,0,131.99975836485157,0.028635497318820237
400,0.42428571428571427,0,25000,1,74.78150621612399,0.07334624100990825
400,0.42428571428571427,1,25000,1,99.27750378678456,0.05757058787625695
400,0.44448979591836735,0,25000,2,104.05233936947708,0.08521546844825334
400,0.44448979591836735,1,25000,2,104.24936161612396,0.07928763116800842
400,0.4646938775510204,0,25000,1,104.67297389171596,0.09681494917947055
400,0.4646938775510204,1,25000,1,104.15614701848159,0.09701337023372653
400,0.48489795918367345,0,25000,2,104.87481370780668,0.10025323005563455
400,0.48489795918367345,1,25000,1,104.78564229504262,0.10052410773517585
400,0.5051020408163265,0,25000,1,104.22540443074423,0.10199173236992003
400,0.5051020408163265,1,25000,1,104.89245330546366,0.10274214921777527
400,0.5253061224489796,0,25000,2,105.98345866788964,0.10271582174410113
400,0.5253061224489796,1,25000,1,105.26615843594752,0.10479355960973152
400,0.5455102040816326,0,25000,1,105.52173599157548,0.10343313545656344
400,0.5455102040816326,1,25000,1,106.04325672760785,0.10494643403181306
400,0.5657142857142857,0,25000,1,105.55732927314665,0.10496744389506621
400,0.5657142857142857,1,25000,1,105.50985465530296,0.10595655943274833
400,0.5859183673469388,0,25000,2,106.5008537870807,0.10369464988162504
400,0.5859183673469388,1,25000,2,106.783189336179,0.10584879133916593
400,0.6061224489795918,0,25000,1,106.49293060377254,0.10421332712370837
400,0.6061224489795918,1,25000,1,106.32181667236944,0.10538678325638084
400,0.6263265306122449,0,25000,2,106.20455604732183,0.10321424699143229
400,0.6263265306122449,1,25000,1,106.20525169422838,0.10400849945187127
400,0.6465306122448979,0,25000,1,108.2319056058025,0.09861196375974332
400,0.6465306122448979,1,25000,2,106.81087933205797,0.10279308431015471
400,0.666734693877551,0,25000,2,108.47993436505158,0.09637639324041003
400,0.666734693877551,1,25000,2,107.99093443117575,0.09992138155801225
400,0.6869387755102041,0,25000,2,113.14221868706719,0.08858382344326815
400,0.6869387755102041,1,25000,3,108.7016617443148,0.09602903577856245
400,0.7071428571428571,0,25000,3,112.06182467161743,0.08622027351200764
400,0.7071428571428571,1,25000,0,124.28569859766685,0.038628654816129024
400,0.7273469387755102,0,25000,0,93.43036037294566,0.03888452072987665
400,0.7273469387755102,1,25000,1,93.9403892691193,0.039115388230610545
400,0.7475510204081632,0,25000,0,128.69315019333104,0.031829419116104346
400,0.7475510204081632,1,25000,1,130.4216935263665,0.03109822471054944
400,0.7677551020408163,0,25000,0,127.69153678726192,0.029674845419833378
400,0.7677551020408163,1,25000,1,126.72824016527403,0.030394484622838405
400,0.7879591836734694,0,25000,0,125.24198387208762,0.03255235019193438
400,0.7879591836734694,1,25000,2,126.32771197368808,0.03160156466515923
400,0.8081632653061224,0,25000,0,128.12226743391247,0.030817503858090022
400,0.8081632653061224,1,25000,1,127.37049059960236,0.03074121365344481
400,0.8283673469387755,0,25000,0,123.30478432634624,0.03298826651618418
400,0.8283673469387755,1,25000,2,125.6380006036575,0.03186243985915284
400,0.8485714285714285,0,25000,0,127.4785373812589,0.030644214401332862
400,0.8485714285714285,1,25000,0,125.96653031058054,0.031567364329623024
400,0.8687755102040816,0,25000,1,125.66491495247101,0.03125242653584212
400,0.8687755102040816,1,25000,0,122.45006290982482,0.03322564904502527
400,0.8889795918367347,0,25000,0,124.60133522870996,0.03263686641356047
400,0.8889795918367347,1,25000,0,124.34456516187007,0.034220714645606595
400,0.9091836734693878,0,25000,1,122.28659078780666,0.03140205354148509
400,0.9091836734693878,1,25000,4,125.81582033403407,0.030414163741211458
400,0.9293877551020407,0,25000,0,129.81258298356596,0.027779513622081635
400,0.9293877551020407,1,25000,0,130.5519695067906,0.028140758657204053
400,0.9495918367346938,0,25000,3,132.67807350143337,0.02671019450620806
400,0.9495918367346938,1,25000,1,132.47269493724048,0.02616730732141808
400,0.9697959183673469,0,25000,2,132.51945018044478,0.026292216051714182
400,0.9697959183673469,1,25000,2,132.50183409195114,0.0265594291527742
400,0.99,0,25000,0,102.74142092381334,0.03696084847516419
400,0.99,1,25000,2,106.9390799605178,0.03657323386478316
416,0.0,0,25000,1,116.0536563391723,0.05729428075944887
416,0.0,1,25000,1,118.14883801859611,0.051121434487426815
416,0.02020408163265306,0,25000,2,113.94480568040231,0.05292015044712826
416,0.02020408163265306,1,25000,3,115.27414158413508,0.041927835993684916
416,0.04040816326530612,0,25000,4,112.96665178467254,0.051464916330716724
416,0.04040816326530612,1,25000,4,113.8932443042805,0.04038613141363506
416,0.06061224489795918,0,25000,10,113.06132545489021,0.0493334941145082
416,0.06061224489795918,1,25000,5,114.40245735590895,0.04704407866783905
416,0.08081632653061224,0,25000,8,116.37659194867564,0.04662891069280931
416,0.08081632653061224,1,25000,8,117.70929599212226,0.039863449411039746
416,0.1010204081632653,0,25000,10,119.57895142248518,0.05051189011712287
416,0.1010204081632653,1,25000,8,120.3925886472311,0.041772628116789695
416,0.12122448979591836,0,25000,5,122.20520375192024,0.04803920982903623
416,0.12122448979591836,1,25000,6,123.76788834464006,0.03790125654902696
416,0.14142857142857143,0,25000,9,124.72915786648524,0.04350964494021739
416,0.14142857142857143,1,25000,4,125.91863368709816,0.037753760077954945
416,0.16163265306122448,0,25000,5,126.44581877528886,0.03903220962289855
416,0.16163265306122448,1,25000,6,127.99933587672186,0.03514673870558152
416,0.18183673469387754,0,25000,2,127.98341624277249,0.03723982012685031
416,0.18183673469387754,1,25000,3,129.05181914006852,0.032946856338903374
416,0.2020408163265306,0,25000,1,130.08970410592337,0.03332534779721085
416,0.2020408163265306,1,25000,3,130.3038508294215,0.03236484690636918
416,0.22224489795918367,0,25000,1,132.03189245339786,0.03203103267186209
416,0.22224489795918367,1,25000,2,131.40995783056195,0.031194345896861014
416,0.24244897959183673,0,25000,2,132.73931791710535,0.030994641700857046
416,0.24244897959183673,1,25000,0,132.97102706019683,0.029208654733047474
416,0.2626530612244898,0,25000,3,133.45327196686088,0.02946392305412182
416,0.2626530612244898,1,25000,2,134.266425038869,0.0274252132562419
416,0.28285714285714286,0,25000,0,134.82043182841153,0.02829158621113444
416,0.28285714285714286,1,25000,0,135.12679364389467,0.026845871233905697
416,0.3030612244897959,0,25000,0,136.08344903483922,0.02708597573318753
416,0.3030612244897959,1,25000,0,135.8031544625784,0.02669072585276431
416,0.32326530612244897,0,25000,0,136.53676743054268,0.02677367882416211
416,0.32326530612244897,1,25000,0,137.40406921517598,0.026024534486150133
416,0.34346938775510205,0,25000,1,136.16327539058528,0.026876019467243214
416,0.34346938775510205,1,25000,0,137.49501374169748,0.025847943514120137
416,0.3636734693877551,0,25000,0,137.65726094572742,0.026255131493113905
416,0.3636734693877551,1,25000,0,137.60625897629566,0.02565265333151731
416,0.38387755102040816,0,25000,0,137.6660405564506,0.02631759942513561
416,0.38387755102040816,1,25000,0,138.15153899210281,0.025793629860758765
416,0.4040816326530612,0,25000,0,135.0199728903084,0.034383486302903
416,0.4040816326530612,1,25000,0,137.18514046943167,0.029152111536798087
416,0.42428571428571427,0,25000,2,61.604843537756224,0.09078225714559826
416,0.42428571428571427,1,25000,1,60.41847196048527,0.0809643850812237
416,0.44448979591836735,0,25000,1,112.38114912171885,0.07719021915700744
416,0.44448979591836735,1,25000,2,112.0004489639851,0.07518708511860266
416,0.4646938775510204,0,25000,4,111.88821388247894,0.09089965015158744
416,0.4646938775510204,1,25000,2,112.19088719350842,0.09058925572782674
416,0.48489795918367345,0,25000,1,112.27817415464582,0.09466086256619158
416,0.48489795918367345,1,25000,4,112.5243414727637,0.09479558043966257
416,0.5051020408163265,0,25000,1,113.71426234663957,0.09634674798317887
416,0.5051020408163265,1,25000,3,112.85095598017213,0.096571791386463
416,0.5253061224489796,0,25000,1,113.51856254613554,0.09761175887127725
416,0.5253061224489796,1,25000,1,114.14580098298865,0.09746113835424547
416,0.5455102040816326,0,25000,1,113.58343334548312,0.09812195556364761
416,0.5455102040816326,1,25000,1,114.87607877276253,0.0981641865681584
416,0.5657142857142857,0,25000,1,114.32355654509892,0.09873410831388699
416,0.5657142857142857,1,25000,1,113.957014984279,0.09913091536833846
416,0.5859183673469388,0,25000,3,114.3343741363638,0.09865037401772872
416,0.5859183673469388,1,25000,2,113.47868826946132,0.09924620846358762
416,0.6061224489795918,0,25000,1,114.45174723695966,0.09871189245374287
416,0.6061224489795918,1,25000,1,114.38481653867615,0.09876842817111772
416,0.6263265306122449,0,25000,1,113.8399249198857,0.09782584580103638
416,0.6263265306122449,1,25000,2,114.93241228755059,0.0973547456077509
416,0.6465306122448979,0,25000,2,114.41618564950926,0.09582696456539225
416,0.6465306122448979,1,25000,3,114.616881141141,0.09697636754147393
416,0.666734693877551,0,25000,1,115.4419411684176,0.09468822397708238
416,0.666734693877551,1,25000,4,114.80636259224798,0.09379615487658391
416,0.6869387755102041,0,25000,0,139.88121033572065,0.024880551248158182
416,0.6869387755102041,1,25000,1,116.6055235976469,0.09062957647654306
416,0.7071428571428571,0,25000,2,128.25585876578623,0.03840370356648027
416,0.7071428571428571,1,25000,5,111.73730906569527,0.038783115319311036
416,0.7273469387755102,0,25000,1,95.31447790628887,0.04084214636212822
416,0.7273469387755102,1,25000,1,94.4206961515533,0.04251643003367772
416,0.7475510204081632,0,25000,1,133.86083216909512,0.030831629580005092
416,0.7475510204081632,1,25000,1,131.80846830763954,0.033134237685797506
416,0.7677551020408163,0,25000,1,126.70943995863207,0.03162410693989265
416,0.7677551020408163,1,25000,3,127.9925410301849,0.03087876691454109
416,0.7879591836734694,0,25000,4,127.52922901625868,0.03356744405923194
416,0.7879591836734694,1,25000,2,127.49933747203899,0.0321043506721913
416,0.8081632653061224,0,25000,3,129.4942801858595,0.0327433930866152
416,0.8081632653061224,1,25000,0,125.56073968795047,0.03308482987975579
416,0.8283673469387755,0,25000,4,128.8114727743549,0.03125979297767592
416,0.8283673469387755,1,25000,1,125.12973741349163,0.035810973921898775
416,0.8485714285714285,0,25000,2,124.58427638598965,0.033511780733185864
416,0.8485714285714285,1,25000,0,124.05017556779597,0.0353242756776624
416,0.8687755102040816,0,25000,4,123.57151855639687,0.03406984711866453
416,0.8687755102040816,1,25000,0,125.12948683898709,0.034068771516539725
416,0.8889795918367347,0,25000,3,124.08332499484924,0.032194010428899814
416,0.8889795918367347,1,25000,2,125.53361646376473,0.03169277805485729
416,0.9091836734693878,0,25000,1,127.4562470740187,0.031536648636550126
416,0.9091836734693878,1,25000,4,127.29752200070673,0.032218605613761706
416,0.9293877551020407,0,25000,1,137.03847071021798,0.02582145153351048
416,0.9293877551020407,1,25000,3,135.9823178113134,0.026468179277512868
416,0.9495918367346938,0,25000,3,137.96964598420277,0.02585040148002595
416,0.9495918367346938,1,25000,2,137.69274490273023,0.025602400759374817
416,0.9697959183673469,0,25000,1,138.37089993149397,0.025322742974732013
416,0.9697959183673469,1,25000,4,138.34874585762066,0.02529431234266471
416,0.99,0,25000,3,136.8016878117661,0.026350590378272976
416,0.99,1,25000,2,137.22619848470254,0.02549254394402197
432,0.0,0,25000,1,123.1443476676448,0.04667620865126574
432,0.0,1,25000,1,124.9687701704151,0.04209465667204525
432,0.02020408163265306,0,25000,1,121.05889567081097,0.043157297553178244
432,0.02020408163265306,1,25000,2,121.58020302658264,0.05232631308277157
432,0.04040816326530612,0,25000,2,119.70882561345556,0.046571099738807575
432,0.04040816326530612,1,25000,2,120.1339373495635,0.046437173336351445
432,0.06061224489795918,0,25000,6,120.40058917185698,0.04613403197714075
432,0.06061224489795918,1,25000,5,121.05802730190791,0.03897032605850016
432,0.08081632653061224,0,25000,6,123.60860681019363,0.04028015987503374
432,0.08081632653061224,1,25000,3,123.24389730849595,0.045165585648735726
432,0.1010204081632653,0,25000,5,125.35147231862169,0.04114787935720494
432,0.1010204081632653,1,25000,5,126.93336926254221,0.03695778139399909
432,0.12122448979591836,0,25000,4,127.59539232485704,0.03936578743582214
432,0.12122448979591836,1,25000,5,129.59911245204455,0.037950749844703466
432,0.14142857142857143,0,25000,2,131.48939765011446,0.038312572394018696
432,0.14142857142857143,1,25000,3,131.489353516368,0.03700151651041403
432,0.16163265306122448,0,25000,1,132.80822503928033,0.036953538349921156
432,0.16163265306122448,1,25000,4,133.59826796077027,0.0339082635818064
432,0.18183673469387754,0,25000,3,133.45469602927506,0.03545095749785661
432,0.18183673469387754,1,25000,4,134.6539421961249,0.032508967432163444
432,0.2020408163265306,0,25000,2,135.8458372429697,0.03365794199022075
432,0.2020408163265306,1,25000,1,136.30633399113117,0.030387883345383317
432,0.22224489795918367,0,25000,1,137.78594167190516,0.03167487183088767
432,0.22224489795918367,1,25000,0,138.19318947406921,0.028025604560734364
432,0.24244897959183673,0,25000,1,138.4122197008166,0.030310402192921367
432,0.24244897959183673,1,25000,0,139.35199420611124,0.02717144746692969
432,0.2626530612244898,0,25000,0,140.0936110732166,0.028910740521031614
432,0.2626530612244898,1,25000,0,140.75102374439632,0.026509578122388758
432,0.28285714285714286,0,25000,0,140.53098044493723,0.027940622999691182
432,0.28285714285714286,1,25000,0,141.18500338694466,0.026350798413209253
432,0.3030612244897959,0,25000,0,141.68673393290445,0.026700377776209417
432,0.3030612244897959,1,25000,0,141.7622922329125,0.02605171166904017
432,0.32326530612244897,0,25000,0,142.39560734310447,0.02593582251849281
432,0.32326530612244897,1,25000,0,142.6553990779625,0.02556464450350083
432,0.34346938775510205,0,25000,0,142.81063512614386,0.02563912382930753
432,0.34346938775510205,1,25000,0,143.52161660365795,0.024984545284273886
432,0.3636734693877551,0,25000,0,142.81852587573778,0.02544141630860724
432,0.3636734693877551,1,25000,0,143.73256996239598,0.0248830254591716
432,0.38387755102040816,0,25000,0,143.67463479313983,0.02526160810826604
432,0.38387755102040816,1,25000,0,143.69925804699764,0.025017677258970396
432,0.4040816326530612,0,25000,0,139.88254419416023,0.03504708957941065
432,0.4040816326530612,1,25000,0,140.918908596969,0.03256463112611746
432,0.42428571428571427,0,25000,1,115.64302239041226,0.0667420355578204
432,0.42428571428571427,1,25000,1,121.55102804494811,0.04859466621851741
432,0.44448979591836735,0,25000,1,119.64923469612872,0.07079894394532342
432,0.44448979591836735,1,25000,2,119.49936205058754,0.07201882715867741
432,0.4646938775510204,0,25000,2,120.55141255218274,0.08466458160883499
432,0.4646938775510204,1,25000,1,120.58025028358821,0.0845337185658262
432,0.48489795918367345,0,25000,3,121.15567104808164,0.08822002645919894
432,0.48489795918367345,1,25000,3,122.36775566266792,0.08742643470035688
432,0.5051020408163265,0,25000,3,122.26434948564297,0.09006167675903795
432,0.5051020408163265,1,25000,1,121.636256713883,0.0893389417769262
432,0.5253061224489796,0,25000,2,122.64328346755362,0.09070345111976397
432,0.5253061224489796,1,25000,2,122.78693297245394,0.09020740234225322
432,0.5455102040816326,0,25000,2,122.56968690328904,0.09152904986701685
432,0.5455102040816326,1,25000,1,122.44388610839141,0.09104211581648908
432,0.5657142857142857,0,25000,1,122.7086640106681,0.09148648839887266
432,0.5657142857142857,1,25000,1,123.4044839253128,0.09161026410100012
432,0.5859183673469388,0,25000,1,122.33907560273754,0.09194941907864436
432,0.5859183673469388,1,25000,3,122.96675250829196,0.09124940604815528
432,0.6061224489795918,0,25000,2,123.25504358730852,0.09086065146938242
432,0.6061224489795918,1,25000,2,123.36090584359252,0.09087468030055093
432,0.6263265306122449,0,25000,2,122.96383877449793,0.09096539779826482
432,0.6263265306122449,1,25000,2,123.74296078825239,0.08993064050602698
432,0.6465306122448979,0,25000,2,123.19890322778895,0.08934675492330178
432,0.6465306122448979,1,25000,1,123.67491603655833,0.08779209127749746
432,0.666734693877551,0,25000,1,123.63184713971114,0.08693467997776516
432,0.666734693877551,1,25000,1,126.33127613313097,0.07961481317779771
432,0.6869387755102041,0,25000,1,123.94767325508815,0.08414791070540902
432,0.6869387755102041,1,25000,4,126.46654711341947,0.07674226929222354
432,0.7071428571428571,0,25000,1,125.4286828248714,0.079900201242489
432,0.7071428571428571,1,25000,1,134.61090708213425,0.035721263851716936
432,0.7273469387755102,0,25000,1,96.23262150529894,0.0443381125756174
432,0.7273469387755102,1,25000,0,97.11802984409042,0.04184378497033709
432,0.7475510204081632,0,25000,1,139.81710416440893,0.029871537543189178
432,0.7475510204081632,1,25000,1,126.52919446915648,0.040116599899879604
432,0.7677551020408163,0,25000,0,133.78429615086196,0.0301388855999457
432,0.7677551020408163,1,25000,0,132.74265601111048,0.030157027396185816
432,0.7879591836734694,0,25000,0,127.20523038772319,0.03619461321956417
432,0.7879591836734694,1,25000,0,128.64805136858968,0.033333904098157466
432,0.8081632653061224,0,25000,2,125.12330891803231,0.03451402071010863
432,0.8081632653061224,1,25000,2,126.82732273819138,0.03346970089614402
432,0.8283673469387755,0,25000,1,120.84506606477822,0.03737378852643037
432,0.8283673469387755,1,25000,0,119.00837592686472,0.03957288038831496
432,0.8485714285714285,0,25000,2,124.18223319376631,0.032745477940651274
432,0.8485714285714285,1,25000,0,122.08689602722073,0.03355705908977234
432,0.8687755102040816,0,25000,3,126.5191065380204,0.032411243717578794
432,0.8687755102040816,1,25000,0,120.42546708271502,0.03409942241878938
432,0.8889795918367347,0,25000,0,125.51750595464165,0.03358186489818791
432,0.8889795918367347,1,25000,3,132.34706896158926,0.03244402750293826
432,0.9091836734693878,0,25000,1,131.43996002138908,0.03233398253659177
432,0.9091836734693878,1,25000,1,131.1755546046977,0.032697766533138134
432,0.9293877551020407,0,25000,4,142.59811049562668,0.02504558725597832
432,0.9293877551020407,1,25000,3,143.0138181179158,0.024523123278974233
432,0.9495918367346938,0,25000,1,142.50818819631507,0.025148473761512462
432,0.9495918367346938,1,25000,1,143.04160351591776,0.024945799541320215
432,0.9697959183673469,0,25000,2,143.00738701912877,0.024718839292682617
432,0.9697959183673469,1,25000,2,142.83419821203444,0.025170273601192412
432,0.99,0,25000,1,141.81843973148142,0.02511868755108552
432,0.99,1,25000,3,142.29394923092477,0.024928182135531066
448,0.0,0,25000,2,129.2256642046038,0.04063332341152104
448,0.0,1,25000,1,131.72922090011923,0.038981475304871165
448,0.02020408163265306,0,25000,3,128.15049276013025,0.049269365385380105
448,0.02020408163265306,1,25000,1,129.8047055723452,0.03897865486985792
448,0.04040816326530612,0,25000,3,126.23827646113169,0.03868837670224619
448,0.04040816326530612,1,25000,1,128.6589274037102,0.038913497722354556
448,0.06061224489795918,0,25000,5,127.60384108686921,0.04936460130452772
448,0.06061224489795918,1,25000,2,128.4696479747719,0.04251437698729771
448,0.08081632653061224,0,25000,2,128.41967659313352,0.04718647967373937
448,0.08081632653061224,1,25000,2,130.2301698838503,0.03894386917734809
448,0.1010204081632653,0,25000,3,131.92329798339546,0.039752831845485184
448,0.1010204081632653,1,25000,4,132.66390614974011,0.03652816808242919
448,0.12122448979591836,0,25000,3,135.2938036293519,0.04041752983125158
448,0.12122448979591836,1,25000,3,135.30182147381606,0.03567924241888086
448,0.14142857142857143,0,25000,2,136.5789435183936,0.037914305518002483
448,0.14142857142857143,1,25000,1,137.6950327403142,0.03300104223803277
448,0.16163265306122448,0,25000,2,139.1877949323944,0.03778793920499893
448,0.16163265306122448,1,25000,1,139.65684915653088,0.034449470815021324
448,0.18183673469387754,0,25000,2,140.69030934328134,0.036245676569759626
448,0.18183673469387754,1,25000,2,141.83192201155762,0.03128955561873435
448,0.2020408163265306,0,25000,1,142.79364788104817,0.031213136008993215
448,0.2020408163265306,1,25000,1,142.92955116785623,0.02962588598707147
448,0.22224489795918367,0,25000,1,143.69323506604718,0.030006804595924932
448,0.22224489795918367,1,25000,0,144.50819539360663,0.02793196483991231
448,0.24244897959183673,0,25000,1,145.56675902177437,0.02840468200171814
448,0.24244897959183673,1,25000,0,144.95635598491032,0.027430767768648282
448,0.2626530612244898,0,25000,0,146.13982650632798,0.0271163884390323
448,0.2626530612244898,1,25000,1,146.43913104235372,0.026153111524156725
448,0.28285714285714286,0,25000,0,146.09175759659337,0.02684184935274856
448,0.28285714285714286,1,25000,0,147.222964224054,0.025203465830939034
448,0.3030612244897959,0,25000,0,147.68820739323536,0.025745295590865844
448,0.3030612244897959,1,25000,0,148.0614914077131,0.02505050658458407
448,0.32326530612244897,0,25000,0,147.59056311961257,0.02544961554233302
448,0.32326530612244897,1,25000,0,148.554777696174,0.02419935558378062
448,0.34346938775510205,0,25000,0,149.11267590720598,0.024672397016050465
448,0.34346938775510205,1,25000,0,148.37849748782318,0.024530283805376498
448,0.3636734693877551,0,25000,0,148.95649105802713,0.024426663507072927
448,0.3636734693877551,1,25000,0,149.33050762352903,0.023853942644278092
448,0.38387755102040816,0,25000,0,149.43570512185394,0.023923693981774817
448,0.38387755102040816,1,25000,0,148.28504841290095,0.02585108195908642
448,0.4040816326530612,0,25000,0,142.0868668066134,0.04071170250707418
448,0.4040816326530612,1,25000,0,135.72993286030837,0.04227899602472068
448,0.42428571428571427,0,25000,3,130.46261127505224,0.04199841647634946
448,0.42428571428571427,1,25000,1,129.77794094146122,0.044034330984579664
448,0.44448979591836735,0,25000,2,128.4688555472632,0.0661324283156101
448,0.44448979591836735,1,25000,2,128.33003229541296,0.06888771880232289
448,0.4646938775510204,0,25000,1,130.06916903871476,0.07759158091217498
448,0.4646938775510204,1,25000,2,129.28602700696908,0.0779707071153139
448,0.48489795918367345,0,25000,2,129.7728213257506,0.08092073497828758
448,0.48489795918367345,1,25000,1,130.28103506059637,0.0808278825816112
448,0.5051020408163265,0,25000,2,130.11010692142722,0.08259932197966541
448,0.5051020408163265,1,25000,2,130.23337735184356,0.08080474594915377
448,0.5253061224489796,0,25000,3,131.41340719929627,0.08236250664580214
448,0.5253061224489796,1,25000,1,130.56658941604988,0.08137779213960722
448,0.5455102040816326,0,25000,3,131.2313372043455,0.08325921380055062
448,0.5455102040816326,1,25000,1,130.5988315536142,0.08310324012816808
448,0.5657142857142857,0,25000,2,132.33742052726942,0.08326821815885713
448,0.5657142857142857,1,25000,3,131.65998605766606,0.07916922293160153
448,0.5859183673469388,0,25000,1,131.3729044219977,0.08314902803494531
448,0.5859183673469388,1,25000,1,131.76775425910415,0.08260326704884524
448,0.6061224489795918,0,25000,2,131.32102054392928,0.082856881647421
448,0.6061224489795918,1,25000,1,132.01312947938183,0.08058450315126708
448,0.6263265306122449,0,25000,1,132.5362511456658,0.08143945228815759
448,0.6263265306122449,1,25000,1,132.85853357675626,0.07457666058867206
448,0.6465306122448979,0,25000,1,133.34096480525682,0.07598304119056372
448,0.6465306122448979,1,25000,1,134.1874790895905,0.072857269888
448,0.666734693877551,0,25000,1,134.91886596962746,0.07100943431207721
448,0.666734693877551,1,25000,1,135.02020003471705,0.06848399487217563
448,0.6869387755102041,0,25000,1,135.4466916033045,0.0700244949742502
448,0.6869387755102041,1,25000,2,135.71322879652305,0.06257864581691555
448,0.7071428571428571,0,25000,1,138.2589164118205,0.03499873237268604
448,0.7071428571428571,1,25000,1,137.9368836358641,0.048073082089175885
448,0.7273469387755102,0,25000,1,109.41600336054725,0.03812503036215949
448,0.7273469387755102,1,25000,0,114.99452213798929,0.04044859915076651
448,0.7475510204081632,0,25000,3,134.15557417447093,0.03785692331649303
448,0.7475510204081632,1,25000,1,136.24176999102673,0.03948207942679149
448,0.7677551020408163,0,25000,1,131.44413404203266,0.03306747269961505
448,0.7677551020408163,1,25000,0,138.524484811911,0.031347880343120714
448,0.7879591836734694,0,25000,2,127.17732857597514,0.03612043757432923
448,0.7879591836734694,1,25000,0,119.08543335726804,0.03658669951168396
448,0.8081632653061224,0,25000,0,121.24458372567946,0.034294461121067085
448,0.8081632653061224,1,25000,2,128.252095198408,0.03409161660888542
448,0.8283673469387755,0,25000,0,122.10136775075837,0.03514109000813135
448,0.8283673469387755,1,25000,1,123.31947997519664,0.03789504652060216
448,0.8485714285714285,0,25000,1,122.21550218858113,0.03537428524683229
448,0.8485714285714285,1,25000,0,120.2898259773153,0.035609553716317216
448,0.8687755102040816,0,25000,2,123.78827925268854,0.03642301073259606
448,0.8687755102040816,1,25000,1,120.71197236754486,0.03603210355809598
448,0.8889795918367347,0,25000,0,130.93911218389945,0.035305497756325355
448,0.8889795918367347,1,25000,0,124.51551413051226,0.035363711014983965
448,0.9091836734693878,0,25000,0,140.76251141793188,0.030454496278838582
448,0.9091836734693878,1,25000,0,139.6644953856233,0.032376816826927425
448,0.9293877551020407,0,25000,1,148.1638354433361,0.024278323746264888
448,0.9293877551020407,1,25000,1,149.05219373716037,0.024088335024519042
448,0.9495918367346938,0,25000,1,148.66347304382788,0.02413307682940223
448,0.9495918367346938,1,25000,3,147.94494698703357,0.024415617817438954
448,0.9697959183673469,0,25000,1,149.16722650517625,0.02373560737378675
448,0.9697959183673469,1,25000,1,148.11395687976886,0.024045856234631676
448,0.99,0,25000,0,147.5676158641927,0.02418511172367881
448,0.99,1,25000,2,147.80956113417665,0.024357533882992735
464,0.0,0,25000,1,136.31782308889257,0.04388183209083639
464,0.0,1,25000,1,138.31491383379273,0.037670068879385996
464,0.02020408163265306,0,25000,2,134.70198159021174,0.03994037714054138
464,0.02020408163265306,1,25000,1,136.9085096130259,0.043172073187039486
464,0.04040816326530612,0,25000,1,134.39322223544465,0.04041977122064341
464,0.04040816326530612,1,25000,1,135.7840533133172,0.03583241249692166
464,0.06061224489795918,0,25000,1,135.35128049320417,0.038939010322505796
464,0.06061224489795918,1,25000,1,135.96114072113016,0.039884899710357566
464,0.08081632653061224,0,25000,2,137.15063980074575,0.03768220155602367
464,0.08081632653061224,1,25000,1,137.5818250578239,0.036550370227892884
464,0.1010204081632653,0,25000,1,139.133465449788,0.03995223392078273
464,0.1010204081632653,1,25000,2,139.5700151432663,0.0348877178700676
464,0.12122448979591836,0,25000,1,142.03569145817517,0.03623239388245814
464,0.12122448979591836,1,25000,1,141.62530887072978,0.03797165572929781
464,0.14142857142857143,0,25000,1,144.1550910903252,0.03430639083602058
464,0.14142857142857143,1,25000,1,143.4776057484686,0.03615394422392609
464,0.16163265306122448,0,25000,1,145.93266705919126,0.03269399415690009
464,0.16163265306122448,1,25000,1,145.9061167250366,0.033281361099856466
464,0.18183673469387754,0,25000,1,147.24716531635468,0.03023534106157996
464,0.18183673469387754,1,25000,2,148.11390750143988,0.03148743731195652
464,0.2020408163265306,0,25000,1,149.36585093402417,0.029732271337244563
464,0.2020408163265306,1,25000,1,149.2264059764879,0.02915596881746423
464,0.22224489795918367,0,25000,1,150.4022627978238,0.028416936519263226
464,0.22224489795918367,1,25000,0,149.89134137672966,0.027556031901303915
464,0.24244897959183673,0,25000,0,151.84921763119377,0.026537523253612104
464,0.24244897959183673,1,25000,0,151.59951447484667,0.025532361543494406
464,0.2626530612244898,0,25000,0,152.3604133784644,0.025475991931174415
464,0.2626530612244898,1,25000,0,152.45260064885542,0.025409077096028028
464,0.28285714285714286,0,25000,0,153.0350859443408,0.025195444665123044
464,0.28285714285714286,1,25000,0,153.27809315387256,0.02492440375352565
464,0.3030612244897959,0,25000,0,153.7587149822994,0.024347607117389904
464,0.3030612244897959,1,25000,0,153.56670581415926,0.024460232805311524
464,0.32326530612244897,0,25000,0,154.00078957784413,0.023504767335171997
464,0.32326530612244897,1,25000,0,154.05444194152588,0.02386270702325539
464,0.34346938775510205,0,25000,0,153.5083942144012,0.02410200161972414
464,0.34346938775510205,1,25000,0,154.57957431590557,0.023424081412297605
464,0.3636734693877551,0,25000,1,154.0156964643857,0.023398850894694824
464,0.3636734693877551,1,25000,0,154.93635082609717,0.02347068524237073
464,0.38387755102040816,0,25000,0,154.92494365366446,0.023913381233472437
464,0.38387755102040816,1,25000,0,153.54447037259763,0.023785588265132745
464,0.4040816326530612,0,25000,0,135.1424946740225,0.048612544735201546
464,0.4040816326530612,1,25000,0,131.48120104322703,0.04627026435352563
464,0.42428571428571427,0,25000,1,137.44163632349216,0.03978691734410476
464,0.42428571428571427,1,25000,1,137.2710918564983,0.03994770428072632
464,0.44448979591836735,0,25000,2,137.49935195721076,0.058317813743830715
464,0.44448979591836735,1,25000,1,137.20404755142619,0.05956116238856165
464,0.4646938775510204,0,25000,1,137.65220533416402,0.06965993386873116
464,0.4646938775510204,1,25000,1,137.77190221344023,0.06938900564863398
464,0.48489795918367345,0,25000,1,139.93429870833086,0.0721007218505604
464,0.48489795918367345,1,25000,2,139.64746295605931,0.07221511064463598
464,0.5051020408163265,0,25000,2,139.639865615049,0.07346407054401237
464,0.5051020408163265,1,25000,2,140.26031075914912,0.07333515158366508
464,0.5253061224489796,0,25000,2,141.37236767475724,0.07358695526476279
464,0.5253061224489796,1,25000,2,140.6863651819466,0.07366866879123365
464,0.5455102040816326,0,25000,1,140.33093147598137,0.07433249494335906
464,0.5455102040816326,1,25000,2,140.7681362045244,0.07293704774153154
464,0.5657142857142857,0,25000,3,140.19894618211646,0.07498051133152644
464,0.5657142857142857,1,25000,1,140.6813957835478,0.07194011227305495
464,0.5859183673469388,0,25000,3,140.84034226631246,0.07376448950923972
464,0.5859183673469388,1,25000,2,141.52636980943817,0.07031588599915886
464,0.6061224489795918,0,25000,5,140.47943385920468,0.07433387166334166
464,0.6061224489795918,1,25000,2,142.54071291938936,0.06653003690580603
464,0.6263265306122449,0,25000,1,141.35154281504217,0.07310995220950772
464,0.6263265306122449,1,25000,1,143.3000603222176,0.06577699128778583
464,0.6465306122448979,0,25000,3,140.80273688628,0.07097898352172721
464,0.6465306122448979,1,25000,3,143.5195014387304,0.06430906434190722
464,0.666734693877551,0,25000,2,142.39140808769878,0.0652555418654269
464,0.666734693877551,1,25000,2,145.86270718645807,0.04602925442479144
464,0.6869387755102041,0,25000,2,144.0627125732824,0.04672350807179157
464,0.6869387755102041,1,25000,0,157.03213609432208,0.022356702365185152
464,0.7071428571428571,0,25000,1,155.61912699132586,0.022406559163076444
464,0.7071428571428571,1,25000,1,155.74084554527735,0.022644363531544677
464,0.7273469387755102,0,25000,0,141.94720865867595,0.03465826556832298
464,0.7273469387755102,1,25000,0,124.11088547022561,0.03727465939283042
464,0.7475510204081632,0,25000,0,101.00091311379532,0.041886411986297556
464,0.7475510204081632,1,25000,1,95.42403405441375,0.044231943491504416
464,0.7677551020408163,0,25000,1,127.23631259182031,0.0358446108554261
464,0.7677551020408163,1,25000,0,128.98612993950567,0.0368264812271929
464,0.7879591836734694,0,25000,2,123.62282869582873,0.03579794785280277
464,0.7879591836734694,1,25000,1,125.83829597279369,0.035309597943547245
464,0.8081632653061224,0,25000,0,123.85099538186711,0.03678630261165169
464,0.8081632653061224,1,25000,0,122.25156199170996,0.036231322182665594
464,0.8283673469387755,0,25000,0,123.70916814541326,0.036556910471047754
464,0.8283673469387755,1,25000,0,125.36353325207824,0.03646971509618602
464,0.8485714285714285,0,25000,1,128.14915183002773,0.03624158846865749
464,0.8485714285714285,1,25000,0,118.38337927697583,0.037975911753406186
464,0.8687755102040816,0,25000,0,130.07223438375337,0.03655591284196094
464,0.8687755102040816,1,25000,0,127.8043351022459,0.0361519081330922
464,0.8889795918367347,0,25000,2,135.24726323774988,0.03396731158995279
464,0.8889795918367347,1,25000,3,140.5412549172666,0.03411863122291979
464,0.9091836734693878,0,25000,0,150.0374839563563,0.025994829605441395
464,0.9091836734693878,1,25000,2,153.10618763916068,0.024731963099656033
464,0.9293877551020407,0,25000,1,153.15253162137276,0.023433478455306793
464,0.9293877551020407,1,25000,0,153.62554680054038,0.02346445850398154
464,0.9495918367346938,0,25000,0,153.84676141026065,0.023468264250057883
464,0.9495918367346938,1,25000,2,152.80066047530752,0.02355981067316998
464,0.9697959183673469,0,25000,2,152.71786905118523,0.02363559201598331
464,0.9697959183673469,1,25000,0,153.2776425412473,0.02346224785783213
464,0.99,0,25000,1,152.49275585444636,0.02381821765778047
464,0.99,1,25000,1,152.02786577067906,0.023891951332739213
480,0.0,0,25000,1,143.0769004009406,0.047673372065108216
480,0.0,1,25000,1,144.86954069896922,0.037190501808763606
480,0.02020408163265306,0,25000,1,143.72595148147292,0.046532777346693366
480,0.02020408163265306,1,25000,2,144.31245807533153,0.03510232614166514
480,0.04040816326530612,0,25000,2,143.41059671309654,0.03555235054638711
480,0.04040816326530612,1,25000,1,144.0244503687474,0.03408037557654605
480,0.06061224489795918,0,25000,1,143.84330417479387,0.042396973325789025
480,0.06061224489795918,1,25000,1,143.97048461288466,0.03467003358175193
480,0.08081632653061224,0,25000,1,145.1097543774614,0.042216229928141884
480,0.08081632653061224,1,25000,1,146.02236805823907,0.034097223851851904
480,0.1010204081632653,0,25000,1,147.10192633520518,0.03558879149064408
480,0.1010204081632653,1,25000,1,147.86776408539322,0.0351211997310216
480,0.12122448979591836,0,25000,1,149.08925599483996,0.0367526611930674
480,0.12122448979591836,1,25000,1,149.26859378809917,0.03236457280752098
480,0.14142857142857143,0,25000,1,151.8148513179628,0.03507357590659459
480,0.14142857142857143,1,25000,1,151.2416703337133,0.03133160666192182
480,0.16163265306122448,0,25000,1,152.0609861287301,0.03243679589472282
480,0.16163265306122448,1,25000,1,153.65021573096357,0.030090214925382212
480,0.18183673469387754,0,25000,1,154.0126807562518,0.028721779930046924
480,0.18183673469387754,1,25000,1,154.13625755814905,0.030186346301772415
480,0.2020408163265306,0,25000,1,156.10699444635094,0.027076273010124892
480,0.2020408163265306,1,25000,1,157.23523474021454,0.02657992627117496
480,0.22224489795918367,0,25000,1,156.94417063264143,0.026179597830261952
480,0.22224489795918367,1,25000,1,157.84229458863769,0.02774505111441776
480,0.24244897959183673,0,25000,0,158.2332929327069,0.024295796909809875
480,0.24244897959183673,1,25000,0,158.44586556553926,0.026683260973198026
480,0.2626530612244898,0,25000,0,158.9747357325067,0.024191899499578846
480,0.2626530612244898,1,25000,0,158.46473473274528,0.024846519123367026
480,0.28285714285714286,0,25000,0,158.68242719245487,0.02380396273512499
480,0.28285714285714286,1,25000,1,158.85245338111565,0.02397842806025969
480,0.3030612244897959,0,25000,0,158.97331040256176,0.023750417574900408
480,0.3030612244897959,1,25000,0,159.32154028385156,0.02347275736880657
480,0.32326530612244897,0,25000,0,159.56071339264898,0.02303216130535306
480,0.32326530612244897,1,25000,0,159.32463225658128,0.022996835398568782
480,0.34346938775510205,0,25000,0,159.73417761204792,0.023222194352580237
480,0.34346938775510205,1,25000,0,159.3579889355674,0.022890271157016313
480,0.3636734693877551,0,25000,0,159.76545599462344,0.022694376325030317
480,0.3636734693877551,1,25000,0,159.53246723849156,0.022823682794511788
480,0.38387755102040816,0,25000,0,159.251821203389,0.024152807416658657
480,0.38387755102040816,1,25000,0,158.96097175163072,0.024550271529230352
480,0.4040816326530612,0,25000,0,104.04790048764971,0.057667720241244
480,0.4040816326530612,1,25000,0,114.48044451559895,0.054405918354481324
480,0.42428571428571427,0,25000,1,146.77877624156798,0.03468614700738795
480,0.42428571428571427,1,25000,1,145.95487753644636,0.03533441800464879
480,0.44448979591836735,0,25000,2,147.25847130245842,0.04938110950234025
480,0.44448979591836735,1,25000,1,147.11117727456542,0.05236818532217601
480,0.4646938775510204,0,25000,1,149.02935559316288,0.059188901619219456
480,0.4646938775510204,1,25000,1,147.36573896492405,0.05970849258517885
480,0.48489795918367345,0,25000,1,149.19122451467047,0.061249645322978157
480,0.48489795918367345,1,25000,1,148.95613623584987,0.060926828219928855
480,0.5051020408163265,0,25000,1,150.9947399761613,0.061190828842408
480,0.5051020408163265,1,25000,2,148.57850680647067,0.06148154655635252
480,0.5253061224489796,0,25000,2,149.44586183721873,0.06242607754507711
480,0.5253061224489796,1,25000,1,150.47143705539668,0.06092345421982108
480,0.5455102040816326,0,25000,4,150.09114833603286,0.06253426633688305
480,0.5455102040816326,1,25000,2,150.30895231930288,0.061490322001507725
480,0.5657142857142857,0,25000,1,150.38794502911486,0.06218752428716236
480,0.5657142857142857,1,25000,1,150.0425390258223,0.06025419598579759
480,0.5859183673469388,0,25000,4,150.83398982395704,0.061569420538121394
480,0.5859183673469388,1,25000,1,150.56106799374749,0.05969030084486127
480,0.6061224489795918,0,25000,2,150.69138340681258,0.05982233883928977
480,0.6061224489795918,1,25000,2,150.9651835281956,0.05855057164990457
480,0.6263265306122449,0,25000,1,150.40857094891834,0.05488858179673076
480,0.6263265306122449,1,25000,2,150.91647796145764,0.052842667172496735
480,0.6465306122448979,0,25000,1,152.63574333797243,0.04645459485416413
480,0.6465306122448979,1,25000,2,155.01100830042765,0.031871678778129235
480,0.666734693877551,0,25000,0,159.6159248978752,0.022404609078045486
480,0.666734693877551,1,25000,0,161.1711243434092,0.0221354541445828
480,0.6869387755102041,0,25000,1,161.85290066362836,0.021966449896264863
480,0.6869387755102041,1,25000,0,161.65904805312277,0.021801736786033192
480,0.7071428571428571,0,25000,1,160.4970693974972,0.02231814150859508
480,0.7071428571428571,1,25000,3,161.77328163812905,0.021782424546661967
480,0.7273469387755102,0,25000,0,157.5425182798653,0.029270536192322425
480,0.7273469387755102,1,25000,0,145.50595158266566,0.03646191178584525
480,0.7475510204081632,0,25000,0,98.7211623108426,0.04493888121874873
480,0.7475510204081632,1,25000,1,98.72893461734121,0.04630266481684722
480,0.7677551020408163,0,25000,1,123.27956526571171,0.04503263990902295
480,0.7677551020408163,1,25000,0,85.22660675698836,0.052103545417142016
480,0.7879591836734694,0,25000,2,127.33548753255316,0.03981829273749036
480,0.7879591836734694,1,25000,1,112.93976088470647,0.043775361984954284
480,0.8081632653061224,0,25000,1,133.63151380832062,0.035991300977745416
480,0.8081632653061224,1,25000,1,128.90470038770806,0.0368368450683739
480,0.8283673469387755,0,25000,0,131.33922878764275,0.0362019194292092
480,0.8283673469387755,1,25000,2,133.79098237252356,0.03645851425664447
480,0.8485714285714285,0,25000,1,131.46371189670242,0.03578103622793004
480,0.8485714285714285,1,25000,1,138.42882509915427,0.035722126898451195
480,0.8687755102040816,0,25000,0,136.76851061270534,0.03563008775901029
480,0.8687755102040816,1,25000,0,141.35647181687534,0.03372579829235254
480,0.8889795918367347,0,25000,1,147.9008149548232,0.035755506393933906
480,0.8889795918367347,1,25000,2,148.45721413053587,0.03571712460822439
480,0.9091836734693878,0,25000,0,155.4441807277304,0.028082949115372985
480,0.9091836734693878,1,25000,3,154.40119166711247,0.026522280654448352
480,0.9293877551020407,0,25000,0,157.54895898498526,0.02437961438216548
480,0.9293877551020407,1,25000,1,157.02307627891196,0.023855018639766495
480,0.9495918367346938,0,25000,2,158.22507845169983,0.02311907636212303
480,0.9495918367346938,1,25000,0,156.94184421124197,0.024085985210952274
480,0.9697959183673469,0,25000,1,158.61612650575387,0.02273791087586853
480,0.9697959183673469,1,25000,1,157.61789864410483,0.02286178232639545
480,0.99,0,25000,2,156.78377208187905,0.02382713535477511
480,0.99,1,25000,2,157.3003748524347,0.023327126574410117
48,0.0,0,25000,46,14.099882513346296,0.3065426687750221
48,0.0,1,25000,48,13.859786122768336,0.3152139865014053
48,0.02020408163265306,0,25000,48,13.96025512211318,0.31299540933929193
48,0.02020408163265306,1,25000,48,13.852556281252278,0.31591639265409904
48,0.04040816326530612,0,25000,48,14.158954827222953,0.3089780799423392
48,0.04040816326530612,1,25000,46,13.81550605770335,0.3187649593606644
48,0.06061224489795918,0,25000,47,14.204580015722215,0.30752876594956235
48,0.06061224489795918,1,25000,47,14.006450857721164,0.31574508165201
48,0.08081632653061224,0,25000,48,14.136728859911017,0.3055984462568574
48,0.08081632653061224,1,25000,46,13.933355778105588,0.31552780478796594
48,0.1010204081632653,0,25000,48,14.184171996202691,0.3034815163915562
48,0.1010204081632653,1,25000,48,14.022471215167112,0.3117339457809344
48,0.12122448979591836,0,25000,48,14.254768263393021,0.3021089879849548
48,0.12122448979591836,1,25000,47,13.998815605364864,0.3115344866921064
48,0.14142857142857143,0,25000,48,14.427051394740502,0.29942074433052257
48,0.14142857142857143,1,25000,48,14.169490001006134,0.30682469664388984
48,0.16163265306122448,0,25000,48,14.49464645633925,0.29505860826593455
48,0.16163265306122448,1,25000,47,14.163726333300238,0.30474519746991446
48,0.18183673469387754,0,25000,48,14.440380313335064,0.29234205137093205
48,0.18183673469387754,1,25000,48,14.327083117108018,0.3015524010561955
48,0.2020408163265306,0,25000,48,14.680275988862945,0.2867126657944794
48,0.2020408163265306,1,25000,48,14.387696454764985,0.2993099925175037
48,0.22224489795918367,0,25000,48,14.761477148497775,0.28345006070100764
48,0.22224489795918367,1,25000,48,14.342817459217141,0.2949037083262863
48,0.24244897959183673,0,25000,48,14.614271597790983,0.28101940110539536
48,0.24244897959183673,1,25000,48,14.342783400796623,0.29223465508592633
48,0.2626530612244898,0,25000,48,14.811459162057236,0.27743503271371395
48,0.2626530612244898,1,25000,48,14.561712658015047,0.2864252660878433
48,0.28285714285714286,0,25000,48,14.712477049636167,0.27632265200473183
48,0.28285714285714286,1,25000,48,14.509935298462006,0.28487570468163703
48,0.3030612244897959,0,25000,48,14.973528250506808,0.2700898237402065
48,0.3030612244897959,1,25000,48,14.864086082724999,0.2792255980338015
48,0.32326530612244897,0,25000,48,14.951991289217073,0.2692268026804153
48,0.32326530612244897,1,25000,48,14.745935891017057,0.2765505825121474
48,0.34346938775510205,0,25000,47,14.71102742373564,0.2670223261908865
48,0.34346938775510205,1,25000,46,14.563290866510098,0.27425562016856564
48,0.3636734693877551,0,25000,47,14.843800044136474,0.2644564200263174
48,0.3636734693877551,1,25000,42,14.124327970619486,0.2704680012393741
48,0.38387755102040816,0,25000,40,14.17038484164266,0.2597491600412133
48,0.38387755102040816,1,25000,40,14.037753276968738,0.268183403300458
48,0.4040816326530612,0,25000,32,13.38411783180658,0.25917479037687124
48,0.4040816326530612,1,25000,34,13.742264900879807,0.26188089597839803
48,0.42428571428571427,0,25000,30,12.263777197634266,0.26355754619237687
48,0.42428571428571427,1,25000,31,11.949903125440127,0.2691333746904835
48,0.44448979591836735,0,25000,27,10.653271618525212,0.26689791415583275
48,0.44448979591836735,1,25000,29,10.93673634669435,0.2670261472840181
48,0.4646938775510204,0,25000,24,9.857495683080867,0.2605731406523616
48,0.4646938775510204,1,25000,25,9.852413883363962,0.26346391409427045
48,0.48489795918367345,0,25000,23,8.804367647927082,0.2644250446686027
48,0.48489795918367345,1,25000,21,8.866839542296418,0.2662177504242107
48,0.5051020408163265,0,25000,21,8.277476447711368,0.26919517668555015
48,0.5051020408163265,1,25000,19,8.13944255132995,0.2722337506813347
48,0.5253061224489796,0,25000,17,7.637462855598059,0.2790039090469173
48,0.5253061224489796,1,25000,16,7.080578292449439,0.2956695539398028
48,0.5455102040816326,0,25000,16,7.054875729040361,0.29239624369665107
48,0.5455102040816326,1,25000,15,6.790469173899912,0.2983041507815553
48,0.5657142857142857,0,25000,13,6.332801517326882,0.31469273368268846
48,0.5657142857142857,1,25000,12,6.2488917848581895,0.3198811586136841
48,0.5859183673469388,0,25000,11,6.107032507848089,0.32885428221596447
48,0.5859183673469388,1,25000,9,5.586573366010859,0.35706967924043276
48,0.6061224489795918,0,25000,9,5.659035149550598,0.35156605860879037
48,0.6061224489795918,1,25000,9,5.703144447818793,0.3500599322844966
48,0.6263265306122449,0,25000,6,5.3352791572190545,0.386278548613433
48,0.6263265306122449,1,25000,7,5.456560310099514,0.36961442600869887
48,0.6465306122448979,0,25000,3,5.395427592845934,0.4357761901871815
48,0.6465306122448979,1,25000,4,5.249896343872722,0.424112312192029
48,0.666734693877551,0,25000,4,5.493165742434276,0.42009093608602666
48,0.666734693877551,1,25000,4,5.328483171387671,0.4217475186400741
48,0.6869387755102041,0,25000,2,6.808547088650444,0.43140917429713566
48,0.6869387755102041,1,25000,2,6.1099999520933395,0.4443033206439958
48,0.7071428571428571,0,25000,3,9.208469049981787,0.37314765552177476
48,0.7071428571428571,1,25000,1,8.3156785067712,0.4003128484100008
48,0.7273469387755102,0,25000,16,10.071508442652684,0.348455537660698
48,0.7273469387755102,1,25000,2,8.672012827566295,0.3865417588209252
48,0.7475510204081632,0,25000,25,10.821272938190226,0.3282304714907869
48,0.7475510204081632,1,25000,18,10.181268391436783,0.34723835374617573
48,0.7677551020408163,0,25000,48,16.24403045392241,0.15254517758533603
48,0.7677551020408163,1,25000,48,16.27385384017819,0.15227689639544723
48,0.7879591836734694,0,25000,48,16.439362898357263,0.14583686964494436
48,0.7879591836734694,1,25000,48,16.444575218047024,0.14845435757141587
48,0.8081632653061224,0,25000,48,16.620453570786218,0.14544190783407546
48,0.8081632653061224,1,25000,47,16.42771979282556,0.14564077963414743
48,0.8283673469387755,0,25000,47,16.835058592957175,0.13965531098965656
48,0.8283673469387755,1,25000,48,16.48451465936583,0.14624052530333545
48,0.8485714285714285,0,25000,48,16.709106643207328,0.13951874729296856
48,0.8485714285714285,1,25000,48,16.744854985581338,0.14139583585534335
48,0.8687755102040816,0,25000,48,16.596673439576872,0.14360021485170982
48,0.8687755102040816,1,25000,48,16.660481335844807,0.14135889897799947
48,0.8889795918367347,0,25000,48,16.540111254491773,0.14186073673213467
48,0.8889795918367347,1,25000,48,16.551852015489366,0.14208006368062134
48,0.9091836734693878,0,25000,48,17.090708549960887,0.13677118987706233
48,0.9091836734693878,1,25000,48,16.558156706460945,0.14249951852930015
48,0.9293877551020407,0,25000,48,17.17386987939842,0.13505372995689122
48,0.9293877551020407,1,25000,48,17.249870590841773,0.133722838197873
48,0.9495918367346938,0,25000,48,17.191343579997827,0.13619355392704174
48,0.9495918367346938,1,25000,48,17.315450922097696,0.13364205523018952
48,0.9697959183673469,0,25000,48,17.237080653292224,0.13458782388257673
48,0.9697959183673469,1,25000,48,17.094616961376435,0.13544923234422812
48,0.99,0,25000,48,17.368710486978046,0.13298917948659827
48,0.99,1,25000,48,17.25841267588859,0.1341361169399588
496,0.0,0,25000,1,149.94943494020652,0.0398215820019977
496,0.0,1,25000,2,151.9703017848334,0.03495844736624143
496,0.02020408163265306,0,25000,1,151.81393478478918,0.04264266966281875
496,0.02020408163265306,1,25000,2,152.19280655484044,0.03289352650528428
496,0.04040816326530612,0,25000,1,151.6395067161787,0.04284764421918081
496,0.04040816326530612,1,25000,1,152.6573528458405,0.041873517580042624
496,0.06061224489795918,0,25000,1,152.72811318675718,0.043937942329597524
496,0.06061224489795918,1,25000,1,152.7714055872685,0.036652315026101
496,0.08081632653061224,0,25000,1,153.92517748368675,0.03700446704470625
496,0.08081632653061224,1,25000,1,154.27169911100322,0.03430511299928693
496,0.1010204081632653,0,25000,1,155.33875598722648,0.03159600098830176
496,0.1010204081632653,1,25000,1,156.62090729572816,0.029243464506305696
496,0.12122448979591836,0,25000,1,156.82844375283074,0.03122689722198452
496,0.12122448979591836,1,25000,1,157.53211659415317,0.029632923180096228
496,0.14142857142857143,0,25000,2,158.950977206444,0.02859909900436439
496,0.14142857142857143,1,25000,1,158.77770250576896,0.029573965969277687
496,0.16163265306122448,0,25000,1,160.1293083736119,0.028183820187629625
496,0.16163265306122448,1,25000,1,160.439754617764,0.02889639853765614
496,0.18183673469387754,0,25000,1,161.38198964338258,0.028792393712076748
496,0.18183673469387754,1,25000,1,161.2945357291093,0.02732516733019675
496,0.2020408163265306,0,25000,1,161.99252612913708,0.026936579414873527
496,0.2020408163265306,1,25000,1,162.47051417027632,0.025756961851786137
496,0.22224489795918367,0,25000,1,163.22346557236304,0.02582091759614264
496,0.22224489795918367,1,25000,1,162.7062211054877,0.02544714688569261
496,0.24244897959183673,0,25000,1,163.03482646547957,0.025160200690464228
496,0.24244897959183673,1,25000,0,163.63390948714954,0.02380872245012508
496,0.2626530612244898,0,25000,0,163.84411256088478,0.024567323834958205
496,0.2626530612244898,1,25000,0,164.15497794451045,0.02330587373858989
496,0.28285714285714286,0,25000,0,163.95313635462577,0.02374630133493233
496,0.28285714285714286,1,25000,0,164.4050544641084,0.02288592230613025
496,0.3030612244897959,0,25000,0,164.12050173850687,0.02369341370490295
496,0.3030612244897959,1,25000,0,164.62270156762472,0.022613768747733767
496,0.32326530612244897,0,25000,0,164.22216716666264,0.023251454569526663
496,0.32326530612244897,1,25000,0,164.39755792190311,0.022363908635380687
496,0.34346938775510205,0,25000,0,164.64914644310636,0.022870173370825753
496,0.34346938775510205,1,25000,0,164.79656330845233,0.022457973975225608
496,0.3636734693877551,0,25000,0,164.7404835154622,0.022478500669413454
496,0.3636734693877551,1,25000,0,165.17874462483485,0.021987679636250184
496,0.38387755102040816,0,25000,0,163.03960692552582,0.025673761374222018
496,0.38387755102040816,1,25000,0,163.20968595706697,0.02589915461483627
496,0.4040816326530612,0,25000,0,74.20776726219093,0.07359364749002473
496,0.4040816326530612,1,25000,0,73.37058029949907,0.0737109739744835
496,0.42428571428571427,0,25000,1,154.8621740028383,0.029655228939546897
496,0.42428571428571427,1,25000,1,155.08993029979354,0.02927960009312996
496,0.44448979591836735,0,25000,1,156.1359940159196,0.037573109255954626
496,0.44448979591836735,1,25000,2,156.17847572407123,0.03745653131906884
496,0.4646938775510204,0,25000,2,158.96812826750838,0.04431786793633476
496,0.4646938775510204,1,25000,2,157.59452905095964,0.04427281341283694
496,0.48489795918367345,0,25000,2,158.6447829047901,0.046111656221324016
496,0.48489795918367345,1,25000,1,158.11332590134543,0.04651364384555998
496,0.5051020408163265,0,25000,3,159.86733695788797,0.046496132365479725
496,0.5051020408163265,1,25000,1,159.61354709373455,0.046548475958680474
496,0.5253061224489796,0,25000,1,160.622849084745,0.0465202555770173
496,0.5253061224489796,1,25000,1,160.87162642096143,0.04663372997634222
496,0.5455102040816326,0,25000,1,161.0459037886294,0.046622017161167324
496,0.5455102040816326,1,25000,1,159.29755322722775,0.04642283429970373
496,0.5657142857142857,0,25000,2,161.0339642224078,0.0458267572397393
496,0.5657142857142857,1,25000,1,160.19962951502885,0.04382507520487863
496,0.5859183673469388,0,25000,2,161.4349744055187,0.04444285300179522
496,0.5859183673469388,1,25000,1,161.01523752462293,0.037704634830300884
496,0.6061224489795918,0,25000,5,161.09397054103854,0.03766254333378613
496,0.6061224489795918,1,25000,3,161.57049926629682,0.036152874457288056
496,0.6263265306122449,0,25000,1,160.29456236457528,0.03809187016222593
496,0.6263265306122449,1,25000,0,166.59400017517174,0.021806708428933164
496,0.6465306122448979,0,25000,1,161.6366084821954,0.03766429360014531
496,0.6465306122448979,1,25000,1,166.9384095526454,0.021471788558455846
496,0.666734693877551,0,25000,1,166.21217699982202,0.021626863120478665
496,0.666734693877551,1,25000,2,161.08505645870878,0.03775996222818954
496,0.6869387755102041,0,25000,1,167.02456560278478,0.021462781621061362
496,0.6869387755102041,1,25000,2,167.1890142241868,0.021287829429630617
496,0.7071428571428571,0,25000,3,160.6630124158943,0.028801662538893817
496,0.7071428571428571,1,25000,1,166.51743092462345,0.02136906254445719
496,0.7273469387755102,0,25000,0,138.59838475286585,0.03578715442394005
496,0.7273469387755102,1,25000,0,158.8905670502682,0.030952283794039803
496,0.7475510204081632,0,25000,0,139.79852492927665,0.04107760449554118
496,0.7475510204081632,1,25000,1,133.4582002089167,0.04300523189646259
496,0.7677551020408163,0,25000,0,109.10237734649449,0.047691220337309825
496,0.7677551020408163,1,25000,1,107.5104750658584,0.05023512313360001
496,0.7879591836734694,0,25000,0,101.89881432202607,0.04808470551316045
496,0.7879591836734694,1,25000,1,99.94596425750635,0.04890887713255729
496,0.8081632653061224,0,25000,1,95.76316599035846,0.04780037709316917
496,0.8081632653061224,1,25000,1,95.08315366084291,0.04617399129392089
496,0.8283673469387755,0,25000,0,115.23273921262944,0.04330432987943537
496,0.8283673469387755,1,25000,1,112.75117385275735,0.04241558352451312
496,0.8485714285714285,0,25000,1,117.6960338242555,0.041354248788928724
496,0.8485714285714285,1,25000,0,117.1605783237741,0.04151933357328959
496,0.8687755102040816,0,25000,2,138.4070912713592,0.03563721530606832
496,0.8687755102040816,1,25000,2,147.77744722564796,0.034266232949672806
496,0.8889795918367347,0,25000,0,157.74785072828402,0.029162914158319543
496,0.8889795918367347,1,25000,0,157.56105640589152,0.02896024644607549
496,0.9091836734693878,0,25000,3,159.77790749177825,0.02726718852815216
496,0.9091836734693878,1,25000,2,161.06374531695343,0.025318966310457276
496,0.9293877551020407,0,25000,0,160.55649644455139,0.02531154237017028
496,0.9293877551020407,1,25000,2,161.42899697008477,0.02591476233721804
496,0.9495918367346938,0,25000,1,161.22139491192516,0.024311476084104548
496,0.9495918367346938,1,25000,1,162.83666084545638,0.02241114899186389
496,0.9697959183673469,0,25000,0,162.29234712507645,0.02244971227163831
496,0.9697959183673469,1,25000,0,162.7561399289576,0.022433750167419747
496,0.99,0,25000,1,162.29533111085647,0.022618973782882863
496,0.99,1,25000,2,161.88403711678,0.02259662944129988
512,0.0,0,25000,1,157.54557002885022,0.04025177852091596
512,0.0,1,25000,1,157.90917560574488,0.04182188897372694
512,0.02020408163265306,0,25000,1,158.12201008964283,0.03712969917398702
512,0.02020408163265306,1,25000,1,159.489357141168,0.03394373059095781
512,0.04040816326530612,0,25000,1,160.20492187999128,0.03406053810463232
512,0.04040816326530612,1,25000,1,160.92066334020092,0.03539247759263561
512,0.06061224489795918,0,25000,1,160.298244223509,0.04012258172242189
512,0.06061224489795918,1,25000,1,161.1498016209988,0.03594691884840532
512,0.08081632653061224,0,25000,1,161.8218591991808,0.03660405918117028
512,0.08081632653061224,1,25000,1,162.5444656508263,0.03462103563595998
512,0.1010204081632653,0,25000,1,164.17683507113287,0.03604145839383157
512,0.1010204081632653,1,25000,1,164.39320465854922,0.029971028805498706
512,0.12122448979591836,0,25000,1,165.09688560073,0.031983920091027365
512,0.12122448979591836,1,25000,1,165.4806221836563,0.029530977001465925
512,0.14142857142857143,0,25000,1,165.49068848515526,0.02731142603605765
512,0.14142857142857143,1,25000,1,166.1001894940532,0.027913014078688528
512,0.16163265306122448,0,25000,1,166.89192724486247,0.02841730529149141
512,0.16163265306122448,1,25000,1,167.24434592017616,0.028276324507899752
512,0.18183673469387754,0,25000,1,167.0703775493351,0.027546656337908357
512,0.18183673469387754,1,25000,1,167.937280317046,0.027497549361801266
512,0.2020408163265306,0,25000,1,168.31932258450465,0.026983324487911114
512,0.2020408163265306,1,25000,0,168.27722617154865,0.024318487144400495
512,0.22224489795918367,0,25000,1,168.97195488078393,0.024752236740066325
512,0.22224489795918367,1,25000,0,168.66816372087405,0.02409887445886051
512,0.24244897959183673,0,25000,1,168.51387314821395,0.02410730716446422
512,0.24244897959183673,1,25000,0,168.87214124378556,0.02341886551064161
512,0.2626530612244898,0,25000,1,169.15400845853293,0.02376412500917454
512,0.2626530612244898,1,25000,0,169.46531414802888,0.022728137308556755
512,0.28285714285714286,0,25000,0,169.2778702805292,0.02344659924524583
512,0.28285714285714286,1,25000,0,170.24866610296715,0.02219963490806906
512,0.3030612244897959,0,25000,0,169.9950810632941,0.022477407632441937
512,0.3030612244897959,1,25000,0,170.36797587129087,0.021957825622208063
512,0.32326530612244897,0,25000,0,169.46798391335983,0.0222433528075605
512,0.32326530612244897,1,25000,0,169.59635067442235,0.02184574886060274
512,0.34346938775510205,0,25000,0,170.45036118644492,0.021843540900608315
512,0.34346938775510205,1,25000,0,170.21602401876416,0.021699170333922164
512,0.3636734693877551,0,25000,0,170.11466244253256,0.02173544530653393
512,0.3636734693877551,1,25000,0,170.61483824311708,0.021528819504322665
512,0.38387755102040816,0,25000,0,165.8960718674511,0.029178770144759676
512,0.38387755102040816,1,25000,0,169.1642870353668,0.023853989458073648
512,0.4040816326530612,0,25000,1,101.65285856576037,0.06383067369159764
512,0.4040816326530612,1,25000,1,135.3199949307616,0.053069253460875355
512,0.42428571428571427,0,25000,1,165.87667577860697,0.02258900278168523
512,0.42428571428571427,1,25000,0,165.22138862737998,0.023063106834362752
512,0.44448979591836735,0,25000,0,167.3816616262112,0.02214163585761421
512,0.44448979591836735,1,25000,0,167.13189148667072,0.02250075015486914
512,0.4646938775510204,0,25000,1,169.92594629508392,0.02129811550869637
512,0.4646938775510204,1,25000,0,168.27413691962875,0.022748965094002038
512,0.48489795918367345,0,25000,0,169.67055627858383,0.02259356696877955
512,0.48489795918367345,1,25000,1,168.96094580931833,0.022532439237109486
512,0.5051020408163265,0,25000,0,169.81068940202064,0.0231711261994072
512,0.5051020408163265,1,25000,0,170.44894847097234,0.022950957770326987
512,0.5253061224489796,0,25000,0,170.34697644198224,0.022879021769063167
512,0.5253061224489796,1,25000,0,170.6608012512175,0.02299897645079557
512,0.5455102040816326,0,25000,1,171.3211017016195,0.02274827521656887
512,0.5455102040816326,1,25000,0,170.47236007331023,0.023017368989033504
512,0.5657142857142857,0,25000,0,171.90384217841586,0.02285245187037765
512,0.5657142857142857,1,25000,1,171.2139802034284,0.022738082265388527
512,0.5859183673469388,0,25000,2,171.0574662722366,0.0230974445190791
512,0.5859183673469388,1,25000,2,171.28484393451066,0.02293421992015774
512,0.6061224489795918,0,25000,1,171.53057205100623,0.022554576252326777
512,0.6061224489795918,1,25000,1,171.12890556280615,0.022719745573642057
512,0.6263265306122449,0,25000,0,171.22982634038033,0.022879480735813917
512,0.6263265306122449,1,25000,2,171.31183549810973,0.02284898467463528
512,0.6465306122448979,0,25000,0,170.76230799781146,0.02323805137521011
512,0.6465306122448979,1,25000,1,170.85938800522482,0.022934303027241233
512,0.666734693877551,0,25000,1,170.52683540735052,0.023048870845782346
512,0.666734693877551,1,25000,0,171.15251968055347,0.02278079811422216
512,0.6869387755102041,0,25000,0,170.5249032793944,0.02328951955151582
512,0.6869387755102041,1,25000,1,171.35443691724748,0.022969644987068657
512,0.7071428571428571,0,25000,0,171.53513699789633,0.021106863531952676
512,0.7071428571428571,1,25000,1,171.60754276648157,0.02141818223780565
512,0.7273469387755102,0,25000,1,171.60032176463892,0.022896029178356918
512,0.7273469387755102,1,25000,1,171.5931176259862,0.02088420437012981
512,0.7475510204081632,0,25000,1,172.72287509057145,0.020765020131878704
512,0.7475510204081632,1,25000,0,171.6098353498348,0.02103374629835434
512,0.7677551020408163,0,25000,1,171.3699711149441,0.021032243345496297
512,0.7677551020408163,1,25000,0,171.6957150506701,0.0209397888861445
512,0.7879591836734694,0,25000,0,171.7490828136951,0.021133231419782465
512,0.7879591836734694,1,25000,1,172.1264797410753,0.02070962571116281
512,0.8081632653061224,0,25000,1,171.00541619788834,0.021254260748938596
512,0.8081632653061224,1,25000,1,171.1024411556363,0.021135342972804463
512,0.8283673469387755,0,25000,1,173.14073661183625,0.02087298677150369
512,0.8283673469387755,1,25000,1,172.41983300770445,0.020912310335133508
512,0.8485714285714285,0,25000,1,171.78618225112768,0.020872073850732434
512,0.8485714285714285,1,25000,0,171.72363278209028,0.020906396071249243
512,0.8687755102040816,0,25000,0,170.9928917396557,0.021180818226003324
512,0.8687755102040816,1,25000,1,171.76557876512868,0.020828952719338482
512,0.8889795918367347,0,25000,3,170.95778290008494,0.0213717554633672
512,0.8889795918367347,1,25000,2,171.36451756310657,0.02096452960528289
512,0.9091836734693878,0,25000,1,171.26998686829336,0.02112628701230891
512,0.9091836734693878,1,25000,1,171.24968332160816,0.02094621597342454
512,0.9293877551020407,0,25000,0,170.95999889481874,0.0210830089969024
512,0.9293877551020407,1,25000,1,171.31140714591072,0.021346271950483754
512,0.9495918367346938,0,25000,0,170.58409852253072,0.021175219174454474
512,0.9495918367346938,1,25000,0,171.2928805929812,0.021081148003434042
512,0.9697959183673469,0,25000,1,169.94069960084556,0.02115244332213268
512,0.9697959183673469,1,25000,2,169.0821937496285,0.02191579426963998
512,0.99,0,25000,3,161.92939025484947,0.023931429234637425
512,0.99,1,25000,2,162.82685538280148,0.02357972991191227
64,0.0,0,25000,57,18.710851703407343,0.276569595799204
64,0.0,1,25000,56,18.218887521897337,0.2808565528840473
64,0.02020408163265306,0,25000,57,18.777636638731913,0.2698204658408365
64,0.02020408163265306,1,25000,58,18.29354337371898,0.27988997714347674
64,0.04040816326530612,0,25000,59,18.83644189134383,0.2689143096269617
64,0.04040816326530612,1,25000,54,18.456257528127836,0.2826683537034321
64,0.06061224489795918,0,25000,56,18.838330184203922,0.26642590795440946
64,0.06061224489795918,1,25000,59,18.672728018710508,0.2760752216679146
64,0.08081632653061224,0,25000,58,18.953573214320258,0.2643762443644224
64,0.08081632653061224,1,25000,57,18.484980176321926,0.2758188611010783
64,0.1010204081632653,0,25000,58,19.41963765545152,0.26024604785360017
64,0.1010204081632653,1,25000,57,18.671812798742913,0.2715945368264568
64,0.12122448979591836,0,25000,57,19.15274036109662,0.259325406326242
64,0.12122448979591836,1,25000,61,18.98325648782856,0.2656421611112544
64,0.14142857142857143,0,25000,61,19.107352041790882,0.2586550405286153
64,0.14142857142857143,1,25000,58,19.086239947344403,0.259599594817857
64,0.16163265306122448,0,25000,59,19.187689776635832,0.2555600178839851
64,0.16163265306122448,1,25000,60,19.23826526820843,0.2576799545261599
64,0.18183673469387754,0,25000,61,19.21292771497955,0.25431807914331694
64,0.18183673469387754,1,25000,58,19.270427027343203,0.25266387327425033
64,0.2020408163265306,0,25000,57,19.352093851372366,0.24983751056068293
64,0.2020408163265306,1,25000,59,19.498500690759073,0.24930342195023525
64,0.22224489795918367,0,25000,62,19.316082879195953,0.2501305708376247
64,0.22224489795918367,1,25000,56,19.511103634030157,0.24451863118573497
64,0.24244897959183673,0,25000,60,19.50132988915322,0.24541227882083289
64,0.24244897959183673,1,25000,56,19.600263564402866,0.2411682846438431
64,0.2626530612244898,0,25000,60,19.639263213342673,0.2415272056545466
64,0.2626530612244898,1,25000,58,19.766595595299584,0.23695358857495855
64,0.28285714285714286,0,25000,58,19.439058120144402,0.24083758208651193
64,0.28285714285714286,1,25000,56,19.62158044862646,0.2358155280693198
64,0.3030612244897959,0,25000,57,19.372658387705087,0.23878737306012476
64,0.3030612244897959,1,25000,58,19.530389790037994,0.23180084690946626
64,0.32326530612244897,0,25000,51,18.502518986576433,0.2350721112552987
64,0.32326530612244897,1,25000,50,18.38626002544892,0.2292379444740274
64,0.34346938775510205,0,25000,43,17.585843619194605,0.23648692810741542
64,0.34346938775510205,1,25000,42,17.676932714045655,0.22847379601968235
64,0.3636734693877551,0,25000,32,16.991879790326696,0.229860664076338
64,0.3636734693877551,1,25000,36,17.46376706128127,0.2226263316176888
64,0.38387755102040816,0,25000,29,15.9713716494151,0.2316917371033424
64,0.38387755102040816,1,25000,29,16.368886474853188,0.22521115147118578
64,0.4040816326530612,0,25000,28,13.90031919030913,0.24295014185637726
64,0.4040816326530612,1,25000,27,14.160250533456583,0.2306622940419663
64,0.42428571428571427,0,25000,31,11.894986514696201,0.24515685182639008
64,0.42428571428571427,1,25000,31,12.286718136847764,0.2377577842115285
64,0.44448979591836735,0,25000,26,10.826597036326975,0.24272284403202993
64,0.44448979591836735,1,25000,30,11.504508926472232,0.22898191025371817
64,0.4646938775510204,0,25000,24,10.088869229425868,0.23755198456733678
64,0.4646938775510204,1,25000,26,10.133331179308387,0.23403190271689067
64,0.48489795918367345,0,25000,22,9.405021273737397,0.24200380843857244
64,0.48489795918367345,1,25000,22,9.552217886376388,0.2377887384037305
64,0.5051020408163265,0,25000,18,8.901626949371364,0.2504172344542691
64,0.5051020408163265,1,25000,21,9.069679368249304,0.24330311690109996
64,0.5253061224489796,0,25000,15,7.91353451416254,0.2785020193176919
64,0.5253061224489796,1,25000,16,8.26011662465498,0.26300522968080636
64,0.5455102040816326,0,25000,12,7.466412779577871,0.2944660936782476
64,0.5455102040816326,1,25000,13,7.838789874275579,0.2791884865276194
64,0.5657142857142857,0,25000,10,7.12008146643546,0.31496133330621523
64,0.5657142857142857,1,25000,12,7.563388560356392,0.28837137919449324
64,0.5859183673469388,0,25000,8,6.8811274639591735,0.3368277629930915
64,0.5859183673469388,1,25000,8,6.744274998336775,0.3410499331436845
64,0.6061224489795918,0,25000,7,6.835645310449827,0.34528752985470523
64,0.6061224489795918,1,25000,6,6.443995435041797,0.37269727888978044
64,0.6263265306122449,0,25000,4,6.798510402940089,0.3839921788700784
64,0.6263265306122449,1,25000,4,6.613364941782442,0.39334345029226603
64,0.6465306122448979,0,25000,1,8.630951443653515,0.39251966451597053
64,0.6465306122448979,1,25000,3,7.19910695793332,0.3972903664568129
64,0.666734693877551,0,25000,1,9.28024405995209,0.38132743703747807
64,0.666734693877551,1,25000,2,8.342855927272232,0.3933231526585157
64,0.6869387755102041,0,25000,2,8.17162033394721,0.3954134775109337
64,0.6869387755102041,1,25000,1,10.629657458884427,0.35680678713983177
64,0.7071428571428571,0,25000,3,11.010251855423151,0.34768217293380443
64,0.7071428571428571,1,25000,2,10.493066657943022,0.353562449156974
64,0.7273469387755102,0,25000,2,12.041551156070902,0.32897310830574256
64,0.7273469387755102,1,25000,61,22.77650091219744,0.10981201324473326
64,0.7475510204081632,0,25000,6,12.61362308836461,0.3186199753574891
64,0.7475510204081632,1,25000,59,21.070572220956855,0.12409039831593136
64,0.7677551020408163,0,25000,57,21.48997623870808,0.1174320457402558
64,0.7677551020408163,1,25000,59,21.391434366359732,0.12236036605826817
64,0.7879591836734694,0,25000,61,21.37871693160465,0.1205627803994909
64,0.7879591836734694,1,25000,60,22.36707206040604,0.1110683035690217
64,0.8081632653061224,0,25000,61,21.60531295154832,0.11966224567171181
64,0.8081632653061224,1,25000,59,21.62384802105538,0.12086643177572604
64,0.8283673469387755,0,25000,58,21.811058837126634,0.11468507851325355
64,0.8283673469387755,1,25000,63,21.896858675743204,0.11452651628533138
64,0.8485714285714285,0,25000,63,21.882128891383083,0.11495649404402129
64,0.8485714285714285,1,25000,62,21.933682622071114,0.11452170116541327
64,0.8687755102040816,0,25000,60,21.742021379677542,0.1161386817453181
64,0.8687755102040816,1,25000,60,22.110740424832276,0.111972161170766
64,0.8889795918367347,0,25000,61,22.13320504933113,0.11252512116556407
64,0.8889795918367347,1,25000,60,22.10888940897255,0.11199690948780038
64,0.9091836734693878,0,25000,63,21.897237146307894,0.11447753368458388
64,0.9091836734693878,1,25000,62,22.055806682983025,0.11287427722971885
64,0.9293877551020407,0,25000,60,22.40656872381885,0.1095070673780211
64,0.9293877551020407,1,25000,60,22.848258870151206,0.1075296118475781
64,0.9495918367346938,0,25000,60,22.533179792659162,0.10954633344832962
64,0.9495918367346938,1,25000,63,22.423294086230477,0.10988452464009466
64,0.9697959183673469,0,25000,63,22.706510824818473,0.10908484469717245
64,0.9697959183673469,1,25000,62,22.708484842409334,0.10738180201852732
64,0.99,0,25000,64,22.638157781735323,0.10821494987955695
64,0.99,1,25000,63,22.555985824588642,0.10894758652392514
80,0.0,0,25000,51,23.142592943468927,0.24488181778933152
80,0.0,1,25000,45,23.095356524006526,0.25012079932909337
80,0.02020408163265306,0,25000,54,23.341526766826483,0.24278399386124766
80,0.02020408163265306,1,25000,58,23.22792925741729,0.24790408452064094
80,0.04040816326530612,0,25000,56,23.742360415377185,0.24354865564138756
80,0.04040816326530612,1,25000,51,23.383639388291833,0.24693414652788745
80,0.06061224489795918,0,25000,52,23.458793646515225,0.24322324732322192
80,0.06061224489795918,1,25000,56,23.463220343112894,0.24598597539396874
80,0.08081632653061224,0,25000,48,23.807876803356745,0.23985351872082117
80,0.08081632653061224,1,25000,56,23.74290458506633,0.24100413039507837
80,0.1010204081632653,0,25000,55,23.97195585880343,0.2365661980453711
80,0.1010204081632653,1,25000,53,23.49989473940815,0.24135209540047226
80,0.12122448979591836,0,25000,58,24.067808516158628,0.23210722910619447
80,0.12122448979591836,1,25000,57,23.784252391703546,0.2326933176430324
80,0.14142857142857143,0,25000,53,23.981770497822893,0.23059524932622794
80,0.14142857142857143,1,25000,51,24.009084298966087,0.22891302453475307
80,0.16163265306122448,0,25000,60,23.89473897761423,0.2254228427491862
80,0.16163265306122448,1,25000,52,24.16529162646431,0.22597025589395583
80,0.18183673469387754,0,25000,57,24.420542893434156,0.22097003433671836
80,0.18183673469387754,1,25000,56,24.521835499327484,0.22038858109443032
80,0.2020408163265306,0,25000,60,24.466513960717215,0.2178292731559382
80,0.2020408163265306,1,25000,56,24.476937682296963,0.21845866294642113
80,0.22224489795918367,0,25000,56,24.360271965939248,0.21694291922636755
80,0.22224489795918367,1,25000,60,24.41474297162782,0.2175344760710899
80,0.24244897959183673,0,25000,60,24.073913155111825,0.21552712225766385
80,0.24244897959183673,1,25000,60,24.06838960779568,0.2159985954499887
80,0.2626530612244898,0,25000,61,23.473430978264574,0.2115492093594984
80,0.2626530612244898,1,25000,57,23.252216195213585,0.2134069990010246
80,0.28285714285714286,0,25000,57,21.971286784305157,0.21349184911049202
80,0.28285714285714286,1,25000,50,21.834131623678665,0.21505221407393427
80,0.3030612244897959,0,25000,48,21.299531835818208,0.21332439570024156
80,0.3030612244897959,1,25000,48,21.54226731594621,0.20661420331100552
80,0.32326530612244897,0,25000,37,20.590144006657653,0.20504758247838034
80,0.32326530612244897,1,25000,39,21.055652783744364,0.2049227304598503
80,0.34346938775510205,0,25000,29,20.716851532148613,0.1962706443732836
80,0.34346938775510205,1,25000,30,20.54293622614756,0.20146112392317633
80,0.3636734693877551,0,25000,26,20.034375498006426,0.19687022422334308
80,0.3636734693877551,1,25000,22,19.6763554950407,0.20628302718615105
80,0.38387755102040816,0,25000,23,16.771472723212405,0.20599110923893385
80,0.38387755102040816,1,25000,27,16.67248885066713,0.2113723882046289
80,0.4040816326530612,0,25000,25,14.191594148828369,0.21960268679963857
80,0.4040816326530612,1,25000,25,13.302396483806938,0.23133956882533635
80,0.42428571428571427,0,25000,28,12.509084232586286,0.21463997888015007
80,0.42428571428571427,1,25000,28,11.780344629117788,0.2280424317290752
80,0.44448979591836735,0,25000,25,11.31415655362418,0.2188310986170167
80,0.44448979591836735,1,25000,26,11.498269905355617,0.21637222933470707
80,0.4646938775510204,0,25000,23,10.543146333898374,0.2226659085199445
80,0.4646938775510204,1,25000,22,10.615382165113788,0.2212931979270848
80,0.48489795918367345,0,25000,19,10.016133421244232,0.23171924273825034
80,0.48489795918367345,1,25000,19,10.043228017603264,0.2322554087834673
80,0.5051020408163265,0,25000,16,9.552671837982771,0.24403509768957915
80,0.5051020408163265,1,25000,16,9.301907661450795,0.25517175524582103
80,0.5253061224489796,0,25000,13,8.978150752589293,0.26898336384850774
80,0.5253061224489796,1,25000,14,9.178040139264295,0.26529258970755
80,0.5455102040816326,0,25000,10,8.546550506948979,0.2985915864810357
80,0.5455102040816326,1,25000,12,8.746307224059159,0.28019282766252945
80,0.5657142857142857,0,25000,8,8.530730308273341,0.31581489599460555
80,0.5657142857142857,1,25000,7,8.441131786449972,0.3206579974057032
80,0.5859183673469388,0,25000,5,8.322385102616355,0.3512203475335113
80,0.5859183673469388,1,25000,7,8.576548370562715,0.3181647179817344
80,0.6061224489795918,0,25000,3,8.729045625802467,0.3649821618022796
80,0.6061224489795918,1,25000,4,8.296356648435513,0.366608807019685
80,0.6263265306122449,0,25000,2,9.837064544621512,0.36414836070020606
80,0.6263265306122449,1,25000,2,9.625577172951694,0.3718886635799559
80,0.6465306122448979,0,25000,2,9.77889484991707,0.36574290410132543
80,0.6465306122448979,1,25000,1,11.927970720155647,0.338756154371717
80,0.666734693877551,0,25000,1,11.658264887171837,0.3359159226084004
80,0.666734693877551,1,25000,1,12.192760863949935,0.3325834024880451
80,0.6869387755102041,0,25000,1,12.612093962096111,0.3226720682302727
80,0.6869387755102041,1,25000,1,12.730077101304754,0.3232456248390163
80,0.7071428571428571,0,25000,1,13.919129464029195,0.3063560816523738
80,0.7071428571428571,1,25000,3,16.758093288835823,0.27966768298577815
80,0.7273469387755102,0,25000,3,14.622326883234878,0.2976661838907282
80,0.7273469387755102,1,25000,4,16.91872880185771,0.2723362627626445
80,0.7475510204081632,0,25000,63,26.756137190822717,0.10350521168745468
80,0.7475510204081632,1,25000,65,28.096493737768235,0.09352386465391238
80,0.7677551020408163,0,25000,62,25.79588458586398,0.10573170312947568
80,0.7677551020408163,1,25000,66,26.27850329968783,0.10641440497506531
80,0.7879591836734694,0,25000,66,26.703423030970157,0.10132466730688415
80,0.7879591836734694,1,25000,64,26.501771850246712,0.10266774951134089
80,0.8081632653061224,0,25000,69,26.956239373942797,0.10104721688735828
80,0.8081632653061224,1,25000,70,26.982261356709035,0.10053112647390634
80,0.8283673469387755,0,25000,72,27.265310750616656,0.09837861339941759
80,0.8283673469387755,1,25000,61,26.86366077401745,0.10033848695179827
80,0.8485714285714285,0,25000,67,27.215803318223408,0.09687925316402443
80,0.8485714285714285,1,25000,69,26.915037380556623,0.09670262971256222
80,0.8687755102040816,0,25000,66,27.294111301772396,0.09471837662464244
80,0.8687755102040816,1,25000,63,27.288325028447865,0.0965028444836983
80,0.8889795918367347,0,25000,62,27.46408021343126,0.09373159255515702
80,0.8889795918367347,1,25000,66,27.20525529155514,0.0962395078328902
80,0.9091836734693878,0,25000,67,27.614092491024348,0.09316974753514716
80,0.9091836734693878,1,25000,67,27.727638985181848,0.09313023298041687
80,0.9293877551020407,0,25000,67,28.056451185348152,0.09033720762299156
80,0.9293877551020407,1,25000,66,28.090701368092457,0.09093087067795648
80,0.9495918367346938,0,25000,63,28.028928476076707,0.09257548180512525
80,0.9495918367346938,1,25000,72,27.962718994199037,0.0919553007736624
80,0.9697959183673469,0,25000,66,27.996587307330607,0.09183688669760601
80,0.9697959183673469,1,25000,69,27.935203673713623,0.09160130727004333
80,0.99,0,25000,67,27.847710433911313,0.0929552807775833
80,0.99,1,25000,70,27.878009783613244,0.09202066937628411
96,0.0,0,25000,41,28.19498899522268,0.2183046828384833
96,0.0,1,25000,40,28.131218229408862,0.22433993239180927
96,0.02020408163265306,0,25000,36,28.104045575188717,0.21943247182047
96,0.02020408163265306,1,25000,41,28.079372526398316,0.22697486211788248
96,0.04040816326530612,0,25000,38,28.061931329242206,0.22631616355415063
96,0.04040816326530612,1,25000,39,27.978777373189438,0.22876278445439846
96,0.06061224489795918,0,25000,39,28.342738408836134,0.22457754900843713
96,0.06061224489795918,1,25000,45,28.316041696760344,0.22513810607357768
96,0.08081632653061224,0,25000,44,28.375210708749393,0.2211504325590261
96,0.08081632653061224,1,25000,33,28.27251154907742,0.22681569570091187
96,0.1010204081632653,0,25000,41,28.575713783437212,0.21777045054574148
96,0.1010204081632653,1,25000,42,28.36658067079265,0.22131416226281608
96,0.12122448979591836,0,25000,46,28.45520824715087,0.21559208646642428
96,0.12122448979591836,1,25000,42,28.450881861976754,0.218426668728594
96,0.14142857142857143,0,25000,46,28.75236820267951,0.20916749205264432
96,0.14142857142857143,1,25000,41,28.607020748541228,0.2154179842246783
96,0.16163265306122448,0,25000,49,29.183568001525863,0.20206176298699213
96,0.16163265306122448,1,25000,48,28.716048926256903,0.21191895859299514
96,0.18183673469387754,0,25000,46,29.193169028826468,0.19588250388936157
96,0.18183673469387754,1,25000,44,28.459180926178384,0.21184295663606395
96,0.2020408163265306,0,25000,42,28.906581253371893,0.1919302340978044
96,0.2020408163265306,1,25000,55,27.85083099622367,0.21166099674465186
96,0.22224489795918367,0,25000,57,27.595118897572203,0.1931555414108893
96,0.22224489795918367,1,25000,59,26.848741944029705,0.20734676247343015
96,0.24244897959183673,0,25000,60,26.59419729711128,0.19025846794249107
96,0.24244897959183673,1,25000,58,25.90200472713481,0.20401624908756394
96,0.2626530612244898,0,25000,56,25.83218889120306,0.1834928604978303
96,0.2626530612244898,1,25000,53,24.632688887912547,0.20206932216277423
96,0.28285714285714286,0,25000,47,25.06704621574336,0.18250590720281323
96,0.28285714285714286,1,25000,42,24.37086821562687,0.19514406494316322
96,0.3030612244897959,0,25000,32,24.791268335115465,0.17604469385967123
96,0.3030612244897959,1,25000,33,24.2158238491202,0.18618280713539548
96,0.32326530612244897,0,25000,24,24.72747462507824,0.17306354171208804
96,0.32326530612244897,1,25000,20,24.65058777599487,0.17924694477922845
96,0.34346938775510205,0,25000,25,24.74289131344303,0.16927127242140283
96,0.34346938775510205,1,25000,22,24.827489179715542,0.17499190142958476
96,0.3636734693877551,0,25000,22,22.494201871245906,0.17470257926823032
96,0.3636734693877551,1,25000,20,20.46233733261718,0.19185342199554178
96,0.38387755102040816,0,25000,18,17.439252706717255,0.18541016033128915
96,0.38387755102040816,1,25000,21,16.87932053140416,0.19850680125490028
96,0.4040816326530612,0,25000,24,14.96220143669843,0.20163323428863592
96,0.4040816326530612,1,25000,22,13.587249230305673,0.2151470125996684
96,0.42428571428571427,0,25000,24,12.865058823865446,0.20162897848508082
96,0.42428571428571427,1,25000,26,12.523870858525491,0.20732856898500862
96,0.44448979591836735,0,25000,25,11.946956252564924,0.20792991881611528
96,0.44448979591836735,1,25000,24,12.167513331956659,0.20321249019134496
96,0.4646938775510204,0,25000,22,12.058090186831917,0.20316980102244372
96,0.4646938775510204,1,25000,21,11.550877036360387,0.2170346314093473
96,0.48489795918367345,0,25000,17,11.270085257653234,0.22317973459359625
96,0.48489795918367345,1,25000,16,11.11716767670923,0.23202457570009935
96,0.5051020408163265,0,25000,14,11.200384863285493,0.23837163875673248
96,0.5051020408163265,1,25000,13,10.776241734895281,0.2493688265382691
96,0.5253061224489796,0,25000,12,10.818927877487557,0.26081765378841326
96,0.5253061224489796,1,25000,9,10.35879725455908,0.28887908880769647
96,0.5455102040816326,0,25000,7,10.377053854499156,0.3009905837701775
96,0.5455102040816326,1,25000,8,10.382611832946633,0.300307985275521
96,0.5657142857142857,0,25000,5,10.214711592184937,0.32749282342580904
96,0.5657142857142857,1,25000,5,10.435670098788378,0.3268048471598427
96,0.5859183673469388,0,25000,1,12.588837939153208,0.32379862660710884
96,0.5859183673469388,1,25000,3,10.892605623373068,0.3378969580922361
96,0.6061224489795918,0,25000,1,13.229789421462804,0.31629743929829157
96,0.6061224489795918,1,25000,1,12.825235626822769,0.32488102163905486
96,0.6263265306122449,0,25000,1,14.541688375672202,0.30379500844592366
96,0.6263265306122449,1,25000,1,12.778080790040011,0.32265822209638784
96,0.6465306122448979,0,25000,1,13.432964696149009,0.31238220806607786
96,0.6465306122448979,1,25000,1,14.530414131461054,0.30537751398881735
96,0.666734693877551,0,25000,1,14.172083227989177,0.3035204208213249
96,0.666734693877551,1,25000,1,14.547142428954892,0.30212147786944915
96,0.6869387755102041,0,25000,1,14.871478381061522,0.2948320459084099
96,0.6869387755102041,1,25000,1,15.066154487556215,0.2939929630558964
96,0.7071428571428571,0,25000,1,16.84411235744909,0.2769605005073238
96,0.7071428571428571,1,25000,1,15.284841617061257,0.2886236521319898
96,0.7273469387755102,0,25000,1,18.105566945473235,0.2647848106289837
96,0.7273469387755102,1,25000,2,16.510752936873434,0.2765147651523906
96,0.7475510204081632,0,25000,60,31.15204647184224,0.09758957474868007
96,0.7475510204081632,1,25000,62,32.499371556099184,0.08581981096077916
96,0.7677551020408163,0,25000,56,31.983267900813843,0.0874900190375194
96,0.7677551020408163,1,25000,56,31.00571418591177,0.09501958815094948
96,0.7879591836734694,0,25000,59,32.32219673520896,0.0853291503379513
96,0.7879591836734694,1,25000,58,31.911523335368518,0.08875515321528689
96,0.8081632653061224,0,25000,58,32.03251414689822,0.08941442224328763
96,0.8081632653061224,1,25000,63,32.35025112026466,0.08482741463700541
96,0.8283673469387755,0,25000,57,32.76849236524195,0.08411297927369121
96,0.8283673469387755,1,25000,55,32.34745587829721,0.08531209612404292
96,0.8485714285714285,0,25000,55,32.465688168264776,0.08479685907203413
96,0.8485714285714285,1,25000,58,32.0261453344561,0.08616520020141209
96,0.8687755102040816,0,25000,58,32.59665837305788,0.08316074366328721
96,0.8687755102040816,1,25000,59,31.943024798848413,0.08620507063907895
96,0.8889795918367347,0,25000,61,32.53941739511622,0.0838137800856577
96,0.8889795918367347,1,25000,63,32.863991064434344,0.08175103173472541
96,0.9091836734693878,0,25000,62,33.03992453007504,0.08069443246091379
96,0.9091836734693878,1,25000,62,32.85584532685131,0.08114925770462736
96,0.9293877551020407,0,25000,66,33.20863538073582,0.08041746388531666
96,0.9293877551020407,1,25000,58,33.157978358100564,0.08023842197860812
96,0.9495918367346938,0,25000,64,32.954538718582,0.08087092380977579
96,0.9495918367346938,1,25000,64,33.13769772426579,0.08054210314654389
96,0.9697959183673469,0,25000,59,33.16086004376892,0.08093925444566183
96,0.9697959183673469,1,25000,62,32.95957128443004,0.08115589136761413
96,0.99,0,25000,61,33.07014251595847,0.08112668725636094
96,0.99,1,25000,61,33.037080192494734,0.080269682121963
