file,m,s,seed,n,rank,rank_ratio,sumD,rho_m,rho_r,slack_run,mean_resid,mean_sigma,mean_kappa,mean_leverage,tail_mass_001,tail_mass_005,tail_mass_010
n1024_m112_s0.000000_seed0.h5,112,0.0,0,1024,112,1.0,111.99424787755561,0.9999486417638893,0.9999486417638893,5.1358236110687905e-05,0.006893013901078564,5.135823611193298e-05,1.0004961486186958,0.10937500000000014,0.0,0.0,0.0
n1024_m112_s0.000000_seed1.h5,112,0.0,1,1024,112,1.0,111.99430546981603,0.9999491559805003,0.9999491559805003,5.08440194997295e-05,0.006817028779387394,5.084401950117085e-05,1.0006038841574738,0.10937500000000015,0.0,0.0,0.0
n1024_m112_s0.020204_seed0.h5,112,0.02020408163265306,0,1024,112,1.0,111.99509706233948,0.9999562237708882,0.9999562237708882,4.3776229111780474e-05,0.006361513377203241,4.377622911318422e-05,1.0008838743468158,0.10937500000000015,0.0,0.0,0.0
n1024_m112_s0.020204_seed1.h5,112,0.02020408163265306,1,1024,112,1.0,111.99420562434534,0.9999482645030834,0.9999482645030834,5.1735496916616164e-05,0.006814896085581175,5.173549691797952e-05,1.0009911825692086,0.10937500000000015,0.0,0.0,0.0
n1024_m112_s0.040408_seed0.h5,112,0.04040816326530612,0,1024,112,1.0,111.99351088932599,0.9999420615118392,0.9999420615118392,5.79384881608247e-05,0.00732664643936405,5.793848816196472e-05,1.001292320920356,0.10937500000000012,0.0,0.0,0.0
n1024_m112_s0.040408_seed1.h5,112,0.04040816326530612,1,1024,112,1.0,111.99210197642242,0.999929481932343,0.999929481932343,7.051806765701052e-05,0.007962564792647467,7.051806765838266e-05,1.0009752705800457,0.10937500000000017,0.0,0.0,0.0
n1024_m112_s0.060612_seed0.h5,112,0.06061224489795918,0,1024,112,1.0,111.99366281357652,0.9999434179783618,0.9999434179783618,5.658202163816295e-05,0.007116734067460698,5.6582021639542244e-05,1.0017340891974456,0.10937500000000014,0.0,0.0,0.0
n1024_m112_s0.060612_seed1.h5,112,0.06061224489795918,1,1024,112,1.0,111.99168126978475,0.9999257256230781,0.9999257256230781,7.427437692186789e-05,0.008119723967678096,7.427437692335894e-05,1.0013965673156455,0.10937500000000017,0.0,0.0,0.0
n1024_m112_s0.080816_seed0.h5,112,0.08081632653061224,0,1024,112,1.0,111.99234062057803,0.9999316126837324,0.9999316126837324,6.838731626757077e-05,0.007885156743210288,6.838731626886023e-05,1.0017286374995547,0.10937500000000014,0.0,0.0,0.0
n1024_m112_s0.080816_seed1.h5,112,0.08081632653061224,1,1024,112,1.0,111.99261355901399,0.9999340496340535,0.9999340496340535,6.595036594647663e-05,0.007679813973716141,6.595036594777319e-05,1.0018188680673283,0.10937500000000014,0.0,0.0,0.0
n1024_m112_s0.101020_seed0.h5,112,0.1010204081632653,0,1024,112,1.0,111.99185780498374,0.999927301830212,0.999927301830212,7.269816978805466e-05,0.008171940576900467,7.269816978954056e-05,1.0021059809544337,0.10937500000000017,0.0,0.0,0.0
n1024_m112_s0.101020_seed1.h5,112,0.1010204081632653,1,1024,112,1.0,111.99245684880589,0.9999326504357668,0.9999326504357668,6.734956423315452e-05,0.007879524933906893,6.734956423430084e-05,1.001993582677556,0.10937500000000012,0.0,0.0,0.0
n1024_m112_s0.121224_seed0.h5,112,0.12122448979591836,0,1024,112,1.0,111.99255196668673,0.9999334997025601,0.9999334997025601,6.650029743993091e-05,0.0077843471481657345,6.650029744142344e-05,1.0026171735823677,0.10937500000000017,0.0,0.0,0.0
n1024_m112_s0.121224_seed1.h5,112,0.12122448979591836,1,1024,112,1.0,111.99264943793241,0.9999343699815394,0.9999343699815394,6.563001846060512e-05,0.007754992343432437,6.563001846184889e-05,1.0024999487006305,0.10937500000000014,0.0,0.0,0.0
n1024_m112_s0.141429_seed0.h5,112,0.14142857142857143,0,1024,112,1.0,111.9914795970617,0.9999239249737651,0.9999239249737651,7.60750262348564e-05,0.008337485927962083,7.607502623688984e-05,1.00293580689204,0.10937500000000022,0.0,0.0,0.0
n1024_m112_s0.141429_seed1.h5,112,0.14142857142857143,1,1024,112,1.0,111.99099033275706,0.9999195565424738,0.9999195565424738,8.044345752622473e-05,0.00858317483054028,8.044345752755945e-05,1.0031279226038952,0.10937500000000014,0.0,0.0,0.0
n1024_m112_s0.161633_seed0.h5,112,0.16163265306122448,0,1024,112,1.0,111.9890577655533,0.9999023014781544,0.9999023014781544,9.769852184560168e-05,0.009491830364880913,9.769852184690403e-05,1.0043311451088155,0.10937500000000015,0.0,0.0,0.0
n1024_m112_s0.161633_seed1.h5,112,0.16163265306122448,1,1024,112,1.0,111.98881294910097,0.999900115616973,0.999900115616973,9.988438302699354e-05,0.009664540337251103,9.988438302830448e-05,1.0049562710481086,0.10937500000000014,0.0,0.0,0.0
n1024_m112_s0.181837_seed0.h5,112,0.18183673469387754,0,1024,112,1.0,111.98167623650079,0.9998363949687571,0.9998363949687571,0.00016360503124290826,0.012455095013770758,0.0001636050312444406,1.0080905175417647,0.10937500000000017,0.0,0.0,0.0
n1024_m112_s0.181837_seed1.h5,112,0.18183673469387754,1,1024,112,1.0,111.98304089990415,0.99984857946343,0.99984857946343,0.00015142053657002386,0.012013674214897754,0.00015142053657152596,1.0089975229473345,0.10937500000000017,0.0,0.0,0.0
n1024_m112_s0.202041_seed0.h5,112,0.2020408163265306,0,1024,112,1.0,111.9695316563375,0.999727961217299,0.999727961217299,0.0002720387827009896,0.016102196328199505,0.00027203878270182225,1.0155944150136353,0.1093750000000001,0.0,0.0,0.0
n1024_m112_s0.202041_seed1.h5,112,0.2020408163265306,1,1024,112,1.0,111.96865526395413,0.9997201362853048,0.9997201362853048,0.00027986371469523874,0.01639443430076333,0.0002798637146961583,1.0167536549123988,0.1093750000000001,0.0,0.0,0.0
n1024_m112_s0.222245_seed0.h5,112,0.22224489795918367,0,1024,112,1.0,111.9537827868553,0.999587346311208,0.999587346311208,0.00041265368879195297,0.0196862304642793,0.00041265368879289606,1.024626591270604,0.1093750000000001,0.0,0.0,0.0
n1024_m112_s0.222245_seed1.h5,112,0.22224489795918367,1,1024,112,1.0,111.95755442836526,0.9996210216818326,0.9996210216818326,0.0003789783181673556,0.018959537736892476,0.0003789783181685723,1.02189523356533,0.10937500000000014,0.0,0.0,0.0
n1024_m112_s0.242449_seed0.h5,112,0.24244897959183673,0,1024,112,1.0,111.9413922006861,0.9994767160775544,0.9994767160775544,0.0005232839224456054,0.02215443363962252,0.0005232839224463438,1.0312323735933135,0.10937500000000008,0.0,0.0,0.0
n1024_m112_s0.242449_seed1.h5,112,0.24244897959183673,1,1024,112,1.0,111.93828064692207,0.9994489343475185,0.9994489343475185,0.0005510656524815305,0.022693391654360896,0.0005510656524821352,1.0324996717643027,0.10937500000000006,0.0,0.0,0.0
n1024_m112_s0.262653_seed0.h5,112,0.2626530612244898,0,1024,112,1.0,111.92592672286264,0.9993386314541307,0.9993386314541307,0.0006613685458692897,0.02468539703249453,0.0006613685458699352,1.0421355101219407,0.10937500000000007,0.0,0.0,0.0
n1024_m112_s0.262653_seed1.h5,112,0.2626530612244898,1,1024,112,1.0,111.91741877425375,0.9992626676272656,0.9992626676272656,0.0007373323727344339,0.025718422158237046,0.0007373323727346312,1.0421398095798502,0.10937500000000003,0.0,0.0,0.0
n1024_m112_s0.282857_seed0.h5,112,0.28285714285714286,0,1024,112,1.0,111.91307571851212,0.9992238903438582,0.9992238903438582,0.0007761096561418324,0.026683695359497564,0.0007761096561423979,1.0514870273633814,0.10937500000000007,0.0,0.0,0.0
n1024_m112_s0.282857_seed1.h5,112,0.28285714285714286,1,1024,112,1.0,111.91313642008754,0.9992244323222101,0.9992244323222101,0.0007755676777898568,0.026628926963677878,0.0007755676777899697,1.0550432379571923,0.10937500000000001,0.0,0.0,0.0
n1024_m112_s0.303061_seed0.h5,112,0.3030612244897959,0,1024,112,1.0,111.90320444077952,0.9991357539355314,0.9991357539355314,0.0008642460644685546,0.028257883353022772,0.0008642460644682064,1.0629305872043477,0.10937499999999996,0.0,0.0,0.0
n1024_m112_s0.303061_seed1.h5,112,0.3030612244897959,1,1024,112,1.0,111.90584821029188,0.9991593590204632,0.9991593590204632,0.0008406409795368441,0.0279993817167524,0.0008406409795367924,1.0635629169456011,0.109375,0.0,0.0,0.0
n1024_m112_s0.323265_seed0.h5,112,0.32326530612244897,0,1024,112,1.0,111.90204380819341,0.999125391144584,0.999125391144584,0.0008746088554160147,0.028658947417471003,0.0008746088554158336,1.0779316076076866,0.10937499999999999,5.0323001499512326e-05,0.0,0.0
n1024_m112_s0.323265_seed1.h5,112,0.32326530612244897,1,1024,112,1.0,111.91409184510121,0.9992329629026894,0.9992329629026894,0.00076703709731063,0.0274138151113133,0.000767037097310467,1.0804707115852192,0.10937499999999999,3.5752006958997728e-06,0.0,0.0
n1024_m112_s0.343469_seed0.h5,112,0.34346938775510205,0,1024,112,1.0,111.89464870134543,0.9990593634048699,0.9990593634048699,0.0009406365951301066,0.029754094758105025,0.0009406365951299618,1.0942405759135438,0.109375,0.00015556764283010277,0.0,0.0
n1024_m112_s0.343469_seed1.h5,112,0.34346938775510205,1,1024,112,1.0,111.904344199982,0.9991459303569822,0.9991459303569822,0.0008540696430178185,0.028867112902067282,0.0008540696430177304,1.0960539182852893,0.109375,0.0001137363842032735,0.0,0.0
n1024_m112_s0.363673_seed0.h5,112,0.3636734693877551,0,1024,112,1.0,111.85877910106501,0.9987390991166519,0.9987390991166519,0.0012609008833480706,0.03263036865734449,0.0012609008833477434,1.127917299384875,0.10937499999999996,0.000162352287391035,0.0,0.0
n1024_m112_s0.363673_seed1.h5,112,0.3636734693877551,1,1024,112,1.0,111.8511081692559,0.9986706086540705,0.9986706086540705,0.0013293913459294648,0.03372497066710426,0.0013293913459290678,1.1277333105452452,0.10937499999999994,0.00015384591815055198,0.0,0.0
n1024_m112_s0.383878_seed0.h5,112,0.38387755102040816,0,1024,112,1.0,111.78423313502572,0.9980735101341581,0.9980735101341581,0.0019264898658418739,0.03793089023459061,0.0019264898658415978,1.1598203625106045,0.10937499999999997,0.00016773359746233654,0.0,0.0
n1024_m112_s0.383878_seed1.h5,112,0.38387755102040816,1,1024,112,1.0,111.79205518729577,0.9981433498865694,0.9981433498865694,0.0018566501134306135,0.03740479309004683,0.0018566501134299257,1.163034455124122,0.10937499999999993,0.0001529053350315726,0.0,0.0
n1024_m112_s0.404082_seed0.h5,112,0.4040816326530612,0,1024,112,1.0,111.69511867972324,0.9972778453546718,0.9972778453546718,0.002722154645328212,0.045692456470057756,0.002722154645327548,1.2458168571666253,0.10937499999999992,0.14274420750849323,0.0,0.0
n1024_m112_s0.404082_seed1.h5,112,0.4040816326530612,1,1024,112,1.0,111.69546585610078,0.997280945143757,0.997280945143757,0.0027190548562430195,0.04790972161710339,0.0027190548562425333,1.2300869140085622,0.10937499999999994,0.06881650303760366,0.0,0.0
n1024_m112_s0.424286_seed0.h5,112,0.42428571428571427,0,1024,112,1.0,111.6143472038093,0.9965566714625831,0.9965566714625831,0.003443328537416912,0.053383998716907834,0.003443328537416223,1.3700936440345122,0.10937499999999992,0.20469712591614572,0.00013617533973630586,0.0
n1024_m112_s0.424286_seed1.h5,112,0.42428571428571427,1,1024,112,1.0,111.6235961986531,0.9966392517736884,0.9966392517736884,0.003360748226311605,0.053920132626737345,0.003360748226311125,1.3404880266822132,0.10937499999999994,0.1873147699428073,0.00013305654627341736,0.0
n1024_m112_s0.444490_seed0.h5,112,0.44448979591836735,0,1024,112,1.0,111.56690364766109,0.9961330682826883,0.9961330682826883,0.0038669317173116724,0.057773476587326185,0.0038669317173111286,1.4912570094767135,0.10937499999999994,0.21558350587685465,0.00011152116015329044,0.0
n1024_m112_s0.444490_seed1.h5,112,0.44448979591836735,1,1024,112,1.0,111.56048657666543,0.9960757730059413,0.9960757730059413,0.003924226994058699,0.05821260034284579,0.003924226994058042,1.5049618687365374,0.10937499999999992,0.2175441862962271,0.00011019554040254708,0.0
n1024_m112_s0.464694_seed0.h5,112,0.4646938775510204,0,1024,112,1.0,111.52419702743646,0.9957517591735398,0.9957517591735398,0.004248240826460248,0.0605184711029674,0.004248240826459659,1.5871367023470038,0.10937499999999994,0.20363519740584696,0.0001018476585324611,0.0
n1024_m112_s0.464694_seed1.h5,112,0.4646938775510204,1,1024,112,1.0,111.53667091888201,0.9958631332043036,0.9958631332043036,0.004136866795696359,0.059184397406856736,0.004136866795695417,1.5829221717504696,0.1093749999999999,0.1927995031279843,0.00011245732726765216,0.0
n1024_m112_s0.484898_seed0.h5,112,0.48489795918367345,0,1024,112,1.0,111.49430605449015,0.9954848754865192,0.9954848754865192,0.004515124513480795,0.059466487147696714,0.004515124513480436,1.6945864267231283,0.10937499999999996,0.14957449828770147,0.0029694630182489612,0.0
n1024_m112_s0.484898_seed1.h5,112,0.48489795918367345,1,1024,112,1.0,111.50395522904,0.9955710288307144,0.9955710288307144,0.004428971169285645,0.05983473806775663,0.004428971169284922,1.6829060037977979,0.10937499999999992,0.15558556520863395,0.0013765933662720459,0.0
n1024_m112_s0.505102_seed0.h5,112,0.5051020408163265,0,1024,112,1.0,111.48587256448809,0.9954095764686437,0.9954095764686437,0.004590423531356302,0.05983389542895028,0.00459042353135585,1.7561529622901741,0.10937499999999994,0.1256397887471517,0.011243818946313183,1.7747123414236837e-06
n1024_m112_s0.505102_seed1.h5,112,0.5051020408163265,1,1024,112,1.0,111.48971662991971,0.995443898481426,0.995443898481426,0.004556101518573996,0.05988737896305934,0.004556101518573223,1.7484454052474654,0.10937499999999992,0.13436765851821886,0.00732844872687484,0.0
n1024_m112_s0.525306_seed0.h5,112,0.5253061224489796,0,1024,112,1.0,111.52020374398853,0.9957161048570404,0.9957161048570404,0.004283895142959571,0.0538478143333763,0.004283895142959339,1.8472069950344727,0.10937499999999997,0.06914384468165699,0.04175201755693666,0.0012720142217122637
n1024_m112_s0.525306_seed1.h5,112,0.5253061224489796,1,1024,112,1.0,111.49973428049998,0.9955333417901784,0.9955333417901784,0.004466658209821617,0.056499564625318466,0.0044666582098215986,1.8245106831896405,0.109375,0.08961625406715269,0.03231824864844136,8.927743916593903e-05
n1024_m112_s0.545510_seed0.h5,112,0.5455102040816326,0,1024,112,1.0,111.57980973542726,0.996248301209172,0.996248301209172,0.0037516987908280397,0.04956733165469367,0.0037516987908279053,1.9022857143254763,0.10937499999999997,0.04223056472949051,0.03799152872946673,0.009592481494064529
n1024_m112_s0.545510_seed1.h5,112,0.5455102040816326,1,1024,112,1.0,111.52511648584914,0.995759968623653,0.995759968623653,0.004240031376346987,0.05338563735741686,0.004240031376346389,1.8873853774198264,0.10937499999999993,0.0598746331115375,0.04633201380498456,0.0030648241351120156
n1024_m112_s0.565714_seed0.h5,112,0.5657142857142857,0,1024,112,1.0,111.61212936225638,0.9965368693058606,0.9965368693058606,0.0034631306941393936,0.04750274650103146,0.003463130694139245,1.9371036470550154,0.10937499999999997,0.03313666896385759,0.03234547923875363,0.014655542336294338
n1024_m112_s0.565714_seed1.h5,112,0.5657142857142857,1,1024,112,1.0,111.575557929973,0.9962103386604733,0.9962103386604733,0.0037896613395267398,0.049683509550320894,0.0037896613395267237,1.929199928047304,0.109375,0.0419543655997624,0.03808442482547931,0.01076962645563648
n1024_m112_s0.585918_seed0.h5,112,0.5859183673469388,0,1024,112,1.0,111.6623681178462,0.9969854296236268,0.9969854296236268,0.0030145703763732046,0.04587822188684118,0.0030145703763730315,1.9661748585657077,0.10937499999999999,0.02423462118520456,0.023953198550520083,0.01732004144967466
n1024_m112_s0.585918_seed1.h5,112,0.5859183673469388,1,1024,112,1.0,111.60590372249135,0.9964812832365298,0.9964812832365298,0.0035187167634701533,0.048379663677479236,0.0035187167634698003,1.9586262453767762,0.10937499999999997,0.0330102561872031,0.031556584115202305,0.01584923778697671
n1024_m112_s0.606122_seed0.h5,112,0.6061224489795918,0,1024,112,1.0,111.73990981755196,0.9976777662281425,0.9976777662281425,0.0023222337718574737,0.042547660817534194,0.002322233771857362,1.9930295676454715,0.10937499999999999,0.015306034124249033,0.015234388068388217,0.01464232873439927
n1024_m112_s0.606122_seed1.h5,112,0.6061224489795918,1,1024,112,1.0,111.74414149440418,0.9977155490571802,0.9977155490571802,0.0022844509428198156,0.042330498715970735,0.002284450942819718,1.9925376278277298,0.10937499999999997,0.015208346272972215,0.015084687918867757,0.013921444852495635
n1024_m112_s0.626327_seed0.h5,112,0.6263265306122449,0,1024,112,1.0,111.73759866473847,0.997657130935165,0.997657130935165,0.0023428690648350514,0.04357105880882198,0.0023428690648347665,2.008568140478251,0.10937499999999997,0.015430761567579748,0.0153289219405599,0.014402722512051474
n1024_m112_s0.626327_seed1.h5,112,0.6263265306122449,1,1024,112,1.0,111.74051686032908,0.9976831862529382,0.9976831862529382,0.00231681374706183,0.04351504628563039,0.002316813747061531,2.008193997840215,0.10937499999999997,0.015343777252140426,0.015224955901278295,0.013974521412006613
n1024_m112_s0.646531_seed0.h5,112,0.6465306122448979,0,1024,112,1.0,111.73569455750112,0.9976401299776886,0.9976401299776886,0.0023598700223114166,0.04403294834014772,0.0023598700223111248,2.0208895480924385,0.10937499999999997,0.015526851532472666,0.015430212455215335,0.01453351365031116
n1024_m112_s0.646531_seed1.h5,112,0.6465306122448979,1,1024,112,1.0,111.74187149868521,0.9976952812382608,0.9976952812382608,0.0023047187617392106,0.044109053957878216,0.002304718761739278,2.021347558407389,0.109375,0.015288916403560329,0.014800743726506046,0.013050378892553807
n1024_m112_s0.666735_seed0.h5,112,0.666734693877551,0,1024,112,1.0,111.73157341999467,0.9976033341070953,0.9976033341070953,0.002396665892904659,0.04505062694230203,0.0023966658929047307,2.032723769028602,0.109375,0.01576139638355866,0.015594296279000294,0.014557088967126142
n1024_m112_s0.666735_seed1.h5,112,0.666734693877551,1,1024,112,1.0,111.73585848252696,0.9976415935939907,0.9976415935939907,0.0023584064060092613,0.04467076815887149,0.0023584064060090497,2.0333568241235547,0.10937499999999997,0.015725087084242917,0.015539696124366096,0.01403139217747128
n1024_m112_s0.686939_seed0.h5,112,0.6869387755102041,0,1024,112,1.0,111.73674181502429,0.9976494804912883,0.9976494804912883,0.0023505195087116793,0.046245615941468594,0.0023505195087121663,2.0426548916020653,0.10937500000000004,0.015959884479538593,0.015522763995406636,0.01384733950465246
n1024_m112_s0.686939_seed1.h5,112,0.6869387755102041,1,1024,112,1.0,111.73687076475471,0.997650631828167,0.997650631828167,0.002349368171832955,0.04529646494871429,0.0023493681718328207,2.042796511127268,0.109375,0.015911852642594114,0.015603060171882175,0.013942099299721991
n1024_m112_s0.707143_seed0.h5,112,0.7071428571428571,0,1024,112,1.0,111.73607251294015,0.9976435045798228,0.9976435045798228,0.0023564954201772403,0.0465512709964347,0.0023564954201771185,2.0520230055359048,0.109375,0.016235967062313436,0.01577681603776327,0.013914260226777813
n1024_m112_s0.707143_seed1.h5,112,0.7071428571428571,1,1024,112,1.0,111.73659136657079,0.9976481372015249,0.9976481372015249,0.0023518627984751017,0.04743672980308712,0.002351862798474916,2.052273134430418,0.10937499999999997,0.016180193514759907,0.01563278853688528,0.013451976090317678
n1024_m112_s0.727347_seed0.h5,112,0.7273469387755102,0,1024,112,1.0,111.95793013970251,0.9996243762473439,0.9996243762473439,0.0003756237526560957,0.0400066859917042,0.0003756237526557823,2.068752486594785,0.10937499999999997,0.0,0.0,0.0
n1024_m112_s0.727347_seed1.h5,112,0.7273469387755102,1,1024,112,1.0,111.73479565512389,0.9976321040636061,0.9976321040636061,0.00236789593639386,0.04871201176874309,0.0023678959363937256,2.071456869848876,0.10937499999999999,0.01640056452046242,0.015702434936389415,0.013271132391132617
n1024_m112_s0.747551_seed0.h5,112,0.7475510204081632,0,1024,112,1.0,111.95026862308441,0.999555969848968,0.999555969848968,0.0004440301510320044,0.04478596968730143,0.00044403015103203474,2.139182694212353,0.109375,0.0,0.0,0.0
n1024_m112_s0.747551_seed1.h5,112,0.7475510204081632,1,1024,112,1.0,111.95020856107294,0.9995554335810084,0.9995554335810084,0.00044456641899159877,0.04567970452146168,0.00044456641899134994,2.1828839066943435,0.10937499999999997,0.0,0.0,0.0
n1024_m112_s0.767755_seed0.h5,112,0.7677551020408163,0,1024,112,1.0,111.94629889697535,0.9995205258658514,0.9995205258658514,0.0004794741341486164,0.050123809265808304,0.00047947413414850163,2.29616917477243,0.10937499999999999,0.0,0.0,0.0
n1024_m112_s0.767755_seed1.h5,112,0.7677551020408163,1,1024,112,1.0,111.94409923057538,0.9995008859872802,0.9995008859872802,0.0004991140127198479,0.05295435954792694,0.0004991140127200277,2.381139440005255,0.10937500000000003,0.0,0.0,0.0
n1024_m112_s0.787959_seed0.h5,112,0.7879591836734694,0,1024,112,1.0,111.94173334958032,0.9994797620498242,0.9994797620498242,0.0005202379501757504,0.05886233683272865,0.0005202379501761149,2.5920321381244165,0.10937500000000006,0.0,0.0,0.0
n1024_m112_s0.787959_seed1.h5,112,0.7879591836734694,1,1024,112,1.0,111.94836908517755,0.9995390096890853,0.9995390096890853,0.00046099031091473286,0.0558483895251502,0.0004609903109151798,2.60970601822995,0.10937500000000004,0.0,0.0,0.0
n1024_m112_s0.808163_seed0.h5,112,0.8081632653061224,0,1024,112,1.0,111.94236434824415,0.9994853959664657,0.9994853959664657,0.000514604033534316,0.06292879364542138,0.0005146040335343895,2.781071625215213,0.109375,0.0,0.0,0.0
n1024_m112_s0.808163_seed1.h5,112,0.8081632653061224,1,1024,112,1.0,111.9401621040306,0.9994657330717018,0.9994657330717018,0.000534266928298166,0.06513777815060898,0.0005342669282980474,2.8270522631039245,0.10937499999999999,0.0,0.0,0.0
n1024_m112_s0.828367_seed0.h5,112,0.8283673469387755,0,1024,112,1.0,111.93578982105828,0.9994266948308775,0.9994266948308775,0.0005733051691224622,0.07237981649817088,0.0005733051691230958,3.0356969949905745,0.10937500000000006,0.0,0.0,0.0
n1024_m112_s0.828367_seed1.h5,112,0.8283673469387755,1,1024,112,1.0,111.94217226147885,0.9994836809060611,0.9994836809060611,0.0005163190939388995,0.0689599231405818,0.0005163190939390668,3.0443967897819575,0.10937500000000001,0.0,0.0,0.0
n1024_m112_s0.848571_seed0.h5,112,0.8485714285714285,0,1024,112,1.0,111.93166374435532,0.9993898548603154,0.9993898548603154,0.0006101451396846036,0.08210769234840076,0.000610145139684989,3.335785018579476,0.10937500000000003,0.0,0.0,0.0
n1024_m112_s0.848571_seed1.h5,112,0.8485714285714285,1,1024,112,1.0,111.93194143273286,0.9993923342208291,0.9993923342208291,0.0006076657791709295,0.08181262275975125,0.0006076657791712394,3.3335770112356147,0.10937500000000003,0.0,0.0,0.0
n1024_m112_s0.868776_seed0.h5,112,0.8687755102040816,0,1024,112,1.0,111.92553011211567,0.999335090286747,0.999335090286747,0.000664909713252948,0.09489636312073324,0.0006649097132533922,3.690945355433009,0.10937500000000006,0.0,0.0,0.0
n1024_m112_s0.868776_seed1.h5,112,0.8687755102040816,1,1024,112,1.0,111.9265871347452,0.9993445279887965,0.9993445279887965,0.0006554720112035284,0.09448914950200743,0.000655472011204236,3.703743320367449,0.10937500000000008,0.0,0.0,0.0
n1024_m112_s0.888980_seed0.h5,112,0.8889795918367347,0,1024,112,1.0,111.91680180018011,0.9992571589301795,0.9992571589301795,0.0007428410698204768,0.11585517671046125,0.0007428410698211101,4.26384578660182,0.10937500000000007,0.0,0.0,0.0
n1024_m112_s0.888980_seed1.h5,112,0.8889795918367347,1,1024,112,1.0,111.91991234905436,0.9992849316879854,0.9992849316879854,0.0007150683120146217,0.1133653233102294,0.0007150683120147875,4.2511929538945195,0.10937500000000003,0.0,0.0,0.0
n1024_m112_s0.909184_seed0.h5,112,0.9091836734693878,0,1024,112,1.0,111.91110470227432,0.9992062919845921,0.9992062919845921,0.0007937080154079013,0.1398117052511575,0.0007937080154087255,4.9777684069409736,0.10937500000000008,0.0,0.0,0.0
n1024_m112_s0.909184_seed1.h5,112,0.9091836734693878,1,1024,112,1.0,111.91202836325101,0.9992145389575983,0.9992145389575983,0.0007854610424017361,0.1393646152422923,0.000785461042402035,4.9882894046019866,0.10937500000000003,0.0,0.0,0.0
n1024_m112_s0.929388_seed0.h5,112,0.9293877551020407,0,1024,112,1.0,111.91208027766697,0.9992150024791694,0.9992150024791694,0.0007849975208306104,0.17049397730821092,0.0007849975208311997,6.100946616949463,0.10937500000000006,0.0,0.0,0.0
n1024_m112_s0.929388_seed1.h5,112,0.9293877551020407,1,1024,112,1.0,111.91213267244893,0.9992154702897226,0.9992154702897226,0.0007845297102774262,0.17107925718867167,0.0007845297102779231,6.126609188877364,0.10937500000000006,0.0,0.0,0.0
n1024_m112_s0.949592_seed0.h5,112,0.9495918367346938,0,1024,112,1.0,111.91396173109388,0.999231801170481,0.999231801170481,0.0007681988295189512,0.226773356642994,0.0007681988295195866,8.199234223278046,0.10937500000000008,0.0,0.0,0.0
n1024_m112_s0.949592_seed1.h5,112,0.9495918367346938,1,1024,112,1.0,111.91452394801308,0.9992368209644026,0.9992368209644026,0.0007631790355974166,0.22568580830865967,0.0007631790355977495,8.19281026609906,0.10937500000000003,0.0,0.0,0.0
n1024_m112_s0.969796_seed0.h5,112,0.9697959183673469,0,1024,112,1.0,111.90559979528189,0.9991571410293025,0.9991571410293025,0.0008428589706974687,0.329692043680102,0.000842858970698443,11.380619718469246,0.10937500000000011,0.0,0.0,0.0
n1024_m112_s0.969796_seed1.h5,112,0.9697959183673469,1,1024,112,1.0,111.90340448915958,0.999137540081782,0.999137540081782,0.0008624599182179837,0.3336643909313571,0.0008624599182190454,11.387856760518583,0.10937500000000011,0.0,0.0,0.0
n1024_m112_s0.990000_seed0.h5,112,0.99,0,1024,112,1.0,111.83459539711475,0.9985231731885246,0.9985231731885246,0.001476826811475429,0.5157114848562507,0.0014768268114768788,13.46357884516651,0.10937500000000015,0.0,0.0,0.0
n1024_m112_s0.990000_seed1.h5,112,0.99,1,1024,112,1.0,111.83820663392544,0.9985554163743343,0.9985554163743343,0.0014445836256656852,0.5106276414667156,0.0014445836256671073,13.480273331178728,0.10937500000000015,0.0,0.0,0.0
n1024_m128_s0.000000_seed0.h5,128,0.0,0,1024,128,1.0,127.99490128284378,0.9999601662722171,0.9999601662722171,3.983372778293415e-05,0.006076628314628628,3.983372778439162e-05,1.0007340774926403,0.1250000000000002,0.0,0.0,0.0
n1024_m128_s0.000000_seed1.h5,128,0.0,1,1024,128,1.0,127.99479854514357,0.9999593636339341,0.9999593636339341,4.063636606588261e-05,0.006130135187910206,4.063636606723242e-05,1.000745977086703,0.12500000000000017,0.0,0.0,0.0
n1024_m128_s0.020204_seed0.h5,128,0.02020408163265306,0,1024,128,1.0,127.99572321858432,0.99996658764519,0.99996658764519,3.3412354810025136e-05,0.0055920927811213324,3.341235481150259e-05,1.0011084105894108,0.12500000000000017,0.0,0.0,0.0
n1024_m128_s0.020204_seed1.h5,128,0.02020408163265306,1,1024,128,1.0,127.99456396843743,0.9999575310034174,0.9999575310034174,4.246899658255643e-05,0.006249101128355821,4.246899658387174e-05,1.0009838494574794,0.12500000000000017,0.0,0.0,0.0
n1024_m128_s0.040408_seed0.h5,128,0.04040816326530612,0,1024,128,1.0,127.99598665964731,0.9999686457784946,0.9999686457784946,3.135422150535305e-05,0.005411055746121052,3.1354221506653363e-05,1.0015825409701966,0.12500000000000017,0.0,0.0,0.0
n1024_m128_s0.040408_seed1.h5,128,0.04040816326530612,1,1024,128,1.0,127.99523066978145,0.9999627396076676,0.9999627396076676,3.726039233242773e-05,0.005912598767796279,3.726039233383455e-05,1.0013586671930161,0.12500000000000017,0.0,0.0,0.0
n1024_m128_s0.060612_seed0.h5,128,0.06061224489795918,0,1024,128,1.0,127.99430483538163,0.999955506526419,0.999955506526419,4.4493473581042053e-05,0.006427642135691431,4.449347358267089e-05,1.0016909017931284,0.1250000000000002,0.0,0.0,0.0
n1024_m128_s0.060612_seed1.h5,128,0.06061224489795918,1,1024,128,1.0,127.99428488218109,0.9999553506420398,0.9999553506420398,4.4649357960224734e-05,0.006416296171487449,4.4649357961445755e-05,1.0016332362978324,0.12500000000000017,0.0,0.0,0.0
n1024_m128_s0.080816_seed0.h5,128,0.08081632653061224,0,1024,128,1.0,127.99337426706916,0.9999482364614778,0.9999482364614778,5.1763538522209274e-05,0.006917351590595977,5.176353852369253e-05,1.0019430809975496,0.1250000000000002,0.0,0.0,0.0
n1024_m128_s0.080816_seed1.h5,128,0.08081632653061224,1,1024,128,1.0,127.994647678599,0.9999581849890546,0.9999581849890546,4.1815010945356335e-05,0.006242349972274155,4.181501094685324e-05,1.0020566511808022,0.12500000000000017,0.0,0.0,0.0
n1024_m128_s0.101020_seed0.h5,128,0.1010204081632653,0,1024,128,1.0,127.99241802775214,0.9999407658418136,0.9999407658418136,5.923415818642752e-05,0.007388339066594558,5.923415818760497e-05,1.0023433895513834,0.12500000000000017,0.0,0.0,0.0
n1024_m128_s0.101020_seed1.h5,128,0.1010204081632653,1,1024,128,1.0,127.99366023531184,0.9999504705883737,0.9999504705883737,4.952941162628122e-05,0.006770739931428699,4.952941162760163e-05,1.002413153355465,0.12500000000000017,0.0,0.0,0.0
n1024_m128_s0.121224_seed0.h5,128,0.12122448979591836,0,1024,128,1.0,127.99115844567132,0.9999309253568072,0.9999309253568072,6.907464319283463e-05,0.007939131177633032,6.907464319408988e-05,1.0031469780755986,0.12500000000000017,0.0,0.0,0.0
n1024_m128_s0.121224_seed1.h5,128,0.12122448979591836,1,1024,128,1.0,127.99307990349917,0.9999459367460872,0.9999459367460872,5.406325391277278e-05,0.00708325855852946,5.40632539141596e-05,1.002911408761181,0.12500000000000017,0.0,0.0,0.0
n1024_m128_s0.141429_seed0.h5,128,0.14142857142857143,0,1024,128,1.0,127.98553515128151,0.9998869933693868,0.9998869933693868,0.00011300663061319938,0.010184965112710062,0.00011300663061440383,1.0047996525631542,0.12500000000000014,0.0,0.0,0.0
n1024_m128_s0.141429_seed1.h5,128,0.14142857142857143,1,1024,128,1.0,127.9902478134245,0.9999238110423789,0.9999238110423789,7.618895762107059e-05,0.008501193189973092,7.618895762244339e-05,1.005369396776996,0.12500000000000017,0.0,0.0,0.0
n1024_m128_s0.161633_seed0.h5,128,0.16163265306122448,0,1024,128,1.0,127.97870920944843,0.9998336656988158,0.9998336656988158,0.0001663343011841789,0.012532611247475874,0.00016633430118573805,1.00933980929249,0.1250000000000002,0.0,0.0,0.0
n1024_m128_s0.161633_seed1.h5,128,0.16163265306122448,1,1024,128,1.0,127.97952977006935,0.9998400763286668,0.9998400763286668,0.0001599236713332175,0.012478008821199257,0.00015992367133451252,1.01115669833737,0.12500000000000017,0.0,0.0,0.0
n1024_m128_s0.181837_seed0.h5,128,0.18183673469387754,0,1024,128,1.0,127.96078403441061,0.9996936252688329,0.9996936252688329,0.000306374731167125,0.016861890243853962,0.0003063747311683032,1.0172275034721063,0.12500000000000017,0.0,0.0,0.0
n1024_m128_s0.181837_seed1.h5,128,0.18183673469387754,1,1024,128,1.0,127.96936860978894,0.9997606922639761,0.9997606922639761,0.0002393077360238749,0.015173366582842383,0.0002393077360249327,1.0169566627361262,0.12500000000000014,0.0,0.0,0.0
n1024_m128_s0.202041_seed0.h5,128,0.2020408163265306,0,1024,128,1.0,127.94954573076393,0.9996058260215932,0.9996058260215932,0.0003941739784067977,0.019098075367592768,0.00039417397840753934,1.0238326152718773,0.12500000000000008,0.0,0.0,0.0
n1024_m128_s0.202041_seed1.h5,128,0.2020408163265306,1,1024,128,1.0,127.95255671907216,0.9996293493677513,0.9996293493677513,0.00037065063224872574,0.018726117774177615,0.00037065063224962964,1.0274282826901944,0.1250000000000001,0.0,0.0,0.0
n1024_m128_s0.222245_seed0.h5,128,0.22224489795918367,0,1024,128,1.0,127.93515537506028,0.9994934013676584,0.9994934013676584,0.0005065986323415927,0.021549603755055234,0.0005065986323424354,1.0335369388613718,0.1250000000000001,0.0,0.0,0.0
n1024_m128_s0.222245_seed1.h5,128,0.22224489795918367,1,1024,128,1.0,127.94005582032696,0.9995316860963044,0.9995316860963044,0.0004683139036956163,0.02097929656701952,0.0004683139036963686,1.0348544565672593,0.1250000000000001,0.0,0.0,0.0
n1024_m128_s0.242449_seed0.h5,128,0.24244897959183673,0,1024,128,1.0,127.92356980306067,0.9994028890864115,0.9994028890864115,0.0005971109135884944,0.023414510760178222,0.0005971109135890151,1.0436878527247382,0.12500000000000006,0.0,0.0,0.0
n1024_m128_s0.242449_seed1.h5,128,0.24244897959183673,1,1024,128,1.0,127.9275581022739,0.9994340476740149,0.9994340476740149,0.0005659523259851085,0.023012532594125105,0.0005659523259858452,1.043465172482694,0.1250000000000001,0.0,0.0,0.0
n1024_m128_s0.262653_seed0.h5,128,0.2626530612244898,0,1024,128,1.0,127.9198387623328,0.999373740330725,0.999373740330725,0.0006262596692749867,0.024088505895056123,0.0006262596692750628,1.0565999128360781,0.125,0.0,0.0,0.0
n1024_m128_s0.262653_seed1.h5,128,0.2626530612244898,1,1024,128,1.0,127.92256852955325,0.9993950666371347,0.9993950666371347,0.0006049333628652676,0.02386920520642895,0.0006049333628656017,1.055768822677972,0.12500000000000006,0.0,0.0,0.0
n1024_m128_s0.282857_seed0.h5,128,0.28285714285714286,0,1024,128,1.0,127.91408802295336,0.9993288126793232,0.9993288126793232,0.000671187320676836,0.025180216801310953,0.0006711873206765489,1.0653997948031761,0.12499999999999997,0.0,0.0,0.0
n1024_m128_s0.282857_seed1.h5,128,0.28285714285714286,1,1024,128,1.0,127.93139529819746,0.9994640257671676,0.9994640257671676,0.0005359742328323591,0.02322536941737335,0.0005359742328325085,1.069370135704364,0.125,0.0,0.0,0.0
n1024_m128_s0.303061_seed0.h5,128,0.3030612244897959,0,1024,128,1.0,127.91512794479786,0.9993369370687333,0.9993369370687333,0.0006630629312667224,0.025501935657357637,0.0006630629312666299,1.0768623196483724,0.125,1.0615681931125914e-05,0.0,0.0
n1024_m128_s0.303061_seed1.h5,128,0.3030612244897959,1,1024,128,1.0,127.928644790416,0.999442537425125,0.999442537425125,0.0005574625748749895,0.023938303961337604,0.0005574625748748879,1.0794333598451364,0.12499999999999999,0.0,0.0,0.0
n1024_m128_s0.323265_seed0.h5,128,0.32326530612244897,0,1024,128,1.0,127.92061966947222,0.9993798411677517,0.9993798411677517,0.0006201588322483076,0.025084882098714616,0.0006201588322481589,1.0911379260868872,0.12499999999999999,4.372511336835551e-05,0.0,0.0
n1024_m128_s0.323265_seed1.h5,128,0.32326530612244897,1,1024,128,1.0,127.9222821320509,0.9993928291566476,0.9993928291566476,0.0006071708433523781,0.025047415318624255,0.0006071708433522454,1.0901957986992372,0.12499999999999997,8.638098566860007e-06,0.0,0.0
n1024_m128_s0.343469_seed0.h5,128,0.34346938775510205,0,1024,128,1.0,127.90308115455264,0.9992428215199425,0.9992428215199425,0.0007571784800575188,0.027716282564551185,0.0007571784800575506,1.1049532012453347,0.125,0.00011005995527086471,0.0,0.0
n1024_m128_s0.343469_seed1.h5,128,0.34346938775510205,1,1024,128,1.0,127.9093070475501,0.9992914613089852,0.9992914613089852,0.0007085386910148372,0.026887158373225764,0.0007085386910144986,1.1096093957200162,0.12499999999999994,0.00012515691013250882,0.0,0.0
n1024_m128_s0.363673_seed0.h5,128,0.3636734693877551,0,1024,128,1.0,127.83653405543009,0.9987229223080476,0.9987229223080476,0.0012770776919523996,0.03275412722570842,0.0012770776919519048,1.1416143960691838,0.12499999999999994,0.00011201812131131039,0.0,0.0
n1024_m128_s0.363673_seed1.h5,128,0.3636734693877551,1,1024,128,1.0,127.84654964046786,0.9988011690661551,0.9988011690661551,0.0011988309338448744,0.03192047209313398,0.0011988309338445756,1.142992558618586,0.12499999999999996,0.00013112834406190011,0.0,0.0
n1024_m128_s0.383878_seed0.h5,128,0.38387755102040816,0,1024,128,1.0,127.78525278824964,0.9983222874082003,0.9983222874082003,0.0016777125917997182,0.03480827374221253,0.0016777125917988415,1.18218591132775,0.12499999999999989,0.0008145804021674138,0.0,0.0
n1024_m128_s0.383878_seed1.h5,128,0.38387755102040816,1,1024,128,1.0,127.78449558517605,0.9983163717591879,0.9983163717591879,0.0016836282408121406,0.03530283340400643,0.0016836282408115885,1.1783524915398818,0.12499999999999994,0.0001388242098818054,0.0,0.0
n1024_m128_s0.404082_seed0.h5,128,0.4040816326530612,0,1024,128,1.0,127.64014784320898,0.9971886550250701,0.9971886550250701,0.0028113449749298525,0.048858731543825674,0.002811344974929226,1.2728659555430217,0.12499999999999992,0.1534737976997858,0.0,0.0
n1024_m128_s0.404082_seed1.h5,128,0.4040816326530612,1,1024,128,1.0,127.66542649123585,0.9973861444627801,0.9973861444627801,0.0026138555372199335,0.04633188645810056,0.002613855537219469,1.2464800204508766,0.12499999999999994,0.1237363517787757,0.0,0.0
n1024_m128_s0.424286_seed0.h5,128,0.42428571428571427,0,1024,128,1.0,127.56106348613685,0.9965708084854441,0.9965708084854441,0.003429191514555896,0.053862736406908286,0.0034291915145554562,1.3805709523195804,0.12499999999999994,0.201705572316436,8.704578929113687e-05,0.0
n1024_m128_s0.424286_seed1.h5,128,0.42428571428571427,1,1024,128,1.0,127.57058116825647,0.9966451653770037,0.9966451653770037,0.00335483462299635,0.053604355940776206,0.0033548346229958074,1.3847264077231722,0.12499999999999992,0.19622869305562834,0.00011700716403603024,0.0
n1024_m128_s0.444490_seed0.h5,128,0.44448979591836735,0,1024,128,1.0,127.50539790150651,0.9961359211055196,0.9961359211055196,0.0038640788944803717,0.0559002984653161,0.0038640788944799,1.5278621684930722,0.12499999999999994,0.17901820310157096,6.882649297532953e-05,0.0
n1024_m128_s0.444490_seed1.h5,128,0.44448979591836735,1,1024,128,1.0,127.51509599680139,0.9962116874750109,0.9962116874750109,0.0037883125249891236,0.055354163538302595,0.003788312524988705,1.532517972585978,0.12499999999999994,0.17664406799761195,9.261514316078278e-05,0.0
n1024_m128_s0.464694_seed0.h5,128,0.4646938775510204,0,1024,128,1.0,127.47178438355331,0.9958733154965103,0.9958733154965103,0.0041266845034897415,0.057390254028750386,0.0041266845034889366,1.6258219346007774,0.1249999999999999,0.1479922039816793,0.0006537387589186454,0.0
n1024_m128_s0.464694_seed1.h5,128,0.4646938775510204,1,1024,128,1.0,127.4715361102426,0.9958713758612703,0.9958713758612703,0.0041286241387297196,0.05892269559397545,0.004128624138729254,1.624889298988928,0.12499999999999994,0.15289704859000633,0.00018073108054114344,0.0
n1024_m128_s0.484898_seed0.h5,128,0.48489795918367345,0,1024,128,1.0,127.44778530682379,0.9956858227095609,0.9956858227095609,0.004314177290439147,0.05802839947677893,0.004314177290438897,1.7110281504098648,0.12499999999999997,0.12154597175440979,0.005889989521379303,0.0
n1024_m128_s0.484898_seed1.h5,128,0.48489795918367345,1,1024,128,1.0,127.44428892165888,0.99565850720046,0.99565850720046,0.004341492799539992,0.05858872446576913,0.004341492799539651,1.7150940468049125,0.12499999999999996,0.12422523090465913,0.006059949602943314,0.0
n1024_m128_s0.505102_seed0.h5,128,0.5051020408163265,0,1024,128,1.0,127.46407424779318,0.9958130800608842,0.9958130800608842,0.004186919939115796,0.055300970222821,0.004186919939115255,1.795796931118972,0.12499999999999992,0.07946973643508609,0.031696835307497055,0.0
n1024_m128_s0.505102_seed1.h5,128,0.5051020408163265,1,1024,128,1.0,127.4711736967729,0.9958685445060382,0.9958685445060382,0.0041314554939617665,0.054328803562506675,0.004131455493961823,1.802671487726478,0.125,0.07701092226074971,0.03253192035931553,0.0
n1024_m128_s0.525306_seed0.h5,128,0.5253061224489796,0,1024,128,1.0,127.49808780012245,0.9960788109384566,0.9960788109384566,0.003921189061543373,0.05266318176134708,0.003921189061543242,1.8546906964310104,0.12499999999999997,0.05586478670996081,0.04227194277295601,0.0015571166426922734
n1024_m128_s0.525306_seed1.h5,128,0.5253061224489796,1,1024,128,1.0,127.61657628722605,0.9970045022439535,0.9970045022439535,0.0029954977560464613,0.04579983618602934,0.0029954977560465402,1.88245590456209,0.125,0.02995672130169156,0.028035908926619724,0.01115995874613068
n1024_m128_s0.545510_seed0.h5,128,0.5455102040816326,0,1024,128,1.0,127.57835604425054,0.9967059065957073,0.9967059065957073,0.003294093404292653,0.04952207991075701,0.003294093404292804,1.9072447340793306,0.125,0.032182666607677005,0.030632374228870343,0.01113744631816175
n1024_m128_s0.545510_seed1.h5,128,0.5455102040816326,1,1024,128,1.0,127.66319117117382,0.9973686810247955,0.9973686810247955,0.002631318975204522,0.04417776288807286,0.0026313189752045756,1.921769472777969,0.125,0.021907826783372615,0.021788642245083145,0.015103632020080582
n1024_m128_s0.565714_seed0.h5,128,0.5657142857142857,0,1024,128,1.0,127.73119491545367,0.9978999602769818,0.9978999602769818,0.002100039723018199,0.04338716797695772,0.002100039723018216,1.9529923382708079,0.125,0.014046476197508463,0.014026337173392875,0.013176146251701042
n1024_m128_s0.565714_seed1.h5,128,0.5657142857142857,1,1024,128,1.0,127.73403602172039,0.9979221564196905,0.9979221564196905,0.002077843580309491,0.042989364077932704,0.0020778435803095554,1.9544582081790152,0.125,0.014023026401399628,0.013966281290443593,0.012622872436012747
n1024_m128_s0.585918_seed0.h5,128,0.5859183673469388,0,1024,128,1.0,127.71651922026649,0.997785306408332,0.997785306408332,0.0022146935916680377,0.04420391431131111,0.0022146935916680854,1.9753959241704724,0.125,0.01387517852056526,0.013784708738180326,0.012681188216637527
n1024_m128_s0.585918_seed1.h5,128,0.5859183673469388,1,1024,128,1.0,127.73367819895793,0.9979193609293588,0.9979193609293588,0.002080639070641155,0.042645880263310024,0.002080639070641189,1.97620406062153,0.125,0.013932498031083092,0.013910686820550501,0.012663459912776974
n1024_m128_s0.606122_seed0.h5,128,0.6061224489795918,0,1024,128,1.0,127.72617527667899,0.9978607443490546,0.9978607443490546,0.0021392556509454153,0.044192532547501086,0.002139255650945257,1.9935607379285545,0.12499999999999999,0.014028873607961283,0.013993369007363846,0.013244800928595332
n1024_m128_s0.606122_seed1.h5,128,0.6061224489795918,1,1024,128,1.0,127.72861914306122,0.9978798370551658,0.9978798370551658,0.002120162944834192,0.04361507978339213,0.002120162944834141,1.9942672488669047,0.125,0.014010147111125592,0.0139643004705002,0.01295931347818149
n1024_m128_s0.626327_seed0.h5,128,0.6263265306122449,0,1024,128,1.0,127.72556990501471,0.9978560148829274,0.9978560148829274,0.0021439851170725888,0.044608002470013265,0.002143985117072414,2.008871008487876,0.12499999999999997,0.014144264848851958,0.014050639015804972,0.012832834695235662
n1024_m128_s0.626327_seed1.h5,128,0.6263265306122449,1,1024,128,1.0,127.72426257397456,0.9978458013591762,0.9978458013591762,0.002154198640823779,0.04459992936876734,0.002154198640823645,2.009748998661054,0.12499999999999999,0.014054099293744024,0.014014967634204567,0.01297375838883965
n1024_m128_s0.646531_seed0.h5,128,0.6465306122448979,0,1024,128,1.0,127.7241178185941,0.9978446704577664,0.9978446704577664,0.0021553295422336305,0.045677297997080514,0.0021553295422334444,2.021399570815586,0.12499999999999997,0.014228847456226306,0.014064372616520842,0.01283961228287641
n1024_m128_s0.646531_seed1.h5,128,0.6465306122448979,1,1024,128,1.0,127.72063452471048,0.9978174572243006,0.9978174572243006,0.002182542775699403,0.04593296150968169,0.002182542775699511,2.0228217540469986,0.125,0.014172841705792645,0.014055472025382397,0.01273860754363098
n1024_m128_s0.666735_seed0.h5,128,0.666734693877551,0,1024,128,1.0,127.71920435799984,0.9978062840468738,0.9978062840468738,0.0021937159531262296,0.0466781235652124,0.0021937159531262105,2.0332510637353836,0.12499999999999999,0.014401522904450528,0.014203903765793873,0.012802251402994975
n1024_m128_s0.666735_seed1.h5,128,0.666734693877551,1,1024,128,1.0,127.721774325968,0.997826361921625,0.997826361921625,0.0021736380783750064,0.04637329144793738,0.0021736380783749973,2.034352306909629,0.125,0.014364944648620419,0.014111002465261126,0.012381862619810044
n1024_m128_s0.686939_seed0.h5,128,0.6869387755102041,0,1024,128,1.0,127.72201244141615,0.9978282221985637,0.9978282221985637,0.002171777801436292,0.047447924555940824,0.0021717778014363645,2.04410862090055,0.125,0.014626708428998506,0.014246582139453899,0.012382825626187787
n1024_m128_s0.686939_seed1.h5,128,0.6869387755102041,1,1024,128,1.0,127.71920304303057,0.9978062737736764,0.9978062737736764,0.0021937262263236335,0.0476357097731762,0.0021937262263235255,2.0437497582282167,0.12499999999999997,0.014575795961528611,0.014266954320274985,0.012434694872784046
n1024_m128_s0.707143_seed0.h5,128,0.7071428571428571,0,1024,128,1.0,127.7160248010623,0.9977814437582992,0.9977814437582992,0.002218556241700753,0.04855863307048101,0.0022185562417003134,2.052605547811956,0.12499999999999994,0.014807150039367367,0.01445400961921648,0.012594480673270039
n1024_m128_s0.707143_seed1.h5,128,0.7071428571428571,1,1024,128,1.0,127.72009622362384,0.9978132517470613,0.9978132517470613,0.0021867482529387416,0.0484044858105261,0.0021867482529385755,2.0532230554687585,0.12499999999999999,0.014772912357230696,0.014229738694169821,0.012092590573050968
n1024_m128_s0.727347_seed0.h5,128,0.7273469387755102,0,1024,128,1.0,127.71750589495059,0.9977930148043015,0.9977930148043015,0.0022069851956985076,0.05065952361429146,0.0022069851956986065,2.0608152976116227,0.125,0.015005069184417429,0.014396226678351177,0.011777735598810431
n1024_m128_s0.727347_seed1.h5,128,0.7273469387755102,1,1024,128,1.0,127.7225860460021,0.9978327034843915,0.9978327034843915,0.002167296515608541,0.04940437563856779,0.002167296515608213,2.062109858778484,0.12499999999999997,0.015045230195928586,0.014251200420087812,0.01171674897561582
n1024_m128_s0.747551_seed0.h5,128,0.7475510204081632,0,1024,128,1.0,127.94156825871323,0.9995435020211971,0.9995435020211971,0.00045649797880287224,0.04453199440867906,0.00045649797880272907,2.091816231962737,0.12499999999999999,0.0,0.0,0.0
n1024_m128_s0.747551_seed1.h5,128,0.7475510204081632,1,1024,128,1.0,127.93771673073934,0.9995134119589011,0.9995134119589011,0.00048658804109891207,0.04721716158820381,0.00048658804109895707,2.15298970150216,0.125,0.0,0.0,0.0
n1024_m128_s0.767755_seed0.h5,128,0.7677551020408163,0,1024,128,1.0,127.92889744372224,0.99944451127908,0.99944451127908,0.0005554887209200388,0.056256178274574714,0.0005554887209199823,2.3906473313060808,0.12499999999999999,0.0,0.0,0.0
n1024_m128_s0.767755_seed1.h5,128,0.7677551020408163,1,1024,128,1.0,127.93163917917991,0.999465931087343,0.999465931087343,0.0005340689126569487,0.05516195342311328,0.0005340689126569704,2.3917217193763847,0.125,0.0,0.0,0.0
n1024_m128_s0.787959_seed0.h5,128,0.7879591836734694,0,1024,128,1.0,127.92610270474688,0.999422677380835,0.999422677380835,0.0005773226191649883,0.062214651470223405,0.0005773226191651415,2.594811476410818,0.12500000000000003,0.0,0.0,0.0
n1024_m128_s0.787959_seed1.h5,128,0.7879591836734694,1,1024,128,1.0,127.93058377527632,0.9994576857443462,0.9994576857443462,0.0005423142556537641,0.05966694114811864,0.0005423142556540189,2.567545145130319,0.12500000000000003,0.0,0.0,0.0
n1024_m128_s0.808163_seed0.h5,128,0.8081632653061224,0,1024,128,1.0,127.92212946881773,0.9993916364751385,0.9993916364751385,0.0006083635248614883,0.06853437072692908,0.0006083635248616989,2.791020676743968,0.125,0.0,0.0,0.0
n1024_m128_s0.808163_seed1.h5,128,0.8081632653061224,1,1024,128,1.0,127.92220934241777,0.9993922604876389,0.9993922604876389,0.0006077395123611495,0.06868322672284782,0.0006077395123610942,2.8058929367835055,0.125,0.0,0.0,0.0
n1024_m128_s0.828367_seed0.h5,128,0.8283673469387755,0,1024,128,1.0,127.92248209999525,0.9993943914062129,0.9993943914062129,0.0006056085937871103,0.07456819847059726,0.0006056085937876001,3.0420641855011628,0.12500000000000006,0.0,0.0,0.0
n1024_m128_s0.828367_seed1.h5,128,0.8283673469387755,1,1024,128,1.0,127.92096235582721,0.9993825184049001,0.9993825184049001,0.0006174815950998891,0.07541058692948648,0.0006174815951003608,3.04427626276031,0.12500000000000006,0.0,0.0,0.0
n1024_m128_s0.848571_seed0.h5,128,0.8485714285714285,0,1024,128,1.0,127.9151418065303,0.999337045363518,0.999337045363518,0.0006629546364820271,0.08519157364999697,0.0006629546364824802,3.318276829606631,0.12500000000000006,0.0,0.0,0.0
n1024_m128_s0.848571_seed1.h5,128,0.8485714285714285,1,1024,128,1.0,127.91439472764614,0.9993312088097355,0.9993312088097355,0.0006687911902645283,0.08565925724466214,0.0006687911902651084,3.321500787833014,0.12500000000000006,0.0,0.0,0.0
n1024_m128_s0.868776_seed0.h5,128,0.8687755102040816,0,1024,128,1.0,127.9063976542966,0.9992687316741922,0.9992687316741922,0.0007312683258078323,0.09969059772642995,0.0007312683258084056,3.696322487999959,0.12500000000000008,0.0,0.0,0.0
n1024_m128_s0.868776_seed1.h5,128,0.8687755102040816,1,1024,128,1.0,127.90862709225621,0.9992861491582516,0.9992861491582516,0.0007138508417483536,0.09895997556419533,0.0007138508417490778,3.714423470008278,0.1250000000000001,0.0,0.0,0.0
n1024_m128_s0.888980_seed0.h5,128,0.8889795918367347,0,1024,128,1.0,127.89646368805552,0.9991911225629337,0.9991911225629337,0.0008088774370662577,0.12047623826749984,0.0008088774370667545,4.246819266709403,0.12500000000000006,0.0,0.0,0.0
n1024_m128_s0.888980_seed1.h5,128,0.8889795918367347,1,1024,128,1.0,127.89835463794589,0.9992058956089522,0.9992058956089522,0.0007941043910477674,0.11960629063309561,0.0007941043910483179,4.251578541313164,0.12500000000000006,0.0,0.0,0.0
n1024_m128_s0.909184_seed0.h5,128,0.9091836734693878,0,1024,128,1.0,127.89589693736343,0.9991866948231518,0.9991866948231518,0.0008133051768481891,0.14251827429656752,0.0008133051768487756,5.007912448582771,0.12500000000000008,0.0,0.0,0.0
n1024_m128_s0.909184_seed1.h5,128,0.9091836734693878,1,1024,128,1.0,127.8893908970349,0.9991358663830852,0.9991358663830852,0.0008641336169148417,0.14724112239921866,0.0008641336169152797,5.020078732694775,0.12500000000000006,0.0,0.0,0.0
n1024_m128_s0.929388_seed0.h5,128,0.9293877551020407,0,1024,128,1.0,127.89002886242088,0.9991408504876631,0.9991408504876631,0.0008591495123368986,0.18036473632829156,0.0008591495123373611,6.168741348941382,0.12500000000000006,0.0,0.0,0.0
n1024_m128_s0.929388_seed1.h5,128,0.9293877551020407,1,1024,128,1.0,127.88989563960058,0.9991398096843795,0.9991398096843795,0.0008601903156204571,0.18072333302893073,0.0008601903156210742,6.1774173986676155,0.12500000000000008,0.0,0.0,0.0
n1024_m128_s0.949592_seed0.h5,128,0.9495918367346938,0,1024,128,1.0,127.8856003524561,0.9991062527535632,0.9991062527535632,0.0008937472464367602,0.2433882092521477,0.0008937472464373177,8.16261602915694,0.12500000000000006,0.0,0.0,0.0
n1024_m128_s0.949592_seed1.h5,128,0.9495918367346938,1,1024,128,1.0,127.88690412521828,0.9991164384782678,0.9991164384782678,0.0008835615217321902,0.24213250905685169,0.0008835615217324389,8.169477725952008,0.12500000000000003,0.0,0.0,0.0
n1024_m128_s0.969796_seed0.h5,128,0.9697959183673469,0,1024,128,1.0,127.86800699681044,0.9989688046625815,0.9989688046625815,0.0010311953374184668,0.3346634812596983,0.001031195337419381,10.448719650071768,0.1250000000000001,0.0,0.0,0.0
n1024_m128_s0.969796_seed1.h5,128,0.9697959183673469,1,1024,128,1.0,127.86836893111467,0.9989716322743334,0.9989716322743334,0.0010283677256666124,0.33469052586322556,0.0010283677256675762,10.46546044829062,0.12500000000000014,0.0,0.0,0.0
n1024_m128_s0.990000_seed0.h5,128,0.99,0,1024,128,1.0,127.7695476859808,0.998199591296725,0.998199591296725,0.0018004087032750249,0.4878213622111731,0.0018004087032762622,11.533043633060627,0.12500000000000017,0.0,0.0,0.0
n1024_m128_s0.990000_seed1.h5,128,0.99,1,1024,128,1.0,127.76509207487106,0.9981647818349302,0.9981647818349302,0.0018352181650698185,0.4927877765522917,0.0018352181650710254,11.535457858195455,0.12500000000000014,0.0,0.0,0.0
n1024_m144_s0.000000_seed0.h5,144,0.0,0,1024,144,1.0,143.99496130076295,0.9999650090330761,0.9999650090330761,3.4990966923942324e-05,0.00569920923241702,3.499096692551395e-05,1.000929109954367,0.14062500000000022,0.0,0.0,0.0
n1024_m144_s0.000000_seed1.h5,144,0.0,1,1024,144,1.0,143.99517260970606,0.9999664764562921,0.9999664764562921,3.352354370789179e-05,0.005533331475819204,3.3523543709602546e-05,1.0009355772073996,0.14062500000000025,0.0,0.0,0.0
n1024_m144_s0.020204_seed0.h5,144,0.02020408163265306,0,1024,144,1.0,143.9944843343692,0.9999616967664527,0.9999616967664527,3.83032335472544e-05,0.005945845116368923,3.830323354859263e-05,1.0012850518412675,0.14062500000000017,0.0,0.0,0.0
n1024_m144_s0.020204_seed1.h5,144,0.02020408163265306,1,1024,144,1.0,143.99444837223564,0.9999614470294141,0.9999614470294141,3.855297058585894e-05,0.0059432606825802,3.855297058755516e-05,1.0011668090186925,0.14062500000000022,0.0,0.0,0.0
n1024_m144_s0.040408_seed0.h5,144,0.04040816326530612,0,1024,144,1.0,143.99083187345968,0.9999363324545811,0.9999363324545811,6.366754541886621e-05,0.007556855584031713,6.366754542044237e-05,1.0013589627527362,0.14062500000000022,0.0,0.0,0.0
n1024_m144_s0.040408_seed1.h5,144,0.04040816326530612,1,1024,144,1.0,143.99518404586706,0.9999665558740768,0.9999665558740768,3.344412592320989e-05,0.005594793914455077,3.3444125924536986e-05,1.0014981217476702,0.1406250000000002,0.0,0.0,0.0
n1024_m144_s0.060612_seed0.h5,144,0.06061224489795918,0,1024,144,1.0,143.99164656805806,0.9999419900559587,0.9999419900559587,5.800994404125959e-05,0.007281167996239669,5.800994404273157e-05,1.0017407369749647,0.1406250000000002,0.0,0.0,0.0
n1024_m144_s0.060612_seed1.h5,144,0.06061224489795918,1,1024,144,1.0,143.994110111169,0.9999590979942291,0.9999590979942291,4.090200577089309e-05,0.006129543542882636,4.0902005772442436e-05,1.0018045417638473,0.14062500000000022,0.0,0.0,0.0
n1024_m144_s0.080816_seed0.h5,144,0.08081632653061224,0,1024,144,1.0,143.9886975371337,0.9999215106745396,0.9999215106745396,7.848932546039578e-05,0.008353048491628063,7.848932546196214e-05,1.0021904149764889,0.14062500000000022,0.0,0.0,0.0
n1024_m144_s0.080816_seed1.h5,144,0.08081632653061224,1,1024,144,1.0,143.99455008053337,0.9999621533370373,0.9999621533370373,3.784666296269279e-05,0.0059278254695856675,3.7846662964318077e-05,1.00244441451912,0.14062500000000025,0.0,0.0,0.0
n1024_m144_s0.101020_seed0.h5,144,0.1010204081632653,0,1024,144,1.0,143.99182930953248,0.9999432590939755,0.9999432590939755,5.6740906024477233e-05,0.007221738816544583,5.6740906025562716e-05,1.002828434451865,0.14062500000000017,0.0,0.0,0.0
n1024_m144_s0.101020_seed1.h5,144,0.1010204081632653,1,1024,144,1.0,143.99343645024055,0.9999544197933372,0.9999544197933372,4.5580206662787504e-05,0.006569515144087109,4.5580206664112595e-05,1.0034269928498505,0.14062500000000017,0.0,0.0,0.0
n1024_m144_s0.121224_seed0.h5,144,0.12122448979591836,0,1024,144,1.0,143.98723284206062,0.9999113391809765,0.9999113391809765,8.866081902347833e-05,0.00911361291265414,8.866081902452929e-05,1.0049242983838977,0.14062500000000014,0.0,0.0,0.0
n1024_m144_s0.121224_seed1.h5,144,0.12122448979591836,1,1024,144,1.0,143.98880602802092,0.9999222640834786,0.9999222640834786,7.773591652138201e-05,0.008693553575819444,7.773591652255624e-05,1.0064995378545676,0.14062500000000017,0.0,0.0,0.0
n1024_m144_s0.141429_seed0.h5,144,0.14142857142857143,0,1024,144,1.0,143.97980222667684,0.9998597376852558,0.9998597376852558,0.00014026231474417727,0.011632574888457016,0.0001402623147453234,1.0101310819758016,0.14062500000000014,0.0,0.0,0.0
n1024_m144_s0.141429_seed1.h5,144,0.14142857142857143,1,1024,144,1.0,143.98045630036358,0.999864279863636,0.999864279863636,0.0001357201363639815,0.011543317637601042,0.00013572013636524208,1.0121047729935957,0.14062500000000017,0.0,0.0,0.0
n1024_m144_s0.161633_seed0.h5,144,0.16163265306122448,0,1024,144,1.0,143.9673733859745,0.9997734262914896,0.9997734262914896,0.0002265737085104247,0.01477097697559634,0.00022657370851134748,1.0167478104960372,0.1406250000000001,0.0,0.0,0.0
n1024_m144_s0.161633_seed1.h5,144,0.16163265306122448,1,1024,144,1.0,143.9687653360379,0.9997830926113743,0.9997830926113743,0.0002169073886256756,0.01451177316737693,0.00021690738862677864,1.018504411795328,0.14062500000000017,0.0,0.0,0.0
n1024_m144_s0.181837_seed0.h5,144,0.18183673469387754,0,1024,144,1.0,143.95313758477278,0.999674566560922,0.999674566560922,0.0003254334390779823,0.01754264154201668,0.0003254334390787415,1.0254739724069715,0.1406250000000001,0.0,0.0,0.0
n1024_m144_s0.181837_seed1.h5,144,0.18183673469387754,1,1024,144,1.0,143.95456724459655,0.9996844947541427,0.9996844947541427,0.0003155052458573282,0.017339633602356463,0.0003155052458581577,1.027189379107535,0.1406250000000001,0.0,0.0,0.0
n1024_m144_s0.202041_seed0.h5,144,0.2020408163265306,0,1024,144,1.0,143.94142114112037,0.9995932023688915,0.9995932023688915,0.0004067976311085131,0.019554227612329972,0.0004067976311092305,1.0322932220062717,0.1406250000000001,0.0,0.0,0.0
n1024_m144_s0.202041_seed1.h5,144,0.2020408163265306,1,1024,144,1.0,143.94374185291235,0.9996093184230025,0.9996093184230025,0.00039068157699750916,0.019173760217695703,0.0003906815769984121,1.034366048892231,0.1406250000000001,0.0,0.0,0.0
n1024_m144_s0.222245_seed0.h5,144,0.22224489795918367,0,1024,144,1.0,143.9295451578073,0.9995107302625507,0.9995107302625507,0.0004892697374493382,0.02137421344454329,0.0004892697374496274,1.0410133568476656,0.14062500000000006,0.0,0.0,0.0
n1024_m144_s0.222245_seed1.h5,144,0.22224489795918367,1,1024,144,1.0,143.93305467161554,0.999535101886219,0.999535101886219,0.0004648981137810315,0.02093145865401762,0.000464898113781695,1.043731201955824,0.1406250000000001,0.0,0.0,0.0
n1024_m144_s0.242449_seed0.h5,144,0.24244897959183673,0,1024,144,1.0,143.9231381052814,0.9994662368422319,0.9994662368422319,0.0005337631577680968,0.02248155704148324,0.0005337631577684575,1.0520269054882643,0.14062500000000006,0.0,0.0,0.0
n1024_m144_s0.242449_seed1.h5,144,0.24244897959183673,1,1024,144,1.0,143.92831337116513,0.9995021761886468,0.9995021761886468,0.0004978238113532152,0.021938468812642126,0.0004978238113536307,1.053689065807718,0.14062500000000006,0.0,0.0,0.0
n1024_m144_s0.262653_seed0.h5,144,0.2626530612244898,0,1024,144,1.0,143.92475186893716,0.9994774435342859,0.9994774435342859,0.0005225564657140858,0.022656426927783132,0.0005225564657145849,1.0624683689376804,0.14062500000000006,0.0,0.0,0.0
n1024_m144_s0.262653_seed1.h5,144,0.2626530612244898,1,1024,144,1.0,143.93270824187493,0.9995326961241315,0.9995326961241315,0.00046730387586846334,0.021838982510284495,0.00046730387586865985,1.0651659559516389,0.14062500000000003,0.0,0.0,0.0
n1024_m144_s0.282857_seed0.h5,144,0.28285714285714286,0,1024,144,1.0,143.92135235604655,0.9994538358058789,0.9994538358058789,0.0005461641941211237,0.02351543647374068,0.0005461641941213697,1.0709867606462795,0.14062500000000006,0.0,0.0,0.0
n1024_m144_s0.282857_seed1.h5,144,0.28285714285714286,1,1024,144,1.0,143.93109016707604,0.9995214594935836,0.9995214594935836,0.0004785405064163806,0.02227542137384192,0.00047854050641638925,1.075053841084475,0.140625,0.0,0.0,0.0
n1024_m144_s0.303061_seed0.h5,144,0.3030612244897959,0,1024,144,1.0,143.9240691987652,0.9994727027692029,0.9994727027692029,0.0005272972307971413,0.022980824167543795,0.0005272972307970689,1.0891461951822647,0.140625,2.9516613037388773e-05,0.0,0.0
n1024_m144_s0.303061_seed1.h5,144,0.3030612244897959,1,1024,144,1.0,143.9261433394422,0.9994871065239042,0.9994871065239042,0.0005128934760958437,0.023021114335360443,0.0005128934760956491,1.087331510407693,0.14062499999999997,0.0,0.0,0.0
n1024_m144_s0.323265_seed0.h5,144,0.32326530612244897,0,1024,144,1.0,143.91112313853228,0.9993827995731408,0.9993827995731408,0.0006172004268591991,0.024825645210828095,0.0006172004268589506,1.0992323431640991,0.14062499999999997,8.985200230174802e-05,0.0,0.0
n1024_m144_s0.323265_seed1.h5,144,0.32326530612244897,1,1024,144,1.0,143.9194303778786,0.999440488735268,0.999440488735268,0.0005595112647319711,0.023961448642970756,0.0005595112647317276,1.1036222658395876,0.14062499999999997,9.073331782831541e-05,0.0,0.0
n1024_m144_s0.343469_seed0.h5,144,0.34346938775510205,0,1024,144,1.0,143.89318571005424,0.9992582340975988,0.9992582340975988,0.0007417659024011591,0.02694949122416933,0.0007417659024007643,1.1301200163803509,0.14062499999999994,8.898050582353427e-05,0.0,0.0
n1024_m144_s0.343469_seed1.h5,144,0.34346938775510205,1,1024,144,1.0,143.89822341721447,0.9992932181751004,0.9992932181751004,0.0007067818248995827,0.026737374618832032,0.0007067818248991769,1.1251345221967362,0.14062499999999994,0.00010161259323275876,0.0,0.0
n1024_m144_s0.363673_seed0.h5,144,0.3636734693877551,0,1024,144,1.0,143.84497169624956,0.9989234145572886,0.9989234145572886,0.0010765854427113863,0.030085400353308263,0.0010765854427110472,1.1586708795653864,0.14062499999999994,8.564433455910149e-05,0.0,0.0
n1024_m144_s0.363673_seed1.h5,144,0.3636734693877551,1,1024,144,1.0,143.8911484374985,0.9992440863715173,0.9992440863715173,0.0007559136284827073,0.026171872988457946,0.0007559136284820932,1.1713393873649849,0.14062499999999992,0.00011178864445296808,0.0,0.0
n1024_m144_s0.383878_seed0.h5,144,0.38387755102040816,0,1024,144,1.0,143.7919861045084,0.998555459059086,0.998555459059086,0.001444540940913952,0.03305174450339498,0.001444540940913311,1.198068740850513,0.14062499999999992,0.004693985045666625,0.0,0.0
n1024_m144_s0.383878_seed1.h5,144,0.38387755102040816,1,1024,144,1.0,143.83239611433237,0.9988360841273081,0.9988360841273081,0.001163915872691934,0.0317915164438549,0.0011639158726914373,1.2048225231381808,0.14062499999999994,0.0012037283690626488,0.0,0.0
n1024_m144_s0.404082_seed0.h5,144,0.4040816326530612,0,1024,144,1.0,143.6346055061731,0.9974625382373132,0.9974625382373132,0.0025374617626867657,0.045869336203467496,0.0025374617626862652,1.277567614355095,0.14062499999999992,0.15158799543345905,0.0,0.0
n1024_m144_s0.404082_seed1.h5,144,0.4040816326530612,1,1024,144,1.0,143.68160730274394,0.9977889396023885,0.9977889396023885,0.0022110603976115417,0.04296537848475422,0.0022110603976107385,1.3003403824542252,0.1406249999999999,0.11958593583772965,0.0,0.0
n1024_m144_s0.424286_seed0.h5,144,0.42428571428571427,0,1024,144,1.0,143.5040553357394,0.9965559398315236,0.9965559398315236,0.003444060168476426,0.05308715935573796,0.003444060168475775,1.4217519722437029,0.1406249999999999,0.17511615473854736,5.606573071971984e-05,0.0
n1024_m144_s0.424286_seed1.h5,144,0.42428571428571427,1,1024,144,1.0,143.52151601015066,0.9966771945149352,0.9966771945149352,0.003322805485064806,0.049948286640062914,0.0033228054850642447,1.449171514078619,0.14062499999999992,0.14015550651392328,6.71704248802019e-05,0.0
n1024_m144_s0.444490_seed0.h5,144,0.44448979591836735,0,1024,144,1.0,143.44988645144622,0.9961797670239321,0.9961797670239321,0.0038202329760679277,0.05628711252317538,0.0038202329760673487,1.5502383127154096,0.14062499999999994,0.15899480951895967,3.4494402820137515e-05,0.0
n1024_m144_s0.444490_seed1.h5,144,0.44448979591836735,1,1024,144,1.0,143.46646165501443,0.9962948726042669,0.9962948726042669,0.003705127395733143,0.053075071881699645,0.0037051273957327507,1.5543012726649172,0.14062499999999994,0.13882107673719554,0.00012354839882673535,0.0
n1024_m144_s0.464694_seed0.h5,144,0.4646938775510204,0,1024,144,1.0,143.4202222822496,0.9959737658489556,0.9959737658489556,0.004026234151044417,0.05641254229028765,0.004026234151044121,1.6483432214576275,0.14062499999999994,0.1238306809634366,0.0013950541556652695,0.0
n1024_m144_s0.464694_seed1.h5,144,0.4646938775510204,1,1024,144,1.0,143.45094718641485,0.996187133238992,0.996187133238992,0.0038128667610080047,0.052885261305421254,0.0038128667610074773,1.6627274533730332,0.14062499999999994,0.09958505463325432,0.006676903800227785,0.0
n1024_m144_s0.484898_seed0.h5,144,0.48489795918367345,0,1024,144,1.0,143.42021145387844,0.9959736906519336,0.9959736906519336,0.004026309348066359,0.055283207486314406,0.004026309348065851,1.7435088443919744,0.14062499999999992,0.08587924885351168,0.020898716895523875,0.0
n1024_m144_s0.484898_seed1.h5,144,0.48489795918367345,1,1024,144,1.0,143.4622927247401,0.9962659216995841,0.9962659216995841,0.003734078300415944,0.05263524465291414,0.003734078300415586,1.7405893895354216,0.14062499999999997,0.07660127228902633,0.02357700798383034,0.0
n1024_m144_s0.505102_seed0.h5,144,0.5051020408163265,0,1024,144,1.0,143.51838480998413,0.9966554500693342,0.9966554500693342,0.0033445499306657966,0.049447275468531164,0.0033445499306657307,1.8319918870450154,0.140625,0.041499656674001115,0.03659416189250385,0.0006004628169182784
n1024_m144_s0.505102_seed1.h5,144,0.5051020408163265,1,1024,144,1.0,143.5249298800627,0.9967009019448798,0.9967009019448798,0.0032990980551201865,0.048719919497509874,0.003299098055119983,1.8328323008975111,0.140625,0.04152772751273333,0.035134198705511585,0.00034993997263882263
n1024_m144_s0.525306_seed0.h5,144,0.5253061224489796,0,1024,144,1.0,143.64615847145615,0.9975427671628899,0.9975427671628899,0.0024572328371100793,0.04504030137735519,0.002457232837109991,1.8849577439946654,0.140625,0.022530485098678853,0.02221045322418557,0.008027633874560038
n1024_m144_s0.525306_seed1.h5,144,0.5253061224489796,1,1024,144,1.0,143.65996348646877,0.9976386353226998,0.9976386353226998,0.002361364677300193,0.04474295397784159,0.0023613646773001304,1.8896531644056336,0.140625,0.020363006889794383,0.020206205415617892,0.011045475392980878
n1024_m144_s0.545510_seed0.h5,144,0.5455102040816326,0,1024,144,1.0,143.6441551833559,0.9975288554399716,0.9975288554399716,0.0024711445600283932,0.04549523416083511,0.0024711445600284665,1.9223358117234828,0.140625,0.020097363995347044,0.019979661431370612,0.014099459563610254
n1024_m144_s0.545510_seed1.h5,144,0.5455102040816326,1,1024,144,1.0,143.73476293502608,0.9981580759376811,0.9981580759376811,0.001841924062318867,0.0427534285492038,0.0018419240623190726,1.9286564036022102,0.14062500000000003,0.013119583445251161,0.013098002386249979,0.011183453367894426
n1024_m144_s0.565714_seed0.h5,144,0.5657142857142857,0,1024,144,1.0,143.72392427391605,0.9980828074577504,0.9980828074577504,0.001917192542249646,0.04377713884722082,0.0019171925422495466,1.9540471894528058,0.140625,0.01305949506669096,0.013035107234997928,0.011600367391683943
n1024_m144_s0.565714_seed1.h5,144,0.5657142857142857,1,1024,144,1.0,143.7278183343151,0.9981098495438547,0.9981098495438547,0.0018901504561452676,0.04339743477490058,0.0018901504561451873,1.9548237279551246,0.140625,0.01297956176189497,0.012937967520513563,0.01150177067033744
n1024_m144_s0.585918_seed0.h5,144,0.5859183673469388,0,1024,144,1.0,143.70760220616648,0.997969459765045,0.997969459765045,0.0020305402349549695,0.045597836587954826,0.0020305402349551794,1.9761804334554323,0.14062500000000003,0.01287930115440201,0.012778334380850489,0.011515948522224644
n1024_m144_s0.585918_seed1.h5,144,0.5859183673469388,1,1024,144,1.0,143.721142563576,0.9980634900248333,0.9980634900248333,0.0019365099751667003,0.04427723661057115,0.0019365099751667038,1.9770250274593368,0.140625,0.012896355943012229,0.012855618509863463,0.011753845111940131
n1024_m144_s0.606122_seed0.h5,144,0.6061224489795918,0,1024,144,1.0,143.71217346045887,0.99800120458652,0.99800120458652,0.0019987954134800257,0.045772667924319686,0.00199879541347978,1.9942854336670095,0.14062499999999994,0.012890680134118081,0.012726108717121355,0.011247608383207026
n1024_m144_s0.606122_seed1.h5,144,0.6061224489795918,1,1024,144,1.0,143.71716411488887,0.9980358619089506,0.9980358619089506,0.00196413809104945,0.04513190113747453,0.0019641380910495106,1.9945560739961554,0.140625,0.01285221441843095,0.012797874340905485,0.011650504717490608
n1024_m144_s0.626327_seed0.h5,144,0.6263265306122449,0,1024,144,1.0,143.7078404858912,0.9979711144853556,0.9979711144853556,0.0020288855146444185,0.046407556249731315,0.0020288855146444657,2.009927179223964,0.140625,0.01304340945531791,0.012967922776931623,0.011764702498586604
n1024_m144_s0.626327_seed1.h5,144,0.6263265306122449,1,1024,144,1.0,143.71385726520384,0.9980128976750267,0.9980128976750267,0.0019871023249733444,0.04571103720125061,0.001987102324973264,2.010036337290902,0.140625,0.012919529288337265,0.012830841968819728,0.011593818040134334
n1024_m144_s0.646531_seed0.h5,144,0.6465306122448979,0,1024,144,1.0,143.70820216192806,0.9979736261245004,0.9979736261245004,0.002026373875499643,0.047761343706661644,0.0020263738754997037,2.022568942534308,0.140625,0.013055680621023425,0.012685343841380934,0.010841864564743092
n1024_m144_s0.646531_seed1.h5,144,0.6465306122448979,1,1024,144,1.0,143.70709291344974,0.9979659230100677,0.9979659230100677,0.0020340769899322986,0.04727608882862494,0.002034076989932213,2.023495519509237,0.14062499999999997,0.013060992407242334,0.012962146933709319,0.011561504707451478
n1024_m144_s0.666735_seed0.h5,144,0.666734693877551,0,1024,144,1.0,143.70562638228876,0.9979557387658942,0.9979557387658942,0.0020442612341058375,0.04882657808222845,0.002044261234105765,2.034116945637449,0.140625,0.013290924781440283,0.013004125155658571,0.011046478521071058
n1024_m144_s0.666735_seed1.h5,144,0.666734693877551,1,1024,144,1.0,143.7059791533975,0.9979581885652604,0.9979581885652604,0.002041811434739582,0.04796099294448816,0.0020418114347397934,2.0342868690746334,0.140625,0.013261019419175785,0.013034553765702152,0.011342073882680595
n1024_m144_s0.686939_seed0.h5,144,0.6869387755102041,0,1024,144,1.0,143.71670386257756,0.9980326657123442,0.9980326657123442,0.001967334287655831,0.04932589600030029,0.001967334287656084,2.0442119438591084,0.14062500000000006,0.013305609134750257,0.012585650495440255,0.010398046502505023
n1024_m144_s0.686939_seed1.h5,144,0.6869387755102041,1,1024,144,1.0,143.70502484365716,0.9979515614142858,0.9979515614142858,0.0020484385857142406,0.04915016592819441,0.0020484385857141556,2.0450719486291926,0.140625,0.013452813910090662,0.013085038927787594,0.011060063573101707
n1024_m144_s0.707143_seed0.h5,144,0.7071428571428571,0,1024,144,1.0,143.71552417991916,0.9980244734716608,0.9980244734716608,0.001975526528339211,0.050583698581370296,0.0019755265283390774,2.054036312934026,0.14062499999999997,0.01344636786199989,0.012538042476808559,0.01007568861588682
n1024_m144_s0.707143_seed1.h5,144,0.7071428571428571,1,1024,144,1.0,143.7074973223789,0.9979687314054091,0.9979687314054091,0.002031268594590907,0.04967815551633782,0.0020312685945908337,2.0538699539627654,0.140625,0.013570964894581341,0.012994871076990433,0.010776996393241036
n1024_m144_s0.727347_seed0.h5,144,0.7273469387755102,0,1024,144,1.0,143.71908856544178,0.9980492261489012,0.9980492261489012,0.0019507738510987638,0.05154454703379916,0.001950773851099061,2.061404837763383,0.14062500000000003,0.013594138917373183,0.012372975721147216,0.009900954163905525
n1024_m144_s0.727347_seed1.h5,144,0.7273469387755102,1,1024,144,1.0,143.9318084314291,0.9995264474404798,0.9995264474404798,0.00047355255952019615,0.044970647340764794,0.00047355255951993247,2.0716368925778235,0.14062499999999994,0.0,0.0,0.0
n1024_m144_s0.747551_seed0.h5,144,0.7475510204081632,0,1024,144,1.0,143.91931108469726,0.9994396603103977,0.9994396603103977,0.0005603396896023405,0.0502613196326802,0.0005603396896022889,2.1303871679013335,0.140625,0.0,0.0,0.0
n1024_m144_s0.747551_seed1.h5,144,0.7475510204081632,1,1024,144,1.0,143.919625121227,0.999441841119632,0.999441841119632,0.0005581588803680315,0.050832151196593636,0.0005581588803679391,2.1601955319515045,0.14062499999999997,0.0,0.0,0.0
n1024_m144_s0.767755_seed0.h5,144,0.7677551020408163,0,1024,144,1.0,143.90922134520952,0.9993695926750661,0.9993695926750661,0.0006304073249339126,0.058747643527133714,0.0006304073249339855,2.3427595364157225,0.140625,0.0,0.0,0.0
n1024_m144_s0.767755_seed1.h5,144,0.7677551020408163,1,1024,144,1.0,143.90883165219566,0.999366886473581,0.999366886473581,0.000633113526419038,0.058720163818285376,0.0006331135264193064,2.336289542869813,0.14062500000000006,0.0,0.0,0.0
n1024_m144_s0.787959_seed0.h5,144,0.7879591836734694,0,1024,144,1.0,143.9049881604151,0.9993401955584381,0.9993401955584381,0.0006598044415618842,0.06567612146185968,0.0006598044415623853,2.5680146085634687,0.14062500000000006,0.0,0.0,0.0
n1024_m144_s0.787959_seed1.h5,144,0.7879591836734694,1,1024,144,1.0,143.9086942814174,0.9993659325098432,0.9993659325098432,0.00063406749015682,0.06418168657814133,0.0006340674901572301,2.552633022933621,0.14062500000000006,0.0,0.0,0.0
n1024_m144_s0.808163_seed0.h5,144,0.8081632653061224,0,1024,144,1.0,143.9049018113874,0.9993395959124124,0.9993395959124124,0.0006604040875876072,0.07127421625047442,0.0006604040875880741,2.78184098028964,0.14062500000000006,0.0,0.0,0.0
n1024_m144_s0.808163_seed1.h5,144,0.8081632653061224,1,1024,144,1.0,143.89833979390096,0.9992940263465344,0.9992940263465344,0.0007059736534655858,0.07373095004798494,0.00070597365346609,2.7871665497435005,0.14062500000000006,0.0,0.0,0.0
n1024_m144_s0.828367_seed0.h5,144,0.8283673469387755,0,1024,144,1.0,143.89987851196202,0.9993047118886251,0.9993047118886251,0.0006952881113748699,0.07933991085282364,0.0006952881113753294,3.0180292207026027,0.14062500000000008,0.0,0.0,0.0
n1024_m144_s0.828367_seed1.h5,144,0.8283673469387755,1,1024,144,1.0,143.9012755160802,0.9993144133061125,0.9993144133061125,0.0006855866938875188,0.07879330982172988,0.0006855866938881322,3.0171738824359573,0.1406250000000001,0.0,0.0,0.0
n1024_m144_s0.848571_seed0.h5,144,0.8485714285714285,0,1024,144,1.0,143.89307442636346,0.9992574612941907,0.9992574612941907,0.0007425387058093147,0.08969917509507558,0.00074253870580962,3.3021061677627057,0.14062500000000003,0.0,0.0,0.0
n1024_m144_s0.848571_seed1.h5,144,0.8485714285714285,1,1024,144,1.0,143.89522570566623,0.9992724007337933,0.9992724007337933,0.000727599266206691,0.08946403349019937,0.0007275992662073237,3.3246860701392307,0.14062500000000008,0.0,0.0,0.0
n1024_m144_s0.868776_seed0.h5,144,0.8687755102040816,0,1024,144,1.0,143.88759053169633,0.9992193786923357,0.9992193786923357,0.0007806213076643198,0.10308495909192869,0.0007806213076651096,3.6972977723677247,0.1406250000000001,0.0,0.0,0.0
n1024_m144_s0.868776_seed1.h5,144,0.8687755102040816,1,1024,144,1.0,143.88504335514153,0.9992016899662607,0.9992016899662607,0.0007983100337393134,0.10450391262532154,0.0007983100337401742,3.707582344252204,0.1406250000000001,0.0,0.0,0.0
n1024_m144_s0.888980_seed0.h5,144,0.8889795918367347,0,1024,144,1.0,143.87591085546592,0.9991382698296244,0.9991382698296244,0.0008617301703756075,0.1245594038481515,0.0008617301703762914,4.252867749880551,0.1406250000000001,0.0,0.0,0.0
n1024_m144_s0.888980_seed1.h5,144,0.8889795918367347,1,1024,144,1.0,143.87530732448795,0.9991340786422774,0.9991340786422774,0.0008659213577225655,0.12473178545776295,0.0008659213577235493,4.248268352576768,0.14062500000000014,0.0,0.0,0.0
n1024_m144_s0.909184_seed0.h5,144,0.9091836734693878,0,1024,144,1.0,143.86904871862498,0.9990906161015624,0.9990906161015624,0.0009093838984376434,0.15106069941908,0.0009093838984383705,5.0234495913059165,0.1406250000000001,0.0,0.0,0.0
n1024_m144_s0.909184_seed1.h5,144,0.9091836734693878,1,1024,144,1.0,143.86785484681604,0.9990823253251114,0.9990823253251114,0.0009176746748885689,0.151738643094473,0.0009176746748891906,5.021725084544809,0.14062500000000008,0.0,0.0,0.0
n1024_m144_s0.929388_seed0.h5,144,0.9293877551020407,0,1024,144,1.0,143.86365235278208,0.9990531413387644,0.9990531413387644,0.0009468586612355612,0.18983322123573032,0.000946858661235843,6.1838010208873495,0.14062500000000006,0.0,0.0,0.0
n1024_m144_s0.929388_seed1.h5,144,0.9293877551020407,1,1024,144,1.0,143.86411073133058,0.9990563245231291,0.9990563245231291,0.0009436754768709088,0.18980661231411472,0.00094367547687148,6.192153747403814,0.14062500000000008,0.0,0.0,0.0
n1024_m144_s0.949592_seed0.h5,144,0.9495918367346938,0,1024,144,1.0,143.854057893157,0.9989865131469237,0.9989865131469237,0.0010134868530763397,0.2499918609767957,0.0010134868530765873,7.866022352831042,0.14062500000000006,0.0,0.0,0.0
n1024_m144_s0.949592_seed1.h5,144,0.9495918367346938,1,1024,144,1.0,143.85083810985088,0.9989641535406312,0.9989641535406312,0.0010358464593688277,0.2526987124758031,0.0010358464593691187,7.871346786389789,0.14062500000000006,0.0,0.0,0.0
n1024_m144_s0.969796_seed0.h5,144,0.9697959183673469,0,1024,144,1.0,143.8174481242895,0.9987322786408994,0.9987322786408994,0.001267721359100582,0.3385407662367012,0.0012677213591014659,9.534113072893446,0.14062500000000014,0.0,0.0,0.0
n1024_m144_s0.969796_seed1.h5,144,0.9697959183673469,1,1024,144,1.0,143.82287976145744,0.9987699983434545,0.9987699983434545,0.0012300016565455207,0.33387193348408256,0.0012300016565463894,9.540399832508038,0.1406250000000001,0.0,0.0,0.0
n1024_m144_s0.990000_seed0.h5,144,0.99,0,1024,144,1.0,143.67392219603062,0.9977355708057681,0.9977355708057681,0.002264429194231865,0.47545698740605585,0.0022644291942327493,10.022448805093406,0.1406250000000001,0.0,0.0,0.0
n1024_m144_s0.990000_seed1.h5,144,0.99,1,1024,144,1.0,143.67478358745575,0.9977415526906649,0.9977415526906649,0.00225844730933511,0.47463194665048414,0.0022584473093358267,10.026426222292926,0.1406250000000001,0.0,0.0,0.0
n1024_m160_s0.000000_seed0.h5,160,0.0,0,1024,160,1.0,159.99128487915004,0.9999455304946878,0.9999455304946878,5.446950531218242e-05,0.007050265588902413,5.446950531382327e-05,1.000854466098582,0.15625000000000025,0.0,0.0,0.0
n1024_m160_s0.000000_seed1.h5,160,0.0,1,1024,160,1.0,159.99397351956577,0.9999623344972861,0.9999623344972861,3.7665502713890575e-05,0.005891567981077673,3.7665502715391185e-05,1.0009624056836337,0.15625000000000022,0.0,0.0,0.0
n1024_m160_s0.020204_seed0.h5,160,0.02020408163265306,0,1024,160,1.0,159.9942503272323,0.9999640645452018,0.9999640645452018,3.593545479818605e-05,0.005774336541301795,3.5935454799778784e-05,1.0013627677473678,0.15625000000000025,0.0,0.0,0.0
n1024_m160_s0.020204_seed1.h5,160,0.02020408163265306,1,1024,160,1.0,159.99342959938076,0.9999589349961298,0.9999589349961298,4.1065003870244254e-05,0.0061445957592111584,4.106500387167586e-05,1.001243660791701,0.15625000000000022,0.0,0.0,0.0
n1024_m160_s0.040408_seed0.h5,160,0.04040816326530612,0,1024,160,1.0,159.99275470282737,0.999954716892671,0.999954716892671,4.5283107328986105e-05,0.006472218397587212,4.5283107330454996e-05,1.0016258649909437,0.15625000000000022,0.0,0.0,0.0
n1024_m160_s0.040408_seed1.h5,160,0.04040816326530612,1,1024,160,1.0,159.99290848119563,0.9999556780074726,0.9999556780074726,4.432199252735192e-05,0.006401125164974545,4.432199252863754e-05,1.0016172572218591,0.1562500000000002,0.0,0.0,0.0
n1024_m160_s0.060612_seed0.h5,160,0.06061224489795918,0,1024,160,1.0,159.9932554414554,0.9999578465090962,0.9999578465090962,4.215349090375131e-05,0.006244637434409479,4.2153490905084094e-05,1.0021851062265514,0.15625000000000022,0.0,0.0,0.0
n1024_m160_s0.060612_seed1.h5,160,0.06061224489795918,1,1024,160,1.0,159.99332547945232,0.9999582842465771,0.9999582842465771,4.171575342293288e-05,0.006228004833829992,4.1715753424389097e-05,1.0021107829897091,0.15625000000000022,0.0,0.0,0.0
n1024_m160_s0.080816_seed0.h5,160,0.08081632653061224,0,1024,160,1.0,159.99234597561735,0.9999521623476084,0.9999521623476084,4.783765239158022e-05,0.00668074609701087,4.783765239271499e-05,1.0029319133477321,0.1562500000000002,0.0,0.0,0.0
n1024_m160_s0.080816_seed1.h5,160,0.08081632653061224,1,1024,160,1.0,159.99301385543367,0.9999563365964604,0.9999563365964604,4.366340353956222e-05,0.006395032616416243,4.366340354087778e-05,1.0031664635362425,0.15625000000000022,0.0,0.0,0.0
n1024_m160_s0.101020_seed0.h5,160,0.1010204081632653,0,1024,160,1.0,159.9895883838617,0.9999349273991356,0.9999349273991356,6.507260086441313e-05,0.007889750646991876,6.507260086601514e-05,1.0055102890129242,0.15625000000000025,0.0,0.0,0.0
n1024_m160_s0.101020_seed1.h5,160,0.1010204081632653,1,1024,160,1.0,159.99033071819576,0.9999395669887235,0.9999395669887235,6.043301127645062e-05,0.0076525292027906176,6.043301127764501e-05,1.0056886369249984,0.15625000000000017,0.0,0.0,0.0
n1024_m160_s0.121224_seed0.h5,160,0.12122448979591836,0,1024,160,1.0,159.98117057493073,0.999882316093317,0.999882316093317,0.000117683906682986,0.010736958438094572,0.00011768390668400417,1.0104988965135886,0.15625000000000017,0.0,0.0,0.0
n1024_m160_s0.121224_seed1.h5,160,0.12122448979591836,1,1024,160,1.0,159.9811939054198,0.9998824619088736,0.9998824619088736,0.00011753809112635683,0.010767827068204939,0.00011753809112761965,1.0114382442211745,0.15625000000000022,0.0,0.0,0.0
n1024_m160_s0.141429_seed0.h5,160,0.14142857142857143,0,1024,160,1.0,159.9697802066221,0.999811126291388,0.999811126291388,0.00018887370861198072,0.01354729640403903,0.0001888737086130206,1.016905708421675,0.15625000000000017,0.0,0.0,0.0
n1024_m160_s0.141429_seed1.h5,160,0.14142857142857143,1,1024,160,1.0,159.9719750561053,0.9998248441006581,0.9998248441006581,0.00017515589934191667,0.0130738396413738,0.00017515589934322508,1.0167144138672812,0.1562500000000002,0.0,0.0,0.0
n1024_m160_s0.161633_seed0.h5,160,0.16163265306122448,0,1024,160,1.0,159.95668339855183,0.9997292712409489,0.9997292712409489,0.0002707287590510976,0.016132694570413848,0.0002707287590517011,1.0240888676365578,0.1562500000000001,0.0,0.0,0.0
n1024_m160_s0.161633_seed1.h5,160,0.16163265306122448,1,1024,160,1.0,159.9590686960073,0.9997441793500457,0.9997441793500457,0.0002558206499543303,0.015649755746199596,0.00025582064995519917,1.0244307298154585,0.15625000000000014,0.0,0.0,0.0
n1024_m160_s0.181837_seed0.h5,160,0.18183673469387754,0,1024,160,1.0,159.94484719326283,0.9996552949578927,0.9996552949578927,0.0003447050421072628,0.01807449786881715,0.00034470504210786895,1.032615525333008,0.15625000000000008,0.0,0.0,0.0
n1024_m160_s0.181837_seed1.h5,160,0.18183673469387754,1,1024,160,1.0,159.94693712433946,0.9996683570271216,0.9996683570271216,0.0003316429728783543,0.017759376250016026,0.0003316429728792824,1.0311032976169936,0.1562500000000001,0.0,0.0,0.0
n1024_m160_s0.202041_seed0.h5,160,0.2020408163265306,0,1024,160,1.0,159.9353629785328,0.9995960186158299,0.9995960186158299,0.00040398138417008234,0.019638002602681722,0.0004039813841706102,1.0406995771549403,0.15625000000000008,0.0,0.0,0.0
n1024_m160_s0.202041_seed1.h5,160,0.2020408163265306,1,1024,160,1.0,159.9375638389829,0.9996097739936431,0.9996097739936431,0.000390226006356853,0.019295667339388253,0.00039022600635763797,1.041480404635952,0.1562500000000001,0.0,0.0,0.0
n1024_m160_s0.222245_seed0.h5,160,0.22224489795918367,0,1024,160,1.0,159.93066309810092,0.9995666443631308,0.9995666443631308,0.00043335563686919265,0.02051107523684254,0.0004333556368693567,1.049455720399157,0.15625000000000003,0.0,0.0,0.0
n1024_m160_s0.222245_seed1.h5,160,0.22224489795918367,1,1024,160,1.0,159.93259483229485,0.9995787177018428,0.9995787177018428,0.00042128229815718843,0.020234422745764386,0.00042128229815761604,1.0499009922338642,0.15625000000000006,0.0,0.0,0.0
n1024_m160_s0.242449_seed0.h5,160,0.24244897959183673,0,1024,160,1.0,159.9354524040973,0.9995965775256082,0.9995965775256082,0.00040342247439184575,0.020263036225164805,0.0004034224743919394,1.059768047224803,0.15625000000000003,0.0,0.0,0.0
n1024_m160_s0.242449_seed1.h5,160,0.24244897959183673,1,1024,160,1.0,159.93417505219986,0.9995885940762491,0.9995885940762491,0.0004114059237508849,0.020476724856604536,0.0004114059237511634,1.0594702121972355,0.15625000000000006,0.0,0.0,0.0
n1024_m160_s0.262653_seed0.h5,160,0.2626530612244898,0,1024,160,1.0,159.93492080433498,0.9995932550270936,0.9995932550270936,0.000406744972906381,0.02044860571823661,0.00040674497290631476,1.0711491117160175,0.15625,0.0,0.0,0.0
n1024_m160_s0.262653_seed1.h5,160,0.2626530612244898,1,1024,160,1.0,159.9326181927172,0.9995788637044825,0.9995788637044825,0.0004211362955175435,0.020949447096551898,0.00042113629551782957,1.0697789679030327,0.15625000000000006,0.0,0.0,0.0
n1024_m160_s0.282857_seed0.h5,160,0.28285714285714286,0,1024,160,1.0,159.92913338186918,0.9995570836366824,0.9995570836366824,0.00044291636331761364,0.021377127103488006,0.0004429163633174133,1.0823231860345448,0.15624999999999997,0.0,0.0,0.0
n1024_m160_s0.282857_seed1.h5,160,0.28285714285714286,1,1024,160,1.0,159.92728730527597,0.9995455456579748,0.9995455456579748,0.000454454342025179,0.02179377241994388,0.00045445434202508997,1.080570754864004,0.15625,0.0,0.0,0.0
n1024_m160_s0.303061_seed0.h5,160,0.3030612244897959,0,1024,160,1.0,159.92235880602675,0.9995147425376671,0.9995147425376671,0.0004852574623328554,0.02236168832708978,0.00048525746233266267,1.0949455600609397,0.15625,2.3898260761055395e-05,0.0,0.0
n1024_m160_s0.303061_seed1.h5,160,0.3030612244897959,1,1024,160,1.0,159.92483090123278,0.9995301931327049,0.9995301931327049,0.00046980686729514165,0.022018966354228623,0.0004698068672948491,1.0967811775505714,0.15624999999999994,2.6946189214597498e-05,0.0,0.0
n1024_m160_s0.323265_seed0.h5,160,0.32326530612244897,0,1024,160,1.0,159.91286464077712,0.999455404004857,0.999455404004857,0.0005445959951430046,0.023635074014283625,0.0005445959951429281,1.1144452135842924,0.15625,6.68730806076587e-05,0.0,0.0
n1024_m160_s0.323265_seed1.h5,160,0.32326530612244897,1,1024,160,1.0,159.91367734667438,0.9994604834167149,0.9994604834167149,0.0005395165832851045,0.023535473146020277,0.000539516583284833,1.1130883503111717,0.15624999999999994,8.067531990373002e-05,0.0,0.0
n1024_m160_s0.343469_seed0.h5,160,0.34346938775510205,0,1024,160,1.0,159.89211021343363,0.9993256888339601,0.9993256888339601,0.0006743111660398871,0.02620147031052603,0.0006743111660392236,1.1387646219525924,0.1562499999999999,7.035542920991463e-05,0.0,0.0
n1024_m160_s0.343469_seed1.h5,160,0.34346938775510205,1,1024,160,1.0,159.894866462535,0.9993429153908437,0.9993429153908437,0.0006570846091562554,0.025767973163845957,0.0006570846091559112,1.141708825619516,0.15624999999999994,8.43208415750814e-05,0.0,0.0
n1024_m160_s0.363673_seed0.h5,160,0.3636734693877551,0,1024,160,1.0,159.8787124708906,0.9992419529430663,0.9992419529430663,0.0007580470569337194,0.027138564642661938,0.0007580470569331899,1.1721145783349225,0.15624999999999992,6.856423850268967e-05,0.0,0.0
n1024_m160_s0.363673_seed1.h5,160,0.3636734693877551,1,1024,160,1.0,159.87156863772543,0.999197303985784,0.999197303985784,0.0008026960142160089,0.02723430706729693,0.0008026960142156372,1.1786729018684965,0.15624999999999994,8.82138689746643e-05,0.0,0.0
n1024_m160_s0.383878_seed0.h5,160,0.38387755102040816,0,1024,160,1.0,159.81179181914194,0.9988236988696372,0.9988236988696372,0.0011763011303628224,0.03427570944843217,0.0011763011303622646,1.2105880333990031,0.1562499999999999,7.177660251547196e-05,0.0,0.0
n1024_m160_s0.383878_seed1.h5,160,0.38387755102040816,1,1024,160,1.0,159.84496865887195,0.9990310541179497,0.9990310541179497,0.0009689458820503205,0.031571328503538346,0.0009689458820498568,1.2149685850055505,0.15624999999999992,9.127913243577192e-05,0.0,0.0
n1024_m160_s0.404082_seed0.h5,160,0.4040816326530612,0,1024,160,1.0,159.61990542363492,0.9976244088977182,0.9976244088977182,0.0023755911022818044,0.04470098725603978,0.0023755911022812484,1.313323736637753,0.15624999999999992,0.11797914757208652,0.0,0.0
n1024_m160_s0.404082_seed1.h5,160,0.4040816326530612,1,1024,160,1.0,159.5952607213112,0.9974703795081951,0.9974703795081951,0.0025296204918049403,0.045905244215253556,0.0025296204918044914,1.3166336330267512,0.15624999999999994,0.1287951171182908,0.0,0.0
n1024_m160_s0.424286_seed0.h5,160,0.42428571428571427,0,1024,160,1.0,159.46287064578792,0.9966429415361745,0.9966429415361745,0.003357058463825502,0.051364366087798714,0.0033570584638250123,1.4630018302933199,0.15624999999999992,0.1427875311344103,3.0920636816335716e-05,0.0
n1024_m160_s0.424286_seed1.h5,160,0.42428571428571427,1,1024,160,1.0,159.47014945663977,0.9966884341039985,0.9966884341039985,0.003311565896001456,0.05138158015232907,0.003311565896000989,1.461078929771476,0.15624999999999994,0.14515966105083628,5.1276858194525225e-05,0.0
n1024_m160_s0.444490_seed0.h5,160,0.44448979591836735,0,1024,160,1.0,159.4213799443678,0.9963836246522988,0.9963836246522988,0.003616375347701206,0.05302918681132641,0.0036163753477008744,1.5779255467784394,0.15624999999999994,0.12215220566205484,0.0002800958994395149,0.0
n1024_m160_s0.444490_seed1.h5,160,0.44448979591836735,1,1024,160,1.0,159.43567375725252,0.9964729609828282,0.9964729609828282,0.0035270390171717736,0.051909895198120906,0.0035270390171712827,1.5792054825491968,0.15624999999999992,0.11418904179387197,3.5835211861754896e-06,0.0
n1024_m160_s0.464694_seed0.h5,160,0.4646938775510204,0,1024,160,1.0,159.39765820588218,0.9962353637867636,0.9962353637867636,0.0037646362132364164,0.05335473296170851,0.0037646362132360304,1.6881346735774896,0.15624999999999994,0.0892918597292004,0.01220180514957071,0.0
n1024_m160_s0.464694_seed1.h5,160,0.4646938775510204,1,1024,160,1.0,159.42252667230787,0.9963907917019241,0.9963907917019241,0.003609208298075872,0.05249587796278314,0.003609208298075529,1.6761203270243454,0.15624999999999994,0.08550380659830233,0.010296413463327,0.0
n1024_m160_s0.484898_seed0.h5,160,0.48489795918367345,0,1024,160,1.0,159.4364854766318,0.9964780342289487,0.9964780342289487,0.0035219657710513497,0.05103764542751447,0.0035219657710512304,1.7709862920310038,0.15625,0.057227160857572804,0.03536524052708341,0.0
n1024_m160_s0.484898_seed1.h5,160,0.48489795918367345,1,1024,160,1.0,159.52249401406152,0.9970155875878846,0.9970155875878846,0.0029844124121154447,0.04762710737253499,0.0029844124121154426,1.7810465812545733,0.15625,0.040269340328962115,0.03258974483526059,0.0
n1024_m160_s0.505102_seed0.h5,160,0.5051020408163265,0,1024,160,1.0,159.65905820285843,0.9978691137678652,0.9978691137678652,0.0021308862321347544,0.044195811402186265,0.0021308862321346715,1.851551351988589,0.15624999999999997,0.01922693572201655,0.019196367262393092,0.0012834426966970712
n1024_m160_s0.505102_seed1.h5,160,0.5051020408163265,1,1024,160,1.0,159.74665203134646,0.9984165751959153,0.9984165751959153,0.0015834248040846877,0.04151228184890896,0.0015834248040845766,1.8559852547362639,0.15625,0.012867800225881933,0.012831419560189211,0.0016454683704395922
n1024_m160_s0.525306_seed0.h5,160,0.5253061224489796,0,1024,160,1.0,159.73100165001233,0.998318760312577,0.998318760312577,0.001681239687422953,0.043296415467826664,0.0016812396874230442,1.896264656629171,0.15625000000000003,0.012574814641110146,0.012542356044074564,0.007210564146204745
n1024_m160_s0.525306_seed1.h5,160,0.5253061224489796,1,1024,160,1.0,159.72775914202794,0.9982984946376746,0.9982984946376746,0.001701505362325384,0.04342294164184851,0.001701505362325533,1.897189617478308,0.15625000000000003,0.012393828093913106,0.012358889416435518,0.00816208125476333
n1024_m160_s0.545510_seed0.h5,160,0.5455102040816326,0,1024,160,1.0,159.62690696908976,0.997668168556811,0.997668168556811,0.0023318314431890474,0.04687949256418696,0.002331831443189023,1.924064778831108,0.15625,0.01848908713492366,0.018479523967703367,0.012913932796667981
n1024_m160_s0.545510_seed1.h5,160,0.5455102040816326,1,1024,160,1.0,159.6946754961973,0.9980917218512332,0.9980917218512332,0.0019082781487668177,0.045311958559442,0.0019082781487666557,1.9252326085638873,0.15624999999999997,0.014065447354031623,0.013974705406994702,0.009280681842089295
n1024_m160_s0.565714_seed0.h5,160,0.5657142857142857,0,1024,160,1.0,159.71105931157945,0.9981941206973716,0.9981941206973716,0.0018058793026284325,0.045323799469570075,0.001805879302628325,1.9565959136933722,0.15625,0.01211151405855905,0.012093167798122945,0.010213312033138819
n1024_m160_s0.565714_seed1.h5,160,0.5657142857142857,1,1024,160,1.0,159.70697350928094,0.9981685844330059,0.9981685844330059,0.0018314155669940657,0.04571866953912571,0.0018314155669942327,1.9564030181147136,0.15625000000000003,0.012006294135669442,0.011981408171205141,0.010294046366930454
n1024_m160_s0.585918_seed0.h5,160,0.5859183673469388,0,1024,160,1.0,159.70627705076186,0.9981642315672616,0.9981642315672616,0.0018357684327383605,0.04586944096217473,0.001835768432738509,1.9777139874543372,0.15625,0.012026349276057228,0.01193001085751189,0.010379095725944523
n1024_m160_s0.585918_seed1.h5,160,0.5859183673469388,1,1024,160,1.0,159.60690712329233,0.9975431695205771,0.9975431695205771,0.0024568304794229112,0.0488349515994993,0.0024568304794229208,1.972248412878915,0.15625,0.01812467171694938,0.017771885261029095,0.014381971497806434
n1024_m160_s0.606122_seed0.h5,160,0.6061224489795918,0,1024,160,1.0,159.69887235376518,0.9981179522110324,0.9981179522110324,0.0018820477889676113,0.046856631815288985,0.0018820477889677442,1.995860418664416,0.15625,0.01200932291579638,0.011928832628021007,0.010872739565564563
n1024_m160_s0.606122_seed1.h5,160,0.6061224489795918,1,1024,160,1.0,159.69620411701908,0.9981012757313692,0.9981012757313692,0.0018987242686308026,0.04699184842783585,0.0018987242686309164,1.9955104262451275,0.15625000000000003,0.011897289535196837,0.011788825427292385,0.01031719568860453
n1024_m160_s0.626327_seed0.h5,160,0.6263265306122449,0,1024,160,1.0,159.69509399918024,0.9980943374948765,0.9980943374948765,0.0019056625051234732,0.04754772612232853,0.0019056625051235778,2.0103194693783877,0.15625000000000003,0.012082502786950142,0.011968050433178716,0.010736614053524402
n1024_m160_s0.626327_seed1.h5,160,0.6263265306122449,1,1024,160,1.0,159.69285558332922,0.9980803473958076,0.9980803473958076,0.0019196526041923567,0.04796386440332236,0.0019196526041923376,2.0106402693471983,0.15625,0.011914339813820441,0.011556008776792484,0.009939311823504281
n1024_m160_s0.646531_seed0.h5,160,0.6465306122448979,0,1024,160,1.0,159.6928692595975,0.9980804328724844,0.9980804328724844,0.00191956712751562,0.04840961565743016,0.0019195671275156153,2.0230780086661384,0.15625,0.01218461530027495,0.011977089531902808,0.01057079345042827
n1024_m160_s0.646531_seed1.h5,160,0.6465306122448979,1,1024,160,1.0,159.69714341740473,0.9981071463587796,0.9981071463587796,0.0018928536412203822,0.04845130050447148,0.0018928536412203497,2.023869956411925,0.15625,0.011919775977510977,0.011406789676660516,0.009668381184686596
n1024_m160_s0.666735_seed0.h5,160,0.666734693877551,0,1024,160,1.0,159.69268587525585,0.9980792867203491,0.9980792867203491,0.0019207132796509319,0.04943286553279421,0.0019207132796509603,2.0351421338398326,0.15625,0.01226676016336723,0.012026071591668661,0.010093228574991954
n1024_m160_s0.666735_seed1.h5,160,0.666734693877551,1,1024,160,1.0,159.6972701937775,0.9981079387111095,0.9981079387111095,0.001892061288890523,0.049399701387039495,0.0018920612888905966,2.0353245320693,0.15625,0.012210348165377444,0.011710572921467901,0.009786223200413797
n1024_m160_s0.686939_seed0.h5,160,0.6869387755102041,0,1024,160,1.0,159.6871183484909,0.9980444896780682,0.9980444896780682,0.0019555103219317527,0.05104380783546136,0.001955510321931865,2.0447017374842416,0.15625,0.012457250324491553,0.012152979633920641,0.010217454336981369
n1024_m160_s0.686939_seed1.h5,160,0.6869387755102041,1,1024,160,1.0,159.70184902317123,0.9981365563948202,0.9981365563948202,0.0018634436051797598,0.050221449039857556,0.001863443605179662,2.0453401374184907,0.15625,0.012262725523792622,0.011391255108264511,0.009400884486873403
n1024_m160_s0.707143_seed0.h5,160,0.7071428571428571,0,1024,160,1.0,159.69232254705275,0.9980770159190797,0.9980770159190797,0.001922984080920287,0.051902946585443546,0.0019229840809201662,2.053719588520347,0.15625,0.012649428325049627,0.011976830643218948,0.009417049954616301
n1024_m160_s0.707143_seed1.h5,160,0.7071428571428571,1,1024,160,1.0,159.7007727829623,0.9981298298935144,0.9981298298935144,0.0018701701064856024,0.05111001863972313,0.0018701701064857857,2.053846514247399,0.15625,0.012364319504027645,0.011589765774521718,0.009253183440681082
n1024_m160_s0.727347_seed0.h5,160,0.7273469387755102,0,1024,160,1.0,159.69253627522266,0.9980783517201417,0.9980783517201417,0.0019216482798583012,0.053122888274988914,0.0019216482798584508,2.062139720889893,0.15625000000000003,0.01282099275649017,0.011869714209610515,0.009013382158485288
n1024_m160_s0.727347_seed1.h5,160,0.7273469387755102,1,1024,160,1.0,159.9163639646431,0.9994772747790194,0.9994772747790194,0.0005227252209806243,0.04723853902911174,0.0005227252209804976,2.070446883889436,0.15624999999999997,0.0,0.0,0.0
n1024_m160_s0.747551_seed0.h5,160,0.7475510204081632,0,1024,160,1.0,159.90756490829517,0.9994222806768448,0.9994222806768448,0.0005777193231552014,0.05065420217490839,0.0005777193231552853,2.1115255079150956,0.15625,0.0,0.0,0.0
n1024_m160_s0.747551_seed1.h5,160,0.7475510204081632,1,1024,160,1.0,159.90406423571403,0.9994004014732127,0.9994004014732127,0.0005995985267872594,0.05151672522638797,0.0005995985267873696,2.1065937917329123,0.15625,0.0,0.0,0.0
n1024_m160_s0.767755_seed0.h5,160,0.7677551020408163,0,1024,160,1.0,159.89312645059545,0.9993320403162216,0.9993320403162216,0.0006679596837784185,0.06054897248326178,0.0006679596837784335,2.345955793333238,0.15624999999999997,0.0,0.0,0.0
n1024_m160_s0.767755_seed1.h5,160,0.7677551020408163,1,1024,160,1.0,159.88783797822543,0.999298987363909,0.999298987363909,0.000701012636091014,0.061466632462835825,0.000701012636091146,2.32390938563403,0.15625,0.0,0.0,0.0
n1024_m160_s0.787959_seed0.h5,160,0.7879591836734694,0,1024,160,1.0,159.8862738031894,0.9992892112699338,0.9992892112699338,0.0007107887300662474,0.06848379641076258,0.0007107887300666528,2.57751517647066,0.15625000000000006,0.0,0.0,0.0
n1024_m160_s0.787959_seed1.h5,160,0.7879591836734694,1,1024,160,1.0,159.88538190891268,0.9992836369307042,0.9992836369307042,0.000716363069295789,0.0689192100647954,0.0007163630692959998,2.5827258146381453,0.15625000000000006,0.0,0.0,0.0
n1024_m160_s0.808163_seed0.h5,160,0.8081632653061224,0,1024,160,1.0,159.88352058059536,0.999272003628721,0.999272003628721,0.0007279963712789606,0.07457683889783372,0.000727996371279165,2.769969990685288,0.15625000000000003,0.0,0.0,0.0
n1024_m160_s0.808163_seed1.h5,160,0.8081632653061224,1,1024,160,1.0,159.88654582801973,0.9992909114251234,0.9992909114251234,0.0007090885748766151,0.07364896233399583,0.0007090885748770824,2.77426589609866,0.15625000000000006,0.0,0.0,0.0
n1024_m160_s0.828367_seed0.h5,160,0.8283673469387755,0,1024,160,1.0,159.88323574094102,0.9992702233808813,0.9992702233808813,0.0007297766191186605,0.0816192834935214,0.0007297766191193768,3.026820232714022,0.1562500000000001,0.0,0.0,0.0
n1024_m160_s0.828367_seed1.h5,160,0.8283673469387755,1,1024,160,1.0,159.8762781250407,0.9992267382815043,0.9992267382815043,0.0007732617184956769,0.08356572068507959,0.0007732617184962511,3.0179283056181,0.1562500000000001,0.0,0.0,0.0
n1024_m160_s0.848571_seed0.h5,160,0.8485714285714285,0,1024,160,1.0,159.87182615348138,0.9991989134592586,0.9991989134592586,0.0008010865407414025,0.0938899286969086,0.0008010865407421277,3.3259782930595923,0.1562500000000001,0.0,0.0,0.0
n1024_m160_s0.848571_seed1.h5,160,0.8485714285714285,1,1024,160,1.0,159.86480355460662,0.9991550222162914,0.9991550222162914,0.0008449777837086225,0.09645288934068277,0.0008449777837092133,3.327148153427637,0.15625000000000008,0.0,0.0,0.0
n1024_m160_s0.868776_seed0.h5,160,0.8687755102040816,0,1024,160,1.0,159.86725620744983,0.9991703512965614,0.9991703512965614,0.0008296487034386013,0.10543263135943987,0.0008296487034393824,3.6690489095224423,0.1562500000000001,0.0,0.0,0.0
n1024_m160_s0.868776_seed1.h5,160,0.8687755102040816,1,1024,160,1.0,159.86318097088952,0.9991448810680594,0.9991448810680594,0.0008551189319405683,0.1082349012395387,0.000855118931941321,3.708742325927688,0.15625000000000014,0.0,0.0,0.0
n1024_m160_s0.888980_seed0.h5,160,0.8889795918367347,0,1024,160,1.0,159.8508859166177,0.9990680369788606,0.9990680369788606,0.0009319630211394037,0.12934246483253228,0.0009319630211402195,4.243467446537118,0.15625000000000014,0.0,0.0,0.0
n1024_m160_s0.888980_seed1.h5,160,0.8889795918367347,1,1024,160,1.0,159.84783525622333,0.9990489703513958,0.9990489703513958,0.0009510296486041625,0.13053612253841007,0.0009510296486050991,4.2408180401504465,0.15625000000000017,0.0,0.0,0.0
n1024_m160_s0.909184_seed0.h5,160,0.9091836734693878,0,1024,160,1.0,159.8429789558868,0.9990186184742924,0.9990186184742924,0.000981381525707592,0.15761580975338793,0.000981381525707993,5.040875979961434,0.15625000000000006,0.0,0.0,0.0
n1024_m160_s0.909184_seed1.h5,160,0.9091836734693878,1,1024,160,1.0,159.8448877998744,0.999030548749215,0.999030548749215,0.0009694512507849584,0.1562600163435805,0.0009694512507857085,5.028570162428276,0.1562500000000001,0.0,0.0,0.0
n1024_m160_s0.929388_seed0.h5,160,0.9293877551020407,0,1024,160,1.0,159.8331462291826,0.9989571639323913,0.9989571639323913,0.0010428360676086879,0.19709312831737902,0.001042836067608866,6.119157196761673,0.15625000000000003,0.0,0.0,0.0
n1024_m160_s0.929388_seed1.h5,160,0.9293877551020407,1,1024,160,1.0,159.83305177092552,0.9989565735682845,0.9989565735682845,0.0010434264317155106,0.1972934912016007,0.0010434264317158216,6.12103917332068,0.15625000000000006,0.0,0.0,0.0
n1024_m160_s0.949592_seed0.h5,160,0.9495918367346938,0,1024,160,1.0,159.81362871825695,0.9988351794891059,0.9988351794891059,0.0011648205108940601,0.2543038033558757,0.0011648205108944164,7.470014071747227,0.15625000000000006,0.0,0.0,0.0
n1024_m160_s0.949592_seed1.h5,160,0.9495918367346938,1,1024,160,1.0,159.80389209091663,0.998774325568229,0.998774325568229,0.0012256744317710178,0.26110213295754126,0.0012256744317713372,7.474478383805229,0.15625000000000006,0.0,0.0,0.0
n1024_m160_s0.969796_seed0.h5,160,0.9697959183673469,0,1024,160,1.0,159.75895266234875,0.9984934541396797,0.9984934541396797,0.0015065458603202853,0.33660428184360064,0.001506545860320893,8.69564016579932,0.15625000000000008,0.0,0.0,0.0
n1024_m160_s0.969796_seed1.h5,160,0.9697959183673469,1,1024,160,1.0,159.76091903448105,0.9985057439655065,0.9985057439655065,0.0014942560344934908,0.3351575549293921,0.0014942560344938338,8.698356147570703,0.15625000000000006,0.0,0.0,0.0
n1024_m160_s0.990000_seed0.h5,160,0.99,0,1024,160,1.0,159.56345276534557,0.9972715797834099,0.9972715797834099,0.002728420216590144,0.4600625167167156,0.00272842021659089,8.830308907715422,0.1562500000000001,0.0,0.0,0.0
n1024_m160_s0.990000_seed1.h5,160,0.99,1,1024,160,1.0,159.556206792593,0.9972262924537063,0.9972262924537063,0.002773707546293691,0.464051530427653,0.0027737075462946933,8.840318476271266,0.15625000000000014,0.0,0.0,0.0
n1024_m16_s0.000000_seed0.h5,16,0.0,0,1024,16,1.0,15.999818461703398,0.9999886538564624,0.9999886538564624,1.1346143537593889e-05,0.003215775440805001,1.1346143538957878e-05,1.0004158676412,0.01562500000000002,0.0,0.0,0.0
n1024_m16_s0.000000_seed1.h5,16,0.0,1,1024,16,1.0,15.99916980425769,0.9999481127661056,0.9999481127661056,5.188723389437655e-05,0.006722282387023123,5.18872338959224e-05,0.9997449927171601,0.015625000000000024,0.0,0.0,0.0
n1024_m16_s0.020204_seed0.h5,16,0.02020408163265306,0,1024,16,1.0,15.99969974206033,0.9999812338787706,0.9999812338787706,1.8766121229418786e-05,0.004101911614997041,1.876612123127391e-05,1.0006393435866103,0.015625000000000028,0.0,0.0,0.0
n1024_m16_s0.020204_seed1.h5,16,0.02020408163265306,1,1024,16,1.0,15.998992321372498,0.9999370200857811,0.9999370200857811,6.297991421888582e-05,0.0075759064134700155,6.297991422031543e-05,0.999508056965253,0.01562500000000002,0.0,0.0,0.0
n1024_m16_s0.040408_seed0.h5,16,0.04040816326530612,0,1024,16,1.0,15.999450274870469,0.9999656421794043,0.9999656421794043,3.435782059568737e-05,0.005605550780968852,3.435782059757266e-05,1.0003930953620999,0.015625000000000028,0.0,0.0,0.0
n1024_m16_s0.040408_seed1.h5,16,0.04040816326530612,1,1024,16,1.0,15.998611807703128,0.9999132379814455,0.9999132379814455,8.676201855450927e-05,0.00887173312661657,8.676201855582523e-05,0.9993887004895547,0.01562500000000002,0.0,0.0,0.0
n1024_m16_s0.060612_seed0.h5,16,0.06061224489795918,0,1024,16,1.0,15.999197729350271,0.999949858084392,0.999949858084392,5.014191560803738e-05,0.00684855075246435,5.014191560910014e-05,1.0001864816373354,0.015625000000000017,0.0,0.0,0.0
n1024_m16_s0.060612_seed1.h5,16,0.06061224489795918,1,1024,16,1.0,15.998300669129094,0.9998937918205684,0.9998937918205684,0.00010620817943163274,0.00990679152549425,0.00010620817943292213,0.9989407153565348,0.01562500000000002,0.0,0.0,0.0
n1024_m16_s0.080816_seed0.h5,16,0.08081632653061224,0,1024,16,1.0,15.99892929516136,0.999933080947585,0.999933080947585,6.691905241495988e-05,0.007922584619447065,6.691905241606347e-05,1.000081856326112,0.015625000000000017,0.0,0.0,0.0
n1024_m16_s0.080816_seed1.h5,16,0.08081632653061224,1,1024,16,1.0,15.99795297529272,0.999872060955795,0.999872060955795,0.00012793904420504987,0.010876370369125588,0.00012793904420583572,0.9987078815161039,0.01562500000000001,0.0,0.0,0.0
n1024_m16_s0.101020_seed0.h5,16,0.1010204081632653,0,1024,16,1.0,15.998547927687468,0.9999092454804668,0.9999092454804668,9.075451953322045e-05,0.009209063204725984,9.075451953475934e-05,0.9997491338650067,0.015625000000000024,0.0,0.0,0.0
n1024_m16_s0.101020_seed1.h5,16,0.1010204081632653,1,1024,16,1.0,15.997509046464984,0.9998443154040615,0.9998443154040615,0.00015568459593851003,0.011963277680073086,0.00015568459593972062,0.9990435375900151,0.015625000000000017,0.0,0.0,0.0
n1024_m16_s0.121224_seed0.h5,16,0.12122448979591836,0,1024,16,1.0,15.998139283146884,0.9998837051966802,0.9998837051966802,0.00011629480331976083,0.010401062998205028,0.00011629480332176301,0.999711241059404,0.01562500000000003,0.0,0.0,0.0
n1024_m16_s0.121224_seed1.h5,16,0.12122448979591836,1,1024,16,1.0,15.997020067308767,0.999813754206798,0.999813754206798,0.00018624579320203338,0.013066260252834987,0.00018624579320397882,0.999226095946566,0.01562500000000003,0.0,0.0,0.0
n1024_m16_s0.141429_seed0.h5,16,0.14142857142857143,0,1024,16,1.0,15.99790507866419,0.9998690674165118,0.9998690674165118,0.00013093258348817471,0.011031075561381208,0.00013093258348933207,0.9997067697186195,0.015625000000000017,0.0,0.0,0.0
n1024_m16_s0.141429_seed1.h5,16,0.14142857142857143,1,1024,16,1.0,15.996379592063022,0.9997737245039389,0.9997737245039389,0.00022627549606113462,0.014370254310749106,0.00022627549606261236,0.9990234761205035,0.01562500000000002,0.0,0.0,0.0
n1024_m16_s0.161633_seed0.h5,16,0.16163265306122448,0,1024,16,1.0,15.997440677354462,0.9998400423346538,0.9998400423346538,0.0001599576653461554,0.012160003624824995,0.00015995766534717846,1.0001894818330401,0.015625000000000014,0.0,0.0,0.0
n1024_m16_s0.161633_seed1.h5,16,0.16163265306122448,1,1024,16,1.0,15.995628583572397,0.9997267864732748,0.9997267864732748,0.00027321352672515786,0.015734320864561405,0.0002732135267270016,0.9988536247833509,0.015625000000000028,0.0,0.0,0.0
n1024_m16_s0.181837_seed0.h5,16,0.18183673469387754,0,1024,16,1.0,15.996940998003993,0.9998088123752495,0.9998088123752495,0.00019118762475045514,0.013262014405301203,0.00019118762475204542,1.000113503354776,0.015625000000000024,0.0,0.0,0.0
n1024_m16_s0.181837_seed1.h5,16,0.18183673469387754,1,1024,16,1.0,15.994720862676331,0.9996700539172707,0.9996700539172707,0.00032994608272929327,0.017247992453853195,0.00032994608273168973,0.9986439869175678,0.015625000000000038,0.0,0.0,0.0
n1024_m16_s0.202041_seed0.h5,16,0.2020408163265306,0,1024,16,1.0,15.996333408897044,0.9997708380560653,0.9997708380560653,0.00022916194393474143,0.01446693735072842,0.00022916194393579552,0.9997820926964913,0.015625000000000017,0.0,0.0,0.0
n1024_m16_s0.202041_seed1.h5,16,0.2020408163265306,1,1024,16,1.0,15.993753431423102,0.9996095894639438,0.9996095894639438,0.0003904105360561516,0.018685824178568348,0.00039041053605715905,0.9988233995426407,0.015625000000000014,0.0,0.0,0.0
n1024_m16_s0.222245_seed0.h5,16,0.22224489795918367,0,1024,16,1.0,15.995959686832066,0.9997474804270041,0.9997474804270041,0.00025251957299587957,0.015192341530706976,0.0002525195729975302,0.9999855794944491,0.015625000000000024,0.0,0.0,0.0
n1024_m16_s0.222245_seed1.h5,16,0.22224489795918367,1,1024,16,1.0,15.992626522638602,0.9995391576649126,0.9995391576649126,0.0004608423350873636,0.02022030056213924,0.00046084233508852636,0.9987062119652654,0.01562500000000002,0.0,0.0,0.0
n1024_m16_s0.242449_seed0.h5,16,0.24244897959183673,0,1024,16,1.0,15.995117738733825,0.999694858670864,0.999694858670864,0.0003051413291359495,0.016626017620602455,0.0003051413291377212,0.9997229471137639,0.015625000000000028,0.0,0.0,0.0
n1024_m16_s0.242449_seed1.h5,16,0.24244897959183673,1,1024,16,1.0,15.991658024388016,0.999478626524251,0.999478626524251,0.0005213734757489874,0.021419620810095144,0.0005213734757505152,0.9987107437419858,0.015625000000000024,0.0,0.0,0.0
n1024_m16_s0.262653_seed0.h5,16,0.2626530612244898,0,1024,16,1.0,15.99484779793056,0.99967798737066,0.99967798737066,0.00032201262933995167,0.017034838961078737,0.00032201262934132243,0.9999388692338752,0.01562500000000002,0.0,0.0,0.0
n1024_m16_s0.262653_seed1.h5,16,0.2626530612244898,1,1024,16,1.0,15.988948184683977,0.9993092615427486,0.9993092615427486,0.0006907384572514275,0.02444607680939633,0.0006907384572528314,0.9984009414541559,0.01562500000000002,0.0,0.0,0.0
n1024_m16_s0.282857_seed0.h5,16,0.28285714285714286,0,1024,16,1.0,15.994102332038892,0.9996313957524308,0.9996313957524308,0.0003686042475692375,0.018195839073879776,0.0003686042475703984,0.99987475243059,0.01562500000000002,0.0,0.0,0.0
n1024_m16_s0.282857_seed1.h5,16,0.28285714285714286,1,1024,16,1.0,15.988253622417687,0.9992658514011055,0.9992658514011055,0.0007341485988945351,0.025174822163601226,0.000734148598896214,0.9983805889095178,0.015625000000000028,0.0,0.0,0.0
n1024_m16_s0.303061_seed0.h5,16,0.3030612244897959,0,1024,16,1.0,15.993818146307603,0.9996136341442252,0.9996136341442252,0.000386365855774784,0.018599104220393806,0.00038636585577661613,0.9998602725938032,0.015625000000000028,0.0,0.0,0.0
n1024_m16_s0.303061_seed1.h5,16,0.3030612244897959,1,1024,16,1.0,15.989663161228236,0.9993539475767648,0.9993539475767648,0.0006460524232352327,0.023644498316638698,0.0006460524232364596,0.9986924033415131,0.01562500000000002,0.0,0.0,0.0
n1024_m16_s0.323265_seed0.h5,16,0.32326530612244897,0,1024,16,1.0,15.993181129873847,0.9995738206171154,0.9995738206171154,0.0004261793828845839,0.019504560706661733,0.00042617938288626355,1.0000121538141604,0.015625000000000028,0.0,0.0,0.0
n1024_m16_s0.323265_seed1.h5,16,0.32326530612244897,1,1024,16,1.0,15.988781161730003,0.9992988226081252,0.9992988226081252,0.0007011773918748077,0.02459615627352436,0.0007011773918757068,0.9987255739157717,0.015625000000000014,0.0,0.0,0.0
n1024_m16_s0.343469_seed0.h5,16,0.34346938775510205,0,1024,16,1.0,15.99243499432123,0.9995271871450768,0.9995271871450768,0.00047281285492317693,0.020450465929346,0.0004728128549253635,0.9998086832493152,0.015625000000000035,0.0,0.0,0.0
n1024_m16_s0.343469_seed1.h5,16,0.34346938775510205,1,1024,16,1.0,15.984754338031053,0.9990471461269408,0.9990471461269408,0.0009528538730592118,0.028253277748178467,0.0009528538730604727,0.9979462894167468,0.01562500000000002,0.0,0.0,0.0
n1024_m16_s0.363673_seed0.h5,16,0.3636734693877551,0,1024,16,1.0,15.991961993484438,0.9994976245927774,0.9994976245927774,0.0005023754072226438,0.021105827118478963,0.0005023754072239065,0.9999247774917437,0.01562500000000002,0.0,0.0,0.0
n1024_m16_s0.363673_seed1.h5,16,0.3636734693877551,1,1024,16,1.0,15.98509973072214,0.9990687331701338,0.9990687331701338,0.0009312668298662174,0.027846509021479327,0.0009312668298676437,0.9981337950756466,0.01562500000000002,0.0,0.0,0.0
n1024_m16_s0.383878_seed0.h5,16,0.38387755102040816,0,1024,16,1.0,15.991623048448673,0.9994764405280421,0.9994764405280421,0.000523559471957924,0.02147457970054809,0.0005235594719589267,0.9999057867938602,0.015625000000000014,0.0,0.0,0.0
n1024_m16_s0.383878_seed1.h5,16,0.38387755102040816,1,1024,16,1.0,15.985982677229913,0.9991239173268696,0.9991239173268696,0.0008760826731304405,0.02719649726913049,0.0008760826731320831,0.9983975250567789,0.015625000000000028,0.0,0.0,0.0
n1024_m16_s0.404082_seed0.h5,16,0.4040816326530612,0,1024,16,1.0,15.991347665527428,0.9994592290954643,0.9994592290954643,0.0005407709045357478,0.021789731292093488,0.0005407709045374191,0.999833561087485,0.015625000000000028,0.0,0.0,0.0
n1024_m16_s0.404082_seed1.h5,16,0.4040816326530612,1,1024,16,1.0,15.988181804175838,0.9992613627609899,0.9992613627609899,0.0007386372390101315,0.025164745359895907,0.0007386372390111907,0.9990902502126962,0.015625000000000017,0.0,0.0,0.0
n1024_m16_s0.424286_seed0.h5,16,0.42428571428571427,0,1024,16,1.0,15.990809962495405,0.9994256226559628,0.9994256226559628,0.0005743773440372024,0.022368759740838188,0.0005743773440383853,0.9998223755849125,0.015625000000000017,0.0,0.0,0.0
n1024_m16_s0.424286_seed1.h5,16,0.42428571428571427,1,1024,16,1.0,15.987565664487192,0.9992228540304495,0.9992228540304495,0.0007771459695504745,0.02576879803155923,0.0007771459695515709,0.9990843018699417,0.015625000000000017,0.0,0.0,0.0
n1024_m16_s0.444490_seed0.h5,16,0.44448979591836735,0,1024,16,1.0,15.99066886871151,0.9994168042944693,0.9994168042944693,0.0005831957055306702,0.02256706530025177,0.0005831957055319585,0.9999550783502726,0.01562500000000002,0.0,0.0,0.0
n1024_m16_s0.444490_seed1.h5,16,0.44448979591836735,1,1024,16,1.0,15.98366312764847,0.9989789454780293,0.9989789454780293,0.0010210545219706546,0.02917918842853452,0.0010210545219714305,0.9981764740010373,0.015625000000000014,0.0,0.0,0.0
n1024_m16_s0.464694_seed0.h5,16,0.4646938775510204,0,1024,16,1.0,15.990479770305683,0.9994049856441052,0.9994049856441052,0.0005950143558948184,0.022794362668362527,0.0005950143558962182,0.9998926774820079,0.015625000000000024,0.0,0.0,0.0
n1024_m16_s0.464694_seed1.h5,16,0.4646938775510204,1,1024,16,1.0,15.985357765923254,0.9990848603702034,0.9990848603702034,0.000915139629796613,0.0275777480754349,0.0009151396297976193,0.9986995898433418,0.015625000000000014,0.0,0.0,0.0
n1024_m16_s0.484898_seed0.h5,16,0.48489795918367345,0,1024,16,1.0,15.99036862844514,0.9993980392778212,0.9993980392778212,0.0006019607221787737,0.02284245217730316,0.0006019607221797184,1.0000166263677348,0.015625000000000014,0.0,0.0,0.0
n1024_m16_s0.484898_seed1.h5,16,0.48489795918367345,1,1024,16,1.0,15.982889573257125,0.9989305983285703,0.9989305983285703,0.0010694016714296595,0.02959640596532816,0.0010694016714303059,0.9982353485647943,0.01562500000000001,0.0,0.0,0.0
n1024_m16_s0.505102_seed0.h5,16,0.5051020408163265,0,1024,16,1.0,15.984251645113545,0.9990157278195966,0.9990157278195966,0.0009842721804034227,0.029600329135671205,0.0009842721804041135,1.0087770472938815,0.015625000000000014,0.0,0.0,0.0
n1024_m16_s0.505102_seed1.h5,16,0.5051020408163265,1,1024,16,1.0,15.988538899975538,0.9992836812484711,0.9992836812484711,0.0007163187515288882,0.02459206537199532,0.0007163187515299871,0.9996562281629624,0.015625000000000017,0.0,0.0,0.0
n1024_m16_s0.525306_seed0.h5,16,0.5253061224489796,0,1024,16,1.0,15.978035232827096,0.9986272020516935,0.9986272020516935,0.00137279794830647,0.03503304682936139,0.0013727979483073487,1.0178640426095455,0.015625000000000014,0.0,0.0,0.0
n1024_m16_s0.525306_seed1.h5,16,0.5253061224489796,1,1024,16,1.0,15.989376272380468,0.9993360170237793,0.9993360170237793,0.0006639829762207228,0.023681040542768567,0.0006639829762215627,0.9999795089843297,0.015625000000000014,0.0,0.0,0.0
n1024_m16_s0.545510_seed0.h5,16,0.5455102040816326,0,1024,16,1.0,15.977126334935747,0.9985703959334842,0.9985703959334842,0.0014296040665158216,0.03608913078054412,0.001429604066517519,1.0189650747813672,0.015625000000000028,7.657478148920056e-06,0.0,0.0
n1024_m16_s0.545510_seed1.h5,16,0.5455102040816326,1,1024,16,1.0,15.982840256787313,0.998927516049207,0.998927516049207,0.0010724839507929573,0.03051556734818902,0.0010724839507933249,1.009383586789519,0.015625000000000007,0.0,0.0,0.0
n1024_m16_s0.565714_seed0.h5,16,0.5657142857142857,0,1024,16,1.0,15.958062737932778,0.9973789211207986,0.9973789211207986,0.0026210788792013773,0.05737295729046584,0.002621078879201728,1.2391754179359444,0.015625000000000007,0.022856747910776944,0.000851990080965056,0.00026870749777944963
n1024_m16_s0.565714_seed1.h5,16,0.5657142857142857,1,1024,16,1.0,15.95575673734129,0.9972347960838306,0.9972347960838306,0.002765203916169412,0.05752867018970222,0.002765203916169847,1.1897127573110526,0.015625000000000007,0.015893074666844177,0.0007932744831940831,0.0002875331363258194
n1024_m16_s0.585918_seed0.h5,16,0.5859183673469388,0,1024,16,1.0,15.958493140360588,0.9974058212725367,0.9974058212725367,0.002594178727463259,0.054122817833992524,0.002594178727464187,1.1430998058205615,0.015625000000000014,0.01001822493148758,0.0004598869436941837,8.874528884584955e-05
n1024_m16_s0.585918_seed1.h5,16,0.5859183673469388,1,1024,16,1.0,15.949124566359387,0.9968202853974617,0.9968202853974617,0.003179714602538297,0.060898967255148394,0.0031797146025382196,1.2545245037454724,0.015624999999999998,0.03923816309414731,0.0009468817708261858,0.0003957676786086865
n1024_m16_s0.606122_seed0.h5,16,0.6061224489795918,0,1024,16,1.0,15.942897636927228,0.9964311023079517,0.9964311023079517,0.0035688976920482673,0.06494744535280644,0.0035688976920474815,1.3733056298244344,0.015624999999999988,0.07169666864691969,0.0009413074986959122,0.0006209653030302693
n1024_m16_s0.606122_seed1.h5,16,0.6061224489795918,1,1024,16,1.0,15.943552768021618,0.9964720480013511,0.9964720480013511,0.0035279519986488594,0.06423642248002992,0.0035279519986484383,1.3234918375788942,0.015624999999999993,0.055671818521719936,0.0007848402300453259,0.0003417631267273376
n1024_m16_s0.626327_seed0.h5,16,0.6263265306122449,0,1024,16,1.0,15.932770753937803,0.9957981721211127,0.9957981721211127,0.004201827878887343,0.06967772439786743,0.004201827878886918,1.445513070127652,0.015624999999999993,0.11460404946013186,0.0010575826939615348,0.0007022599321096815
n1024_m16_s0.626327_seed1.h5,16,0.6263265306122449,1,1024,16,1.0,15.937327721207112,0.9960829825754445,0.9960829825754445,0.0039170174245555245,0.06814095207352595,0.0039170174245560675,1.4459659001625502,0.01562500000000001,0.09288276352337992,0.0010194404391182014,0.0006559753561801883
n1024_m16_s0.646531_seed0.h5,16,0.6465306122448979,0,1024,16,1.0,15.930286561942921,0.9956429101214326,0.9956429101214326,0.004357089878567422,0.06750990645906374,0.004357089878567305,1.5155216969088157,0.015625,0.13897638511793653,0.0009906254158478455,0.0007223482870025082
n1024_m16_s0.646531_seed1.h5,16,0.6465306122448979,1,1024,16,1.0,15.93619324903375,0.9960120780646093,0.9960120780646093,0.003987921935390659,0.0685008633205716,0.0039879219353904805,1.4514997294479584,0.015624999999999998,0.10030101362796998,0.0010075115868021724,0.0006408654327404559
n1024_m16_s0.666735_seed0.h5,16,0.666734693877551,0,1024,16,1.0,15.909232298299685,0.9943270186437303,0.9943270186437303,0.005672981356269702,0.0659687283779412,0.00567298135626943,1.7160861344809324,0.015624999999999997,0.22217060051115178,0.009294387724746335,0.0008094384764288002
n1024_m16_s0.666735_seed1.h5,16,0.666734693877551,1,1024,16,1.0,15.919500005315058,0.9949687503321911,0.9949687503321911,0.005031249667808879,0.06676142859702221,0.005031249667808599,1.6520419664216102,0.015624999999999997,0.19966320535416393,0.004576850998938596,0.00064765192130587
n1024_m16_s0.686939_seed0.h5,16,0.6869387755102041,0,1024,16,1.0,15.902590993451668,0.9939119370907292,0.9939119370907292,0.006088062909270775,0.057868054319751866,0.006088062909270503,1.8560268101622863,0.015624999999999995,0.1757939608336181,0.030373210326748785,0.004098000522511407
n1024_m16_s0.686939_seed1.h5,16,0.6869387755102041,1,1024,16,1.0,15.91318761101138,0.9945742256882113,0.9945742256882113,0.0054257743117887,0.06523840040669039,0.005425774311788893,1.7247468377919872,0.015625000000000003,0.2159103565758666,0.008394687235484463,0.0009212101031034433
n1024_m16_s0.707143_seed0.h5,16,0.7071428571428571,0,1024,16,1.0,15.900542450313878,0.9937839031446174,0.9937839031446174,0.006216096855382602,0.058277123701149146,0.006216096855381716,1.8642698465910648,0.015624999999999986,0.17736671346846702,0.03027996730161513,0.0037868883984319124
n1024_m16_s0.707143_seed1.h5,16,0.7071428571428571,1,1024,16,1.0,15.907089010739583,0.9941930631712239,0.9941930631712239,0.005806936828776088,0.06272236145312655,0.00580693682877555,1.7991996542205624,0.015624999999999991,0.20515476249379808,0.018541619130539456,0.001259876628078473
n1024_m16_s0.727347_seed0.h5,16,0.7273469387755102,0,1024,16,1.0,15.900557451430359,0.9937848407143974,0.9937848407143974,0.006215159285602567,0.05893820553262579,0.006215159285602308,1.8721835983995625,0.015624999999999997,0.18221820145195167,0.03231218646940972,0.0033999565944248253
n1024_m16_s0.727347_seed1.h5,16,0.7273469387755102,1,1024,16,1.0,15.907777333340164,0.9942360833337602,0.9942360833337602,0.005763916666239766,0.057258325929563945,0.00576391666623915,1.8730132113220397,0.01562499999999999,0.1727001331356936,0.030166879792618027,0.002796494651307624
n1024_m16_s0.747551_seed0.h5,16,0.7475510204081632,0,1024,16,1.0,15.905556419989807,0.994097276249363,0.994097276249363,0.005902723750637051,0.05162975935635334,0.005902723750636523,1.945245632672973,0.015624999999999993,0.1293210839820705,0.04612136895513884,0.008938704170004771
n1024_m16_s0.747551_seed1.h5,16,0.7475510204081632,1,1024,16,1.0,15.941308781180851,0.9963317988238032,0.9963317988238032,0.003668201176196817,0.03603507219657563,0.003668201176196687,2.011378808523139,0.015624999999999997,0.066813734464094,0.030747878550897292,0.010122470438528541
n1024_m16_s0.767755_seed0.h5,16,0.7677551020408163,0,1024,16,1.0,15.929928437580202,0.9956205273487626,0.9956205273487626,0.004379472651237393,0.04074601735576778,0.004379472651236925,2.0735069336979763,0.015624999999999991,0.06902405173127105,0.038671253364992844,0.013195891906900382
n1024_m16_s0.767755_seed1.h5,16,0.7677551020408163,1,1024,16,1.0,15.938432805393859,0.9961520503371162,0.9961520503371162,0.0038479496628838206,0.03912409378372178,0.003847949662883348,2.124150840596624,0.015624999999999993,0.06528706104947708,0.029056039579326946,0.01333420423544013
n1024_m16_s0.787959_seed0.h5,16,0.7879591836734694,0,1024,16,1.0,15.925439546251255,0.9953399716407034,0.9953399716407034,0.004660028359296575,0.04179876562274012,0.004660028359296161,2.14863302929977,0.015624999999999993,0.0689007330619339,0.04004033075239047,0.017131840490538813
n1024_m16_s0.787959_seed1.h5,16,0.7879591836734694,1,1024,16,1.0,15.997960255101134,0.9998725159438209,0.9998725159438209,0.00012748405617912795,0.018931359764636307,0.0001274840561783743,2.209080847487775,0.01562499999999999,0.002056986140301014,0.0,0.0
n1024_m16_s0.808163_seed0.h5,16,0.8081632653061224,0,1024,16,1.0,15.991412446384857,0.9994632778990535,0.9994632778990535,0.0005367221009464629,0.039796489771163186,0.0005367221009462848,2.4243345752352226,0.015624999999999997,0.007406528588183838,0.0,0.0
n1024_m16_s0.808163_seed1.h5,16,0.8081632653061224,1,1024,16,1.0,15.984960674116337,0.9990600421322711,0.9990600421322711,0.0009399578677289355,0.06267790003098088,0.0009399578677278698,2.5517600051030715,0.015624999999999983,0.005060118384877783,0.0,0.0
n1024_m16_s0.828367_seed0.h5,16,0.8283673469387755,0,1024,16,1.0,15.970672183466377,0.9981670114666485,0.9981670114666485,0.001832988533351454,0.11025666420873206,0.0018329885333506987,2.7488928285787173,0.015624999999999988,0.005399723382417591,0.0,0.0
n1024_m16_s0.828367_seed1.h5,16,0.8283673469387755,1,1024,16,1.0,15.983971173933242,0.9989981983708276,0.9989981983708276,0.0010018016291724052,0.07210638437508726,0.0010018016291720798,2.637286973659814,0.015624999999999995,0.00012771784020477068,0.0,0.0
n1024_m16_s0.848571_seed0.h5,16,0.8485714285714285,0,1024,16,1.0,15.962256488181083,0.9976410305113177,0.9976410305113177,0.0023589694886823054,0.13883498865566898,0.002358969488681162,3.02694427981522,0.015624999999999983,0.0,0.0,0.0
n1024_m16_s0.848571_seed1.h5,16,0.8485714285714285,1,1024,16,1.0,15.972508904686038,0.9982818065428773,0.9982818065428773,0.001718193457122652,0.11810207594487479,0.0017181934571215995,2.985032663230192,0.015624999999999986,0.0,0.0,0.0
n1024_m16_s0.868776_seed0.h5,16,0.8687755102040816,0,1024,16,1.0,15.975218382444837,0.9984511489028023,0.9984511489028023,0.001548851097197712,0.13471590125885227,0.0015488510971971427,3.5321038819498463,0.015624999999999991,0.0,0.0,0.0
n1024_m16_s0.868776_seed1.h5,16,0.8687755102040816,1,1024,16,1.0,15.991778977004287,0.999486186062768,0.999486186062768,0.0005138139372320438,0.06453181846476232,0.0005138139372319984,3.3442729559221926,0.015624999999999998,0.0,0.0,0.0
n1024_m16_s0.888980_seed0.h5,16,0.8889795918367347,0,1024,16,1.0,15.965717023925208,0.9978573139953255,0.9978573139953255,0.0021426860046744878,0.17866684627275745,0.002142686004674182,3.8965410427641647,0.015624999999999997,0.0,0.0,0.0
n1024_m16_s0.888980_seed1.h5,16,0.8889795918367347,1,1024,16,1.0,15.974164004654995,0.9983852502909372,0.9983852502909372,0.0016147497090628349,0.14911832927460067,0.0016147497090625213,3.837147304222866,0.015624999999999995,0.0,0.0,0.0
n1024_m16_s0.909184_seed0.h5,16,0.9091836734693878,0,1024,16,1.0,15.977739371002826,0.9986087106876766,0.9986087106876766,0.0013912893123233516,0.16348907741491947,0.001391289312322963,4.455610328645637,0.015624999999999995,0.0,0.0,0.0
n1024_m16_s0.909184_seed1.h5,16,0.9091836734693878,1,1024,16,1.0,15.979156828126634,0.9986973017579146,0.9986973017579146,0.0013026982420853983,0.151729277972311,0.0013026982420847803,4.299559376126314,0.01562499999999999,0.0,0.0,0.0
n1024_m16_s0.929388_seed0.h5,16,0.9293877551020407,0,1024,16,1.0,15.993866014918694,0.9996166259324184,0.9996166259324184,0.00038337406758159887,0.09988727462070951,0.0003833740675814465,5.1878099633851775,0.015624999999999997,0.0,0.0,0.0
n1024_m16_s0.929388_seed1.h5,16,0.9293877551020407,1,1024,16,1.0,15.993219863938066,0.9995762414961291,0.9995762414961291,0.00042375850387088576,0.10317767152346143,0.0004237585038698529,5.10634192868689,0.015624999999999984,0.0,0.0,0.0
n1024_m16_s0.949592_seed0.h5,16,0.9495918367346938,0,1024,16,1.0,15.994144179255727,0.9996340112034829,0.9996340112034829,0.0003659887965170583,0.11608082029327836,0.0003659887965168168,6.163688175579608,0.015624999999999997,0.0,0.0,0.0
n1024_m16_s0.949592_seed1.h5,16,0.9495918367346938,1,1024,16,1.0,15.994165762947432,0.9996353601842145,0.9996353601842145,0.00036463981578549465,0.11436855007165769,0.0003646398157856451,6.061346129268998,0.015625,0.0,0.0,0.0
n1024_m16_s0.969796_seed0.h5,16,0.9697959183673469,0,1024,16,1.0,15.993571409199149,0.9995982130749468,0.9995982130749468,0.0004017869250532158,0.1794160231781289,0.00040178692505343566,9.098625365351227,0.015625000000000003,0.0,0.0,0.0
n1024_m16_s0.969796_seed1.h5,16,0.9697959183673469,1,1024,16,1.0,15.993580424913489,0.9995987765570931,0.9995987765570931,0.00040122344290693945,0.1753692314407901,0.00040122344290714393,8.913274908241537,0.015625000000000003,0.0,0.0,0.0
n1024_m16_s0.990000_seed0.h5,16,0.99,0,1024,16,1.0,15.974959089740878,0.9984349431088049,0.9984349431088049,0.0015650568911951268,0.3151187134931111,0.0015650568911955425,8.061184172248232,0.015625000000000007,0.0,0.0,0.0
n1024_m16_s0.990000_seed1.h5,16,0.99,1,1024,16,1.0,15.983999718770065,0.998999982423129,0.998999982423129,0.0010000175768709596,0.3210383468071006,0.0010000175768703024,10.271808147016888,0.01562499999999999,0.0,0.0,0.0
n1024_m176_s0.000000_seed0.h5,176,0.0,0,1024,176,1.0,175.99034463962016,0.9999451399978418,0.9999451399978418,5.4860002158152454e-05,0.00708749826805443,5.486000215962098e-05,1.0009842830493232,0.17187500000000025,0.0,0.0,0.0
n1024_m176_s0.000000_seed1.h5,176,0.0,1,1024,176,1.0,175.99359992883547,0.9999636359592924,0.9999636359592924,3.63640407076149e-05,0.005771393513459809,3.636404070921602e-05,1.0011260720553756,0.17187500000000028,0.0,0.0,0.0
n1024_m176_s0.020204_seed0.h5,176,0.02020408163265306,0,1024,176,1.0,175.9905195466854,0.9999461337879851,0.9999461337879851,5.3866212014863635e-05,0.006994784786225201,5.386621201611476e-05,1.0013993978660387,0.17187500000000022,0.0,0.0,0.0
n1024_m176_s0.020204_seed1.h5,176,0.02020408163265306,1,1024,176,1.0,175.9931924086486,0.9999613205036852,0.9999613205036852,3.867949631475298e-05,0.005938169593580887,3.8679496315965966e-05,1.0014898778611327,0.17187500000000022,0.0,0.0,0.0
n1024_m176_s0.040408_seed0.h5,176,0.04040816326530612,0,1024,176,1.0,175.99251935255597,0.9999574963213408,0.9999574963213408,4.250367865921145e-05,0.006252798302430655,4.250367866054709e-05,1.00205094621088,0.17187500000000022,0.0,0.0,0.0
n1024_m176_s0.040408_seed1.h5,176,0.04040816326530612,1,1024,176,1.0,175.99342215543584,0.9999626258831582,0.9999626258831582,3.7374116841792926e-05,0.005867884050056088,3.737411684325638e-05,1.0020739846608462,0.17187500000000022,0.0,0.0,0.0
n1024_m176_s0.060612_seed0.h5,176,0.06061224489795918,0,1024,176,1.0,175.99146640891558,0.9999515136870204,0.9999515136870204,4.848631297960093e-05,0.00673816377196147,4.8486312980936e-05,1.0026091962386905,0.17187500000000022,0.0,0.0,0.0
n1024_m176_s0.060612_seed1.h5,176,0.06061224489795918,1,1024,176,1.0,175.99293950577703,0.9999598835555513,0.9999598835555513,4.011644444867901e-05,0.006138480392779855,4.011644445032179e-05,1.0029468866437965,0.17187500000000028,0.0,0.0,0.0
n1024_m176_s0.080816_seed0.h5,176,0.08081632653061224,0,1024,176,1.0,175.99009191197547,0.9999437040453152,0.9999437040453152,5.6295954684815186e-05,0.007315833541618407,5.6295954686091434e-05,1.0043028160138407,0.17187500000000022,0.0,0.0,0.0
n1024_m176_s0.080816_seed1.h5,176,0.08081632653061224,1,1024,176,1.0,175.9913171725566,0.9999506657531625,0.9999506657531625,4.933424683750687e-05,0.006915417827626231,4.933424683872872e-05,1.005272432065017,0.17187500000000022,0.0,0.0,0.0
n1024_m176_s0.101020_seed0.h5,176,0.1010204081632653,0,1024,176,1.0,175.982837331896,0.9999024848403182,0.9999024848403182,9.751515968181579e-05,0.009735639889901015,9.751515968297313e-05,1.0094124529393784,0.1718750000000002,0.0,0.0,0.0
n1024_m176_s0.101020_seed1.h5,176,0.1010204081632653,1,1024,176,1.0,175.9848920168297,0.9999141591865324,0.9999141591865324,8.584081346763028e-05,0.009206347324273093,8.584081346880984e-05,1.0092109358873436,0.17187500000000022,0.0,0.0,0.0
n1024_m176_s0.121224_seed0.h5,176,0.12122448979591836,0,1024,176,1.0,175.97277140553342,0.9998452920768944,0.9998452920768944,0.00015470792310556813,0.012295091346398015,0.00015470792310688886,1.0151092948807283,0.17187500000000022,0.0,0.0,0.0
n1024_m176_s0.121224_seed1.h5,176,0.12122448979591836,1,1024,176,1.0,175.97280748724734,0.9998454970866326,0.9998454970866326,0.00015450291336738253,0.012310844222265964,0.00015450291336848303,1.0163876960467204,0.17187500000000017,0.0,0.0,0.0
n1024_m176_s0.141429_seed0.h5,176,0.14142857142857143,0,1024,176,1.0,175.96132474603655,0.9997802542388441,0.9997802542388441,0.0002197457611559095,0.014543648638886568,0.00021974576115704387,1.022300178663872,0.17187500000000017,0.0,0.0,0.0
n1024_m176_s0.141429_seed1.h5,176,0.14142857142857143,1,1024,176,1.0,175.96100044868945,0.9997784116402809,0.9997784116402809,0.00022158835971908264,0.014639872165868765,0.00022158835972004804,1.0233715046443927,0.17187500000000017,0.0,0.0,0.0
n1024_m176_s0.161633_seed0.h5,176,0.16163265306122448,0,1024,176,1.0,175.94986662287556,0.9997151512663384,0.9997151512663384,0.00028484873366163566,0.016504108768649117,0.00028484873366236023,1.0305866793768694,0.17187500000000014,0.0,0.0,0.0
n1024_m176_s0.161633_seed1.h5,176,0.16163265306122448,1,1024,176,1.0,175.95169830077066,0.999725558527106,0.999725558527106,0.0002744414728940159,0.016246384041413604,0.0002744414728949171,1.0310195031296976,0.17187500000000017,0.0,0.0,0.0
n1024_m176_s0.181837_seed0.h5,176,0.18183673469387754,0,1024,176,1.0,175.94122782583145,0.9996660671922242,0.9996660671922242,0.00033393280777582746,0.017924805412847935,0.0003339328077765085,1.0376596282271016,0.1718750000000001,0.0,0.0,0.0
n1024_m176_s0.181837_seed1.h5,176,0.18183673469387754,1,1024,176,1.0,175.94381239149516,0.9996807522244043,0.9996807522244043,0.00031924777559566575,0.01760360584577657,0.00031924777559633736,1.0392362123961045,0.1718750000000001,0.0,0.0,0.0
n1024_m176_s0.202041_seed0.h5,176,0.2020408163265306,0,1024,176,1.0,175.93573672127968,0.9996348677345437,0.9996348677345437,0.00036513226545631383,0.018890863539484697,0.0003651322654566213,1.0454732402991198,0.17187500000000003,0.0,0.0,0.0
n1024_m176_s0.202041_seed1.h5,176,0.2020408163265306,1,1024,176,1.0,175.93803133641632,0.9996479053205473,0.9996479053205473,0.0003520946794527413,0.01867221765009211,0.00035209467945325934,1.046696111267302,0.17187500000000008,0.0,0.0,0.0
n1024_m176_s0.222245_seed0.h5,176,0.22224489795918367,0,1024,176,1.0,175.94004725876584,0.9996593594248059,0.9996593594248059,0.0003406405751941177,0.018727362182110466,0.0003406405751943695,1.0558041619959235,0.17187500000000006,0.0,0.0,0.0
n1024_m176_s0.222245_seed1.h5,176,0.22224489795918367,1,1024,176,1.0,175.9393171842312,0.9996552112740408,0.9996552112740408,0.00034478872595922194,0.018875544168708864,0.00034478872595956184,1.0558253306565937,0.17187500000000008,0.0,0.0,0.0
n1024_m176_s0.242449_seed0.h5,176,0.24244897959183673,0,1024,176,1.0,175.93660039721,0.9996397749841477,0.9996397749841477,0.00036022501585231126,0.01933385100714934,0.0003602250158526396,1.0655689922272735,0.17187500000000006,0.0,0.0,0.0
n1024_m176_s0.242449_seed1.h5,176,0.24244897959183673,1,1024,176,1.0,175.93336500634905,0.9996213920815287,0.9996213920815287,0.0003786079184713298,0.01990465186788248,0.00037860791847156897,1.0642933259332243,0.17187500000000003,0.0,0.0,0.0
n1024_m176_s0.262653_seed0.h5,176,0.2626530612244898,0,1024,176,1.0,175.93122062914335,0.9996092081201327,0.9996092081201327,0.0003907918798673471,0.020116506782986848,0.00039079187986710634,1.076931431027495,0.17187499999999997,0.0,0.0,0.0
n1024_m176_s0.262653_seed1.h5,176,0.2626530612244898,1,1024,176,1.0,175.93300441876636,0.9996193432884453,0.9996193432884453,0.0003806567115547388,0.019948546632161144,0.00038065671155481447,1.0778780247369446,0.171875,0.0,0.0,0.0
n1024_m176_s0.282857_seed0.h5,176,0.28285714285714286,0,1024,176,1.0,175.92325214057928,0.9995639326169278,0.9995639326169278,0.00043606738307222503,0.021282030921660984,0.0004360673830721716,1.086518279662763,0.17187499999999997,0.0,0.0,0.0
n1024_m176_s0.282857_seed1.h5,176,0.28285714285714286,1,1024,176,1.0,175.92789118130167,0.9995902908028504,0.9995902908028504,0.0004097091971495548,0.020675353266155713,0.00040970919714947016,1.0899129132392034,0.171875,0.0,0.0,0.0
n1024_m176_s0.303061_seed0.h5,176,0.3030612244897959,0,1024,176,1.0,175.91537740989588,0.9995191898289538,0.9995191898289538,0.0004808101710461754,0.022228556705819285,0.00048081017104582483,1.100553782583649,0.17187499999999994,5.491202020864278e-05,0.0,0.0
n1024_m176_s0.303061_seed1.h5,176,0.3030612244897959,1,1024,176,1.0,175.9213661759568,0.9995532169088454,0.9995532169088454,0.00044678309115464554,0.021584826370786087,0.00044678309115444507,1.1026652771342256,0.17187499999999997,5.4009017410651965e-05,0.0,0.0
n1024_m176_s0.323265_seed0.h5,176,0.32326530612244897,0,1024,176,1.0,175.90180203391355,0.9994420570108725,0.9994420570108725,0.0005579429891274801,0.023937182101048362,0.0005579429891273963,1.117469412829075,0.17187499999999997,5.895385028576228e-05,0.0,0.0
n1024_m176_s0.323265_seed1.h5,176,0.32326530612244897,1,1024,176,1.0,175.90714185981778,0.9994723969307828,0.9994723969307828,0.0005276030692171751,0.023551514892315946,0.0005276030692167038,1.1224044909732769,0.17187499999999992,7.331978705059135e-05,0.0,0.0
n1024_m176_s0.343469_seed0.h5,176,0.34346938775510205,0,1024,176,1.0,175.8836117403116,0.9993387030699523,0.9993387030699523,0.0006612969300476834,0.02556966955356497,0.000661296930047257,1.1549223330120648,0.17187499999999992,6.259305581419269e-05,0.0,0.0
n1024_m176_s0.343469_seed1.h5,176,0.34346938775510205,1,1024,176,1.0,175.89635206245293,0.9994110912639371,0.9994110912639371,0.0005889087360628764,0.024605864842746756,0.0005889087360625141,1.1573884435444681,0.17187499999999994,7.621986831191793e-05,0.0,0.0
n1024_m176_s0.363673_seed0.h5,176,0.3636734693877551,0,1024,176,1.0,175.86471075200825,0.999231311090956,0.999231311090956,0.0007686889090440241,0.028245117652008277,0.0007686889090439159,1.1853016184675182,0.17187499999999997,5.9244790074666874e-05,0.0,0.0
n1024_m176_s0.363673_seed1.h5,176,0.3636734693877551,1,1024,176,1.0,175.86919009574922,0.999256761907666,0.999256761907666,0.0007432380923340087,0.028174895503657853,0.0007432380923336182,1.1872817549568717,0.17187499999999994,7.695098496835906e-05,0.0,0.0
n1024_m176_s0.383878_seed0.h5,176,0.38387755102040816,0,1024,176,1.0,175.80585170000268,0.9988968846591061,0.9988968846591061,0.001103115340893912,0.03512260741884889,0.001103115340893517,1.237563018136469,0.17187499999999994,0.0001493389255157488,0.0,0.0
n1024_m176_s0.383878_seed1.h5,176,0.38387755102040816,1,1024,176,1.0,175.8148103950516,0.9989477863355205,0.9989477863355205,0.0010522136644794955,0.03456995081485499,0.0010522136644791425,1.238825970423115,0.17187499999999994,7.793000407497215e-05,0.0,0.0
n1024_m176_s0.404082_seed0.h5,176,0.4040816326530612,0,1024,176,1.0,175.55056881679047,0.997446413731764,0.997446413731764,0.0025535862682359856,0.046662330394682365,0.0025535862682354708,1.3518662359466864,0.17187499999999992,0.11166653381972842,1.8562677195189216e-06,0.0
n1024_m176_s0.404082_seed1.h5,176,0.4040816326530612,1,1024,176,1.0,175.57580616648193,0.9975898077641019,0.9975898077641019,0.002410192235898112,0.04482315277500863,0.002410192235897817,1.3479645105506148,0.17187499999999994,0.10376293602127884,0.0,0.0
n1024_m176_s0.424286_seed0.h5,176,0.42428571428571427,0,1024,176,1.0,175.46698051651765,0.9969714802074866,0.9969714802074866,0.0030285197925133955,0.04844238178598163,0.003028519792512989,1.4826414022250682,0.17187499999999994,0.10432005846378303,5.537718194990935e-06,0.0
n1024_m176_s0.424286_seed1.h5,176,0.42428571428571427,1,1024,176,1.0,175.4996710340347,0.997157221784288,0.997157221784288,0.002842778215711994,0.04658854388099509,0.002842778215711785,1.4679104783416734,0.17187499999999997,0.09397630482807028,9.600153511877114e-06,0.0
n1024_m176_s0.444490_seed0.h5,176,0.44448979591836735,0,1024,176,1.0,175.44285560559365,0.9968344068499639,0.9968344068499639,0.0031655931500360612,0.048137432873530686,0.0031655931500357165,1.6105443628134077,0.17187499999999994,0.07312903533913956,0.007955770951106668,0.0
n1024_m176_s0.444490_seed1.h5,176,0.44448979591836735,1,1024,176,1.0,175.4391021906631,0.9968130806287676,0.9968130806287676,0.0031869193712323884,0.04856852501632055,0.0031869193712321833,1.6031416653022108,0.17187499999999997,0.08025136087328857,0.003952344811734828,0.0
n1024_m176_s0.464694_seed0.h5,176,0.4646938775510204,0,1024,176,1.0,175.49527001958631,0.9971322160203768,0.9971322160203768,0.002867783979623173,0.04691150223930113,0.0028677839796230663,1.7146473072457502,0.17187499999999997,0.04412932381767873,0.03142213743436824,0.0
n1024_m176_s0.464694_seed1.h5,176,0.4646938775510204,1,1024,176,1.0,175.4552768049325,0.9969049818462075,0.9969049818462075,0.003095018153792539,0.04825412593887073,0.0030950181537924564,1.7054255822400206,0.171875,0.053781277017123125,0.027640733561982492,0.0
n1024_m176_s0.484898_seed0.h5,176,0.48489795918367345,0,1024,176,1.0,175.66463663421746,0.998094526330781,0.998094526330781,0.0019054736692190044,0.04335270646811173,0.0019054736692190799,1.8020886771983862,0.171875,0.01846393460309811,0.018204678600039235,0.0
n1024_m176_s0.484898_seed1.h5,176,0.48489795918367345,1,1024,176,1.0,175.66963368405413,0.9981229186593985,0.9981229186593985,0.0018770813406014941,0.04263774933520851,0.0018770813406017136,1.8032275247428386,0.17187500000000006,0.018326581458780796,0.01817473104026662,0.0
n1024_m176_s0.505102_seed0.h5,176,0.5051020408163265,0,1024,176,1.0,175.64725067839026,0.9979957424908538,0.9979957424908538,0.0020042575091462345,0.04483762260801123,0.002004257509146372,1.8529804497608173,0.17187500000000003,0.017840386699486607,0.017655989978037967,0.0004702450319582318
n1024_m176_s0.505102_seed1.h5,176,0.5051020408163265,1,1024,176,1.0,175.7361278097087,0.9985007261915267,0.9985007261915267,0.001499273808473256,0.042822391020025836,0.0014992738084734336,1.8580824899735733,0.17187500000000003,0.012019367677184334,0.011957305982089267,0.0004291738249462734
n1024_m176_s0.525306_seed0.h5,176,0.5253061224489796,0,1024,176,1.0,175.71942588570528,0.9984058288960527,0.9984058288960527,0.0015941711039473283,0.04426323348833911,0.001594171103947394,1.8983516383528936,0.171875,0.01178098998865978,0.011741051467838381,0.004930858167192791
n1024_m176_s0.525306_seed1.h5,176,0.5253061224489796,1,1024,176,1.0,175.72090373690298,0.9984142257778579,0.9984142257778579,0.0015857742221421223,0.04407913766714563,0.0015857742221423864,1.8989558062057093,0.17187500000000006,0.011632173973688873,0.011588046603157825,0.0053757008546997
n1024_m176_s0.545510_seed0.h5,176,0.5455102040816326,0,1024,176,1.0,175.70787337896763,0.9983401896532252,0.9983401896532252,0.0016598103467747594,0.045581262814075006,0.0016598103467747943,1.9309501369893107,0.17187499999999997,0.011462421864339238,0.011414637594577497,0.008116504127479081
n1024_m176_s0.545510_seed1.h5,176,0.5455102040816326,1,1024,176,1.0,175.70493317018554,0.9983234839215087,0.9983234839215087,0.0016765160784912858,0.04589354041945795,0.0016765160784912964,1.9314326957052368,0.171875,0.011386468878493716,0.011370771799143593,0.008576310265531403
n1024_m176_s0.565714_seed0.h5,176,0.5657142857142857,0,1024,176,1.0,175.6971224276349,0.9982791047024709,0.9982791047024709,0.001720895297529057,0.04670749494566246,0.0017208952975290217,1.9568012251131726,0.171875,0.011314508454289891,0.01127834799746119,0.009226359157574351
n1024_m176_s0.565714_seed1.h5,176,0.5657142857142857,1,1024,176,1.0,175.6992969938874,0.998291460192542,0.998291460192542,0.0017085398074579983,0.04664407805044776,0.0017085398074579616,1.9570361386822575,0.171875,0.011208509238580409,0.011118812039770715,0.008973447963804978
n1024_m176_s0.585918_seed0.h5,176,0.5859183673469388,0,1024,176,1.0,175.6897984650568,0.9982374912787318,0.9982374912787318,0.0017625087212681523,0.04742226204055828,0.0017625087212683214,1.9783383023474264,0.17187500000000003,0.011255876523713014,0.011221256657113172,0.009700404781070614
n1024_m176_s0.585918_seed1.h5,176,0.5859183673469388,1,1024,176,1.0,175.68925863066397,0.9982344240378634,0.9982344240378634,0.0017655759621365563,0.047671044371439014,0.0017655759621367588,1.9791220992722174,0.17187500000000006,0.011136432056784726,0.011065232779114099,0.009660059105838443
n1024_m176_s0.606122_seed0.h5,176,0.6061224489795918,0,1024,176,1.0,175.68573724818998,0.9982144161828976,0.9982144161828976,0.0017855838171023652,0.04819692006841342,0.0017855838171027029,1.9959644515762334,0.17187500000000006,0.011217481503357577,0.01109050577727849,0.009590086465212535
n1024_m176_s0.606122_seed1.h5,176,0.6061224489795918,1,1024,176,1.0,175.68191357405158,0.9981926907616567,0.9981926907616567,0.0018073092383432687,0.04844037036560927,0.001807309238343354,1.9963813721484323,0.171875,0.011056274368455393,0.01088695348289239,0.00923102486663779
n1024_m176_s0.626327_seed0.h5,176,0.6263265306122449,0,1024,176,1.0,175.68151464493712,0.998190424118961,0.998190424118961,0.0018095758810390272,0.048899459190349395,0.0018095758810392595,2.011321790166138,0.17187500000000003,0.011305732494143662,0.01119459888805528,0.009539777965910904
n1024_m176_s0.626327_seed1.h5,176,0.6263265306122449,1,1024,176,1.0,175.68054602009943,0.9981849205687467,0.9981849205687467,0.0018150794312532526,0.04941937167943435,0.0018150794312533087,2.011480689454142,0.171875,0.011179526994310279,0.011016189411899184,0.009257212679477529
n1024_m176_s0.646531_seed0.h5,176,0.6465306122448979,0,1024,176,1.0,175.67952941838303,0.9981791444226308,0.9981791444226308,0.001820855577369218,0.05009582151716094,0.001820855577369529,2.0236962354764545,0.17187500000000006,0.011310201578419797,0.011107472389241023,0.009336450339388156
n1024_m176_s0.646531_seed1.h5,176,0.6465306122448979,1,1024,176,1.0,175.678947129898,0.9981758359653295,0.9981758359653295,0.0018241640346704502,0.05054222117734262,0.0018241640346705575,2.024251607454181,0.171875,0.011147949610511982,0.010675093812051804,0.008765870243333597
n1024_m176_s0.666735_seed0.h5,176,0.666734693877551,0,1024,176,1.0,175.67718807354686,0.9981658413269708,0.9981658413269708,0.0018341586730291626,0.051067358854019064,0.001834158673029555,2.035739234167544,0.17187500000000006,0.01144830333299629,0.011125979960355708,0.008986519224927825
n1024_m176_s0.666735_seed1.h5,176,0.666734693877551,1,1024,176,1.0,175.6828032778576,0.9981977458969182,0.9981977458969182,0.0018022541030817685,0.05123801124446964,0.0018022541030820363,2.0357237987769086,0.17187500000000006,0.011290252694165918,0.010574844219996217,0.00866627079074446
n1024_m176_s0.686939_seed0.h5,176,0.6869387755102041,0,1024,176,1.0,175.67472093121614,0.9981518234728189,0.9981518234728189,0.0018481765271810557,0.052447125160458886,0.0018481765271814948,2.045396440426152,0.1718750000000001,0.011649591651036961,0.011180252305524774,0.008647394763650918
n1024_m176_s0.686939_seed1.h5,176,0.6869387755102041,1,1024,176,1.0,175.69083212545956,0.998243364349202,0.998243364349202,0.0017566356507979775,0.052264566204277794,0.0017566356507980536,2.0452876037779664,0.171875,0.011230425005304462,0.01035053861431675,0.008235442831144926
n1024_m176_s0.707143_seed0.h5,176,0.7071428571428571,0,1024,176,1.0,175.6788360530336,0.9981752048467818,0.9981752048467818,0.001824795153218206,0.05321908167988562,0.0018247951532185003,2.0542152369360913,0.17187500000000003,0.011709638220035129,0.010955131732712346,0.0085375228437097
n1024_m176_s0.707143_seed1.h5,176,0.7071428571428571,1,1024,176,1.0,175.67618346735253,0.9981601333372303,0.9981601333372303,0.0018398666627696958,0.05381824232645452,0.0018398666627696667,2.054591622319364,0.171875,0.011607632378894563,0.010827215715368379,0.008557545439123427
n1024_m176_s0.727347_seed0.h5,176,0.7273469387755102,0,1024,176,1.0,175.68100192036945,0.9981875109111901,0.9981875109111901,0.001812489088809932,0.05479173447500507,0.0018124890888101587,2.063164488090766,0.17187500000000006,0.011725145394961167,0.010651933020076259,0.00793183676018592
n1024_m176_s0.727347_seed1.h5,176,0.7273469387755102,1,1024,176,1.0,175.68900590841076,0.9982329881159703,0.9982329881159703,0.0017670118840297233,0.05466904107303245,0.0017670118840297476,2.066209155818069,0.17187500000000003,0.011622517421101965,0.01027735412203412,0.007775581932885253
n1024_m176_s0.747551_seed0.h5,176,0.7475510204081632,0,1024,176,1.0,175.88363487477181,0.9993388345157489,0.9993388345157489,0.0006611654842511028,0.05506561680953403,0.0006611654842512203,2.1468380769321334,0.17187500000000003,0.0,0.0,0.0
n1024_m176_s0.747551_seed1.h5,176,0.7475510204081632,1,1024,176,1.0,175.8806642103591,0.9993219557406767,0.9993219557406767,0.0006780442593232738,0.05587348504201923,0.0006780442593236334,2.1507675400948614,0.17187500000000006,0.0,0.0,0.0
n1024_m176_s0.767755_seed0.h5,176,0.7677551020408163,0,1024,176,1.0,175.86621468438534,0.9992398561612803,0.9992398561612803,0.0007601438387196957,0.06522637926232736,0.00076014383871998,2.3701171532470147,0.17187500000000006,0.0,0.0,0.0
n1024_m176_s0.767755_seed1.h5,176,0.7677551020408163,1,1024,176,1.0,175.86815295560518,0.9992508690659385,0.9992508690659385,0.0007491309340614816,0.06491461111399838,0.0007491309340615711,2.374092558120384,0.171875,0.0,0.0,0.0
n1024_m176_s0.787959_seed0.h5,176,0.7879591836734694,0,1024,176,1.0,175.85614703467581,0.9991826536061126,0.9991826536061126,0.0008173463938874193,0.07216425636481216,0.0008173463938878414,2.5360447468371743,0.17187500000000006,0.0,0.0,0.0
n1024_m176_s0.787959_seed1.h5,176,0.7879591836734694,1,1024,176,1.0,175.85728604334872,0.9991891252462995,0.9991891252462995,0.0008108747537004524,0.07203209564282158,0.0008108747537008422,2.539371556416069,0.17187500000000006,0.0,0.0,0.0
n1024_m176_s0.808163_seed0.h5,176,0.8081632653061224,0,1024,176,1.0,175.85592471907148,0.9991813904492698,0.9991813904492698,0.0008186095507302094,0.07903190734502928,0.0008186095507306785,2.7692910401373743,0.17187500000000008,0.0,0.0,0.0
n1024_m176_s0.808163_seed1.h5,176,0.8081632653061224,1,1024,176,1.0,175.8548505214858,0.9991752870538965,0.9991752870538965,0.0008247129461035341,0.07822700239743043,0.0008247129461042541,2.7327331244164883,0.17187500000000014,0.0,0.0,0.0
n1024_m176_s0.828367_seed0.h5,176,0.8283673469387755,0,1024,176,1.0,175.85701070912182,0.9991875608472831,0.9991875608472831,0.0008124391527168928,0.08644097242744325,0.0008124391527174873,3.039162857293037,0.17187500000000008,0.0,0.0,0.0
n1024_m176_s0.828367_seed1.h5,176,0.8283673469387755,1,1024,176,1.0,175.85729984549107,0.9991892036675629,0.9991892036675629,0.0008107963324370804,0.08577723326738285,0.0008107963324378091,3.018229259239462,0.1718750000000001,0.0,0.0,0.0
n1024_m176_s0.848571_seed0.h5,176,0.8485714285714285,0,1024,176,1.0,175.84424098854652,0.9991150056167416,0.9991150056167416,0.0008849943832583973,0.09881464221154279,0.0008849943832592796,3.3283013336177505,0.17187500000000017,0.0,0.0,0.0
n1024_m176_s0.848571_seed1.h5,176,0.8485714285714285,1,1024,176,1.0,175.84849101823056,0.9991391535126737,0.9991391535126737,0.0008608464873263166,0.09648456495963495,0.0008608464873271527,3.295823059879248,0.17187500000000014,0.0,0.0,0.0
n1024_m176_s0.868776_seed0.h5,176,0.8687755102040816,0,1024,176,1.0,175.83994701196207,0.9990906080225117,0.9990906080225117,0.0009093919774882941,0.11129167540568488,0.0009093919774891846,3.6972467811716703,0.17187500000000017,0.0,0.0,0.0
n1024_m176_s0.868776_seed1.h5,176,0.8687755102040816,1,1024,176,1.0,175.8351525189064,0.9990633665846954,0.9990633665846954,0.0009366334153045885,0.11310319878958659,0.0009366334153056545,3.703625067625291,0.17187500000000017,0.0,0.0,0.0
n1024_m176_s0.888980_seed0.h5,176,0.8889795918367347,0,1024,176,1.0,175.8242974941386,0.9990016903076057,0.9990016903076057,0.000998309692394339,0.13437132727969792,0.0009983096923954422,4.260946990034021,0.17187500000000017,0.0,0.0,0.0
n1024_m176_s0.888980_seed1.h5,176,0.8889795918367347,1,1024,176,1.0,175.82108458218863,0.9989834351260718,0.9989834351260718,0.0010165648739282052,0.13549492268735255,0.0010165648739293837,4.257967964608489,0.1718750000000002,0.0,0.0,0.0
n1024_m176_s0.909184_seed0.h5,176,0.9091836734693878,0,1024,176,1.0,175.81360336727812,0.9989409282231712,0.9989409282231712,0.001059071776828846,0.16385985049257262,0.001059071776829499,5.043824311917829,0.1718750000000001,0.0,0.0,0.0
n1024_m176_s0.909184_seed1.h5,176,0.9091836734693878,1,1024,176,1.0,175.8087263525813,0.9989132179123937,0.9989132179123937,0.001086782087606264,0.1659897821852444,0.0010867820876070031,5.046477823438834,0.1718750000000001,0.0,0.0,0.0
n1024_m176_s0.929388_seed0.h5,176,0.9293877551020407,0,1024,176,1.0,175.78995406627655,0.9988065571947531,0.9988065571947531,0.0011934428052469137,0.20613568340738808,0.0011934428052472444,5.977522805743754,0.17187500000000006,0.0,0.0,0.0
n1024_m176_s0.929388_seed1.h5,176,0.9293877551020407,1,1024,176,1.0,175.788779348135,0.998799882659858,0.998799882659858,0.0012001173401420262,0.20695620426009848,0.0012001173401424055,5.986006611273603,0.17187500000000006,0.0,0.0,0.0
n1024_m176_s0.949592_seed0.h5,176,0.9495918367346938,0,1024,176,1.0,175.75618034601212,0.998614661056887,0.998614661056887,0.0013853389431129903,0.2616416636234513,0.0013853389431133954,7.041427281496548,0.17187500000000006,0.0,0.0,0.0
n1024_m176_s0.949592_seed1.h5,176,0.9495918367346938,1,1024,176,1.0,175.75665573775768,0.9986173621463504,0.9986173621463504,0.0013826378536495598,0.26154549067941335,0.0013826378536499094,7.046494514352728,0.17187500000000006,0.0,0.0,0.0
n1024_m176_s0.969796_seed0.h5,176,0.9697959183673469,0,1024,176,1.0,175.688070833683,0.9982276751913808,0.9982276751913808,0.001772324808619219,0.3336843327348006,0.0017723248086198328,7.941354802218267,0.1718750000000001,0.0,0.0,0.0
n1024_m176_s0.969796_seed1.h5,176,0.9697959183673469,1,1024,176,1.0,175.69263945519924,0.9982536332681775,0.9982536332681775,0.0017463667318224907,0.33117637737247985,0.0017463667318229226,7.946556030979059,0.17187500000000008,0.0,0.0,0.0
n1024_m176_s0.990000_seed0.h5,176,0.99,0,1024,176,1.0,175.42919869720936,0.9967568107795987,0.9967568107795987,0.0032431892204013435,0.44735226097713765,0.003243189220401716,7.884007638081951,0.17187500000000006,0.0,0.0,0.0
n1024_m176_s0.990000_seed1.h5,176,0.99,1,1024,176,1.0,175.42066024243832,0.9967082968320359,0.9967082968320359,0.0032917031679641218,0.4507900021381149,0.0032917031679644956,7.884881225694394,0.17187500000000006,0.0,0.0,0.0
n1024_m192_s0.000000_seed0.h5,192,0.0,0,1024,192,1.0,191.9908472326715,0.9999523293368308,0.9999523293368308,4.76706631692414e-05,0.006618075838412065,4.767066317066215e-05,1.0011949391791093,0.18750000000000028,0.0,0.0,0.0
n1024_m192_s0.000000_seed1.h5,192,0.0,1,1024,192,1.0,191.9924632806069,0.9999607462531609,0.9999607462531609,3.925374683910743e-05,0.006013799980602418,3.925374684062364e-05,1.0012105598648606,0.1875000000000003,0.0,0.0,0.0
n1024_m192_s0.020204_seed0.h5,192,0.02020408163265306,0,1024,192,1.0,191.98898788575025,0.9999426452382826,0.9999426452382826,5.735476171742082e-05,0.007246526625804574,5.735476171870115e-05,1.001548225595712,0.18750000000000022,0.0,0.0,0.0
n1024_m192_s0.020204_seed1.h5,192,0.02020408163265306,1,1024,192,1.0,191.99191200778296,0.9999578750405362,0.9999578750405362,4.2124959463762934e-05,0.006222755143331247,4.212495946520143e-05,1.0016862382157632,0.18750000000000028,0.0,0.0,0.0
n1024_m192_s0.040408_seed0.h5,192,0.04040816326530612,0,1024,192,1.0,191.98934760944394,0.9999445187991872,0.9999445187991872,5.5481200812779186e-05,0.007092472181474151,5.548120081414686e-05,1.002256029396416,0.18750000000000025,0.0,0.0,0.0
n1024_m192_s0.040408_seed1.h5,192,0.04040816326530612,1,1024,192,1.0,191.9925011087762,0.9999609432748761,0.9999609432748761,3.905672512394265e-05,0.0060214868385268655,3.9056725125355675e-05,1.0024029706933764,0.18750000000000028,0.0,0.0,0.0
n1024_m192_s0.060612_seed0.h5,192,0.06061224489795918,0,1024,192,1.0,191.98641431589203,0.9999292412286044,0.9999292412286044,7.075877139561815e-05,0.008099476877096046,7.075877139689963e-05,1.0034163004234553,0.18750000000000025,0.0,0.0,0.0
n1024_m192_s0.060612_seed1.h5,192,0.06061224489795918,1,1024,192,1.0,191.9896136677853,0.9999459045197151,0.9999459045197151,5.409548028489919e-05,0.007158013965701528,5.4095480285880283e-05,1.0041404029521406,0.1875000000000002,0.0,0.0,0.0
n1024_m192_s0.080816_seed0.h5,192,0.08081632653061224,0,1024,192,1.0,191.98596909648768,0.99992692237754,0.99992692237754,7.307762246000493e-05,0.008380867614827307,7.307762246109702e-05,1.006519329902436,0.18750000000000022,0.0,0.0,0.0
n1024_m192_s0.080816_seed1.h5,192,0.08081632653061224,1,1024,192,1.0,191.98596025440202,0.9999268763250105,0.9999268763250105,7.312367498946148e-05,0.008478078687960267,7.31236749907348e-05,1.00800221046272,0.18750000000000022,0.0,0.0,0.0
n1024_m192_s0.101020_seed0.h5,192,0.1010204081632653,0,1024,192,1.0,191.97710123000434,0.9998807355729392,0.9998807355729392,0.00011926442706078344,0.010835503935233578,0.00011926442706189524,1.0128999538957044,0.18750000000000022,0.0,0.0,0.0
n1024_m192_s0.101020_seed1.h5,192,0.1010204081632653,1,1024,192,1.0,191.97601400438725,0.9998750729395169,0.9998750729395169,0.0001249270604830599,0.011075329963050934,0.0001249270604839325,1.0142957174579184,0.18750000000000017,0.0,0.0,0.0
n1024_m192_s0.121224_seed0.h5,192,0.12122448979591836,0,1024,192,1.0,191.96526133295993,0.9998190694424997,0.9998190694424997,0.00018093055750034726,0.013304192646436215,0.0001809305575012689,1.0200278598249397,0.18750000000000017,0.0,0.0,0.0
n1024_m192_s0.121224_seed1.h5,192,0.12122448979591836,1,1024,192,1.0,191.96545030144625,0.9998200536533659,0.9998200536533659,0.0001799463466340967,0.013242861006000313,0.00017994634663487619,1.0209881933066118,0.18750000000000017,0.0,0.0,0.0
n1024_m192_s0.141429_seed0.h5,192,0.14142857142857143,0,1024,192,1.0,191.9550260647302,0.9997657607538031,0.9997657607538031,0.00023423924619692116,0.015096773876575001,0.00023423924619761383,1.0267682320613438,0.1875000000000001,0.0,0.0,0.0
n1024_m192_s0.141429_seed1.h5,192,0.14142857142857143,1,1024,192,1.0,191.9553617315978,0.9997675090187386,0.9997675090187386,0.00023249098126143508,0.015028805053670238,0.00023249098126215215,1.0282138519853559,0.18750000000000014,0.0,0.0,0.0
n1024_m192_s0.161633_seed0.h5,192,0.16163265306122448,0,1024,192,1.0,191.94736420941626,0.9997258552573763,0.9997258552573763,0.00027414474262366095,0.016359241720069313,0.0002741447426241983,1.0353429578063793,0.1875000000000001,0.0,0.0,0.0
n1024_m192_s0.161633_seed1.h5,192,0.16163265306122448,1,1024,192,1.0,191.94778126174788,0.9997280274049368,0.9997280274049368,0.0002719725950631746,0.01632718543183952,0.0002719725950638651,1.034982409342677,0.18750000000000014,0.0,0.0,0.0
n1024_m192_s0.181837_seed0.h5,192,0.18183673469387754,0,1024,192,1.0,191.94450019837677,0.9997109385332124,0.9997109385332124,0.00028906146678764344,0.01698158189126677,0.000289061466788069,1.0432606101565658,0.1875000000000001,0.0,0.0,0.0
n1024_m192_s0.181837_seed1.h5,192,0.18183673469387754,1,1024,192,1.0,191.94745420605614,0.9997263239898757,0.9997263239898757,0.00027367601012429077,0.01663176325348083,0.0002736760101247368,1.0439829231158457,0.18750000000000006,0.0,0.0,0.0
n1024_m192_s0.202041_seed0.h5,192,0.2020408163265306,0,1024,192,1.0,191.94266182110732,0.9997013636516007,0.9997013636516007,0.0002986363483993282,0.017529136071043977,0.00029863634839961874,1.0512928504933874,0.18750000000000006,0.0,0.0,0.0
n1024_m192_s0.202041_seed1.h5,192,0.2020408163265306,1,1024,192,1.0,191.94189098134666,0.9996973488611806,0.9996973488611806,0.00030265113881944306,0.017675963801333884,0.00030265113881996873,1.0508404574007064,0.18750000000000008,0.0,0.0,0.0
n1024_m192_s0.222245_seed0.h5,192,0.22224489795918367,0,1024,192,1.0,191.9381753529451,0.9996779966299224,0.9996779966299224,0.00032200337007759483,0.018280864300837113,0.00032200337007757325,1.060153534254147,0.1875,0.0,0.0,0.0
n1024_m192_s0.222245_seed1.h5,192,0.22224489795918367,1,1024,192,1.0,191.93908637720597,0.9996827415479478,0.9996827415479478,0.0003172584520522159,0.018205226127018,0.0003172584520526143,1.0604013077625938,0.18750000000000006,0.0,0.0,0.0
n1024_m192_s0.242449_seed0.h5,192,0.24244897959183673,0,1024,192,1.0,191.9327724451432,0.9996498564851208,0.9996498564851208,0.0003501435148791643,0.019084207676429245,0.00035014351487919036,1.0707749907665192,0.1875,0.0,0.0,0.0
n1024_m192_s0.242449_seed1.h5,192,0.24244897959183673,1,1024,192,1.0,191.93654396299098,0.9996694998072447,0.9996694998072447,0.00033050019275526754,0.018626660504802096,0.00033050019275530657,1.0719428244637166,0.1875,0.0,0.0,0.0
n1024_m192_s0.262653_seed0.h5,192,0.2626530612244898,0,1024,192,1.0,191.92503304526326,0.9996095471107461,0.9996095471107461,0.00039045288925387833,0.020163029730748877,0.0003904528892538105,1.0809281626263492,0.1875,0.0,0.0,0.0
n1024_m192_s0.262653_seed1.h5,192,0.2626530612244898,1,1024,192,1.0,191.928364984582,0.9996269009613646,0.9996269009613646,0.00037309903863536054,0.01987009764481782,0.0003730990386351516,1.0807197967212046,0.18749999999999994,0.0,0.0,0.0
n1024_m192_s0.282857_seed0.h5,192,0.28285714285714286,0,1024,192,1.0,191.9198771178344,0.9995826933220542,0.9995826933220542,0.0004173066779458168,0.020843285439231904,0.0004173066779455395,1.0919112059582867,0.18749999999999994,1.8916431118820253e-05,0.0,0.0
n1024_m192_s0.282857_seed1.h5,192,0.28285714285714286,1,1024,192,1.0,191.92398560261063,0.9996040916802637,0.9996040916802637,0.0003959083197363489,0.020477995499571338,0.00039590831973643643,1.0928629370634433,0.18750000000000003,0.0,0.0,0.0
n1024_m192_s0.303061_seed0.h5,192,0.3030612244897959,0,1024,192,1.0,191.9152439127356,0.999558562045498,0.999558562045498,0.00044143795450202195,0.021359781649013213,0.00044143795450176374,1.1054702192403676,0.18749999999999994,5.5379869605185786e-05,0.0,0.0
n1024_m192_s0.303061_seed1.h5,192,0.3030612244897959,1,1024,192,1.0,191.91575401740556,0.999561218840654,0.999561218840654,0.00043878115934603557,0.021608693891962738,0.0004387811593460668,1.1046642967085827,0.1875,5.281255128222591e-05,0.0,0.0
n1024_m192_s0.323265_seed0.h5,192,0.32326530612244897,0,1024,192,1.0,191.89941660268232,0.9994761281389705,0.9994761281389705,0.0005238718610295345,0.02329212858311119,0.0005238718610293625,1.1289930249204314,0.18749999999999994,6.087446481325902e-05,0.0,0.0
n1024_m192_s0.323265_seed1.h5,192,0.32326530612244897,1,1024,192,1.0,191.9031809651351,0.999495734193412,0.999495734193412,0.0005042658065880223,0.02316630403544735,0.0005042658065879957,1.1254496331722863,0.1875,6.298472975635717e-05,0.0,0.0
n1024_m192_s0.343469_seed0.h5,192,0.34346938775510205,0,1024,192,1.0,191.8665765998885,0.9993050864577526,0.9993050864577526,0.0006949135422473773,0.025989451838408912,0.0006949135422471142,1.1638644758852732,0.18749999999999994,9.1711378777889e-05,0.0,0.0
n1024_m192_s0.343469_seed1.h5,192,0.34346938775510205,1,1024,192,1.0,191.88577648616047,0.9994050858654191,0.9994050858654191,0.0005949141345809039,0.025249728478365274,0.000594914134580655,1.161841041177896,0.18749999999999994,6.27587300007558e-05,0.0,0.0
n1024_m192_s0.363673_seed0.h5,192,0.3636734693877551,0,1024,192,1.0,191.86128850051318,0.9992775442735061,0.9992775442735061,0.0007224557264938758,0.02805406835011386,0.0007224557264935827,1.19990601105976,0.18749999999999994,6.164011382648254e-05,0.0,0.0
n1024_m192_s0.363673_seed1.h5,192,0.3636734693877551,1,1024,192,1.0,191.8608728704712,0.9992753795337043,0.9992753795337043,0.0007246204662957334,0.02820675203656762,0.0007246204662954916,1.1933542096459095,0.18749999999999994,6.53035627282558e-05,0.0,0.0
n1024_m192_s0.383878_seed0.h5,192,0.38387755102040816,0,1024,192,1.0,191.79743130823772,0.9989449547304048,0.9989449547304048,0.0010550452695952117,0.035266301500074426,0.0010550452695949444,1.2511447504235602,0.18749999999999994,0.0002146704919586399,0.0,0.0
n1024_m192_s0.383878_seed1.h5,192,0.38387755102040816,1,1024,192,1.0,191.80689737458306,0.9989942571592868,0.9989942571592868,0.0010057428407131974,0.03420833494799242,0.0010057428407128912,1.257703616277671,0.18749999999999994,0.0010190773204481484,0.0,0.0
n1024_m192_s0.404082_seed0.h5,192,0.4040816326530612,0,1024,192,1.0,191.6455106004869,0.9981537010442025,0.9981537010442025,0.0018462989557974652,0.040700735186332444,0.0018462989557973691,1.3739473945643155,0.1875,0.05940267429388058,0.0,0.0
n1024_m192_s0.404082_seed1.h5,192,0.4040816326530612,1,1024,192,1.0,191.5538104846055,0.9976760962739869,0.9976760962739869,0.002323903726013099,0.04418314561722535,0.002323903726012825,1.3680101573505157,0.18749999999999994,0.08354039192761516,0.0,0.0
n1024_m192_s0.424286_seed0.h5,192,0.42428571428571427,0,1024,192,1.0,191.47858994650596,0.9972843226380519,0.9972843226380519,0.00271567736194811,0.04520283472834864,0.002715677361947918,1.5166965206757594,0.18749999999999994,0.06814076473836471,3.094718760203301e-05,0.0
n1024_m192_s0.424286_seed1.h5,192,0.42428571428571427,1,1024,192,1.0,191.45780389431457,0.997176061949555,0.997176061949555,0.0028239380504450073,0.04650140767493759,0.002823938050444769,1.5011689825302659,0.18749999999999997,0.08187459321926852,1.4811489862180453e-06,0.0
n1024_m192_s0.444490_seed0.h5,192,0.44448979591836735,0,1024,192,1.0,191.44873137235118,0.9971288092309957,0.9971288092309957,0.002871190769004328,0.04657402903093311,0.002871190769003954,1.6281492966082016,0.18749999999999994,0.05663747923048703,0.015351743046673354,0.0
n1024_m192_s0.444490_seed1.h5,192,0.44448979591836735,1,1024,192,1.0,191.4167168255226,0.9969620667995969,0.9969620667995969,0.003037933200403131,0.04803564525357038,0.0030379332004028463,1.6243921633840916,0.18749999999999994,0.06917579864924121,0.006749101680734874,0.0
n1024_m192_s0.464694_seed0.h5,192,0.4646938775510204,0,1024,192,1.0,191.6679712965706,0.9982706838363052,0.9982706838363052,0.0017293161636947607,0.041533197706298944,0.001729316163695095,1.736799137611877,0.18750000000000006,0.01969648282140424,0.019036212869483374,0.0
n1024_m192_s0.464694_seed1.h5,192,0.4646938775510204,1,1024,192,1.0,191.681632773616,0.9983418373625833,0.9983418373625833,0.0016581626374166936,0.04101156964525713,0.0016581626374166508,1.740574630970474,0.1875,0.018060949002511654,0.017781606225356513,0.0
n1024_m192_s0.484898_seed0.h5,192,0.48489795918367345,0,1024,192,1.0,191.74163722484082,0.998654360546046,0.998654360546046,0.0013456394539540506,0.04194300462913467,0.001345639453953922,1.8067979506485963,0.18749999999999994,0.011979599347011255,0.011897534804975995,0.0
n1024_m192_s0.484898_seed1.h5,192,0.48489795918367345,1,1024,192,1.0,191.7431246227934,0.9986621074103823,0.9986621074103823,0.0013378925896176952,0.0418291636360544,0.0013378925896176859,1.8081503296329338,0.1875,0.011944640547492077,0.01190982920639796,0.0
n1024_m192_s0.505102_seed0.h5,192,0.5051020408163265,0,1024,192,1.0,191.722371790107,0.9985540197401406,0.9985540197401406,0.0014459802598594251,0.043985161429230826,0.0014459802598596838,1.858506924306789,0.18750000000000006,0.011389370108238553,0.011366682350441673,0.00015121268235480375
n1024_m192_s0.505102_seed1.h5,192,0.5051020408163265,1,1024,192,1.0,191.72503875776601,0.998567910196698,0.998567910196698,0.0014320898033020057,0.04356415422035223,0.0014320898033019088,1.8588003822727803,0.18749999999999997,0.011342281785975789,0.011309990251174152,2.4625970490817133e-05
n1024_m192_s0.525306_seed0.h5,192,0.5253061224489796,0,1024,192,1.0,191.70247099165863,0.998450369748222,0.998450369748222,0.0015496302517780114,0.046103760302132986,0.001549630251777982,1.8989468579559101,0.1875,0.01099076823035118,0.010946585253827038,0.0037645438597071917
n1024_m192_s0.525306_seed1.h5,192,0.5253061224489796,1,1024,192,1.0,191.70993861398892,0.9984892636145256,0.9984892636145256,0.0015107363854743872,0.04513151957308028,0.0015107363854746563,1.899140799721672,0.18750000000000006,0.01092946774646155,0.010875896506660807,0.003699370485861187
n1024_m192_s0.545510_seed0.h5,192,0.5455102040816326,0,1024,192,1.0,191.69071638956666,0.9983891478623264,0.9983891478623264,0.0016108521376736462,0.047236466890427084,0.001610852137673914,1.9314746165161196,0.18750000000000006,0.010736476470050915,0.010661387821548622,0.007048722608641013
n1024_m192_s0.545510_seed1.h5,192,0.5455102040816326,1,1024,192,1.0,191.69600641480065,0.9984167000770867,0.9984167000770867,0.0015832999229132838,0.0467159988012073,0.0015832999229135269,1.9320232796482484,0.18750000000000006,0.010654489376214405,0.010599721363246268,0.0069671235786011474
n1024_m192_s0.565714_seed0.h5,192,0.5657142857142857,0,1024,192,1.0,191.68312778664404,0.998349623888771,0.998349623888771,0.0016503761112289794,0.04799899991886712,0.0016503761112291022,1.9578450008380575,0.18750000000000006,0.01058343206752719,0.01048407482911883,0.008058331762996347
n1024_m192_s0.565714_seed1.h5,192,0.5657142857142857,1,1024,192,1.0,191.68633614612918,0.9983663340944228,0.9983663340944228,0.0016336659055772307,0.04767065304456579,0.0016336659055774844,1.9580770073172964,0.18750000000000006,0.0105232231673679,0.010473354392619644,0.00828979051277437
n1024_m192_s0.585918_seed0.h5,192,0.5859183673469388,0,1024,192,1.0,191.67381836497225,0.9983011373175638,0.9983011373175638,0.0016988626824362418,0.04896826971023898,0.0016988626824363867,1.9790295703179674,0.18750000000000003,0.010500258567121709,0.010377982361029499,0.008595284648165937
n1024_m192_s0.585918_seed1.h5,192,0.5859183673469388,1,1024,192,1.0,191.6798798537493,0.998332707571611,0.998332707571611,0.0016672924283890334,0.04850124961307297,0.001667292428389193,1.9793540871924618,0.1875,0.010482804405182471,0.010358555159965999,0.008450295007714558
n1024_m192_s0.606122_seed0.h5,192,0.6061224489795918,0,1024,192,1.0,191.66552213975228,0.9982579278112098,0.9982579278112098,0.001742072188790189,0.049878037353468456,0.001742072188789964,1.9969687807773824,0.18749999999999994,0.01037713034050143,0.010155019334325973,0.008360125374584004
n1024_m192_s0.606122_seed1.h5,192,0.6061224489795918,1,1024,192,1.0,191.6738329847576,0.9983012134622792,0.9983012134622792,0.00169878653772082,0.049614378846419366,0.0016987865377209093,1.9973858216834512,0.18750000000000003,0.010450900220667442,0.010360910844701475,0.00852514062847666
n1024_m192_s0.626327_seed0.h5,192,0.6263265306122449,0,1024,192,1.0,191.66785088242614,0.9982700566793028,0.9982700566793028,0.0017299433206972026,0.05040351181716516,0.0017299433206977874,2.012381645445117,0.1875000000000001,0.010526033148322829,0.01033328892857527,0.008563730641206418
n1024_m192_s0.626327_seed1.h5,192,0.6263265306122449,1,1024,192,1.0,191.66921038893634,0.9982771374423768,0.9982771374423768,0.001722862557623217,0.05042230077738304,0.0017228625576234536,2.012034228415978,0.18750000000000006,0.010454484259695205,0.010279925387689343,0.008541631101724949
n1024_m192_s0.646531_seed0.h5,192,0.6465306122448979,0,1024,192,1.0,191.66227497856016,0.9982410155133342,0.9982410155133342,0.0017589844866657822,0.05175355023678076,0.0017589844866659691,2.025249056772299,0.18750000000000006,0.01061163274250272,0.010395461949417244,0.008425155360345363
n1024_m192_s0.646531_seed1.h5,192,0.6465306122448979,1,1024,192,1.0,191.66305016647675,0.9982450529503998,0.9982450529503998,0.0017549470496002195,0.05160762567764493,0.0017549470496004693,2.0248820483299967,0.18750000000000003,0.01060833360303952,0.010477036589863478,0.008633761621833089
n1024_m192_s0.666735_seed0.h5,192,0.666734693877551,0,1024,192,1.0,191.66532044377527,0.9982568773113295,0.9982568773113295,0.0017431226886704954,0.05258156025732862,0.0017431226886706146,2.0360559465449533,0.18750000000000006,0.010669438238889321,0.010152846110085835,0.007855786085633575
n1024_m192_s0.666735_seed1.h5,192,0.666734693877551,1,1024,192,1.0,191.6627125638479,0.9982432946033745,0.9982432946033745,0.0017567053966255353,0.05238025026923691,0.0017567053966256348,2.036444555683883,0.1875,0.010769600304493246,0.010469972619653335,0.008271214407241356
n1024_m192_s0.686939_seed0.h5,192,0.6869387755102041,0,1024,192,1.0,191.6593431600195,0.9982257456251015,0.9982257456251015,0.0017742543748985318,0.05408541333130101,0.0017742543748987675,2.046125401634257,0.18750000000000006,0.01073781399224565,0.010319719504025058,0.00795718014051684
n1024_m192_s0.686939_seed1.h5,192,0.6869387755102041,1,1024,192,1.0,191.65657808881951,0.9982113442126016,0.9982113442126016,0.0017886557873983966,0.0541596046592586,0.0017886557873984718,2.0462153362287885,0.1875,0.010872498243423767,0.010392909010676342,0.008203716764242955
n1024_m192_s0.707143_seed0.h5,192,0.7071428571428571,0,1024,192,1.0,191.6626099224086,0.9982427600125447,0.9982427600125447,0.0017572399874552502,0.05477196187505338,0.0017572399874552786,2.0550759025239227,0.1875,0.010892396490426287,0.010040692410630832,0.007431710466743666
n1024_m192_s0.707143_seed1.h5,192,0.7071428571428571,1,1024,192,1.0,191.6538090413669,0.9981969220904526,0.9981969220904526,0.0018030779095473681,0.05550301190524191,0.0018030779095474245,2.0546589814434575,0.18750000000000003,0.011007717004107367,0.010225245219118986,0.007953361282050073
n1024_m192_s0.727347_seed0.h5,192,0.7273469387755102,0,1024,192,1.0,191.66432599336258,0.9982516978820968,0.9982516978820968,0.001748302117903222,0.0561669286574368,0.0017483021179035662,2.062898565569038,0.18750000000000006,0.010896605032616838,0.009752050460529649,0.00722369392389612
n1024_m192_s0.727347_seed1.h5,192,0.7273469387755102,1,1024,192,1.0,191.65459246229148,0.9982010024077681,0.9982010024077681,0.001798997592231899,0.0565228311990141,0.0017989975922320437,2.066434064810035,0.1875,0.011033971524607224,0.010014775813195077,0.007717004158693456
n1024_m192_s0.747551_seed0.h5,192,0.7475510204081632,0,1024,192,1.0,191.86257706212928,0.9992842555319233,0.9992842555319233,0.0007157444680766512,0.056731754097852805,0.0007157444680767984,2.124606125093488,0.18750000000000003,0.0,0.0,0.0
n1024_m192_s0.747551_seed1.h5,192,0.7475510204081632,1,1024,192,1.0,191.85969165386632,0.9992692273638871,0.9992692273638871,0.0007307726361128752,0.058481540307099976,0.0007307726361132541,2.1683344680883323,0.18750000000000006,0.0,0.0,0.0
n1024_m192_s0.767755_seed0.h5,192,0.7677551020408163,0,1024,192,1.0,191.83863346552243,0.999159549299596,0.999159549299596,0.0008404507004039496,0.06714203526494981,0.0008404507004044236,2.3177232017669156,0.18750000000000006,0.0,0.0,0.0
n1024_m192_s0.767755_seed1.h5,192,0.7677551020408163,1,1024,192,1.0,191.84275778161827,0.9991810301125952,0.9991810301125952,0.000818969887404819,0.06809124513098246,0.0008189698874051685,2.3823414781542285,0.18750000000000006,0.0,0.0,0.0
n1024_m192_s0.787959_seed0.h5,192,0.7879591836734694,0,1024,192,1.0,191.83784567232942,0.999155446210049,0.999155446210049,0.0008445537899509636,0.07469903795308627,0.0008445537899513332,2.5753392174549425,0.18750000000000008,0.0,0.0,0.0
n1024_m192_s0.787959_seed1.h5,192,0.7879591836734694,1,1024,192,1.0,191.84143143799156,0.9991741220728727,0.9991741220728727,0.0008258779271272942,0.07391743665802658,0.0008258779271276726,2.5749727925183556,0.18750000000000008,0.0,0.0,0.0
n1024_m192_s0.808163_seed0.h5,192,0.8081632653061224,0,1024,192,1.0,191.83306211949093,0.9991305318723486,0.9991305318723486,0.0008694681276514293,0.08179274181997162,0.0008694681276519941,2.7800238358852365,0.1875000000000001,0.0,0.0,0.0
n1024_m192_s0.808163_seed1.h5,192,0.8081632653061224,1,1024,192,1.0,191.83732518937904,0.9991527353613492,0.9991527353613492,0.0008472646386508131,0.08032291424026991,0.0008472646386511682,2.7647907747808422,0.18750000000000006,0.0,0.0,0.0
n1024_m192_s0.828367_seed0.h5,192,0.8283673469387755,0,1024,192,1.0,191.82491420320002,0.9990880948083335,0.9990880948083335,0.0009119051916665066,0.09051303404337215,0.0009119051916671134,3.0032538911052487,0.1875000000000001,0.0,0.0,0.0
n1024_m192_s0.828367_seed1.h5,192,0.8283673469387755,1,1024,192,1.0,191.82514149794588,0.9990892786351347,0.9990892786351347,0.0009107213648652523,0.09068483687167334,0.0009107213648659447,3.014692556655632,0.18750000000000014,0.0,0.0,0.0
n1024_m192_s0.848571_seed0.h5,192,0.8485714285714285,0,1024,192,1.0,191.82081224699505,0.9990667304530992,0.9990667304530992,0.0009332695469007612,0.10156052769988033,0.0009332695469016934,3.331626101944766,0.18750000000000017,0.0,0.0,0.0
n1024_m192_s0.848571_seed1.h5,192,0.8485714285714285,1,1024,192,1.0,191.82386928482447,0.9990826525251274,0.9990826525251274,0.0009173474748725985,0.10079082520989256,0.00091734747487355,3.3351788864348406,0.18750000000000017,0.0,0.0,0.0
n1024_m192_s0.868776_seed0.h5,192,0.8687755102040816,0,1024,192,1.0,191.8133053513593,0.9990276320383297,0.9990276320383297,0.0009723679616703285,0.11577847776815976,0.0009723679616714286,3.7196718094311545,0.18750000000000022,0.0,0.0,0.0
n1024_m192_s0.868776_seed1.h5,192,0.8687755102040816,1,1024,192,1.0,191.8085611105489,0.9990029224507756,0.9990029224507756,0.000997077549224401,0.11723683207342414,0.0009970775492255137,3.719485050702947,0.18750000000000022,0.0,0.0,0.0
n1024_m192_s0.888980_seed0.h5,192,0.8889795918367347,0,1024,192,1.0,191.78686943318462,0.9988899449645032,0.9988899449645032,0.0011100550354967709,0.14219515801733026,0.0011100550354979284,4.275864220103582,0.18750000000000022,0.0,0.0,0.0
n1024_m192_s0.888980_seed1.h5,192,0.8889795918367347,1,1024,192,1.0,191.7920808599447,0.9989170878122119,0.9989170878122119,0.0010829121877881098,0.14040201021206414,0.0010829121877891743,4.274302407582738,0.18750000000000022,0.0,0.0,0.0
n1024_m192_s0.909184_seed0.h5,192,0.9091836734693878,0,1024,192,1.0,191.77204731019447,0.9988127464072628,0.9988127464072628,0.0011872535927371919,0.17312484168216052,0.0011872535927376858,5.033860014803852,0.1875000000000001,0.0,0.0,0.0
n1024_m192_s0.909184_seed1.h5,192,0.9091836734693878,1,1024,192,1.0,191.77296271186788,0.9988175141243119,0.9988175141243119,0.001182485875688144,0.17297051672613478,0.0011824858756886603,5.039404925397536,0.1875000000000001,0.0,0.0,0.0
n1024_m192_s0.929388_seed0.h5,192,0.9293877551020407,0,1024,192,1.0,191.7428176254034,0.9986605084656427,0.9986605084656427,0.0013394915343573066,0.21186618902336404,0.0013394915343577466,5.799152332349408,0.18750000000000008,0.0,0.0,0.0
n1024_m192_s0.929388_seed1.h5,192,0.9293877551020407,1,1024,192,1.0,191.7422910183668,0.9986577657206605,0.9986577657206605,0.0013422342793395492,0.21235797625749336,0.0013422342793398558,5.807796875254093,0.18750000000000006,0.0,0.0,0.0
n1024_m192_s0.949592_seed0.h5,192,0.9495918367346938,0,1024,192,1.0,191.69623658061028,0.9984178988573452,0.9984178988573452,0.0015821011426547793,0.2625301111903119,0.0015821011426549853,6.6167434838196675,0.18750000000000006,0.0,0.0,0.0
n1024_m192_s0.949592_seed1.h5,192,0.9495918367346938,1,1024,192,1.0,191.6980335265398,0.9984272579507282,0.9984272579507282,0.0015727420492718247,0.2620857356949245,0.0015727420492720702,6.623214718115576,0.18750000000000003,0.0,0.0,0.0
n1024_m192_s0.969796_seed0.h5,192,0.9697959183673469,0,1024,192,1.0,191.62051202356815,0.9980235001227508,0.9980235001227508,0.001976499877249238,0.32236814827709886,0.0019764998772496376,7.271749905161236,0.1875000000000001,0.0,0.0,0.0
n1024_m192_s0.969796_seed1.h5,192,0.9697959183673469,1,1024,192,1.0,191.60607865452766,0.9979483263256649,0.9979483263256649,0.0020516736743351194,0.3291052312573013,0.002051673674335407,7.284956703442102,0.18750000000000006,0.0,0.0,0.0
n1024_m192_s0.990000_seed0.h5,192,0.99,0,1024,192,1.0,191.2833298444748,0.9962673429399729,0.9962673429399729,0.0037326570600271225,0.4321606710531041,0.003732657060027523,7.100563623811101,0.18750000000000006,0.0,0.0,0.0
n1024_m192_s0.990000_seed1.h5,192,0.99,1,1024,192,1.0,191.2644027173519,0.9961687641528746,0.9961687641528746,0.0038312358471254138,0.4380196345214001,0.0038312358471260504,7.10087097033987,0.1875000000000001,0.0,0.0,0.0
n1024_m208_s0.000000_seed0.h5,208,0.0,0,1024,208,1.0,207.9890042324987,0.9999471357331668,0.9999471357331668,5.2864266833152485e-05,0.006956222435603583,5.286426683433651e-05,1.0013521563850567,0.20312500000000022,0.0,0.0,0.0
n1024_m208_s0.000000_seed1.h5,208,0.0,1,1024,208,1.0,207.99052911310355,0.999954466889921,0.999954466889921,4.553311007904348e-05,0.0064458744085983824,4.5533110080673756e-05,1.001395794302663,0.20312500000000033,0.0,0.0,0.0
n1024_m208_s0.020204_seed0.h5,208,0.02020408163265306,0,1024,208,1.0,207.990947835955,0.9999564799805529,0.9999564799805529,4.3520019447074176e-05,0.00632489500486982,4.352001944817369e-05,1.0021142823115825,0.20312500000000022,0.0,0.0,0.0
n1024_m208_s0.020204_seed1.h5,208,0.02020408163265306,1,1024,208,1.0,207.99129176108545,0.999958133466757,0.999958133466757,4.186653324300682e-05,0.006200241941243453,4.1866533244298884e-05,1.0020529102461104,0.20312500000000028,0.0,0.0,0.0
n1024_m208_s0.040408_seed0.h5,208,0.04040816326530612,0,1024,208,1.0,207.99024397185713,0.9999530960185439,0.9999530960185439,4.690398145612562e-05,0.00658096495827503,4.690398145726392e-05,1.0029802239700367,0.20312500000000022,0.0,0.0,0.0
n1024_m208_s0.040408_seed1.h5,208,0.04040816326530612,1,1024,208,1.0,207.99093331575568,0.9999564101719023,0.9999564101719023,4.358982809771206e-05,0.00634960101062578,4.358982809906562e-05,1.0030556126920191,0.20312500000000028,0.0,0.0,0.0
n1024_m208_s0.060612_seed0.h5,208,0.06061224489795918,0,1024,208,1.0,207.98778211321041,0.9999412601596654,0.9999412601596654,5.873984033455404e-05,0.007474844667596789,5.873984033581816e-05,1.0051632102570778,0.20312500000000025,0.0,0.0,0.0
n1024_m208_s0.060612_seed1.h5,208,0.06061224489795918,1,1024,208,1.0,207.98867466110096,0.999945551255293,0.999945551255293,5.4448744706947494e-05,0.007255023534232974,5.4448744708325454e-05,1.0059146939081207,0.20312500000000028,0.0,0.0,0.0
n1024_m208_s0.080816_seed0.h5,208,0.08081632653061224,0,1024,208,1.0,207.98136293796415,0.9999103987402123,0.9999103987402123,8.960125978774158e-05,0.009395788383081902,8.96012597888451e-05,1.0100186815631969,0.20312500000000022,0.0,0.0,0.0
n1024_m208_s0.080816_seed1.h5,208,0.08081632653061224,1,1024,208,1.0,207.9817441334817,0.9999122314109697,0.9999122314109697,8.776858903025708e-05,0.009333491542516448,8.776858903133448e-05,1.0109501357681034,0.20312500000000022,0.0,0.0,0.0
n1024_m208_s0.101020_seed0.h5,208,0.1010204081632653,0,1024,208,1.0,207.9707930974837,0.9998595821994408,0.9998595821994408,0.0001404178005591783,0.011749132688291487,0.00014041780056020715,1.0169611945086356,0.2031250000000002,0.0,0.0,0.0
n1024_m208_s0.101020_seed1.h5,208,0.1010204081632653,1,1024,208,1.0,207.97176347011555,0.9998642474524786,0.9998642474524786,0.00013575254752140609,0.011591384719030933,0.00013575254752250433,1.0175149223733218,0.20312500000000022,0.0,0.0,0.0
n1024_m208_s0.121224_seed0.h5,208,0.12122448979591836,0,1024,208,1.0,207.96061905837269,0.9998106685498687,0.9998106685498687,0.0001893314501313359,0.013595113207976434,0.0001893314501320995,1.0235902904678875,0.20312500000000017,0.0,0.0,0.0
n1024_m208_s0.121224_seed1.h5,208,0.12122448979591836,1,1024,208,1.0,207.96192547332612,0.999816949390991,0.999816949390991,0.0001830506090090278,0.013410848362453251,0.00018305060901006783,1.0237300235600357,0.20312500000000022,0.0,0.0,0.0
n1024_m208_s0.141429_seed0.h5,208,0.14142857142857143,0,1024,208,1.0,207.95179109104356,0.9997682263992479,0.9997682263992479,0.0002317736007521054,0.015078024702609622,0.00023177360075285502,1.0310767098052704,0.20312500000000017,0.0,0.0,0.0
n1024_m208_s0.141429_seed1.h5,208,0.14142857142857143,1,1024,208,1.0,207.95332920549117,0.999775621180246,0.999775621180246,0.00022437881975401197,0.014854558580442297,0.00022437881975453746,1.0307732310291977,0.2031250000000001,0.0,0.0,0.0
n1024_m208_s0.161633_seed0.h5,208,0.16163265306122448,0,1024,208,1.0,207.9476763993007,0.9997484442274072,0.9997484442274072,0.00025155577259283746,0.015872280394231456,0.0002515557725933792,1.0396293222822788,0.2031250000000001,0.0,0.0,0.0
n1024_m208_s0.161633_seed1.h5,208,0.16163265306122448,1,1024,208,1.0,207.9488420505295,0.9997540483198534,0.9997540483198534,0.0002459516801466277,0.01574652419305383,0.000245951680147235,1.0389558615745662,0.2031250000000001,0.0,0.0,0.0
n1024_m208_s0.181837_seed0.h5,208,0.18183673469387754,0,1024,208,1.0,207.93914363102522,0.9997074213030058,0.9997074213030058,0.0002925786969941724,0.0170886903831119,0.00029257869699439947,1.045958661057088,0.20312500000000006,0.0,0.0,0.0
n1024_m208_s0.181837_seed1.h5,208,0.18183673469387754,1,1024,208,1.0,207.94658928858553,0.9997432177335843,0.9997432177335843,0.00025678226641567825,0.016317730480199927,0.00025678226641627147,1.0471805276580712,0.2031250000000001,0.0,0.0,0.0
n1024_m208_s0.202041_seed0.h5,208,0.2020408163265306,0,1024,208,1.0,207.93841584175243,0.9997039223161175,0.9997039223161175,0.0002960776838825119,0.017470283365992503,0.0002960776838828798,1.0538856515122794,0.20312500000000006,0.0,0.0,0.0
n1024_m208_s0.202041_seed1.h5,208,0.2020408163265306,1,1024,208,1.0,207.94421949386742,0.9997318244897472,0.9997318244897472,0.0002681755102528216,0.016753887792500175,0.0002681755102531004,1.0560841286594909,0.20312500000000006,0.0,0.0,0.0
n1024_m208_s0.222245_seed0.h5,208,0.22224489795918367,0,1024,208,1.0,207.93304887258273,0.9996781195797246,0.9996781195797246,0.0003218804202753667,0.01831790310560387,0.0003218804202754343,1.0627711706323846,0.20312500000000003,0.0,0.0,0.0
n1024_m208_s0.222245_seed1.h5,208,0.22224489795918367,1,1024,208,1.0,207.94062916478288,0.9997145632922254,0.9997145632922254,0.00028543670777458896,0.017326400843513428,0.00028543670777497467,1.0654089457855986,0.20312500000000006,0.0,0.0,0.0
n1024_m208_s0.242449_seed0.h5,208,0.24244897959183673,0,1024,208,1.0,207.929884008292,0.9996629038860192,0.9996629038860192,0.00033709611398080597,0.01866253721967454,0.0003370961139809434,1.0740753666409408,0.203125,0.0,0.0,0.0
n1024_m208_s0.242449_seed1.h5,208,0.24244897959183673,1,1024,208,1.0,207.93430107290624,0.9996841397735877,0.9996841397735877,0.00031586022641227895,0.018310390224258753,0.0003158602264124033,1.0749629902150204,0.203125,0.0,0.0,0.0
n1024_m208_s0.262653_seed0.h5,208,0.2626530612244898,0,1024,208,1.0,207.92390807249467,0.9996341734254551,0.9996341734254551,0.00036582657454486966,0.019451085319689636,0.0003658265745446715,1.08517102412283,0.20312499999999994,6.300580113166788e-07,0.0,0.0
n1024_m208_s0.262653_seed1.h5,208,0.2626530612244898,1,1024,208,1.0,207.93080517963972,0.9996673325944218,0.9996673325944218,0.00033266740557824637,0.018811094018728637,0.0003326674055783432,1.0860870892706482,0.203125,0.0,0.0,0.0
n1024_m208_s0.282857_seed0.h5,208,0.28285714285714286,0,1024,208,1.0,207.91598175629042,0.9995960661360116,0.9995960661360116,0.0004039338639884038,0.020543796759221317,0.00040393386398821185,1.0951845509692617,0.20312499999999994,3.2706941554083515e-05,0.0,0.0
n1024_m208_s0.282857_seed1.h5,208,0.28285714285714286,1,1024,208,1.0,207.9234442445304,0.9996319434833192,0.9996319434833192,0.00036805651668081474,0.019834294399613622,0.00036805651668096024,1.096880084356662,0.20312500000000006,0.0,0.0,0.0
n1024_m208_s0.303061_seed0.h5,208,0.3030612244897959,0,1024,208,1.0,207.89646311986144,0.9995022265377954,0.9995022265377954,0.0004977734622045871,0.022249549665588897,0.0004977734622045075,1.1081611134875569,0.203125,7.270740025989857e-05,0.0,0.0
n1024_m208_s0.303061_seed1.h5,208,0.3030612244897959,1,1024,208,1.0,207.9170692133339,0.9996012942948744,0.9996012942948744,0.00039870570512556824,0.020677252861187084,0.00039870570512527833,1.109717852198781,0.20312499999999994,4.5799303611664035e-05,0.0,0.0
n1024_m208_s0.323265_seed0.h5,208,0.32326530612244897,0,1024,208,1.0,207.8897821201681,0.999470106346962,0.999470106346962,0.0005298936530380161,0.023645184995373526,0.0005298936530376019,1.1278464055417077,0.20312499999999992,4.8085526628978406e-05,0.0,0.0
n1024_m208_s0.323265_seed1.h5,208,0.32326530612244897,1,1024,208,1.0,207.90076491040236,0.9995229082230883,0.9995229082230883,0.0004770917769116867,0.02282631826249443,0.0004770917769115503,1.1309782089651428,0.20312499999999994,5.3061461039938085e-05,0.0,0.0
n1024_m208_s0.343469_seed0.h5,208,0.34346938775510205,0,1024,208,1.0,207.86619804530346,0.9993567213716512,0.9993567213716512,0.0006432786283487868,0.025825273097693974,0.0006432786283484919,1.1636275535266247,0.20312499999999994,5.1442292776384143e-05,0.0,0.0
n1024_m208_s0.343469_seed1.h5,208,0.34346938775510205,1,1024,208,1.0,207.88185546961904,0.9994319974500916,0.9994319974500916,0.0005680025499084085,0.025106265435236867,0.0005680025499082086,1.1636645970549604,0.20312499999999994,5.388310392290138e-05,0.0,0.0
n1024_m208_s0.363673_seed0.h5,208,0.3636734693877551,0,1024,208,1.0,207.84700670799066,0.9992644553268781,0.9992644553268781,0.0007355446731218684,0.02869711008295413,0.0007355446731217287,1.201230315766759,0.203125,4.393592699940387e-05,0.0,0.0
n1024_m208_s0.363673_seed1.h5,208,0.3636734693877551,1,1024,208,1.0,207.85414600184595,0.9992987788550286,0.9992987788550286,0.0007012211449713979,0.02832109468191805,0.0007012211449712293,1.2017554175010843,0.20312499999999994,5.213164263397801e-05,0.0,0.0
n1024_m208_s0.383878_seed0.h5,208,0.38387755102040816,0,1024,208,1.0,207.7599897292821,0.9988461044677024,0.9988461044677024,0.0011538955322976108,0.03759042612404169,0.0011538955322976001,1.2627607119558364,0.203125,0.0018350260541022843,0.0,0.0
n1024_m208_s0.383878_seed1.h5,208,0.38387755102040816,1,1024,208,1.0,207.7842379067879,0.9989626822441726,0.9989626822441726,0.0010373177558273827,0.035685537721716745,0.0010373177558271717,1.265777294510044,0.20312499999999994,0.00015744486597085003,0.0,0.0
n1024_m208_s0.404082_seed0.h5,208,0.4040816326530612,0,1024,208,1.0,207.609878512274,0.9981244159243943,0.9981244159243943,0.0018755840756057296,0.040796478467740926,0.0018755840756053516,1.3858163718654688,0.20312499999999994,0.05506322119377664,0.0,0.0
n1024_m208_s0.404082_seed1.h5,208,0.4040816326530612,1,1024,208,1.0,207.54529394720157,0.9978139132076999,0.9978139132076999,0.002186086792300146,0.04399850482354403,0.002186086792300019,1.3902881150388104,0.20312499999999997,0.06892394667712679,0.0,0.0
n1024_m208_s0.424286_seed0.h5,208,0.42428571428571427,0,1024,208,1.0,207.56964695295028,0.9979309949661072,0.9979309949661072,0.0020690050338928456,0.04097720490019145,0.0020690050338928842,1.5361591011673847,0.203125,0.04108936286313581,0.0003693540259693945,0.0
n1024_m208_s0.424286_seed1.h5,208,0.42428571428571427,1,1024,208,1.0,207.47759701623,0.9974884471934135,0.9974884471934135,0.0025115528065865478,0.04509869001576078,0.002511552806586286,1.503181737369488,0.20312499999999994,0.06212335398603431,0.0,0.0
n1024_m208_s0.444490_seed0.h5,208,0.44448979591836735,0,1024,208,1.0,207.53270748566138,0.997753401373372,0.997753401373372,0.002246598626628016,0.043516871126612205,0.002246598626627928,1.6411689577640858,0.203125,0.03496226319569141,0.023360325067279617,0.0
n1024_m208_s0.444490_seed1.h5,208,0.44448979591836735,1,1024,208,1.0,207.6428019166051,0.9982827015221398,0.9982827015221398,0.001717298477860174,0.04049032432968456,0.0017172984778599791,1.650174558484549,0.20312499999999994,0.023741011072911097,0.01953724465994299,0.0
n1024_m208_s0.464694_seed0.h5,208,0.4646938775510204,0,1024,208,1.0,207.73044069913158,0.998704041822748,0.998704041822748,0.0012959581772520323,0.04140591264209415,0.0012959581772520857,1.7418328114426471,0.203125,0.013727884332406907,0.01325608795919274,0.0
n1024_m208_s0.464694_seed1.h5,208,0.4646938775510204,1,1024,208,1.0,207.75213594321394,0.9988083458808362,0.9988083458808362,0.0011916541191637764,0.040447236141573834,0.0011916541191638234,1.743808411392017,0.203125,0.012140230681301148,0.011641103742280837,0.0
n1024_m208_s0.484898_seed0.h5,208,0.48489795918367345,0,1024,208,1.0,207.72439768750337,0.9986749888822277,0.9986749888822277,0.001325011117772279,0.04335231344540535,0.0013250111177723369,1.8082831188695214,0.203125,0.011282544470271487,0.011185524494814945,0.0
n1024_m208_s0.484898_seed1.h5,208,0.48489795918367345,1,1024,208,1.0,207.73086606925062,0.9987060868713973,0.9987060868713973,0.0012939131286027195,0.04282840589184162,0.0012939131286028398,1.808561826518903,0.203125,0.011320080262286071,0.011279133681129162,0.0
n1024_m208_s0.505102_seed0.h5,208,0.5051020408163265,0,1024,208,1.0,207.70030575993587,0.998559162307384,0.998559162307384,0.0014408376926160482,0.04546677426632354,0.0014408376926160213,1.859319970011469,0.203125,0.010585864449858696,0.010573839200274758,0.0002794731810921796
n1024_m208_s0.505102_seed1.h5,208,0.5051020408163265,1,1024,208,1.0,207.709313870786,0.998602470532625,0.998602470532625,0.001397529467375036,0.04511497218194304,0.0013975294673751293,1.8590850147127584,0.20312500000000003,0.010733925254904199,0.010696689302490795,4.581904358196115e-05
n1024_m208_s0.525306_seed0.h5,208,0.5253061224489796,0,1024,208,1.0,207.6873468918493,0.9984968600569678,0.9984968600569678,0.0015031399430321946,0.04687092672578784,0.0015031399430324311,1.900030526730789,0.20312500000000006,0.010294236593519187,0.010283458662051945,0.002917506889833869
n1024_m208_s0.525306_seed1.h5,208,0.5253061224489796,1,1024,208,1.0,207.6945171606203,0.9985313325029822,0.9985313325029822,0.0014686674970177949,0.04649314769675205,0.0014686674970179655,1.900233096009164,0.20312500000000003,0.010298629139834519,0.010254638052436787,0.0021503691691583775
n1024_m208_s0.545510_seed0.h5,208,0.5455102040816326,0,1024,208,1.0,207.67550706813927,0.9984399378275927,0.9984399378275927,0.0015600621724073394,0.04817688145503136,0.001560062172407545,1.9320730429333242,0.20312500000000006,0.010051405384606372,0.010021754496189143,0.006011773636348167
n1024_m208_s0.545510_seed1.h5,208,0.5455102040816326,1,1024,208,1.0,207.68107227780274,0.9984666936432824,0.9984666936432824,0.0015333063567175564,0.047920110696329093,0.0015333063567178058,1.9332082915699174,0.20312500000000006,0.010040196624031173,0.01000328403975445,0.005858708157618366
n1024_m208_s0.565714_seed0.h5,208,0.5657142857142857,0,1024,208,1.0,207.66784237831598,0.9984030883572884,0.9984030883572884,0.0015969116427115848,0.04893939363035311,0.0015969116427117821,1.9581996516572349,0.20312500000000003,0.009927564094151037,0.009902079417464694,0.0074903376651802986
n1024_m208_s0.565714_seed1.h5,208,0.5657142857142857,1,1024,208,1.0,207.6711720645544,0.9984190964642039,0.9984190964642039,0.0015809035357960965,0.04900204349666746,0.0015809035357963722,1.9588235665150622,0.20312500000000006,0.009867753645538367,0.009838380733149393,0.007140092452312318
n1024_m208_s0.585918_seed0.h5,208,0.5859183673469388,0,1024,208,1.0,207.661453177745,0.998372371046851,0.998372371046851,0.0016276289531490518,0.04982957025222016,0.0016276289531492114,1.9792047683263685,0.20312500000000003,0.009819903244400173,0.009771932518716952,0.00785034833672171
n1024_m208_s0.585918_seed1.h5,208,0.5859183673469388,1,1024,208,1.0,207.66370592365274,0.9983832015560228,0.9983832015560228,0.0016167984439772187,0.049892864234263,0.001616798443977353,1.9803849113848317,0.20312500000000003,0.009793899254242119,0.00972579648426173,0.007525233682438923
n1024_m208_s0.606122_seed0.h5,208,0.6061224489795918,0,1024,208,1.0,207.65452819265192,0.9983390778492881,0.9983390778492881,0.0016609221507118965,0.05093513216011074,0.001660922150711953,1.9975448307638195,0.203125,0.009828665648498559,0.00978137252034043,0.008059963988653277
n1024_m208_s0.606122_seed1.h5,208,0.6061224489795918,1,1024,208,1.0,207.6586941196001,0.9983591063442313,0.9983591063442313,0.0016408936557686937,0.05059442414557764,0.0016408936557688809,1.9976160616227434,0.20312500000000003,0.009767506009383864,0.009612297753550058,0.007656636628087138
n1024_m208_s0.626327_seed0.h5,208,0.6263265306122449,0,1024,208,1.0,207.65129338760744,0.9983235259019588,0.9983235259019588,0.0016764740980411696,0.05176604627894457,0.001676474098041366,2.013022378665953,0.20312500000000006,0.009852935105462415,0.009692003581873972,0.0077868557899972
n1024_m208_s0.626327_seed1.h5,208,0.6263265306122449,1,1024,208,1.0,207.64955702409497,0.9983151780004567,0.9983151780004567,0.00168482199954334,0.05206021689934211,0.0016848219995434762,2.012640325648688,0.203125,0.009772521283195806,0.009437371173417796,0.007391134485536822
n1024_m208_s0.646531_seed0.h5,208,0.6465306122448979,0,1024,208,1.0,207.6531554950052,0.9983324783413712,0.9983324783413712,0.0016675216586288233,0.05306765211190712,0.0016675216586289772,2.0252697225591167,0.203125,0.009656953709967334,0.00901616669153892,0.006920408969881715
n1024_m208_s0.646531_seed1.h5,208,0.6465306122448979,1,1024,208,1.0,207.64939281975967,0.9983143885565369,0.9983143885565369,0.0016856114434631309,0.052890637930426455,0.001685611443463282,2.025195252628666,0.20312500000000006,0.009928379570589172,0.00961017157122366,0.007290272289449326
n1024_m208_s0.666735_seed0.h5,208,0.666734693877551,0,1024,208,1.0,207.65534723672317,0.9983430155611691,0.9983430155611691,0.0016569844388308885,0.0541044105828479,0.0016569844388311496,2.0362034689691146,0.20312500000000006,0.009826956797575085,0.009001828502064229,0.00691897658391121
n1024_m208_s0.666735_seed1.h5,208,0.666734693877551,1,1024,208,1.0,207.65404571325053,0.9983367582367814,0.9983367582367814,0.001663241763218637,0.053307131475469616,0.0016632417632188024,2.036321683215119,0.20312500000000006,0.00986401666785003,0.009318883875724944,0.00711890393021633
n1024_m208_s0.686939_seed0.h5,208,0.6869387755102041,0,1024,208,1.0,207.64483965205727,0.9982924983271985,0.9982924983271985,0.0017075016728015369,0.05528685093831025,0.001707501672801729,2.0458357473941344,0.20312500000000003,0.010078063058515628,0.009467955525139186,0.006922524190711375
n1024_m208_s0.686939_seed1.h5,208,0.6869387755102041,1,1024,208,1.0,207.6531604587799,0.9983325022056726,0.9983325022056726,0.0016674977943273994,0.05452091054364949,0.0016674977943276711,2.0460943229392887,0.20312500000000006,0.00990336035504421,0.009213664270790334,0.00703385437813928
n1024_m208_s0.707143_seed0.h5,208,0.7071428571428571,0,1024,208,1.0,207.64387888953206,0.9982878792765965,0.9982878792765965,0.001712120723403543,0.0563490038993862,0.0017121207234038916,2.0546914771406732,0.20312500000000006,0.010204397114394664,0.009347322337365542,0.00681471892659127
n1024_m208_s0.707143_seed1.h5,208,0.7071428571428571,1,1024,208,1.0,207.6573239043355,0.9983525187708437,0.9983525187708437,0.0016474812291562557,0.05616114887527696,0.0016474812291565773,2.0571296965204926,0.20312500000000006,0.00995589536505357,0.008744303255566119,0.006473604527110093
n1024_m208_s0.727347_seed0.h5,208,0.7273469387755102,0,1024,208,1.0,207.6464624844084,0.9983003004058096,0.9983003004058096,0.0016996995941903625,0.05768953962371338,0.0016996995941905824,2.062583032037579,0.20312500000000006,0.010198618568902723,0.00898502719711121,0.006505788844017804
n1024_m208_s0.727347_seed1.h5,208,0.7273469387755102,1,1024,208,1.0,207.85879795555957,0.9993211440171132,0.9993211440171132,0.0006788559828867502,0.05383084491808513,0.0006788559828870628,2.0690471595818973,0.20312500000000006,0.0,0.0,0.0
n1024_m208_s0.747551_seed0.h5,208,0.7475510204081632,0,1024,208,1.0,207.8375852132449,0.9992191596790619,0.9992191596790619,0.0007808403209380588,0.059481668868784116,0.0007808403209382035,2.1320662200938005,0.20312500000000006,0.0,0.0,0.0
n1024_m208_s0.747551_seed1.h5,208,0.7475510204081632,1,1024,208,1.0,207.83812272152863,0.999221743853503,0.999221743853503,0.0007782561464969584,0.05943923746580319,0.0007782561464971501,2.135147332176795,0.20312500000000006,0.0,0.0,0.0
n1024_m208_s0.767755_seed0.h5,208,0.7677551020408163,0,1024,208,1.0,207.80976295424625,0.9990853988184916,0.9990853988184916,0.0009146011815084343,0.07058216391695873,0.0009146011815087541,2.3353110564150596,0.20312500000000008,0.0,0.0,0.0
n1024_m208_s0.767755_seed1.h5,208,0.7677551020408163,1,1024,208,1.0,207.81818170915358,0.9991258736016999,0.9991258736016999,0.0008741263983000902,0.07041552380034144,0.0008741263983004594,2.3857556647800062,0.20312500000000008,0.0,0.0,0.0
n1024_m208_s0.787959_seed0.h5,208,0.7879591836734694,0,1024,208,1.0,207.8130962367868,0.9991014242153212,0.9991014242153212,0.000898575784678779,0.07661561370442442,0.0008985757846794439,2.559775160390771,0.20312500000000014,0.0,0.0,0.0
n1024_m208_s0.787959_seed1.h5,208,0.7879591836734694,1,1024,208,1.0,207.81115313002374,0.9990920823558833,0.9990920823558833,0.0009079176441166847,0.07638313216677281,0.0009079176441172276,2.5384943112241096,0.2031250000000001,0.0,0.0,0.0
n1024_m208_s0.808163_seed0.h5,208,0.8081632653061224,0,1024,208,1.0,207.8053815899766,0.9990643345671952,0.9990643345671952,0.0009356654328047664,0.08465995696216631,0.0009356654328053658,2.773675378667788,0.2031250000000001,0.0,0.0,0.0
n1024_m208_s0.808163_seed1.h5,208,0.8081632653061224,1,1024,208,1.0,207.80556007864652,0.9990651926858006,0.9990651926858006,0.0009348073141993707,0.08530012925509316,0.0009348073142001703,2.796382460836599,0.20312500000000017,0.0,0.0,0.0
n1024_m208_s0.828367_seed0.h5,208,0.8283673469387755,0,1024,208,1.0,207.80255565489642,0.9990507483408482,0.9990507483408482,0.0009492516591518285,0.09375090761788257,0.0009492516591523546,3.0485265913355577,0.2031250000000001,0.0,0.0,0.0
n1024_m208_s0.828367_seed1.h5,208,0.8283673469387755,1,1024,208,1.0,207.80171886633616,0.9990467253189238,0.9990467253189238,0.0009532746810761994,0.09312610157924969,0.0009532746810769203,3.021954886827422,0.20312500000000017,0.0,0.0,0.0
n1024_m208_s0.848571_seed0.h5,208,0.8485714285714285,0,1024,208,1.0,207.7953790569445,0.9990162454660794,0.9990162454660794,0.0009837545339206333,0.1052165734370074,0.0009837545339215872,3.3615930329155814,0.20312500000000017,0.0,0.0,0.0
n1024_m208_s0.848571_seed1.h5,208,0.8485714285714285,1,1024,208,1.0,207.79639413760742,0.9990211256615742,0.9990211256615742,0.0009788743384258058,0.10449342345298145,0.0009788743384269948,3.3448391073253676,0.20312500000000022,0.0,0.0,0.0
n1024_m208_s0.868776_seed0.h5,208,0.8687755102040816,0,1024,208,1.0,207.77358793350868,0.9989114804495609,0.9989114804495609,0.0010885195504390932,0.12341139576397706,0.0010885195504403951,3.7478374137865575,0.20312500000000028,0.0,0.0,0.0
n1024_m208_s0.868776_seed1.h5,208,0.8687755102040816,1,1024,208,1.0,207.78022394352593,0.9989433843438746,0.9989433843438746,0.0010566156561253592,0.12180036816863202,0.0010566156561265655,3.7537356719106785,0.20312500000000025,0.0,0.0,0.0
n1024_m208_s0.888980_seed0.h5,208,0.8889795918367347,0,1024,208,1.0,207.75405003433116,0.9988175482419768,0.9988175482419768,0.0011824517580232285,0.14766829677184554,0.00118245175802436,4.301442415362325,0.20312500000000022,0.0,0.0,0.0
n1024_m208_s0.888980_seed1.h5,208,0.8889795918367347,1,1024,208,1.0,207.75359059122275,0.9988153393808786,0.9988153393808786,0.0011846606191213693,0.1478568951914875,0.0011846606191225036,4.302676832135931,0.20312500000000022,0.0,0.0,0.0
n1024_m208_s0.909184_seed0.h5,208,0.9091836734693878,0,1024,208,1.0,207.72799669206142,0.9986922917887568,0.9986922917887568,0.0013077082112431526,0.17848427981367607,0.0013077082112437823,4.944134125623194,0.20312500000000014,0.0,0.0,0.0
n1024_m208_s0.909184_seed1.h5,208,0.9091836734693878,1,1024,208,1.0,207.72752511501312,0.9986900245914092,0.9986900245914092,0.001309975408590791,0.17881442165280317,0.0013099754085914809,4.950377302913309,0.20312500000000014,0.0,0.0,0.0
n1024_m208_s0.929388_seed0.h5,208,0.9293877551020407,0,1024,208,1.0,207.68149811029434,0.9984687409148767,0.9984687409148767,0.0015312590851233043,0.21863109487329047,0.0015312590851236712,5.597248841895353,0.20312500000000006,0.0,0.0,0.0
n1024_m208_s0.929388_seed1.h5,208,0.9293877551020407,1,1024,208,1.0,207.6826740950346,0.9984743946876663,0.9984743946876663,0.0015256053123337,0.21881910859408363,0.0015256053123339866,5.610367370450356,0.20312500000000006,0.0,0.0,0.0
n1024_m208_s0.949592_seed0.h5,208,0.9495918367346938,0,1024,208,1.0,207.63600078225136,0.9982500037608238,0.9982500037608238,0.0017499962391761548,0.25936805246972444,0.0017499962391765117,6.215103855530294,0.20312500000000006,0.0,0.0,0.0
n1024_m208_s0.949592_seed1.h5,208,0.9495918367346938,1,1024,208,1.0,207.6338576823473,0.9982397003959005,0.9982397003959005,0.0017602996040995134,0.26024851195036336,0.0017602996040998599,6.218021131367898,0.20312500000000006,0.0,0.0,0.0
n1024_m208_s0.969796_seed0.h5,208,0.9697959183673469,0,1024,208,1.0,207.5305925309658,0.997743233321951,0.997743233321951,0.0022567666780489715,0.3171264453751813,0.0022567666780493253,6.693929425239663,0.20312500000000006,0.0,0.0,0.0
n1024_m208_s0.969796_seed1.h5,208,0.9697959183673469,1,1024,208,1.0,207.5198114812374,0.997691401352103,0.997691401352103,0.002308598647897009,0.3208785282892466,0.0023085986478975787,6.69972395206241,0.2031250000000001,0.0,0.0,0.0
n1024_m208_s0.990000_seed0.h5,208,0.99,0,1024,208,1.0,207.1035849750042,0.9956903123798279,0.9956903123798279,0.004309687620172142,0.421752618902012,0.004309687620172581,6.452101049233023,0.2031250000000001,0.0,0.0,0.0
n1024_m208_s0.990000_seed1.h5,208,0.99,1,1024,208,1.0,207.09207171201706,0.9956349601539282,0.9956349601539282,0.004365039846071839,0.42477510586123074,0.00436503984607206,6.459037444113211,0.20312500000000006,0.0,0.0,0.0
n1024_m224_s0.000000_seed0.h5,224,0.0,0,1024,224,1.0,223.98718008890864,0.9999427682540565,0.9999427682540565,5.7231745943520096e-05,0.007231101756962865,5.72317459449526e-05,1.001591894803002,0.21875000000000033,0.0,0.0,0.0
n1024_m224_s0.000000_seed1.h5,224,0.0,1,1024,224,1.0,223.9888609825648,0.9999502722435929,0.9999502722435929,4.972775640710303e-05,0.006705229247583812,4.9727756408575126e-05,1.001681465441975,0.2187500000000003,0.0,0.0,0.0
n1024_m224_s0.020204_seed0.h5,224,0.02020408163265306,0,1024,224,1.0,223.9890407647472,0.9999510748426214,0.9999510748426214,4.8925157378643114e-05,0.006730389943838898,4.892515738000214e-05,1.002509496763787,0.21875000000000028,0.0,0.0,0.0
n1024_m224_s0.020204_seed1.h5,224,0.02020408163265306,1,1024,224,1.0,223.98948226339417,0.9999530458187239,0.9999530458187239,4.695418127609319e-05,0.006557572304477427,4.6954181277389954e-05,1.0025510667038138,0.21875000000000028,0.0,0.0,0.0
n1024_m224_s0.040408_seed0.h5,224,0.04040816326530612,0,1024,224,1.0,223.98551723913988,0.9999353448175887,0.9999353448175887,6.465518241127732e-05,0.007749304624986202,6.465518241272616e-05,1.0041846714921239,0.21875000000000033,0.0,0.0,0.0
n1024_m224_s0.040408_seed1.h5,224,0.04040816326530612,1,1024,224,1.0,223.98830757689575,0.9999478016825704,0.9999478016825704,5.219831742964143e-05,0.006979018824525994,5.219831743095832e-05,1.004252782243116,0.21875000000000025,0.0,0.0,0.0
n1024_m224_s0.060612_seed0.h5,224,0.06061224489795918,0,1024,224,1.0,223.9803835003986,0.9999124263410651,0.9999124263410651,8.757365893485858e-05,0.009171453264479993,8.757365893600427e-05,1.0082056854818076,0.21875000000000025,0.0,0.0,0.0
n1024_m224_s0.060612_seed1.h5,224,0.06061224489795918,1,1024,224,1.0,223.98561308885837,0.9999357727181177,0.9999357727181177,6.422728188226756e-05,0.007935549717161212,6.422728188351412e-05,1.008238008169758,0.21875000000000028,0.0,0.0,0.0
n1024_m224_s0.080816_seed0.h5,224,0.08081632653061224,0,1024,224,1.0,223.97447172880493,0.9998860345035935,0.9998860345035935,0.00011396549640652065,0.010597057680989001,0.00011396549640791442,1.0135825910833094,0.21875000000000028,0.0,0.0,0.0
n1024_m224_s0.080816_seed1.h5,224,0.08081632653061224,1,1024,224,1.0,223.9763095648159,0.9998942391286424,0.9998942391286424,0.00010576087135760748,0.010259329257774815,0.00010576087135866525,1.0143057857588087,0.21875000000000022,0.0,0.0,0.0
n1024_m224_s0.101020_seed0.h5,224,0.1010204081632653,0,1024,224,1.0,223.96545916418836,0.9998457998401266,0.9998457998401266,0.00015420015987344105,0.012301657240991228,0.00015420015987429217,1.0201192853681764,0.2187500000000002,0.0,0.0,0.0
n1024_m224_s0.101020_seed1.h5,224,0.1010204081632653,1,1024,224,1.0,223.96672276729078,0.9998514409254052,0.9998514409254052,0.00014855907459476736,0.012151891566719412,0.00014855907459592597,1.0211860253357519,0.21875000000000028,0.0,0.0,0.0
n1024_m224_s0.121224_seed0.h5,224,0.12122448979591836,0,1024,224,1.0,223.95726009157806,0.9998091968374021,0.9998091968374021,0.00019080316259789676,0.013716774118123302,0.00019080316259866405,1.0275625622473925,0.21875000000000017,0.0,0.0,0.0
n1024_m224_s0.121224_seed1.h5,224,0.12122448979591836,1,1024,224,1.0,223.9585459955706,0.9998149374802259,0.9998149374802259,0.00018506251977412624,0.01355850760897138,0.00018506251977480173,1.0277296418313,0.21875000000000017,0.0,0.0,0.0
n1024_m224_s0.141429_seed0.h5,224,0.14142857142857143,0,1024,224,1.0,223.9519383793231,0.9997854391934068,0.9997854391934068,0.00021456080659321142,0.014641485675656665,0.00021456080659378632,1.0345834070129238,0.2187500000000001,0.0,0.0,0.0
n1024_m224_s0.141429_seed1.h5,224,0.14142857142857143,1,1024,224,1.0,223.95135910258978,0.9997828531365615,0.9997828531365615,0.00021714686343854428,0.01475700671072498,0.00021714686343938806,1.0334897600996589,0.2187500000000002,0.0,0.0,0.0
n1024_m224_s0.161633_seed0.h5,224,0.16163265306122448,0,1024,224,1.0,223.94814650306944,0.9997685111744171,0.9997685111744171,0.00023148882558288175,0.015357067851794099,0.00023148882558326288,1.042479964608237,0.21875000000000008,0.0,0.0,0.0
n1024_m224_s0.161633_seed1.h5,224,0.16163265306122448,1,1024,224,1.0,223.94892939942656,0.99977200624744,0.99977200624744,0.0002279937525599962,0.015325894274766987,0.00022799375256054696,1.0417520555800035,0.2187500000000001,0.0,0.0,0.0
n1024_m224_s0.181837_seed0.h5,224,0.18183673469387754,0,1024,224,1.0,223.94279763421946,0.9997446322956226,0.9997446322956226,0.0002553677043773961,0.01615758501783166,0.00025536770437765516,1.0501599145508436,0.21875000000000006,0.0,0.0,0.0
n1024_m224_s0.181837_seed1.h5,224,0.18183673469387754,1,1024,224,1.0,223.94495911824197,0.999754281777866,0.999754281777866,0.00024571822213403927,0.01603503209953914,0.00024571822213451626,1.0498553382514053,0.2187500000000001,0.0,0.0,0.0
n1024_m224_s0.202041_seed0.h5,224,0.2020408163265306,0,1024,224,1.0,223.9389593385713,0.9997274970471933,0.9997274970471933,0.0002725029528066747,0.016840157896221668,0.00027250295280693983,1.0581066740431344,0.21875000000000006,0.0,0.0,0.0
n1024_m224_s0.202041_seed1.h5,224,0.2020408163265306,1,1024,224,1.0,223.9407634188683,0.9997355509770907,0.9997355509770907,0.000264449022909341,0.016693245791779606,0.0002644490229097848,1.05832156067185,0.2187500000000001,0.0,0.0,0.0
n1024_m224_s0.222245_seed0.h5,224,0.22224489795918367,0,1024,224,1.0,223.93442483297258,0.9997072537186276,0.9997072537186276,0.00029274628137243575,0.017461488676867986,0.00029274628137273634,1.0676156296518222,0.21875000000000008,0.0,0.0,0.0
n1024_m224_s0.222245_seed1.h5,224,0.22224489795918367,1,1024,224,1.0,223.9350896117394,0.9997102214809794,0.9997102214809794,0.00028977851902056706,0.0175323173504914,0.00028977851902074243,1.0668486867910822,0.21875000000000006,0.0,0.0,0.0
n1024_m224_s0.242449_seed0.h5,224,0.24244897959183673,0,1024,224,1.0,223.92605803371407,0.9996699019362235,0.9996699019362235,0.000330098063776485,0.018632820004777517,0.00033009806377651464,1.0760108810991595,0.21875,0.0,0.0,0.0
n1024_m224_s0.242449_seed1.h5,224,0.24244897959183673,1,1024,224,1.0,223.92888098652475,0.9996825044041283,0.9996825044041283,0.0003174955958716863,0.018440851704300345,0.0003174955958716629,1.0767718462087668,0.21875,0.0,0.0,0.0
n1024_m224_s0.262653_seed0.h5,224,0.2626530612244898,0,1024,224,1.0,223.9190754488809,0.999638729682504,0.999638729682504,0.0003612703174959986,0.01959398004232089,0.0003612703174959079,1.086119307405779,0.21875,0.0,0.0,0.0
n1024_m224_s0.262653_seed1.h5,224,0.2626530612244898,1,1024,224,1.0,223.92556137354404,0.9996676847033216,0.9996676847033216,0.0003323152966784315,0.01890088189470669,0.00033231529667859816,1.0878540323057326,0.21875000000000006,0.0,0.0,0.0
n1024_m224_s0.282857_seed0.h5,224,0.28285714285714286,0,1024,224,1.0,223.90674822784786,0.9995836974457494,0.9995836974457494,0.0004163025542506249,0.02062442968525539,0.0004163025542505463,1.0982220969989098,0.21875,4.262630564016483e-05,0.0,0.0
n1024_m224_s0.282857_seed1.h5,224,0.28285714285714286,1,1024,224,1.0,223.9194075105188,0.9996402121005303,0.9996402121005303,0.0003597878994696657,0.019751347377830002,0.0003597878994696618,1.0986798916063465,0.21875,0.0,0.0,0.0
n1024_m224_s0.303061_seed0.h5,224,0.3030612244897959,0,1024,224,1.0,223.90812156444008,0.999589828412679,0.999589828412679,0.00041017158732103987,0.020923470573383014,0.0004101715873209943,1.1105434580290232,0.21875,3.859867450954216e-05,0.0,0.0
n1024_m224_s0.303061_seed1.h5,224,0.3030612244897959,1,1024,224,1.0,223.91203414717165,0.9996072952998735,0.9996072952998735,0.0003927047001265338,0.02069930734391079,0.00039270470012656123,1.110530016945382,0.21875,4.064142445328176e-05,0.0,0.0
n1024_m224_s0.323265_seed0.h5,224,0.32326530612244897,0,1024,224,1.0,223.89482226371183,0.9995304565344278,0.9995304565344278,0.0004695434655721531,0.022573917786276803,0.00046954346557213044,1.1275856232278725,0.21875,3.3921880395795453e-05,0.0,0.0
n1024_m224_s0.323265_seed1.h5,224,0.32326530612244897,1,1024,224,1.0,223.89560196905222,0.9995339373618403,0.9995339373618403,0.0004660626381597366,0.02273893759990799,0.00046606263815975003,1.1284438419244784,0.21875,4.3460968642203726e-05,0.0,0.0
n1024_m224_s0.343469_seed0.h5,224,0.34346938775510205,0,1024,224,1.0,223.8581041051075,0.9993665361835156,0.9993665361835156,0.0006334638164844364,0.025713399114886404,0.0006334638164841958,1.163429227972003,0.21874999999999994,3.485091291910251e-05,0.0,0.0
n1024_m224_s0.343469_seed1.h5,224,0.34346938775510205,1,1024,224,1.0,223.87555492005777,0.9994444416074008,0.9994444416074008,0.0005555583925992424,0.025097944688366385,0.0005555583925990525,1.1650299210774364,0.21874999999999994,4.0127356472315266e-05,0.0,0.0
n1024_m224_s0.363673_seed0.h5,224,0.3636734693877551,0,1024,224,1.0,223.83749650522077,0.9992745379697355,0.9992745379697355,0.0007254620302644676,0.028850684548199175,0.0007254620302642351,1.2091998742242176,0.21874999999999994,3.3330471127005424e-05,0.0,0.0
n1024_m224_s0.363673_seed1.h5,224,0.3636734693877551,1,1024,224,1.0,223.84058759891195,0.9992883374951427,0.9992883374951427,0.0007116625048573244,0.02911095622815115,0.0007116625048572055,1.2091919736496461,0.21874999999999997,4.235586103363918e-05,0.0,0.0
n1024_m224_s0.383878_seed0.h5,224,0.38387755102040816,0,1024,224,1.0,223.77296769052919,0.9989864629041482,0.9989864629041482,0.0010135370958518353,0.03526257228380856,0.0010135370958517292,1.2862136287048742,0.21874999999999997,0.008126531159568738,0.0,0.0
n1024_m224_s0.383878_seed1.h5,224,0.38387755102040816,1,1024,224,1.0,223.76827908464475,0.9989655316278784,0.9989655316278784,0.001034468372121622,0.03634098995140461,0.0010344683721214129,1.283562518140301,0.21874999999999994,0.0012678989160545399,0.0,0.0
n1024_m224_s0.404082_seed0.h5,224,0.4040816326530612,0,1024,224,1.0,223.62592079499154,0.9983300035490694,0.9983300035490694,0.0016699964509305776,0.039428588980256196,0.0016699964509304915,1.4113046834265561,0.21874999999999997,0.04203886679477592,0.0,0.0
n1024_m224_s0.404082_seed1.h5,224,0.4040816326530612,1,1024,224,1.0,223.66306333171087,0.9984958184451378,0.9984958184451378,0.001504181554862205,0.03844768274710647,0.0015041815548621372,1.4203562196189168,0.21875,0.0356427368389552,0.0,0.0
n1024_m224_s0.424286_seed0.h5,224,0.42428571428571427,0,1024,224,1.0,223.58802330428443,0.9981608183226983,0.9981608183226983,0.0018391816773016822,0.04058546012788154,0.0018391816773015803,1.5357368070738813,0.21875,0.034265988812479296,0.0,0.0
n1024_m224_s0.424286_seed1.h5,224,0.42428571428571427,1,1024,224,1.0,223.63156412860553,0.9983551970027033,0.9983551970027033,0.001644802997296746,0.03927150992634558,0.0016448029972967032,1.5496564656522358,0.21875,0.027469519433913545,0.00035121078334271683,0.0
n1024_m224_s0.444490_seed0.h5,224,0.44448979591836735,0,1024,224,1.0,223.76783691708988,0.9989635576655799,0.9989635576655799,0.001036442334420129,0.0385487565457468,0.001036442334420422,1.667070768564073,0.21875000000000006,0.012704992994927842,0.002261947437845538,0.0
n1024_m224_s0.444490_seed1.h5,224,0.44448979591836735,1,1024,224,1.0,223.7639878369664,0.9989463742721715,0.9989463742721715,0.0010536257278285222,0.03781114524086043,0.0010536257278287134,1.6670751522167762,0.21875000000000003,0.012804299447476217,0.005839159457824289,0.0
n1024_m224_s0.464694_seed0.h5,224,0.4646938775510204,0,1024,224,1.0,223.73736891924636,0.9988275398180642,0.9988275398180642,0.0011724601819358416,0.041681045702862664,0.0011724601819359834,1.7453713608253234,0.21875,0.011478544760947127,0.010725248229770298,0.0
n1024_m224_s0.464694_seed1.h5,224,0.4646938775510204,1,1024,224,1.0,223.74037556357507,0.9988409623373887,0.9988409623373887,0.001159037662611273,0.04131860274614024,0.0011590376626114522,1.7456742745299731,0.21875000000000006,0.011495896638863223,0.010925795672173472,0.0
n1024_m224_s0.484898_seed0.h5,224,0.48489795918367345,0,1024,224,1.0,223.71096980961738,0.9987096866500776,0.9987096866500776,0.0012903133499223562,0.04431709345519818,0.0012903133499226932,1.8087244774700986,0.21875000000000008,0.010606828474906429,0.01053458180289582,0.0
n1024_m224_s0.484898_seed1.h5,224,0.48489795918367345,1,1024,224,1.0,223.71723258045677,0.9987376454484677,0.9987376454484677,0.0012623545515323409,0.04390584094250153,0.0012623545515323524,1.8080916509819411,0.21875,0.010617790140582463,0.010536534065044718,0.0
n1024_m224_s0.505102_seed0.h5,224,0.5051020408163265,0,1024,224,1.0,223.6905714722816,0.9986186226441143,0.9986186226441143,0.0013813773558857267,0.04637956473489587,0.001381377355886019,1.8595704228214516,0.21875000000000008,0.010041918710421325,0.010006251007519732,0.0
n1024_m224_s0.505102_seed1.h5,224,0.5051020408163265,1,1024,224,1.0,223.6952422952745,0.9986394745324755,0.9986394745324755,0.0013605254675245204,0.046280315584268726,0.0013605254675246904,1.8608463167948395,0.21875000000000006,0.010042539977257887,0.009971173531959397,0.0
n1024_m224_s0.525306_seed0.h5,224,0.5253061224489796,0,1024,224,1.0,223.67628495852114,0.9985548435648265,0.9985548435648265,0.0014451564351735113,0.047775878419574494,0.001445156435173755,1.9010754796968676,0.21875000000000006,0.009663825464235835,0.009619055977307537,0.002026209485118178
n1024_m224_s0.525306_seed1.h5,224,0.5253061224489796,1,1024,224,1.0,223.6792817558744,0.9985682221244393,0.9985682221244393,0.0014317778755607025,0.04775519757292448,0.0014317778755610256,1.9010203128761252,0.21875000000000006,0.009666860902373965,0.009625393098208793,0.001774670713788184
n1024_m224_s0.545510_seed0.h5,224,0.5455102040816326,0,1024,224,1.0,223.65559945756104,0.9984624975783974,0.9984624975783974,0.0015375024216025546,0.04956328419876645,0.0015375024216025407,1.9332298478136924,0.21875,0.009412620328664233,0.009377406537238285,0.005524829678249022
n1024_m224_s0.545510_seed1.h5,224,0.5455102040816326,1,1024,224,1.0,223.66760792033165,0.9985161067871948,0.9985161067871948,0.0014838932128051763,0.048797775352025015,0.001483893212805424,1.9332182280979897,0.21875000000000006,0.009423762467888576,0.009376735004435135,0.005013730474906507
n1024_m224_s0.565714_seed0.h5,224,0.5657142857142857,0,1024,224,1.0,223.64686059040832,0.9984234847786085,0.9984234847786085,0.0015765152213914613,0.050702939115783045,0.001576515221391632,1.9590274436656732,0.21875000000000006,0.009264228719456915,0.009171330404943754,0.006564126145710771
n1024_m224_s0.565714_seed1.h5,224,0.5657142857142857,1,1024,224,1.0,223.64892443915596,0.9984326983890891,0.9984326983890891,0.0015673016109108984,0.050412141493065624,0.001567301610911296,1.9595733694091912,0.2187500000000001,0.009238479350976351,0.009208185980509086,0.006656728434055593
n1024_m224_s0.585918_seed0.h5,224,0.5859183673469388,0,1024,224,1.0,223.64672900739242,0.9984228973544305,0.9984228973544305,0.0015771026455695392,0.05106853639393192,0.0015771026455697577,1.9801359310729492,0.21875000000000006,0.0092441815807094,0.009148545854749677,0.007029284844251485
n1024_m224_s0.585918_seed1.h5,224,0.5859183673469388,1,1024,224,1.0,223.64318518686923,0.9984070767270948,0.9984070767270948,0.0015929232729051668,0.05133382947914634,0.0015929232729056785,1.9809300516419897,0.2187500000000001,0.009178853298115044,0.009102288210060736,0.007027337726077774
n1024_m224_s0.606122_seed0.h5,224,0.6061224489795918,0,1024,224,1.0,223.64204304787563,0.9984019778923019,0.9984019778923019,0.001598022107698105,0.05207577861061985,0.001598022107698288,1.9983042218484428,0.21875000000000006,0.009228426837360592,0.009101870293315854,0.007083666946746156
n1024_m224_s0.606122_seed1.h5,224,0.6061224489795918,1,1024,224,1.0,223.64062585431384,0.9983956511353297,0.9983956511353297,0.001604348864670313,0.05206394263026677,0.0016043488646704848,1.9983750659902295,0.21875000000000006,0.009200017505189895,0.009056955046075203,0.007249934503778958
n1024_m224_s0.626327_seed0.h5,224,0.6263265306122449,0,1024,224,1.0,223.6330016264401,0.9983616144037504,0.9983616144037504,0.0016383855962496252,0.05339156740555891,0.0016383855962499466,2.0128692555485275,0.2187500000000001,0.009259334292301158,0.009123134227712104,0.007313632985234944
n1024_m224_s0.626327_seed1.h5,224,0.6263265306122449,1,1024,224,1.0,223.63790531246923,0.9983835058592376,0.9983835058592376,0.00161649414076237,0.05292261358273681,0.0016164941407626613,2.0130913496795206,0.21875000000000006,0.009207914019925179,0.00904375486654411,0.007090944176452903
n1024_m224_s0.646531_seed0.h5,224,0.6465306122448979,0,1024,224,1.0,223.6327633667097,0.9983605507442397,0.9983605507442397,0.0016394492557603169,0.0540179453281528,0.0016394492557603173,2.0258591454031847,0.21875,0.009302432761799389,0.009084860655596728,0.006992917931241474
n1024_m224_s0.646531_seed1.h5,224,0.6465306122448979,1,1024,224,1.0,223.63098263379652,0.9983526010437345,0.9983526010437345,0.0016473989562655333,0.05419308247603252,0.0016473989562659588,2.0256210718206797,0.2187500000000001,0.009328996026897273,0.00913044126233124,0.007040767270808823
n1024_m224_s0.666735_seed0.h5,224,0.666734693877551,0,1024,224,1.0,223.630461877794,0.9983502762401518,0.9983502762401518,0.0016497237598481762,0.05514806730912477,0.0016497237598486613,2.036670244062554,0.2187500000000001,0.009353644967595966,0.009001879195137303,0.00676649161130182
n1024_m224_s0.666735_seed1.h5,224,0.666734693877551,1,1024,224,1.0,223.6277821235126,0.9983383130513955,0.9983383130513955,0.0016616869486044683,0.05505627725100341,0.0016616869486049167,2.036452197652085,0.21875000000000008,0.009433576502911862,0.009050739721202069,0.00698991623679833
n1024_m224_s0.686939_seed0.h5,224,0.6869387755102041,0,1024,224,1.0,223.63087721756892,0.9983521304355756,0.9983521304355756,0.0016478695644244201,0.05660552213257353,0.0016478695644247443,2.045956007547755,0.21875000000000006,0.009426647655921692,0.008641651555935492,0.006347121254541419
n1024_m224_s0.686939_seed1.h5,224,0.6869387755102041,1,1024,224,1.0,223.62383209890686,0.998320679012977,0.998320679012977,0.0016793209870229475,0.0566735501147783,0.0016793209870233122,2.046441589411441,0.21875000000000008,0.009454020289738168,0.00893336388886897,0.006568339000690912
n1024_m224_s0.707143_seed0.h5,224,0.7071428571428571,0,1024,224,1.0,223.64547890331596,0.9984173165326605,0.9984173165326605,0.001582683467339474,0.0576060811839691,0.0015826834673396944,2.0546950206858123,0.21875000000000006,0.00917191981462619,0.007942268686458004,0.005621459098813732
n1024_m224_s0.707143_seed1.h5,224,0.7071428571428571,1,1024,224,1.0,223.62411403434817,0.99832193765334,0.99832193765334,0.0016780623466600142,0.057965909358556104,0.0016780623466601645,2.0548393536904115,0.21875000000000006,0.009568087651483212,0.008700475390128488,0.00630581620359426
n1024_m224_s0.727347_seed0.h5,224,0.7273469387755102,0,1024,224,1.0,223.6337255119579,0.9983648460355263,0.9983648460355263,0.001635153964473668,0.05954568778796311,0.0016351539644739014,2.068400179221528,0.21875000000000006,0.009440888197602743,0.007994778524498952,0.005901265266461726
n1024_m224_s0.727347_seed1.h5,224,0.7273469387755102,1,1024,224,1.0,223.83726306888275,0.9992734958432266,0.9992734958432266,0.0007265041567734443,0.05566731257901763,0.0007265041567737142,2.0684008260124234,0.21875000000000006,0.0,0.0,0.0
n1024_m224_s0.747551_seed0.h5,224,0.7475510204081632,0,1024,224,1.0,223.82539148826618,0.999220497715474,0.999220497715474,0.0007795022845259458,0.058660510440825625,0.000779502284526298,2.103393169883883,0.21875000000000006,0.0,0.0,0.0
n1024_m224_s0.747551_seed1.h5,224,0.7475510204081632,1,1024,224,1.0,223.81562263413798,0.9991768867595445,0.9991768867595445,0.0008231132404554753,0.061329100955141276,0.0008231132404556232,2.141333271642228,0.21875000000000003,0.0,0.0,0.0
n1024_m224_s0.767755_seed0.h5,224,0.7677551020408163,0,1024,224,1.0,223.7861352955224,0.9990452468550107,0.9990452468550107,0.0009547531449892732,0.07260938662287056,0.0009547531449895674,2.3524586886177996,0.21875000000000006,0.0,0.0,0.0
n1024_m224_s0.767755_seed1.h5,224,0.7677551020408163,1,1024,224,1.0,223.78783013753127,0.9990528131139789,0.9990528131139789,0.0009471868860211341,0.07376106553303369,0.0009471868860215753,2.3986869217078297,0.2187500000000001,0.0,0.0,0.0
n1024_m224_s0.787959_seed0.h5,224,0.7879591836734694,0,1024,224,1.0,223.78651987656485,0.9990469637346645,0.9990469637346645,0.000953036265335494,0.08005197979000929,0.000953036265336316,2.5975825573575717,0.21875000000000017,0.0,0.0,0.0
n1024_m224_s0.787959_seed1.h5,224,0.7879591836734694,1,1024,224,1.0,223.78607295500115,0.9990449685491123,0.9990449685491123,0.0009550314508877111,0.08054629255530013,0.0009550314508884368,2.6127707139222083,0.21875000000000017,0.0,0.0,0.0
n1024_m224_s0.808163_seed0.h5,224,0.8081632653061224,0,1024,224,1.0,223.77876209828537,0.9990123307959168,0.9990123307959168,0.0009876692040832191,0.08757710045992649,0.0009876692040841207,2.792152109692637,0.21875000000000022,0.0,0.0,0.0
n1024_m224_s0.808163_seed1.h5,224,0.8081632653061224,1,1024,224,1.0,223.78074068331625,0.9990211637648047,0.9990211637648047,0.0009788362351953461,0.08710456955385339,0.0009788362351960485,2.7898347525990737,0.21875000000000017,0.0,0.0,0.0
n1024_m224_s0.828367_seed0.h5,224,0.8283673469387755,0,1024,224,1.0,223.76866361597786,0.9989672482856155,0.9989672482856155,0.00103275171438455,0.09811632030764246,0.0010327517143854709,3.057915407375002,0.21875000000000022,0.0,0.0,0.0
n1024_m224_s0.828367_seed1.h5,224,0.8283673469387755,1,1024,224,1.0,223.77017580345273,0.9989739991225568,0.9989739991225568,0.0010260008774432006,0.09775102790056589,0.0010260008774439539,3.0577573132311344,0.21875000000000017,0.0,0.0,0.0
n1024_m224_s0.848571_seed0.h5,224,0.8485714285714285,0,1024,224,1.0,223.75418083171826,0.9989025929987422,0.9989025929987422,0.0010974070012578219,0.11139157738500527,0.0010974070012588456,3.368239262596754,0.21875000000000022,0.0,0.0,0.0
n1024_m224_s0.848571_seed1.h5,224,0.8485714285714285,1,1024,224,1.0,223.75991832086584,0.9989282067895796,0.9989282067895796,0.0010717932104203909,0.11026093273055751,0.0010717932104215015,3.373300284313208,0.21875000000000025,0.0,0.0,0.0
n1024_m224_s0.868776_seed0.h5,224,0.8687755102040816,0,1024,224,1.0,223.74407573486678,0.9988574809592267,0.9988574809592267,0.0011425190407733377,0.1273391209111006,0.0011425190407747248,3.773910638851542,0.2187500000000003,0.0,0.0,0.0
n1024_m224_s0.868776_seed1.h5,224,0.8687755102040816,1,1024,224,1.0,223.74782021396095,0.9988741973837543,0.9988741973837543,0.0011258026162457302,0.12639579787774372,0.001125802616247118,3.7734644654462604,0.2187500000000003,0.0,0.0,0.0
n1024_m224_s0.888980_seed0.h5,224,0.8889795918367347,0,1024,224,1.0,223.71528322837548,0.9987289429838191,0.9987289429838191,0.0012710570161809098,0.1525263523619573,0.0012710570161819882,4.285825843872662,0.21875000000000022,0.0,0.0,0.0
n1024_m224_s0.888980_seed1.h5,224,0.8889795918367347,1,1024,224,1.0,223.72019922203617,0.9987508893840901,0.9987508893840901,0.0012491106159099319,0.1507011874878414,0.001249110615911169,4.272026402475841,0.21875000000000028,0.0,0.0,0.0
n1024_m224_s0.909184_seed0.h5,224,0.9091836734693878,0,1024,224,1.0,223.67764313519,0.9985609068535268,0.9985609068535268,0.0014390931464731693,0.18254326503233823,0.0014390931464738864,4.819075349680684,0.21875000000000017,0.0,0.0,0.0
n1024_m224_s0.909184_seed1.h5,224,0.9091836734693878,1,1024,224,1.0,223.6695483326912,0.9985247693423714,0.9985247693423714,0.0014752306576285568,0.18478075898796706,0.0014752306576291628,4.8201677514805015,0.2187500000000001,0.0,0.0,0.0
n1024_m224_s0.929388_seed0.h5,224,0.9293877551020407,0,1024,224,1.0,223.60444410145283,0.9982341254529145,0.9982341254529145,0.0017658745470855441,0.22492740742060904,0.0017658745470860637,5.359795007439839,0.2187500000000001,0.0,0.0,0.0
n1024_m224_s0.929388_seed1.h5,224,0.9293877551020407,1,1024,224,1.0,223.5933214724064,0.9981844708589571,0.9981844708589571,0.001815529141042882,0.22806586764036665,0.0018155291410433137,5.360130771385037,0.21875000000000008,0.0,0.0,0.0
n1024_m224_s0.949592_seed0.h5,224,0.9495918367346938,0,1024,224,1.0,223.54848219454288,0.9979842955113521,0.9979842955113521,0.0020157044886478515,0.2614223382955912,0.00201570448864818,5.8366579619842245,0.21875000000000006,0.0,0.0,0.0
n1024_m224_s0.949592_seed1.h5,224,0.9495918367346938,1,1024,224,1.0,223.5450414866209,0.997968935208129,0.997968935208129,0.0020310647918709845,0.2626158299337501,0.0020310647918714135,5.838692600818323,0.2187500000000001,0.0,0.0,0.0
n1024_m224_s0.969796_seed0.h5,224,0.9697959183673469,0,1024,224,1.0,223.4301619976759,0.9974560803467674,0.9974560803467674,0.0025439196532326402,0.31059720148531916,0.002543919653233127,6.1753557434267154,0.2187500000000001,0.0,0.0,0.0
n1024_m224_s0.969796_seed1.h5,224,0.9697959183673469,1,1024,224,1.0,223.43658664822578,0.9974847618224365,0.9974847618224365,0.0025152381775634947,0.3089829955333114,0.0025152381775638277,6.179930520436609,0.21875000000000006,0.0,0.0,0.0
n1024_m224_s0.990000_seed0.h5,224,0.99,0,1024,224,1.0,222.90926292538643,0.9951306380597609,0.9951306380597609,0.004869361940239125,0.4104674270501191,0.0048693619402395815,5.9078204210814205,0.21875000000000008,0.0,0.0,0.0
n1024_m224_s0.990000_seed1.h5,224,0.99,1,1024,224,1.0,222.9063099771738,0.9951174552552402,0.9951174552552402,0.004882544744759798,0.41134387249740123,0.004882544744759964,5.910504712942687,0.21875000000000003,0.0,0.0,0.0
n1024_m240_s0.000000_seed0.h5,240,0.0,0,1024,240,1.0,239.98733852574514,0.9999472438572714,0.9999472438572714,5.275614272859386e-05,0.006931088732724124,5.275614272977478e-05,1.002024955995091,0.23437500000000028,0.0,0.0,0.0
n1024_m240_s0.000000_seed1.h5,240,0.0,1,1024,240,1.0,239.9879787188329,0.9999499113284703,0.9999499113284703,5.008867152966889e-05,0.006751668244777266,5.008867153105959e-05,1.0020010773383925,0.23437500000000033,0.0,0.0,0.0
n1024_m240_s0.020204_seed0.h5,240,0.02020408163265306,0,1024,240,1.0,239.98318363131693,0.9999299317971538,0.9999299317971538,7.0068202846163e-05,0.007944279995592692,7.006820284755895e-05,1.0031252048031605,0.23437500000000033,0.0,0.0,0.0
n1024_m240_s0.020204_seed1.h5,240,0.02020408163265306,1,1024,240,1.0,239.98889619413967,0.9999537341422486,0.9999537341422486,4.626585775135972e-05,0.006525575267868195,4.626585775289007e-05,1.0032667113964946,0.2343750000000004,0.0,0.0,0.0
n1024_m240_s0.040408_seed0.h5,240,0.04040816326530612,0,1024,240,1.0,239.9859083597621,0.9999412848323421,0.9999412848323421,5.8715167657874545e-05,0.007468415909165121,5.871516765928806e-05,1.0058543399403863,0.23437500000000033,0.0,0.0,0.0
n1024_m240_s0.040408_seed1.h5,240,0.04040816326530612,1,1024,240,1.0,239.9880613885398,0.9999502557855825,0.9999502557855825,4.9744214417501986e-05,0.006883246801062111,4.9744214418970945e-05,1.0056869850156596,0.23437500000000033,0.0,0.0,0.0
n1024_m240_s0.060612_seed0.h5,240,0.06061224489795918,0,1024,240,1.0,239.97951195866335,0.9999146331610973,0.9999146331610973,8.536683890270069e-05,0.009136670505340262,8.536683890394953e-05,1.0104886133318567,0.23437500000000028,0.0,0.0,0.0
n1024_m240_s0.060612_seed1.h5,240,0.06061224489795918,1,1024,240,1.0,239.98183745022106,0.9999243227092545,0.9999243227092545,7.567729074553498e-05,0.00865721375938701,7.567729074670995e-05,1.0107101899274344,0.23437500000000028,0.0,0.0,0.0
n1024_m240_s0.080816_seed0.h5,240,0.08081632653061224,0,1024,240,1.0,239.96672612241673,0.999861358843403,0.999861358843403,0.00013864115659700804,0.011568631952139427,0.00013864115659797054,1.0170352641962521,0.23437500000000022,0.0,0.0,0.0
n1024_m240_s0.080816_seed1.h5,240,0.08081632653061224,1,1024,240,1.0,239.9721757720472,0.9998840657168633,0.9998840657168633,0.0001159342831367205,0.010765022204593558,0.00011593428313761403,1.0172571962802044,0.23437500000000022,0.0,0.0,0.0
n1024_m240_s0.101020_seed0.h5,240,0.1010204081632653,0,1024,240,1.0,239.959965226677,0.9998331884444875,0.9998331884444875,0.0001668115555124583,0.012780873227894878,0.000166811555513218,1.0243492204656452,0.23437500000000017,0.0,0.0,0.0
n1024_m240_s0.101020_seed1.h5,240,0.1010204081632653,1,1024,240,1.0,239.96414435251063,0.9998506014687943,0.9998506014687943,0.00014939853120565783,0.012237862308042293,0.00014939853120640956,1.0239346145627235,0.23437500000000017,0.0,0.0,0.0
n1024_m240_s0.121224_seed0.h5,240,0.12122448979591836,0,1024,240,1.0,239.95561504568468,0.9998150626903528,0.9998150626903528,0.0001849373096471929,0.01358941704459815,0.0001849373096477516,1.0303482292056625,0.23437500000000014,0.0,0.0,0.0
n1024_m240_s0.121224_seed1.h5,240,0.12122448979591836,1,1024,240,1.0,239.9578755712064,0.9998244815466932,0.9998244815466932,0.00017551845330676663,0.013318306974761952,0.00017551845330746507,1.0301398899971101,0.23437500000000017,0.0,0.0,0.0
n1024_m240_s0.141429_seed0.h5,240,0.14142857142857143,0,1024,240,1.0,239.95219244339387,0.9998008018474744,0.9998008018474744,0.00019919815252555928,0.014254017786963518,0.0001991981525260028,1.0375777835568891,0.2343750000000001,0.0,0.0,0.0
n1024_m240_s0.141429_seed1.h5,240,0.14142857142857143,1,1024,240,1.0,239.95493851874926,0.999812243828122,0.999812243828122,0.00018775617187805071,0.013915216027112123,0.00018775617187870612,1.037770099681926,0.23437500000000014,0.0,0.0,0.0
n1024_m240_s0.161633_seed0.h5,240,0.16163265306122448,0,1024,240,1.0,239.95022517780308,0.9997926049075129,0.9997926049075129,0.00020739509248712817,0.014644280073698319,0.00020739509248746715,1.0455490173300641,0.23437500000000008,0.0,0.0,0.0
n1024_m240_s0.161633_seed1.h5,240,0.16163265306122448,1,1024,240,1.0,239.95149245036737,0.999797885209864,0.999797885209864,0.00020211479013598765,0.01453439561887172,0.00020211479013653474,1.0452821192639234,0.23437500000000014,0.0,0.0,0.0
n1024_m240_s0.181837_seed0.h5,240,0.18183673469387754,0,1024,240,1.0,239.94361725550698,0.9997650718979457,0.9997650718979457,0.00023492810205427705,0.015667822979939572,0.00023492810205453369,1.052340509411476,0.23437500000000006,0.0,0.0,0.0
n1024_m240_s0.181837_seed1.h5,240,0.18183673469387754,1,1024,240,1.0,239.9453590688354,0.9997723294534808,0.9997723294534808,0.0002276705465191764,0.01549965351539343,0.00022767054651971316,1.0525623916832754,0.2343750000000001,0.0,0.0,0.0
n1024_m240_s0.202041_seed0.h5,240,0.2020408163265306,0,1024,240,1.0,239.9385008547979,0.9997437535616579,0.9997437535616579,0.00025624643834210037,0.016395140084014118,0.0002562464383423106,1.0607858170660307,0.23437500000000006,0.0,0.0,0.0
n1024_m240_s0.202041_seed1.h5,240,0.2020408163265306,1,1024,240,1.0,239.94116151655908,0.9997548396523295,0.9997548396523295,0.0002451603476705255,0.016158538506073655,0.0002451603476708815,1.0612713895395915,0.23437500000000008,0.0,0.0,0.0
n1024_m240_s0.222245_seed0.h5,240,0.22224489795918367,0,1024,240,1.0,239.93130620564625,0.9997137758568594,0.9997137758568594,0.00028622414314061206,0.017362394131721456,0.00028622414314072704,1.0688508929427754,0.234375,0.0,0.0,0.0
n1024_m240_s0.222245_seed1.h5,240,0.22224489795918367,1,1024,240,1.0,239.93514017227426,0.9997297507178095,0.9997297507178095,0.0002702492821905489,0.017025578844020704,0.0002702492821906292,1.069608673099513,0.234375,0.0,0.0,0.0
n1024_m240_s0.242449_seed0.h5,240,0.24244897959183673,0,1024,240,1.0,239.92791215203033,0.9996996339667931,0.9996996339667931,0.00030036603320693356,0.017872104884484194,0.00030036603320706334,1.0786453868572081,0.234375,0.0,0.0,0.0
n1024_m240_s0.242449_seed1.h5,240,0.24244897959183673,1,1024,240,1.0,239.92929586936953,0.9997053994557064,0.9997053994557064,0.0002946005442936439,0.01783061611530594,0.0002946005442938646,1.0787292489705738,0.23437500000000006,0.0,0.0,0.0
n1024_m240_s0.262653_seed0.h5,240,0.2626530612244898,0,1024,240,1.0,239.9197430647473,0.9996655961031138,0.9996655961031138,0.0003344038968862151,0.018894109085893895,0.0003344038968863102,1.088530673379775,0.23437500000000003,0.0,0.0,0.0
n1024_m240_s0.262653_seed1.h5,240,0.2626530612244898,1,1024,240,1.0,239.92092130235687,0.9996705054264869,0.9996705054264869,0.0003294945735130561,0.01894748136357693,0.0003294945735131136,1.0889865498103086,0.234375,0.0,0.0,0.0
n1024_m240_s0.282857_seed0.h5,240,0.28285714285714286,0,1024,240,1.0,239.9120571714884,0.9996335715478684,0.9996335715478684,0.00036642845213163966,0.019947236422209073,0.0003664284521316077,1.0988361665439514,0.234375,0.0,0.0,0.0
n1024_m240_s0.282857_seed1.h5,240,0.28285714285714286,1,1024,240,1.0,239.91436366301787,0.9996431819292411,0.9996431819292411,0.00035681807075893524,0.019798431336629292,0.000356818070758895,1.0996956572865875,0.234375,0.0,0.0,0.0
n1024_m240_s0.303061_seed0.h5,240,0.3030612244897959,0,1024,240,1.0,239.9035374934174,0.9995980728892391,0.9995980728892391,0.0004019271107609246,0.020992882549247412,0.0004019271107608813,1.1108776918141705,0.234375,2.5087028521099503e-05,0.0,0.0
n1024_m240_s0.303061_seed1.h5,240,0.3030612244897959,1,1024,240,1.0,239.9058323232748,0.9996076346803117,0.9996076346803117,0.000392365319688337,0.0208521952996629,0.0003923653196881989,1.1110591159953422,0.23437499999999997,2.957007874735229e-05,0.0,0.0
n1024_m240_s0.323265_seed0.h5,240,0.32326530612244897,0,1024,240,1.0,239.89056459673156,0.9995440191530481,0.9995440191530481,0.00045598084695186447,0.022540595780020604,0.00045598084695179606,1.126510713824571,0.234375,2.6605283317923243e-05,0.0,0.0
n1024_m240_s0.323265_seed1.h5,240,0.32326530612244897,1,1024,240,1.0,239.89378311326436,0.9995574296386015,0.9995574296386015,0.0004425703613984977,0.022299361488632354,0.00044257036139864635,1.1268185781286169,0.23437500000000003,3.170395859048607e-05,0.0,0.0
n1024_m240_s0.343469_seed0.h5,240,0.34346938775510205,0,1024,240,1.0,239.86568023795553,0.9994403343248147,0.9994403343248147,0.0005596656751852835,0.025275244716503643,0.0005596656751852544,1.163183259905468,0.23437499999999997,2.49184824140807e-05,0.0,0.0
n1024_m240_s0.343469_seed1.h5,240,0.34346938775510205,1,1024,240,1.0,239.8659440225747,0.9994414334273946,0.9994414334273946,0.0005585665726054456,0.0254871696115023,0.0005585665726052243,1.1636052103760954,0.23437499999999994,3.094002803733955e-05,0.0,0.0
n1024_m240_s0.363673_seed0.h5,240,0.3636734693877551,0,1024,240,1.0,239.82893592552864,0.999287233023036,0.999287233023036,0.0007127669769639855,0.029220569234543654,0.0007127669769639483,1.2145810044706573,0.23437499999999997,2.2766150654414432e-05,0.0,0.0
n1024_m240_s0.363673_seed1.h5,240,0.3636734693877551,1,1024,240,1.0,239.83378607926716,0.9993074419969464,0.9993074419969464,0.0006925580030535672,0.02906023336213957,0.0006925580030535619,1.215262874972197,0.234375,3.029649138945471e-05,0.0,0.0
n1024_m240_s0.383878_seed0.h5,240,0.38387755102040816,0,1024,240,1.0,239.76932950058836,0.9990388729191182,0.9990388729191182,0.0009611270808818073,0.03441926947671357,0.0009611270808818262,1.3061281531712414,0.234375,0.02035426410603704,0.0,0.0
n1024_m240_s0.383878_seed1.h5,240,0.38387755102040816,1,1024,240,1.0,239.77243593431194,0.9990518163929665,0.9990518163929665,0.0009481836070335259,0.034911612383803456,0.0009481836070335364,1.2988818440432415,0.234375,0.004473056174161024,0.0,0.0
n1024_m240_s0.404082_seed0.h5,240,0.4040816326530612,0,1024,240,1.0,239.69848841808562,0.9987437017420234,0.9987437017420234,0.0012562982579765736,0.03645702733655155,0.00125629825797668,1.4396900349944768,0.234375,0.025200332887785896,0.0,0.0
n1024_m240_s0.404082_seed1.h5,240,0.4040816326530612,1,1024,240,1.0,239.65256371126452,0.9985523487969356,0.9985523487969356,0.0014476512030644484,0.03829409727284536,0.001447651203064301,1.4307405712579384,0.23437499999999994,0.03108899665569892,0.0,0.0
n1024_m240_s0.424286_seed0.h5,240,0.42428571428571427,0,1024,240,1.0,239.76504654990276,0.9990210272912615,0.9990210272912615,0.0009789727087384792,0.03600757117040356,0.0009789727087384098,1.5731694709393251,0.23437499999999997,0.014087395265279936,2.584991578358367e-05,0.0
n1024_m240_s0.424286_seed1.h5,240,0.42428571428571427,1,1024,240,1.0,239.7597036059451,0.9989987650247713,0.9989987650247713,0.0010012349752287486,0.03636788484146274,0.0010012349752290346,1.5728956223378145,0.23437500000000008,0.013807431113680154,5.268663747109757e-05,0.0
n1024_m240_s0.444490_seed0.h5,240,0.44448979591836735,0,1024,240,1.0,239.75272400226095,0.9989696833427539,0.9989696833427539,0.0010303166572460665,0.038954231367175414,0.0010303166572462994,1.667028357562137,0.23437500000000006,0.0121665910784178,0.0027716663109679956,0.0
n1024_m240_s0.444490_seed1.h5,240,0.44448979591836735,1,1024,240,1.0,239.75096089049475,0.9989623370437282,0.9989623370437282,0.0010376629562718342,0.0389760217481772,0.0010376629562719043,1.6675988312544396,0.234375,0.012055421673629068,0.0041095356718235,0.0
n1024_m240_s0.464694_seed0.h5,240,0.4646938775510204,0,1024,240,1.0,239.72471379852504,0.998852974160521,0.998852974160521,0.00114702583947901,0.04254973502531476,0.0011470258394791256,1.7466041927095868,0.23437500000000006,0.010882325495831744,0.010215515590848111,0.0
n1024_m240_s0.464694_seed1.h5,240,0.4646938775510204,1,1024,240,1.0,239.72737041195796,0.9988640433831582,0.9988640433831582,0.001135956616841849,0.042305267708240765,0.001135956616842284,1.7469793299492065,0.2343750000000001,0.010793094864893183,0.010062450926999079,0.0
n1024_m240_s0.484898_seed0.h5,240,0.48489795918367345,0,1024,240,1.0,239.70130135247018,0.9987554223019591,0.9987554223019591,0.0012445776980408718,0.044975607022946215,0.0012445776980410364,1.8104367270013775,0.23437500000000003,0.010039054415977992,0.009928488579110181,0.0
n1024_m240_s0.484898_seed1.h5,240,0.48489795918367345,1,1024,240,1.0,239.70499901569565,0.9987708292320652,0.9987708292320652,0.0012291707679348285,0.044684325975966444,0.0012291707679349154,1.8104151206951062,0.23437500000000003,0.010026673942544037,0.009933313562617337,0.0
n1024_m240_s0.505102_seed0.h5,240,0.5051020408163265,0,1024,240,1.0,239.67827203901834,0.9986594668292431,0.9986594668292431,0.0013405331707568857,0.047369454511813416,0.0013405331707571737,1.8614440235358787,0.23437500000000006,0.009496676132154382,0.00942595538005574,0.0
n1024_m240_s0.505102_seed1.h5,240,0.5051020408163265,1,1024,240,1.0,239.68168464605696,0.9986736860252373,0.9986736860252373,0.0013263139747626829,0.047138588209442146,0.0013263139747630606,1.8613711573766447,0.2343750000000001,0.009457374674437035,0.009431221976681111,0.0
n1024_m240_s0.525306_seed0.h5,240,0.5253061224489796,0,1024,240,1.0,239.66357477632118,0.9985982282346716,0.9985982282346716,0.0014017717653284079,0.048827030215608136,0.001401771765328759,1.9018213456573696,0.23437500000000006,0.009097398644025234,0.009056225480704375,0.001131513663574546
n1024_m240_s0.525306_seed1.h5,240,0.5253061224489796,1,1024,240,1.0,239.66447441239143,0.9986019767182976,0.9986019767182976,0.0013980232817023541,0.04874795941667083,0.0013980232817025573,1.9019879657356091,0.23437500000000006,0.009092746010807931,0.00907323183350602,0.0011643592064165932
n1024_m240_s0.545510_seed0.h5,240,0.5455102040816326,0,1024,240,1.0,239.65073824100546,0.998544742670856,0.998544742670856,0.0014552573291439774,0.05005110038093137,0.00145525732914409,1.934069706511969,0.23437500000000006,0.00886051359566489,0.008832683530422016,0.004097820717551023
n1024_m240_s0.545510_seed1.h5,240,0.5455102040816326,1,1024,240,1.0,239.64849383555702,0.9985353909814876,0.9985353909814876,0.0014646090185124194,0.05055621159790186,0.0014646090185127165,1.9349360745082549,0.23437500000000006,0.00887214692069701,0.008832784020794649,0.0038708308124272895
n1024_m240_s0.565714_seed0.h5,240,0.5657142857142857,0,1024,240,1.0,239.63987658158294,0.9984994857565955,0.9984994857565955,0.0015005142434044716,0.05124775095994858,0.0015005142434046596,1.9600213453481756,0.23437500000000006,0.00874690122319206,0.008658045804851584,0.005907079409472855
n1024_m240_s0.565714_seed1.h5,240,0.5657142857142857,1,1024,240,1.0,239.64025379615487,0.9985010574839787,0.9985010574839787,0.0014989425160213399,0.05142060725605577,0.0014989425160217566,1.9602836655701301,0.23437500000000006,0.008690729121386364,0.008560261337913157,0.005810946709610938
n1024_m240_s0.585918_seed0.h5,240,0.5859183673469388,0,1024,240,1.0,239.6281788480701,0.9984507452002921,0.9984507452002921,0.001549254799707911,0.052694574086083544,0.001549254799708318,1.9815438569067398,0.23437500000000008,0.008658157454701653,0.008596371360624858,0.006396373203917877
n1024_m240_s0.585918_seed1.h5,240,0.5859183673469388,1,1024,240,1.0,239.63078818900976,0.9984616174542074,0.9984616174542074,0.0015383825457926381,0.05239310810612237,0.001538382545792864,1.9813251203603968,0.23437500000000006,0.008623850057693224,0.008554940604430804,0.006277195204546001
n1024_m240_s0.606122_seed0.h5,240,0.6061224489795918,0,1024,240,1.0,239.6267849583237,0.9984449373263488,0.9984449373263488,0.0015550626736512418,0.05309304916018104,0.0015550626736515912,1.9988189363834892,0.23437500000000006,0.008635987568487406,0.008485462625611295,0.006583611378568158
n1024_m240_s0.606122_seed1.h5,240,0.6061224489795918,1,1024,240,1.0,239.62606165741454,0.9984419235725606,0.9984419235725606,0.0015580764274394365,0.053033898202459205,0.001558076427439842,1.9989221932941412,0.2343750000000001,0.008601780347443388,0.008427041804252255,0.0063949968945515535
n1024_m240_s0.626327_seed0.h5,240,0.6263265306122449,0,1024,240,1.0,239.61854534887243,0.9984106056203018,0.9984106056203018,0.0015893943796981835,0.05470538792097255,0.0015893943796984795,2.0137192090256115,0.23437500000000006,0.00852905659639528,0.008032509537622733,0.006255359094275046
n1024_m240_s0.626327_seed1.h5,240,0.6263265306122449,1,1024,240,1.0,239.62343714313465,0.9984309880963944,0.9984309880963944,0.0015690119036055883,0.05391425151884329,0.0015690119036059578,2.013449919186033,0.23437500000000008,0.008581951286742651,0.00822024194984879,0.00625754463269839
n1024_m240_s0.646531_seed0.h5,240,0.6465306122448979,0,1024,240,1.0,239.61653533554636,0.9984022305647765,0.9984022305647765,0.001597769435223495,0.05546493734439435,0.001597769435223748,2.0263047143496182,0.23437500000000006,0.008733414730305703,0.008316633081279261,0.006214324732062639
n1024_m240_s0.646531_seed1.h5,240,0.6465306122448979,1,1024,240,1.0,239.63576094072778,0.9984823372530324,0.9984823372530324,0.0015176627469676296,0.05520708092487531,0.0015176627469677695,2.0255932105261745,0.23437500000000006,0.008220776410566734,0.0074167186996512,0.005521458034439133
n1024_m240_s0.666735_seed0.h5,240,0.666734693877551,0,1024,240,1.0,239.61231887317263,0.9983846619715526,0.9983846619715526,0.0016153380284473773,0.05654966016759708,0.001615338028447718,2.0369945821042568,0.23437500000000006,0.008801895511328546,0.008448834515846286,0.0061088629857520916
n1024_m240_s0.666735_seed1.h5,240,0.666734693877551,1,1024,240,1.0,239.63021040416788,0.9984592100173661,0.9984592100173661,0.00154078998263385,0.05628681213655407,0.0015407899826341616,2.036214539467155,0.23437500000000006,0.008402630438064806,0.007511863131536534,0.005586723842929258
n1024_m240_s0.686939_seed0.h5,240,0.6869387755102041,0,1024,240,1.0,239.61671081418172,0.9984029617257572,0.9984029617257572,0.0015970382742428457,0.05770777626867559,0.0015970382742431673,2.04607173181477,0.23437500000000006,0.008758270028747288,0.00793753555883153,0.005540094508788557
n1024_m240_s0.686939_seed1.h5,240,0.6869387755102041,1,1024,240,1.0,239.61870224156883,0.9984112593398701,0.9984112593398701,0.001588740660129928,0.057523167071517334,0.0015887406601303607,2.046033674299635,0.2343750000000001,0.008738864586016148,0.0079638894649786,0.005734280443715326
n1024_m240_s0.707143_seed0.h5,240,0.7071428571428571,0,1024,240,1.0,239.6151566056069,0.9983964858566954,0.9983964858566954,0.0016035141433046185,0.05954340592270821,0.0016035141433049845,2.057108916132473,0.23437500000000008,0.008697098712261146,0.007730748111584327,0.005395158048112458
n1024_m240_s0.707143_seed1.h5,240,0.7071428571428571,1,1024,240,1.0,239.6224266688805,0.9984267777870021,0.9984267777870021,0.0015732222129979379,0.05864702478991097,0.0015732222129981226,2.054702497966322,0.23437500000000006,0.008716668690465263,0.007575454462020701,0.0054685153629340875
n1024_m240_s0.727347_seed0.h5,240,0.7273469387755102,0,1024,240,1.0,239.61277187499218,0.9983865494791341,0.9983865494791341,0.0016134505208659222,0.0605630526108358,0.0016134505208659983,2.062307685217265,0.23437500000000003,0.008878869681243356,0.0075451874363423,0.005333513150559784
n1024_m240_s0.727347_seed1.h5,240,0.7273469387755102,1,1024,240,1.0,239.61889383976813,0.9984120576657005,0.9984120576657005,0.0015879423342994858,0.06042982836836159,0.0015879423342998076,2.0649947851413213,0.23437500000000008,0.008878202516355722,0.007402884716913138,0.005151791045664582
n1024_m240_s0.747551_seed0.h5,240,0.7475510204081632,0,1024,240,1.0,239.77485859196167,0.9990619107998403,0.9990619107998403,0.0009380892001596974,0.06731814826497029,0.000938089200160146,2.2000756147655083,0.2343750000000001,0.0,0.0,0.0
n1024_m240_s0.747551_seed1.h5,240,0.7475510204081632,1,1024,240,1.0,239.78412317181937,0.9991005132159141,0.9991005132159141,0.0008994867840859122,0.06435944122084383,0.0008994867840862422,2.14904923319625,0.23437500000000006,0.0,0.0,0.0
n1024_m240_s0.767755_seed0.h5,240,0.7677551020408163,0,1024,240,1.0,239.75640821573325,0.9989850342322218,0.9989850342322218,0.0010149657677781532,0.07626105315068143,0.0010149657677785623,2.3963395912076546,0.2343750000000001,0.0,0.0,0.0
n1024_m240_s0.767755_seed1.h5,240,0.7677551020408163,1,1024,240,1.0,239.75437669164967,0.9989765695485403,0.9989765695485403,0.0010234304514596948,0.07633968949669276,0.0010234304514600992,2.389666742658624,0.2343750000000001,0.0,0.0,0.0
n1024_m240_s0.787959_seed0.h5,240,0.7879591836734694,0,1024,240,1.0,239.75433507130947,0.9989763961304561,0.9989763961304561,0.001023603869543921,0.08268441360196557,0.0010236038695446345,2.5876895866087697,0.23437500000000017,0.0,0.0,0.0
n1024_m240_s0.787959_seed1.h5,240,0.7879591836734694,1,1024,240,1.0,239.75124912534375,0.9989635380222656,0.9989635380222656,0.0010364619777344375,0.08376728266469315,0.0010364619777347857,2.606735473927502,0.2343750000000001,0.0,0.0,0.0
n1024_m240_s0.808163_seed0.h5,240,0.8081632653061224,0,1024,240,1.0,239.74718238494825,0.9989465932706177,0.9989465932706177,0.0010534067293822558,0.0918800195515739,0.0010534067293832322,2.836184311183834,0.23437500000000022,0.0,0.0,0.0
n1024_m240_s0.808163_seed1.h5,240,0.8081632653061224,1,1024,240,1.0,239.74977041664533,0.9989573767360223,0.9989573767360223,0.0010426232639777488,0.09167273630877994,0.0010426232639785585,2.8440373978523703,0.23437500000000017,0.0,0.0,0.0
n1024_m240_s0.828367_seed0.h5,240,0.8283673469387755,0,1024,240,1.0,239.73631570336875,0.9989013154307032,0.9989013154307032,0.0010986845692968483,0.10203501787535108,0.0010986845692978896,3.0844878326093563,0.23437500000000025,0.0,0.0,0.0
n1024_m240_s0.828367_seed1.h5,240,0.8283673469387755,1,1024,240,1.0,239.7402778994874,0.9989178245811975,0.9989178245811975,0.0010821754188025112,0.10160348465487436,0.001082175418803377,3.093114851557506,0.23437500000000022,0.0,0.0,0.0
n1024_m240_s0.848571_seed0.h5,240,0.8485714285714285,0,1024,240,1.0,239.72920375899412,0.9988716823291421,0.9988716823291421,0.001128317670857859,0.11368499294464032,0.0011283176708589478,3.390894203525209,0.23437500000000025,0.0,0.0,0.0
n1024_m240_s0.848571_seed1.h5,240,0.8485714285714285,1,1024,240,1.0,239.7255841495935,0.9988566006233062,0.9988566006233062,0.0011433993766938322,0.11446496427090116,0.0011433993766950213,3.391852363129326,0.23437500000000028,0.0,0.0,0.0
n1024_m240_s0.868776_seed0.h5,240,0.8687755102040816,0,1024,240,1.0,239.69884867739165,0.9987452028224653,0.9987452028224653,0.0012547971775347389,0.13378410266045998,0.0012547971775363606,3.7842294443905553,0.2343750000000004,0.0,0.0,0.0
n1024_m240_s0.868776_seed1.h5,240,0.8687755102040816,1,1024,240,1.0,239.698080181377,0.9987420007557375,0.9987420007557375,0.0012579992442625088,0.1337616708919987,0.0012579992442638907,3.778216399971686,0.23437500000000033,0.0,0.0,0.0
n1024_m240_s0.888980_seed0.h5,240,0.8889795918367347,0,1024,240,1.0,239.67340730130672,0.998639197088778,0.998639197088778,0.001360802911221981,0.15588888593347175,0.0013608029112231307,4.232550759465438,0.23437500000000028,0.0,0.0,0.0
n1024_m240_s0.888980_seed1.h5,240,0.8889795918367347,1,1024,240,1.0,239.67367707501398,0.9986403211458916,0.9986403211458916,0.0013596788541083704,0.15560103149968418,0.001359678854109558,4.226771484134729,0.23437500000000028,0.0,0.0,0.0
n1024_m240_s0.909184_seed0.h5,240,0.9091836734693878,0,1024,240,1.0,239.6193603426218,0.9984140014275908,0.9984140014275908,0.001585998572409153,0.18562709864772833,0.001585998572409812,4.66746237176573,0.23437500000000017,0.0,0.0,0.0
n1024_m240_s0.909184_seed1.h5,240,0.9091836734693878,1,1024,240,1.0,239.6226134300232,0.99842755595843,0.99842755595843,0.0015724440415699759,0.18458109717576462,0.0015724440415707884,4.663342945111343,0.23437500000000017,0.0,0.0,0.0
n1024_m240_s0.929388_seed0.h5,240,0.9293877551020407,0,1024,240,1.0,239.5239398777485,0.9980164161572854,0.9980164161572854,0.0019835838427145758,0.22698855464273318,0.001983583842715158,5.105608165020242,0.2343750000000001,0.0,0.0,0.0
n1024_m240_s0.929388_seed1.h5,240,0.9293877551020407,1,1024,240,1.0,239.51733838021755,0.9979889099175732,0.9979889099175732,0.0020110900824268363,0.22886571988561466,0.002011090082427366,5.109956660499818,0.2343750000000001,0.0,0.0,0.0
n1024_m240_s0.949592_seed0.h5,240,0.9495918367346938,0,1024,240,1.0,239.43129663169384,0.9976304026320577,0.9976304026320577,0.002369597367942289,0.266141593712658,0.002369597367942514,5.480125217789241,0.23437500000000006,0.0,0.0,0.0
n1024_m240_s0.949592_seed1.h5,240,0.9495918367346938,1,1024,240,1.0,239.42587932944298,0.9976078305393458,0.9976078305393458,0.0023921694606542365,0.2675449521104336,0.002392169460654679,5.481456178953096,0.2343750000000001,0.0,0.0,0.0
n1024_m240_s0.969796_seed0.h5,240,0.9697959183673469,0,1024,240,1.0,239.32564076781273,0.9971901698658864,0.9971901698658864,0.0028098301341136223,0.3026943183283535,0.0028098301341138486,5.725500565020274,0.23437500000000006,0.0,0.0,0.0
n1024_m240_s0.969796_seed1.h5,240,0.9697959183673469,1,1024,240,1.0,239.3272064626217,0.997196693594257,0.997196693594257,0.002803306405743,0.30220298066200973,0.002803306405743195,5.724167039372698,0.23437500000000006,0.0,0.0,0.0
n1024_m240_s0.990000_seed0.h5,240,0.99,0,1024,240,1.0,238.7022400945425,0.9945926670605938,0.9945926670605938,0.005407332939406206,0.39804098597929993,0.005407332939406775,5.438344095661445,0.2343750000000001,0.0,0.0,0.0
n1024_m240_s0.990000_seed1.h5,240,0.99,1,1024,240,1.0,238.68113808333874,0.9945047420139114,0.9945047420139114,0.005495257986088631,0.4016210619265118,0.005495257986089159,5.444480261203764,0.2343750000000001,0.0,0.0,0.0
n1024_m256_s0.000000_seed0.h5,256,0.0,0,1024,256,1.0,255.987328209907,0.9999505008199492,0.9999505008199492,4.9499180050815994e-05,0.0067280203810219374,4.949918005225966e-05,1.0025278822049155,0.2500000000000004,0.0,0.0,0.0
n1024_m256_s0.000000_seed1.h5,256,0.0,1,1024,256,1.0,255.98614217647264,0.9999458678768463,0.9999458678768463,5.413212315374949e-05,0.007001933698587553,5.413212315507962e-05,1.002485856201653,0.25000000000000033,0.0,0.0,0.0
n1024_m256_s0.020204_seed0.h5,256,0.02020408163265306,0,1024,256,1.0,255.98698621078074,0.9999491648858623,0.9999491648858623,5.083511413772612e-05,0.006860282776283796,5.08351141391344e-05,1.0039347367093698,0.25000000000000033,0.0,0.0,0.0
n1024_m256_s0.020204_seed1.h5,256,0.02020408163265306,1,1024,256,1.0,255.98612475215486,0.9999457998131049,0.9999457998131049,5.420018689505923e-05,0.007078968949513902,5.420018689650095e-05,1.004033031037915,0.25000000000000033,0.0,0.0,0.0
n1024_m256_s0.040408_seed0.h5,256,0.04040816326530612,0,1024,256,1.0,255.98438223265111,0.9999389930962934,0.9999389930962934,6.1006903706584126e-05,0.007641827510023815,6.1006903707823864e-05,1.006775336762138,0.25000000000000033,0.0,0.0,0.0
n1024_m256_s0.040408_seed1.h5,256,0.04040816326530612,1,1024,256,1.0,255.98599507423933,0.9999452932587474,0.9999452932587474,5.470674125263031e-05,0.0072488397100206915,5.470674125395269e-05,1.0070378492815095,0.25000000000000033,0.0,0.0,0.0
n1024_m256_s0.060612_seed0.h5,256,0.06061224489795918,0,1024,256,1.0,255.97935531839175,0.9999193567124678,0.9999193567124678,8.064328753221162e-05,0.008950348549648516,8.06432875330788e-05,1.0122190627998,0.2500000000000002,0.0,0.0,0.0
n1024_m256_s0.060612_seed1.h5,256,0.06061224489795918,1,1024,256,1.0,255.97884399709437,0.9999173593636499,0.9999173593636499,8.264063635010643e-05,0.009047660578468371,8.264063635131303e-05,1.0119135912966497,0.25000000000000033,0.0,0.0,0.0
n1024_m256_s0.080816_seed0.h5,256,0.08081632653061224,0,1024,256,1.0,255.96937124717078,0.9998803564342609,0.9998803564342609,0.00011964356573912482,0.010926564620526834,0.0001196435657401461,1.018872664548996,0.2500000000000002,0.0,0.0,0.0
n1024_m256_s0.080816_seed1.h5,256,0.08081632653061224,1,1024,256,1.0,255.9696213270654,0.9998813333088492,0.9998813333088492,0.00011866669115079276,0.010897240859146099,0.0001186666911517175,1.018565372721998,0.2500000000000002,0.0,0.0,0.0
n1024_m256_s0.101020_seed0.h5,256,0.1010204081632653,0,1024,256,1.0,255.9629921129017,0.9998554379410223,0.9998554379410223,0.00014456205897772634,0.012071383749062616,0.00014456205897839133,1.0262322167215503,0.2500000000000001,0.0,0.0,0.0
n1024_m256_s0.101020_seed1.h5,256,0.1010204081632653,1,1024,256,1.0,255.96344260730984,0.9998571976848041,0.9998571976848041,0.00014280231519592235,0.012010077162799154,0.0001428023151968589,1.0263704597948273,0.2500000000000002,0.0,0.0,0.0
n1024_m256_s0.121224_seed0.h5,256,0.12122448979591836,0,1024,256,1.0,255.9571197583864,0.9998324990561969,0.9998324990561969,0.00016750094380313385,0.013084611054396875,0.00016750094380383902,1.0328035638161304,0.25000000000000017,0.0,0.0,0.0
n1024_m256_s0.121224_seed1.h5,256,0.12122448979591836,1,1024,256,1.0,255.9562950362597,0.9998292774853894,0.9998292774853894,0.0001707225146105884,0.013211427647680971,0.00017072251461138182,1.0323889178960002,0.2500000000000002,0.0,0.0,0.0
n1024_m256_s0.141429_seed0.h5,256,0.14142857142857143,0,1024,256,1.0,255.95379815472552,0.9998195240418966,0.9998195240418966,0.0001804759581034432,0.013680616727174688,0.00018047595810367047,1.0396400291159578,0.25000000000000006,0.0,0.0,0.0
n1024_m256_s0.141429_seed1.h5,256,0.14142857142857143,1,1024,256,1.0,255.95279084106733,0.9998155892229192,0.9998155892229192,0.00018441077708075682,0.013832650844987738,0.00018441077708134055,1.0395372431205625,0.2500000000000001,0.0,0.0,0.0
n1024_m256_s0.161633_seed0.h5,256,0.16163265306122448,0,1024,256,1.0,255.94778274233977,0.9997960263372647,0.9997960263372647,0.0002039736627352795,0.014597836578070695,0.00020397366273568285,1.0462756210020816,0.2500000000000001,0.0,0.0,0.0
n1024_m256_s0.161633_seed1.h5,256,0.16163265306122448,1,1024,256,1.0,255.9481593877863,0.9997974976085402,0.9997974976085402,0.0002025023914598023,0.014543948185638797,0.00020250239146033924,1.046644637005116,0.2500000000000001,0.0,0.0,0.0
n1024_m256_s0.181837_seed0.h5,256,0.18183673469387754,0,1024,256,1.0,255.94427576889575,0.999782327222249,0.999782327222249,0.00021767277775097682,0.015152220400791398,0.0002176727777513084,1.054217655062106,0.2500000000000001,0.0,0.0,0.0
n1024_m256_s0.181837_seed1.h5,256,0.18183673469387754,1,1024,256,1.0,255.94106440257747,0.9997697828225682,0.9997697828225682,0.0002302171774317685,0.015575021099929481,0.000230217177432367,1.0537303693921538,0.25000000000000017,0.0,0.0,0.0
n1024_m256_s0.202041_seed0.h5,256,0.2020408163265306,0,1024,256,1.0,255.9364390979972,0.9997517152265516,0.9997517152265516,0.00024828477344840394,0.016252128313904095,0.00024828477344891763,1.0619411551642481,0.2500000000000001,0.0,0.0,0.0
n1024_m256_s0.202041_seed1.h5,256,0.2020408163265306,1,1024,256,1.0,255.9374176868805,0.999755537839377,0.999755537839377,0.00024446216062301573,0.016104877548210383,0.0002444621606232747,1.0624788118994601,0.25000000000000006,0.0,0.0,0.0
n1024_m256_s0.222245_seed0.h5,256,0.22224489795918367,0,1024,256,1.0,255.9316029433976,0.9997328239976468,0.9997328239976468,0.0002671760023531533,0.016933082084906324,0.0002671760023534815,1.0705900404402553,0.2500000000000001,0.0,0.0,0.0
n1024_m256_s0.222245_seed1.h5,256,0.22224489795918367,1,1024,256,1.0,255.92969193775207,0.999725359131844,0.999725359131844,0.0002746408681559842,0.017144719286010808,0.000274640868156347,1.070994749302975,0.2500000000000001,0.0,0.0,0.0
n1024_m256_s0.242449_seed0.h5,256,0.24244897959183673,0,1024,256,1.0,255.92442568852857,0.9997047878458147,0.9997047878458147,0.0002952121541852648,0.017861762284819567,0.0002952121541853731,1.079777476281707,0.25,0.0,0.0,0.0
n1024_m256_s0.242449_seed1.h5,256,0.24244897959183673,1,1024,256,1.0,255.92342686356278,0.9997008861857921,0.9997008861857921,0.0002991138142078853,0.01798245842090355,0.00029911381420806533,1.080164566602542,0.25000000000000006,0.0,0.0,0.0
n1024_m256_s0.262653_seed0.h5,256,0.2626530612244898,0,1024,256,1.0,255.91741026013915,0.9996773838286686,0.9996773838286686,0.0003226161713314468,0.01876802184151633,0.0003226161713316006,1.089597621564578,0.25,0.0,0.0,0.0
n1024_m256_s0.262653_seed1.h5,256,0.2626530612244898,1,1024,256,1.0,255.91871819383232,0.9996824929446575,0.9996824929446575,0.000317507055342503,0.018608288146108286,0.00031750705534275113,1.0898194809402575,0.25,0.0,0.0,0.0
n1024_m256_s0.282857_seed0.h5,256,0.28285714285714286,0,1024,256,1.0,255.90914156424697,0.9996450842353397,0.9996450842353397,0.00035491576466029073,0.01980877677442855,0.0003549157646603212,1.1003181162354632,0.25,0.0,0.0,0.0
n1024_m256_s0.282857_seed1.h5,256,0.28285714285714286,1,1024,256,1.0,255.91024666921294,0.999649401051613,0.999649401051613,0.0003505989483869598,0.019631233560213426,0.0003505989483869389,1.1002509644144811,0.25,0.0,0.0,0.0
n1024_m256_s0.303061_seed0.h5,256,0.3030612244897959,0,1024,256,1.0,255.9011393411347,0.9996138255513074,0.9996138255513074,0.0003861744486926,0.020719230027600774,0.0003861744486926429,1.1111784961358702,0.25,1.9582710268654184e-05,0.0,0.0
n1024_m256_s0.303061_seed1.h5,256,0.3030612244897959,1,1024,256,1.0,255.9030450022401,0.9996212695400004,0.9996212695400004,0.00037873045999958777,0.02052246022590796,0.0003787304599998293,1.1112592571225857,0.25000000000000006,2.218352992533978e-05,0.0,0.0
n1024_m256_s0.323265_seed0.h5,256,0.32326530612244897,0,1024,256,1.0,255.89217606637976,0.9995788127592959,0.9995788127592959,0.00042118724070405733,0.021731981512695474,0.00042118724070404725,1.1235133639005563,0.25,1.879427196151024e-05,0.0,0.0
n1024_m256_s0.323265_seed1.h5,256,0.32326530612244897,1,1024,256,1.0,255.89060261604027,0.9995726664689073,0.9995726664689073,0.00042733353109269956,0.021899101993572995,0.00042733353109279573,1.124708241029763,0.25000000000000006,2.5860514679451943e-05,0.0,0.0
n1024_m256_s0.343469_seed0.h5,256,0.34346938775510205,0,1024,256,1.0,255.86098040240176,0.9994569546968819,0.9994569546968819,0.000543045303118106,0.025181835158295484,0.0005430453031181286,1.159709333528322,0.25,2.2019433777391865e-05,0.0,0.0
n1024_m256_s0.343469_seed1.h5,256,0.34346938775510205,1,1024,256,1.0,255.86095334260608,0.999456848994555,0.999456848994555,0.0005431510054449973,0.025179866324855207,0.0005431510054450325,1.1576942710993023,0.25,2.761546181031867e-05,0.0,0.0
n1024_m256_s0.363673_seed0.h5,256,0.3636734693877551,0,1024,256,1.0,255.82246747947647,0.999306513591705,0.999306513591705,0.0006934864082950298,0.029254954797197672,0.0006934864082949744,1.2180822346586597,0.24999999999999997,2.133644239081866e-05,0.0,0.0
n1024_m256_s0.363673_seed1.h5,256,0.3636734693877551,1,1024,256,1.0,255.8247581430769,0.9993154614963942,0.9993154614963942,0.000684538503605836,0.029125281357316606,0.0006845385036059316,1.2203738736229388,0.25,2.989767805300816e-05,0.0,0.0
n1024_m256_s0.383878_seed0.h5,256,0.38387755102040816,0,1024,256,1.0,255.7799443822878,0.9991404077433117,0.9991404077433117,0.0008595922566883019,0.03321964429366239,0.0008595922566883407,1.3271835591757108,0.25,0.018865780906240165,0.0,0.0
n1024_m256_s0.383878_seed1.h5,256,0.38387755102040816,1,1024,256,1.0,255.76341837909422,0.9990758530433368,0.9990758530433368,0.0009241469566632077,0.03501141350975437,0.0009241469566634657,1.319022632633709,0.2500000000000001,0.011271830041966765,0.0,0.0
n1024_m256_s0.404082_seed0.h5,256,0.4040816326530612,0,1024,256,1.0,255.7645549341105,0.9990802927113691,0.9990802927113691,0.0009197072886308888,0.03441760791377351,0.0009197072886310638,1.4644590496604433,0.25000000000000006,0.01596823828110999,0.0,0.0
n1024_m256_s0.404082_seed1.h5,256,0.4040816326530612,1,1024,256,1.0,255.76273693022085,0.9990731911336752,0.9990731911336752,0.0009268088663247909,0.034547301836734066,0.0009268088663249728,1.4617648262279597,0.25000000000000006,0.01613951097491781,0.0,0.0
n1024_m256_s0.424286_seed0.h5,256,0.42428571428571427,0,1024,256,1.0,255.74832584361138,0.999016897826607,0.999016897826607,0.0009831021733930356,0.03703847897768638,0.0009831021733931985,1.5746631214779017,0.25000000000000006,0.013183762250072069,2.538069401675987e-05,0.0
n1024_m256_s0.424286_seed1.h5,256,0.42428571428571427,1,1024,256,1.0,255.74931308953092,0.9990207542559801,0.9990207542559801,0.0009792457440198632,0.03690374089919627,0.0009792457440201303,1.5746798920490601,0.25000000000000006,0.012920219190301074,0.0,0.0
n1024_m256_s0.444490_seed0.h5,256,0.44448979591836735,0,1024,256,1.0,255.73668517070473,0.9989714264480654,0.9989714264480654,0.0010285735519346417,0.04018644463218277,0.0010285735519349917,1.6689157188450725,0.25000000000000006,0.011386128389688647,0.002308401412063281,0.0
n1024_m256_s0.444490_seed1.h5,256,0.44448979591836735,1,1024,256,1.0,255.73569487975328,0.9989675581240363,0.9989675581240363,0.001032441875963741,0.04032576225914223,0.001032441875964057,1.6694268977012834,0.25000000000000006,0.011295165391211951,0.0027952664836103785,0.0
n1024_m256_s0.464694_seed0.h5,256,0.4646938775510204,0,1024,256,1.0,255.70835903147236,0.9988607774666889,0.9988607774666889,0.0011392225333111128,0.04387869857310845,0.001139222533311255,1.747500197388554,0.25000000000000006,0.010063840551296043,0.009472926490744951,0.0
n1024_m256_s0.464694_seed1.h5,256,0.4646938775510204,1,1024,256,1.0,255.71007965398894,0.9988674986483943,0.9988674986483943,0.001132501351605697,0.04362111897526947,0.0011325013516059995,1.747800531585209,0.25000000000000006,0.010133588275481858,0.009493964131800786,0.0
n1024_m256_s0.484898_seed0.h5,256,0.48489795918367345,0,1024,256,1.0,255.68114421490463,0.9987544695894712,0.9987544695894712,0.0012455304105287723,0.04644381862850893,0.0012455304105289924,1.810915323648039,0.25000000000000006,0.0093909469343549,0.009278183249261638,0.0
n1024_m256_s0.484898_seed1.h5,256,0.48489795918367345,1,1024,256,1.0,255.59214017074555,0.9984067975419748,0.9984067975419748,0.0015932024580251891,0.048007166522015705,0.0015932024580254534,1.8077586621588035,0.2500000000000001,0.013320513571451914,0.0127527670226816,0.0
n1024_m256_s0.505102_seed0.h5,256,0.5051020408163265,0,1024,256,1.0,255.66068384889513,0.9986745462847466,0.9986745462847466,0.0013254537152533885,0.04852432580925975,0.001325453715253738,1.86178551479623,0.2500000000000001,0.008874239612463926,0.008856026586339799,0.0
n1024_m256_s0.505102_seed1.h5,256,0.5051020408163265,1,1024,256,1.0,255.66491937934188,0.9986910913255542,0.9986910913255542,0.0013089086744457745,0.048172276566261725,0.001308908674446251,1.8617439423749467,0.2500000000000001,0.008902596718415551,0.008869732569083952,0.0
n1024_m256_s0.525306_seed0.h5,256,0.5253061224489796,0,1024,256,1.0,255.64523844010546,0.998614212656662,0.998614212656662,0.0013857873433380519,0.050210692884912186,0.0013857873433386061,1.9027478470514312,0.2500000000000001,0.00855906418894727,0.008486845080455815,0.0009694316352772952
n1024_m256_s0.525306_seed1.h5,256,0.5253061224489796,1,1024,256,1.0,255.6437406555633,0.9986083619357942,0.9986083619357942,0.0013916380642058357,0.05005300131535812,0.0013916380642060267,1.9022409110976817,0.25000000000000006,0.00853863910197479,0.008531589383806213,0.000941276921829748
n1024_m256_s0.545510_seed0.h5,256,0.5455102040816326,0,1024,256,1.0,255.63037314309622,0.9985561450902196,0.9985561450902196,0.0014438549097803843,0.05173135550867163,0.0014438549097807684,1.935155392229111,0.2500000000000001,0.008324270219940826,0.00826538485124664,0.0038174516548802055
n1024_m256_s0.545510_seed1.h5,256,0.5455102040816326,1,1024,256,1.0,255.6322522976552,0.9985634855377157,0.9985634855377157,0.0014365144622843218,0.05149658123161967,0.0014365144622846815,1.9347170550353976,0.2500000000000001,0.008315376257841544,0.008236025161363231,0.003979808204896385
n1024_m256_s0.565714_seed0.h5,256,0.5657142857142857,0,1024,256,1.0,255.61779986834154,0.9985070307357091,0.9985070307357091,0.0014929692642908776,0.0528462358908732,0.0014929692642911686,1.9606472744164787,0.25000000000000006,0.008188021049382922,0.00813463321338977,0.005281751090847906
n1024_m256_s0.565714_seed1.h5,256,0.5657142857142857,1,1024,256,1.0,255.6197083395382,0.9985144857013211,0.9985144857013211,0.001485514298678936,0.05251315337474061,0.0014855142986793443,1.9607007346420482,0.2500000000000001,0.00818098920410213,0.008076473582625789,0.005397411512061223
n1024_m256_s0.585918_seed0.h5,256,0.5859183673469388,0,1024,256,1.0,255.617495049024,0.99850584003525,0.99850584003525,0.001494159964749997,0.05314882597367592,0.0014941599647502355,1.9818912487711966,0.25000000000000006,0.008118190939166858,0.00799575740471849,0.005733471468738193
n1024_m256_s0.585918_seed1.h5,256,0.5859183673469388,1,1024,256,1.0,255.61389642109862,0.9984917828949165,0.9984917828949165,0.0015082171050835314,0.05337092912367264,0.001508217105083687,1.9821091502415276,0.25000000000000006,0.008095185979958171,0.008039473760189892,0.0060015477252457145
n1024_m256_s0.606122_seed0.h5,256,0.6061224489795918,0,1024,256,1.0,255.60929030901752,0.9984737902695997,0.9984737902695997,0.0015262097304002964,0.05430538850664597,0.0015262097304005393,1.9994293426037493,0.25000000000000006,0.008106909438437407,0.008042151099723699,0.005905636174411472
n1024_m256_s0.606122_seed1.h5,256,0.6061224489795918,1,1024,256,1.0,255.60539984400384,0.99845859314064,0.99845859314064,0.001541406859359995,0.05456881790365392,0.0015414068593604627,1.999374569446737,0.2500000000000001,0.008081504492166491,0.007873324785340325,0.006050763633867001
n1024_m256_s0.626327_seed0.h5,256,0.6263265306122449,0,1024,256,1.0,255.601386759663,0.9984429170299336,0.9984429170299336,0.0015570829700664035,0.05563890800126544,0.0015570829700667218,2.013856973438562,0.2500000000000001,0.008151398577334294,0.008016746597890357,0.005850047084772392
n1024_m256_s0.626327_seed1.h5,256,0.6263265306122449,1,1024,256,1.0,255.60405547416303,0.9984533416959493,0.9984533416959493,0.001546658304050652,0.0552027151538442,0.001546658304050968,2.0138526948217677,0.2500000000000001,0.008090411626801792,0.007734784527154828,0.005886056727836863
n1024_m256_s0.646531_seed0.h5,256,0.6465306122448979,0,1024,256,1.0,255.60089010791853,0.9984409769840568,0.9984409769840568,0.0015590230159432394,0.056479428206911104,0.0015590230159435072,2.0262581231160923,0.25000000000000006,0.008155028837858454,0.007750567232811444,0.005595980392074363
n1024_m256_s0.646531_seed1.h5,256,0.6465306122448979,1,1024,256,1.0,255.5978688057512,0.9984291750224656,0.9984291750224656,0.0015708249775343575,0.05654217381189276,0.0015708249775346363,2.0260353784117906,0.25000000000000006,0.00820138332692766,0.008001156341521706,0.005806533969940828
n1024_m256_s0.666735_seed0.h5,256,0.666734693877551,0,1024,256,1.0,255.59537075948901,0.998419417029254,0.998419417029254,0.0015805829707460362,0.05775834127638387,0.0015805829707462426,2.037230787528379,0.25000000000000006,0.008252331895740551,0.007837340524724238,0.005500198506157825
n1024_m256_s0.666735_seed1.h5,256,0.666734693877551,1,1024,256,1.0,255.60080216196366,0.9984406334451705,0.9984406334451705,0.0015593665548294666,0.05736294324337897,0.0015593665548297815,2.0370419875497583,0.2500000000000001,0.008209641067530957,0.007636759435690939,0.005421997024274193
n1024_m256_s0.686939_seed0.h5,256,0.6869387755102041,0,1024,256,1.0,255.58588142925873,0.9983823493330419,0.9983823493330419,0.0016176506669580704,0.059140010562468474,0.0016176506669583668,2.046384620047144,0.2500000000000001,0.008411925706137875,0.007992767577434279,0.005459344645582421
n1024_m256_s0.686939_seed1.h5,256,0.6869387755102041,1,1024,256,1.0,255.61402334540617,0.9984922786929928,0.9984922786929928,0.0015077213070071593,0.05884971745251146,0.0015077213070073029,2.046118401771051,0.25,0.007843971035344633,0.006846372738657283,0.005039625917112897
n1024_m256_s0.707143_seed0.h5,256,0.7071428571428571,0,1024,256,1.0,255.57984705944546,0.9983587775759588,0.9983587775759588,0.0016412224240411888,0.06073375057014851,0.001641222424041474,2.055232116620797,0.2500000000000001,0.008520767790029613,0.007773342198584901,0.005509654407559909
n1024_m256_s0.707143_seed1.h5,256,0.7071428571428571,1,1024,256,1.0,255.6095131279435,0.9984746606560293,0.9984746606560293,0.0015253393439706997,0.060169715705672436,0.0015253393439711496,2.0546284100098733,0.2500000000000001,0.008133899756476177,0.0068070596037181595,0.00462910677824089
n1024_m256_s0.727347_seed0.h5,256,0.7273469387755102,0,1024,256,1.0,255.59181201341562,0.9984055156774048,0.9984055156774048,0.0015944843225952354,0.062245138431004765,0.0015944843225957105,2.0627309391963786,0.2500000000000001,0.00833637241079237,0.006992565188145432,0.0048209327360889676
n1024_m256_s0.727347_seed1.h5,256,0.7273469387755102,1,1024,256,1.0,255.78720296092797,0.9991687615661249,0.9991687615661249,0.0008312384338751144,0.059779681610498306,0.000831238433875649,2.0760192575669225,0.2500000000000001,0.0,0.0,0.0
n1024_m256_s0.747551_seed0.h5,256,0.7475510204081632,0,1024,256,1.0,255.7503446401097,0.9990247837504285,0.9990247837504285,0.0009752162495715311,0.06825478350849931,0.00097521624957191,2.188046746534895,0.2500000000000001,0.0,0.0,0.0
n1024_m256_s0.747551_seed1.h5,256,0.7475510204081632,1,1024,256,1.0,255.7380830431357,0.9989768868872488,0.9989768868872488,0.0010231131127511617,0.07106248793843928,0.001023113112751634,2.2240258021549915,0.2500000000000001,0.0,0.0,0.0
n1024_m256_s0.767755_seed0.h5,256,0.7677551020408163,0,1024,256,1.0,255.71825364837423,0.9988994283139618,0.9988994283139618,0.0011005716860381654,0.07873092597724612,0.0011005716860387448,2.375696850435873,0.2500000000000001,0.0,0.0,0.0
n1024_m256_s0.767755_seed1.h5,256,0.7677551020408163,1,1024,256,1.0,255.7241422473453,0.9989224306536926,0.9989224306536926,0.0010775693463074276,0.07931201211347459,0.0010775693463079975,2.4187939049621003,0.2500000000000001,0.0,0.0,0.0
n1024_m256_s0.787959_seed0.h5,256,0.7879591836734694,0,1024,256,1.0,255.7197427531937,0.9989052451296629,0.9989052451296629,0.0010947548703370558,0.08684232654913028,0.0010947548703377815,2.6303909298446553,0.25000000000000017,0.0,0.0,0.0
n1024_m256_s0.787959_seed1.h5,256,0.7879591836734694,1,1024,256,1.0,255.72499874932691,0.9989257763645583,0.9989257763645583,0.00107422363544174,0.08607745877221766,0.0010742236354424899,2.6307795954697335,0.2500000000000002,0.0,0.0,0.0
n1024_m256_s0.808163_seed0.h5,256,0.8081632653061224,0,1024,256,1.0,255.71108279470354,0.9988714171668107,0.9988714171668107,0.0011285828331892844,0.09486375651409996,0.0011285828331899642,2.8295495931396863,0.25000000000000017,0.0,0.0,0.0
n1024_m256_s0.808163_seed1.h5,256,0.8081632653061224,1,1024,256,1.0,255.71810422767885,0.9988988446393705,0.9988988446393705,0.001101155360629491,0.09419191042581779,0.0011011553606303257,2.843824706481204,0.2500000000000002,0.0,0.0,0.0
n1024_m256_s0.828367_seed0.h5,256,0.8283673469387755,0,1024,256,1.0,255.7015516050742,0.9988341859573211,0.9988341859573211,0.0011658140426789032,0.10576234606596864,0.0011658140426800527,3.103354407306148,0.2500000000000003,0.0,0.0,0.0
n1024_m256_s0.828367_seed1.h5,256,0.8283673469387755,1,1024,256,1.0,255.6934766153572,0.9988026430287391,0.9988026430287391,0.0011973569712608878,0.10670523047820603,0.0011973569712619592,3.089809518690487,0.2500000000000003,0.0,0.0,0.0
n1024_m256_s0.848571_seed0.h5,256,0.8485714285714285,0,1024,256,1.0,255.6912481705076,0.9987939381660453,0.9987939381660453,0.0012060618339546636,0.11808402073831317,0.001206061833955944,3.407018392015625,0.25000000000000033,0.0,0.0,0.0
n1024_m256_s0.848571_seed1.h5,256,0.8485714285714285,1,1024,256,1.0,255.68724805337843,0.9987783127085095,0.9987783127085095,0.0012216872914905252,0.1191345006904447,0.0012216872914916764,3.414212091623005,0.25000000000000033,0.0,0.0,0.0
n1024_m256_s0.868776_seed0.h5,256,0.8687755102040816,0,1024,256,1.0,255.66010598791763,0.9986722890153032,0.9986722890153032,0.0013277109846967505,0.1376048923491246,0.0013277109846981869,3.7829054194604486,0.25000000000000033,0.0,0.0,0.0
n1024_m256_s0.868776_seed1.h5,256,0.8687755102040816,1,1024,256,1.0,255.6595928177121,0.9986702844441879,0.9986702844441879,0.0013297155558120721,0.13737497731698312,0.0013297155558133719,3.7746236818087993,0.25000000000000033,0.0,0.0,0.0
n1024_m256_s0.888980_seed0.h5,256,0.8889795918367347,0,1024,256,1.0,255.612548828125,0.9984865188598633,0.9984865188598633,0.0015134811401367188,0.16109269443581692,0.0015134811401381148,4.14823275036203,0.25000000000000033,0.0,0.0,0.0
n1024_m256_s0.888980_seed1.h5,256,0.8889795918367347,1,1024,256,1.0,255.6189197152853,0.9985114051378332,0.9985114051378332,0.0014885948621667922,0.15973112981992932,0.0014885948621681576,4.147632639819522,0.25000000000000033,0.0,0.0,0.0
n1024_m256_s0.909184_seed0.h5,256,0.9091836734693878,0,1024,256,1.0,255.55844074487686,0.9982751591596752,0.9982751591596752,0.0017248408403247595,0.18702023665634943,0.0017248408403255108,4.511994955154122,0.2500000000000002,0.0,0.0,0.0
n1024_m256_s0.909184_seed1.h5,256,0.9091836734693878,1,1024,256,1.0,255.56630676984787,0.9983058858197182,0.9983058858197182,0.0016941141802817583,0.18513089932737015,0.0016941141802827079,4.505164518285954,0.2500000000000002,0.0,0.0,0.0
n1024_m256_s0.929388_seed0.h5,256,0.9293877551020407,0,1024,256,1.0,255.44422174990177,0.9978289912105538,0.9978289912105538,0.002171008789446205,0.2263520747595185,0.0021710087894469166,4.863889190152488,0.25000000000000017,0.0,0.0,0.0
n1024_m256_s0.929388_seed1.h5,256,0.9293877551020407,1,1024,256,1.0,255.44998505711555,0.9978515041293576,0.9978515041293576,0.002148495870642364,0.22523960973959634,0.0021484958706428922,4.86455477076298,0.2500000000000001,0.0,0.0,0.0
n1024_m256_s0.949592_seed0.h5,256,0.9495918367346938,0,1024,256,1.0,255.2974019497633,0.9972554763662629,0.9972554763662629,0.002744523633737117,0.2695285013760106,0.002744523633737543,5.152863166382979,0.2500000000000001,0.0,0.0,0.0
n1024_m256_s0.949592_seed1.h5,256,0.9495918367346938,1,1024,256,1.0,255.29145604372025,0.9972322501707822,0.9972322501707822,0.0027677498292177916,0.2702940849441223,0.0027677498292182825,5.148849379658523,0.2500000000000001,0.0,0.0,0.0
n1024_m256_s0.969796_seed0.h5,256,0.9697959183673469,0,1024,256,1.0,255.21700713038445,0.9969414341030642,0.9969414341030642,0.003058565896935761,0.293446202435245,0.0030585658969362437,5.322072995057268,0.2500000000000001,0.0,0.0,0.0
n1024_m256_s0.969796_seed1.h5,256,0.9697959183673469,1,1024,256,1.0,255.19875891506672,0.9968701520119794,0.9968701520119794,0.0031298479880206287,0.2968939518134187,0.0031298479880209297,5.318852021909344,0.25000000000000006,0.0,0.0,0.0
n1024_m256_s0.990000_seed0.h5,256,0.99,0,1024,256,1.0,254.44284446537495,0.9939173611928709,0.9939173611928709,0.006082638807129115,0.390865837018587,0.006082638807129635,5.035516748410869,0.2500000000000001,0.0,0.0,0.0
n1024_m256_s0.990000_seed1.h5,256,0.99,1,1024,256,1.0,254.4538644850254,0.9939604081446305,0.9939604081446305,0.006039591855369508,0.38935240091878903,0.006039591855370059,5.0375248743638235,0.25000000000000017,0.0,0.0,0.0
n1024_m272_s0.000000_seed0.h5,272,0.0,0,1024,272,1.0,271.9832780810757,0.999938522356896,0.999938522356896,6.147764310404646e-05,0.0074932125681943995,6.147764310541565e-05,1.0028910424987874,0.26562500000000033,0.0,0.0,0.0
n1024_m272_s0.000000_seed1.h5,272,0.0,1,1024,272,1.0,271.98559995873075,0.9999470586718042,0.9999470586718042,5.2941328195776904e-05,0.006978503478654693,5.294132819707778e-05,1.0030339146745713,0.26562500000000033,0.0,0.0,0.0
n1024_m272_s0.020204_seed0.h5,272,0.02020408163265306,0,1024,272,1.0,271.9849730475107,0.9999447538511423,0.9999447538511423,5.524614885765722e-05,0.007185984347738379,5.524614885914743e-05,1.0047194026324915,0.26562500000000044,0.0,0.0,0.0
n1024_m272_s0.020204_seed1.h5,272,0.02020408163265306,1,1024,272,1.0,271.9821529322435,0.9999343857803069,0.9999343857803069,6.561421969308867e-05,0.007779382346023272,6.561421969445008e-05,1.0047728019792055,0.2656250000000004,0.0,0.0,0.0
n1024_m272_s0.040408_seed0.h5,272,0.04040816326530612,0,1024,272,1.0,271.9818424589612,0.9999332443344161,0.9999332443344161,6.675566558389523e-05,0.008023377945379417,6.675566558500538e-05,1.0083231958508194,0.26562500000000033,0.0,0.0,0.0
n1024_m272_s0.040408_seed1.h5,272,0.04040816326530612,1,1024,272,1.0,271.98061690162285,0.9999287386089075,0.9999287386089075,7.126139109248086e-05,0.008262213142989317,7.126139109359358e-05,1.0082032944469925,0.26562500000000033,0.0,0.0,0.0
n1024_m272_s0.060612_seed0.h5,272,0.06061224489795918,0,1024,272,1.0,271.9761623861705,0.999912361713862,0.999912361713862,8.763828613800317e-05,0.009334033008906248,8.763828613904237e-05,1.0137577438352998,0.2656250000000003,0.0,0.0,0.0
n1024_m272_s0.060612_seed1.h5,272,0.06061224489795918,1,1024,272,1.0,271.9743469233799,0.9999056872183085,0.9999056872183085,9.431278169147461e-05,0.009632660584862158,9.431278169257261e-05,1.0135528231777642,0.26562500000000033,0.0,0.0,0.0
n1024_m272_s0.080816_seed0.h5,272,0.08081632653061224,0,1024,272,1.0,271.96798434901575,0.9998822954007932,0.9998822954007932,0.00011770459920679155,0.010874387002762416,0.0001177045992077981,1.0203810715348434,0.2656250000000002,0.0,0.0,0.0
n1024_m272_s0.080816_seed1.h5,272,0.08081632653061224,1,1024,272,1.0,271.9655437010442,0.9998733224303097,0.9998733224303097,0.0001266775696903144,0.011199768566601313,0.00012667756969138568,1.020905198688665,0.2656250000000002,0.0,0.0,0.0
n1024_m272_s0.101020_seed0.h5,272,0.1010204081632653,0,1024,272,1.0,271.962028038477,0.9998603972002831,0.9998603972002831,0.00013960279971692025,0.011916327310491064,0.00013960279971758998,1.027827286923967,0.2656250000000002,0.0,0.0,0.0
n1024_m272_s0.101020_seed1.h5,272,0.1010204081632653,1,1024,272,1.0,271.95805434942304,0.9998457880493494,0.9998457880493494,0.00015421195065057347,0.012422487387057998,0.00015421195065136396,1.0277062135173989,0.2656250000000002,0.0,0.0,0.0
n1024_m272_s0.121224_seed0.h5,272,0.12122448979591836,0,1024,272,1.0,271.95729065628984,0.9998429803540068,0.9998429803540068,0.00015701964599323937,0.01272250803202613,0.00015701964599391878,1.0345397619589527,0.2656250000000002,0.0,0.0,0.0
n1024_m272_s0.121224_seed1.h5,272,0.12122448979591836,1,1024,272,1.0,271.9506077689948,0.9998184109154221,0.9998184109154221,0.00018158908457788225,0.01352938891536741,0.000181589084578737,1.033981121501763,0.2656250000000002,0.0,0.0,0.0
n1024_m272_s0.141429_seed0.h5,272,0.14142857142857143,0,1024,272,1.0,271.95239402138395,0.999824978019794,0.999824978019794,0.00017502198020602489,0.013503648374284818,0.00017502198020647946,1.0410970530630526,0.2656250000000001,0.0,0.0,0.0
n1024_m272_s0.141429_seed1.h5,272,0.14142857142857143,1,1024,272,1.0,271.94942775443633,0.9998140726266042,0.9998140726266042,0.00018592737339584442,0.013866797895632563,0.00018592737339667766,1.0408042596845373,0.2656250000000002,0.0,0.0,0.0
n1024_m272_s0.161633_seed0.h5,272,0.16163265306122448,0,1024,272,1.0,271.9483719863929,0.9998101911264444,0.9998101911264444,0.00018980887355557474,0.014134215856245684,0.00018980887355588228,1.0482673373796598,0.2656250000000001,0.0,0.0,0.0
n1024_m272_s0.161633_seed1.h5,272,0.16163265306122448,1,1024,272,1.0,271.94428147227154,0.9997951524715866,0.9997951524715866,0.00020484752841343212,0.01462046382743336,0.00020484752841387326,1.0479070276613252,0.2656250000000001,0.0,0.0,0.0
n1024_m272_s0.181837_seed0.h5,272,0.18183673469387754,0,1024,272,1.0,271.9423068195465,0.999787892718921,0.999787892718921,0.00021210728107901033,0.015012898719543106,0.00021210728107938994,1.0555721306145969,0.2656250000000001,0.0,0.0,0.0
n1024_m272_s0.181837_seed1.h5,272,0.18183673469387754,1,1024,272,1.0,271.9381351996999,0.9997725558812496,0.9997725558812496,0.00022744411875041948,0.015416022893131808,0.00022744411875068402,1.055528589365062,0.2656250000000001,0.0,0.0,0.0
n1024_m272_s0.202041_seed0.h5,272,0.2020408163265306,0,1024,272,1.0,271.93662372569815,0.9997669989915373,0.9997669989915373,0.00023300100846268545,0.01581818721590445,0.00023300100846279903,1.063439085870753,0.265625,0.0,0.0,0.0
n1024_m272_s0.202041_seed1.h5,272,0.2020408163265306,1,1024,272,1.0,271.92874089632824,0.9997380180012068,0.9997380180012068,0.000261981998793237,0.016607978195832672,0.00026198199879369396,1.0632641204068785,0.2656250000000001,0.0,0.0,0.0
n1024_m272_s0.222245_seed0.h5,272,0.22224489795918367,0,1024,272,1.0,271.92962612250994,0.9997412725092277,0.9997412725092277,0.0002587274907722703,0.016738285119496255,0.00025872749077253453,1.0718837998149051,0.26562500000000006,0.0,0.0,0.0
n1024_m272_s0.222245_seed1.h5,272,0.22224489795918367,1,1024,272,1.0,271.9236258119927,0.9997192125440907,0.9997192125440907,0.00028078745590931486,0.017271545549628183,0.000280787455909588,1.071920042668992,0.2656250000000001,0.0,0.0,0.0
n1024_m272_s0.242449_seed0.h5,272,0.24244897959183673,0,1024,272,1.0,271.9223756475694,0.9997146163513582,0.9997146163513582,0.00028538364864183485,0.01768641602256165,0.00028538364864216906,1.0808549427773244,0.2656250000000001,0.0,0.0,0.0
n1024_m272_s0.242449_seed1.h5,272,0.24244897959183673,1,1024,272,1.0,271.9167185829865,0.9996938183198033,0.9996938183198033,0.00030618168019669323,0.018127249773868884,0.0003061816801968292,1.0808876608485816,0.26562500000000006,0.0,0.0,0.0
n1024_m272_s0.262653_seed0.h5,272,0.2626530612244898,0,1024,272,1.0,271.9150363080844,0.9996876334856043,0.9996876334856043,0.00031236651439570107,0.018596360302971206,0.0003123665143959294,1.0903712278501703,0.2656250000000001,0.0,0.0,0.0
n1024_m272_s0.262653_seed1.h5,272,0.2626530612244898,1,1024,272,1.0,271.9101576940593,0.9996696974046299,0.9996696974046299,0.0003303025953701466,0.018964991618098403,0.0003303025953704782,1.0907165747261438,0.26562500000000006,0.0,0.0,0.0
n1024_m272_s0.282857_seed0.h5,272,0.28285714285714286,0,1024,272,1.0,271.90748911928677,0.999659886467966,0.999659886467966,0.0003401135320340032,0.01951486421092385,0.0003401135320341707,1.100739474535344,0.26562500000000006,0.0,0.0,0.0
n1024_m272_s0.282857_seed1.h5,272,0.28285714285714286,1,1024,272,1.0,271.9009150851052,0.9996357172246516,0.9996357172246516,0.00036428277534839015,0.020049407492436385,0.00036428277534867123,1.1008647035568493,0.26562500000000006,1.0377986283472086e-05,0.0,0.0
n1024_m272_s0.303061_seed0.h5,272,0.3030612244897959,0,1024,272,1.0,271.8979454112996,0.9996247993062485,0.9996247993062485,0.00037520069375152065,0.020617486908285167,0.0003752006937517658,1.1116864201817496,0.2656250000000001,0.0,0.0,0.0
n1024_m272_s0.303061_seed1.h5,272,0.3030612244897959,1,1024,272,1.0,271.8956912270369,0.9996165118641062,0.9996165118641062,0.0003834881358938391,0.020703986930219142,0.0003834881358941752,1.1113782234851923,0.26562500000000006,2.2983806618155092e-05,0.0,0.0
n1024_m272_s0.323265_seed0.h5,272,0.32326530612244897,0,1024,272,1.0,271.88714678023825,0.9995850984567582,0.9995850984567582,0.00041490154324175244,0.021830642225607717,0.0004149015432419193,1.1242015020755525,0.26562500000000006,1.7582361691956037e-05,0.0,0.0
n1024_m272_s0.323265_seed1.h5,272,0.32326530612244897,1,1024,272,1.0,271.8870417698927,0.9995847123893113,0.9995847123893113,0.0004152876106886527,0.021727588857498665,0.0004152876106889867,1.1237664427259504,0.26562500000000006,2.2313655529407382e-05,0.0,0.0
n1024_m272_s0.343469_seed0.h5,272,0.34346938775510205,0,1024,272,1.0,271.86950249638176,0.9995202297661094,0.9995202297661094,0.00047977023389056406,0.02374138378024731,0.0004797702338908107,1.1434620799691197,0.26562500000000006,1.8334377289712673e-05,0.0,0.0
n1024_m272_s0.343469_seed1.h5,272,0.34346938775510205,1,1024,272,1.0,271.861699547997,0.9994915424558712,0.9994915424558712,0.0005084575441287598,0.024409774805830266,0.0005084575441289752,1.1465752065705188,0.265625,1.8670256367181064e-05,0.0,0.0
n1024_m272_s0.363673_seed0.h5,272,0.3636734693877551,0,1024,272,1.0,271.82031333530904,0.9993393872621655,0.9993393872621655,0.0006606127378344651,0.028878862100641278,0.0006606127378344641,1.2230115660190781,0.265625,2.013199058948142e-05,0.0,0.0
n1024_m272_s0.363673_seed1.h5,272,0.3636734693877551,1,1024,272,1.0,271.81906184570107,0.9993347861974304,0.9993347861974304,0.0006652138025695642,0.028900036390651404,0.0006652138025697715,1.2219699680790481,0.26562500000000006,2.1132821394114374e-05,0.0,0.0
n1024_m272_s0.383878_seed0.h5,272,0.38387755102040816,0,1024,272,1.0,271.7827275694726,0.9992012042995317,0.9992012042995317,0.0007987957004682578,0.03253835869478135,0.0007987957004683815,1.3401244853585466,0.26562500000000006,0.015686911266588208,0.0,0.0
n1024_m272_s0.383878_seed1.h5,272,0.38387755102040816,1,1024,272,1.0,271.7719630228239,0.9991616287603821,0.9991616287603821,0.000838371239617941,0.033337346544130037,0.0008383712396181154,1.3330360122205889,0.265625,0.015551115291641705,0.0,0.0
n1024_m272_s0.404082_seed0.h5,272,0.4040816326530612,0,1024,272,1.0,271.7502038179373,0.999081631683593,0.999081631683593,0.0009183683164070144,0.03539995352994253,0.0009183683164071515,1.4641124829331549,0.265625,0.01480122872861999,0.0,0.0
n1024_m272_s0.404082_seed1.h5,272,0.4040816326530612,1,1024,272,1.0,271.74994853817043,0.9990806931550383,0.9990806931550383,0.0009193068449616648,0.035311943723279296,0.0009193068449618618,1.46560962422765,0.26562500000000006,0.014761856890141634,0.0,0.0
n1024_m272_s0.424286_seed0.h5,272,0.42428571428571427,0,1024,272,1.0,271.7330061411194,0.999018404930586,0.999018404930586,0.0009815950694139763,0.037972343765507795,0.0009815950694140967,1.5744926222976845,0.265625,0.012222371489578877,0.0,0.0
n1024_m272_s0.424286_seed1.h5,272,0.42428571428571427,1,1024,272,1.0,271.7329074924055,0.9990180422514908,0.9990180422514908,0.0009819577485091768,0.03797027766087367,0.0009819577485095294,1.5764042365628665,0.2656250000000001,0.012234276348585852,0.0,0.0
n1024_m272_s0.444490_seed0.h5,272,0.44448979591836735,0,1024,272,1.0,271.72116614319384,0.9989748755264479,0.9989748755264479,0.0010251244735520748,0.04116791521968028,0.0010251244735521464,1.6701011035320523,0.265625,0.010665391318586468,0.002055006513415029,0.0
n1024_m272_s0.444490_seed1.h5,272,0.44448979591836735,1,1024,272,1.0,271.72144284131355,0.9989758927989468,0.9989758927989468,0.0010241072010531704,0.04114705744779726,0.0010241072010532379,1.669714105669988,0.265625,0.010672417029923982,0.0021054919479448738,0.0
n1024_m272_s0.464694_seed0.h5,272,0.4646938775510204,0,1024,272,1.0,271.6946578604984,0.9988774186047735,0.9988774186047735,0.001122581395226474,0.04466823173375421,0.0011225813952268026,1.7485678237702267,0.2656250000000001,0.009623386928557664,0.008847013265364604,0.0
n1024_m272_s0.464694_seed1.h5,272,0.4646938775510204,1,1024,272,1.0,271.69533479973325,0.9988799073519604,0.9988799073519604,0.0011200926480395834,0.04437134721632596,0.001120092648039673,1.7476836580008566,0.26562500000000006,0.009583699417225568,0.009149150185351273,0.0
n1024_m272_s0.484898_seed0.h5,272,0.48489795918367345,0,1024,272,1.0,271.66768626275007,0.9987782583189341,0.9987782583189341,0.0012217416810659243,0.0474699300590311,0.0012217416810661429,1.8121930224647695,0.2656250000000001,0.008885782678425765,0.008807270377821334,0.0
n1024_m272_s0.484898_seed1.h5,272,0.48489795918367345,1,1024,272,1.0,271.66615462262416,0.9987726272890595,0.9987726272890595,0.001227372710940533,0.04728523149266688,0.001227372710941009,1.8113443885215783,0.2656250000000001,0.008877464021545352,0.008786529453493633,0.0
n1024_m272_s0.505102_seed0.h5,272,0.5051020408163265,0,1024,272,1.0,271.6465170091542,0.998700430180714,0.998700430180714,0.0012995698192860283,0.04965742334685833,0.0012995698192865065,1.8630165243638368,0.2656250000000001,0.008397626044922949,0.008367434593204583,0.0
n1024_m272_s0.505102_seed1.h5,272,0.5051020408163265,1,1024,272,1.0,271.6426788979443,0.9986863194777363,0.9986863194777363,0.0013136805222636605,0.04967101124142309,0.0013136805222639246,1.862795350158799,0.26562500000000006,0.008271136878539437,0.008253891032524835,0.0
n1024_m272_s0.525306_seed0.h5,272,0.5253061224489796,0,1024,272,1.0,271.6295673722343,0.9986381153390967,0.9986381153390967,0.0013618846609032564,0.05117386570837022,0.0013618846609036923,1.903366437010598,0.2656250000000001,0.008071014271550174,0.007998201175611242,0.00041873095361111
n1024_m272_s0.525306_seed1.h5,272,0.5253061224489796,1,1024,272,1.0,271.62527424047585,0.9986223317664553,0.9986223317664553,0.0013776682335446822,0.05143513870636427,0.0013776682335449025,1.9027108748050205,0.26562500000000006,0.007883941685559157,0.007831516326820734,0.0008776895153753826
n1024_m272_s0.545510_seed0.h5,272,0.5455102040816326,0,1024,272,1.0,271.612527307414,0.9985754680419632,0.9985754680419632,0.0014245319580368232,0.052442526017555266,0.001424531958037332,1.9356510845048036,0.2656250000000001,0.007820283075947815,0.007777227678978214,0.003699179690619378
n1024_m272_s0.545510_seed1.h5,272,0.5455102040816326,1,1024,272,1.0,271.6146422381571,0.9985832435226364,0.9985832435226364,0.001416756477363612,0.05239497276814777,0.0014167564773640722,1.93515932482821,0.26562500000000017,0.007844076321881131,0.007810090782578007,0.0034701804485076193
n1024_m272_s0.565714_seed0.h5,272,0.5657142857142857,0,1024,272,1.0,271.5978234896902,0.9985214098885669,0.9985214098885669,0.0014785901114331423,0.054001400556409125,0.0014785901114333596,1.9614207624963196,0.2656250000000001,0.0076517514359865126,0.007550039345716895,0.005007177334745711
n1024_m272_s0.565714_seed1.h5,272,0.5657142857142857,1,1024,272,1.0,271.60388957476243,0.9985437116719207,0.9985437116719207,0.0014562883280793137,0.053842522911287605,0.001456288328079705,1.9612589140289969,0.2656250000000001,0.007743028959846188,0.007696550804742715,0.004472455701419666
n1024_m272_s0.585918_seed0.h5,272,0.5859183673469388,0,1024,272,1.0,271.5935164105613,0.9985055750388282,0.9985055750388282,0.001494424961171803,0.054704230344059905,0.001494424961172195,1.982436452569847,0.2656250000000001,0.007584411728201479,0.007383853984564063,0.005403039361667826
n1024_m272_s0.585918_seed1.h5,272,0.5859183673469388,1,1024,272,1.0,271.5964920872357,0.9985165150266018,0.9985165150266018,0.0014834849733982303,0.05482591156470783,0.001483484973398625,1.9829562334776532,0.26562500000000006,0.007645163182894138,0.007604415408495687,0.005333329452984597
n1024_m272_s0.606122_seed0.h5,272,0.6061224489795918,0,1024,272,1.0,271.58956600609235,0.9984910514929866,0.9984910514929866,0.0015089485070134412,0.055921027350032744,0.0015089485070138749,1.9999636641738594,0.2656250000000001,0.007500793440428988,0.007191430262230485,0.005342924235410866
n1024_m272_s0.606122_seed1.h5,272,0.6061224489795918,1,1024,272,1.0,271.5919802871067,0.9984999275261276,0.9984999275261276,0.0015000724738724047,0.055635229212678966,0.0015000724738727007,1.9998096288563403,0.26562500000000006,0.007620773900604929,0.007546585467331703,0.005471859944623309
n1024_m272_s0.626327_seed0.h5,272,0.6263265306122449,0,1024,272,1.0,271.58318128739484,0.998467578262481,0.998467578262481,0.0015324217375189964,0.05681280816523335,0.0015324217375194535,2.014578124694662,0.2656250000000001,0.007652308152780368,0.007522983289102838,0.005551015019451916
n1024_m272_s0.626327_seed1.h5,272,0.6263265306122449,1,1024,272,1.0,271.58397541567683,0.998470497851753,0.998470497851753,0.0015295021482469862,0.05657127164559229,0.0015295021482472553,2.0146811035310317,0.2656250000000001,0.007646113750784082,0.007636467802023487,0.005484618776597318
n1024_m272_s0.646531_seed0.h5,272,0.6465306122448979,0,1024,272,1.0,271.5793260964565,0.9984534047663842,0.9984534047663842,0.0015465952336157773,0.057865800632582266,0.0015465952336162748,2.0268536676821727,0.2656250000000001,0.00769834101196859,0.007395114371295478,0.005273133784527187
n1024_m272_s0.646531_seed1.h5,272,0.6465306122448979,1,1024,272,1.0,271.5777160334401,0.9984474854170591,0.9984474854170591,0.0015525145829409226,0.05754376932985868,0.0015525145829411316,2.0263939581478345,0.26562500000000006,0.007700160863503646,0.007575042512682402,0.005696325899132439
n1024_m272_s0.666735_seed0.h5,272,0.666734693877551,0,1024,272,1.0,271.5963122586254,0.9985158538920051,0.9985158538920051,0.0014841461079948548,0.0587338891337834,0.001484146107995219,2.037285082689227,0.2656250000000001,0.007316678247715271,0.0065246692702798465,0.004705877353728185
n1024_m272_s0.666735_seed1.h5,272,0.666734693877551,1,1024,272,1.0,271.5689756590873,0.9984153516878209,0.9984153516878209,0.0015846483121790822,0.059153503685798116,0.0015846483121794933,2.0372661953649893,0.2656250000000001,0.007841530466911757,0.007678271372622621,0.005301915186693353
n1024_m272_s0.686939_seed0.h5,272,0.6869387755102041,0,1024,272,1.0,271.58069021836855,0.9984584199204726,0.9984584199204726,0.001541580079527427,0.060301574194233695,0.0015415800795276372,2.0462148745670596,0.2656250000000001,0.007650454340985455,0.006922195113258471,0.004912224987571068
n1024_m272_s0.686939_seed1.h5,272,0.6869387755102041,1,1024,272,1.0,271.56369498209096,0.998395937434158,0.998395937434158,0.0016040625658420016,0.06053557889076163,0.0016040625658424047,2.046380333812751,0.2656250000000001,0.0079152359389993,0.0074831935418866085,0.005085451671765211
n1024_m272_s0.707143_seed0.h5,272,0.7071428571428571,0,1024,272,1.0,271.5767288401257,0.998443856029874,0.998443856029874,0.0015561439701260449,0.061556629170657455,0.0015561439701263743,2.0546052853133556,0.2656250000000001,0.007709687087560378,0.006648674089901228,0.0046716773694853
n1024_m272_s0.707143_seed1.h5,272,0.7071428571428571,1,1024,272,1.0,271.5592408415396,0.9983795619174249,0.9983795619174249,0.0016204380825750597,0.06183639948317515,0.0016204380825753247,2.05473609673252,0.26562500000000006,0.008010738206230463,0.007318515559749748,0.004956874949727981
n1024_m272_s0.727347_seed0.h5,272,0.7273469387755102,0,1024,272,1.0,271.56243990710936,0.998391323187902,0.998391323187902,0.0016086768120979755,0.06357204856648134,0.0016086768120984782,2.0646159643387523,0.2656250000000001,0.007724661015636576,0.006848747201589449,0.004659476084029713
n1024_m272_s0.727347_seed1.h5,272,0.7273469387755102,1,1024,272,1.0,271.7609212913085,0.9991210341592224,0.9991210341592224,0.0008789658407776235,0.06139952822412087,0.0008789658407779967,2.074654490065655,0.26562500000000006,0.0,0.0,0.0
n1024_m272_s0.747551_seed0.h5,272,0.7475510204081632,0,1024,272,1.0,271.7044566201512,0.9989134434564382,0.9989134434564382,0.001086556543561823,0.07312917195381426,0.0010865565435622365,2.2199319595092573,0.2656250000000001,0.0,0.0,0.0
n1024_m272_s0.747551_seed1.h5,272,0.7475510204081632,1,1024,272,1.0,271.7178330619354,0.998962621551233,0.998962621551233,0.0010373784487669457,0.07035656739274157,0.001037378448767637,2.18764190431653,0.26562500000000017,0.0,0.0,0.0
n1024_m272_s0.767755_seed0.h5,272,0.7677551020408163,0,1024,272,1.0,271.69959552178625,0.998895571771273,0.998895571771273,0.001104428228727028,0.0824659120528374,0.0011044282287278348,2.4855393895049325,0.2656250000000002,0.0,0.0,0.0
n1024_m272_s0.767755_seed1.h5,272,0.7677551020408163,1,1024,272,1.0,271.69412812544033,0.998875471049413,0.998875471049413,0.0011245289505870115,0.0813859247670521,0.0011245289505877074,2.4309646754617007,0.2656250000000002,0.0,0.0,0.0
n1024_m272_s0.787959_seed0.h5,272,0.7879591836734694,0,1024,272,1.0,271.69489327981137,0.9988782841169536,0.9988782841169536,0.0011217158830464369,0.08856613896012502,0.0011217158830472318,2.6483505938462715,0.2656250000000002,0.0,0.0,0.0
n1024_m272_s0.787959_seed1.h5,272,0.7879591836734694,1,1024,272,1.0,271.68997708603274,0.9988602098751204,0.9988602098751204,0.001139790124879636,0.08999479148684873,0.0011397901248804971,2.669859429713297,0.2656250000000002,0.0,0.0,0.0
n1024_m272_s0.808163_seed0.h5,272,0.8081632653061224,0,1024,272,1.0,271.6796727256151,0.9988223261971143,0.9988223261971143,0.0011776738028856926,0.09795257007350401,0.0011776738028865287,2.858728270189116,0.2656250000000002,0.0,0.0,0.0
n1024_m272_s0.808163_seed1.h5,272,0.8081632653061224,1,1024,272,1.0,271.67917568504345,0.9988204988420715,0.9988204988420715,0.0011795011579285308,0.09880858289709915,0.0011795011579295543,2.8829479853783244,0.26562500000000033,0.0,0.0,0.0
n1024_m272_s0.828367_seed0.h5,272,0.8283673469387755,0,1024,272,1.0,271.6666336406488,0.9987743883847382,0.9987743883847382,0.0012256116152618013,0.1088826217228064,0.0012256116152627777,3.1147580496200296,0.2656250000000002,0.0,0.0,0.0
n1024_m272_s0.828367_seed1.h5,272,0.8283673469387755,1,1024,272,1.0,271.66446847247425,0.998766428207626,0.998766428207626,0.0012335717923740441,0.10969716650832777,0.0012335717923750065,3.129021854623566,0.2656250000000002,0.0,0.0,0.0
n1024_m272_s0.848571_seed0.h5,272,0.8485714285714285,0,1024,272,1.0,271.63944526127307,0.9986744311076216,0.9986744311076216,0.001325568892378448,0.12425707402055967,0.001325568892379548,3.4188413753500946,0.2656250000000003,0.0,0.0,0.0
n1024_m272_s0.848571_seed1.h5,272,0.8485714285714285,1,1024,272,1.0,271.63480235717725,0.9986573616072693,0.9986573616072693,0.001342638392730744,0.12563812976245708,0.0013426383927322132,3.433908879186425,0.26562500000000044,0.0,0.0,0.0
n1024_m272_s0.868776_seed0.h5,272,0.8687755102040816,0,1024,272,1.0,271.6084079099237,0.998560323198249,0.998560323198249,0.0014396768017510553,0.14197801146990027,0.0014396768017527525,3.747815249544083,0.26562500000000044,0.0,0.0,0.0
n1024_m272_s0.868776_seed1.h5,272,0.8687755102040816,1,1024,272,1.0,271.61300880787894,0.9985772382642608,0.9985772382642608,0.0014227617357391864,0.14131036659161553,0.0014227617357406028,3.7517768530208055,0.2656250000000004,0.0,0.0,0.0
n1024_m272_s0.888980_seed0.h5,272,0.8889795918367347,0,1024,272,1.0,271.56650230288506,0.9984062584664892,0.9984062584664892,0.001593741533510773,0.16113523817467285,0.0015937415335121653,4.043197997262488,0.26562500000000033,0.0,0.0,0.0
n1024_m272_s0.888980_seed1.h5,272,0.8889795918367347,1,1024,272,1.0,271.5607381463051,0.9983850667143569,0.9983850667143569,0.0016149332856431053,0.16234327319386394,0.0016149332856445855,4.047199208321854,0.26562500000000044,0.0,0.0,0.0
n1024_m272_s0.909184_seed0.h5,272,0.9091836734693878,0,1024,272,1.0,271.49316246807575,0.9981366267208668,0.9981366267208668,0.001863373279133218,0.18734554715438037,0.0018633732791343484,4.347520602264084,0.2656250000000003,0.0,0.0,0.0
n1024_m272_s0.909184_seed1.h5,272,0.9091836734693878,1,1024,272,1.0,271.50088730454445,0.9981650268549428,0.9981650268549428,0.001834973145057206,0.18588069011923733,0.001834973145058189,4.347676037300144,0.2656250000000003,0.0,0.0,0.0
n1024_m272_s0.929388_seed0.h5,272,0.9293877551020407,0,1024,272,1.0,271.36904659867287,0.9976803183774737,0.9976803183774737,0.0023196816225262706,0.22285204264966402,0.002319681622527104,4.635284802836895,0.2656250000000002,0.0,0.0,0.0
n1024_m272_s0.929388_seed1.h5,272,0.9293877551020407,1,1024,272,1.0,271.3836306333542,0.9977339361520374,0.9977339361520374,0.002266063847962574,0.22032608041394786,0.0022660638479633285,4.63762058578569,0.2656250000000002,0.0,0.0,0.0
n1024_m272_s0.949592_seed0.h5,272,0.9495918367346938,0,1024,272,1.0,271.16297030448914,0.9969226849429748,0.9969226849429748,0.0030773150570252428,0.26917375049365094,0.003077315057025907,4.858901946716897,0.26562500000000017,0.0,0.0,0.0
n1024_m272_s0.949592_seed1.h5,272,0.9495918367346938,1,1024,272,1.0,271.2011723816395,0.9970631337560275,0.9970631337560275,0.0029368662439724913,0.2635310996651052,0.0029368662439731206,4.869904792871259,0.26562500000000017,0.0,0.0,0.0
n1024_m272_s0.969796_seed0.h5,272,0.9697959183673469,0,1024,272,1.0,271.0637737214565,0.996557991623002,0.996557991623002,0.0034420083769980403,0.29026343039131514,0.0034420083769987715,4.961487599348064,0.2656250000000002,0.0,0.0,0.0
n1024_m272_s0.969796_seed1.h5,272,0.9697959183673469,1,1024,272,1.0,271.0601871907711,0.9965448058484232,0.9965448058484232,0.0034551941515768014,0.29091168028539954,0.0034551941515772564,4.963828702417462,0.2656250000000001,0.0,0.0,0.0
n1024_m272_s0.990000_seed0.h5,272,0.99,0,1024,272,1.0,270.2026617527008,0.9933921387966942,0.9933921387966942,0.006607861203305809,0.37874596900686586,0.006607861203306798,4.685500959325625,0.2656250000000002,0.0,0.0,0.0
n1024_m272_s0.990000_seed1.h5,272,0.99,1,1024,272,1.0,270.19771334528923,0.9933739461223868,0.9933739461223868,0.0066260538776131694,0.37984021596322387,0.006626053877614013,4.689900748380346,0.2656250000000003,0.0,0.0,0.0
n1024_m288_s0.000000_seed0.h5,288,0.0,0,1024,288,1.0,287.98272595107846,0.9999400206634669,0.9999400206634669,5.9979336533122485e-05,0.007400149218382209,5.9979336534590474e-05,1.0035290946907496,0.28125000000000044,0.0,0.0,0.0
n1024_m288_s0.000000_seed1.h5,288,0.0,1,1024,288,1.0,287.9830602205475,0.9999411813213455,0.9999411813213455,5.881867865453749e-05,0.007339897682230954,5.881867865599399e-05,1.0035775346625502,0.28125000000000044,0.0,0.0,0.0
n1024_m288_s0.020204_seed0.h5,288,0.02020408163265306,0,1024,288,1.0,287.98309056105063,0.9999412866703147,0.9999412866703147,5.871332968532261e-05,0.007402946577442333,5.87133296866776e-05,1.0056069689429536,0.2812500000000004,0.0,0.0,0.0
n1024_m288_s0.020204_seed1.h5,288,0.02020408163265306,1,1024,288,1.0,287.9801331084964,0.9999310177378347,0.9999310177378347,6.89822621653402e-05,0.00799171583804593,6.898226216673758e-05,1.0057978857894532,0.2812500000000004,0.0,0.0,0.0
n1024_m288_s0.040408_seed0.h5,288,0.04040816326530612,0,1024,288,1.0,287.98066170010134,0.9999328531253519,0.9999328531253519,6.714687464814961e-05,0.008066742371853619,6.714687464939813e-05,1.0092180876580035,0.28125000000000033,0.0,0.0,0.0
n1024_m288_s0.040408_seed1.h5,288,0.04040816326530612,1,1024,288,1.0,287.9782203312352,0.9999243761501222,0.9999243761501222,7.56238498778039e-05,0.008559727042693978,7.562384987903853e-05,1.0096432673638354,0.28125000000000033,0.0,0.0,0.0
n1024_m288_s0.060612_seed0.h5,288,0.06061224489795918,0,1024,288,1.0,287.97024308766413,0.9998966773877227,0.9998966773877227,0.00010332261227730122,0.010075574888135607,0.0001033226122783788,1.0150796873054995,0.28125000000000033,0.0,0.0,0.0
n1024_m288_s0.060612_seed1.h5,288,0.06061224489795918,1,1024,288,1.0,287.9700826503613,0.9998961203137545,0.9998961203137545,0.00010387968624547828,0.010106284752677844,0.00010387968624656847,1.0154091208840346,0.2812500000000003,0.0,0.0,0.0
n1024_m288_s0.080816_seed0.h5,288,0.08081632653061224,0,1024,288,1.0,287.9622263583951,0.9998688415222053,0.9998688415222053,0.00013115847779465728,0.011387473866778302,0.00013115847779550778,1.0217845564742885,0.2812500000000002,0.0,0.0,0.0
n1024_m288_s0.080816_seed1.h5,288,0.08081632653061224,1,1024,288,1.0,287.9625653746698,0.9998700186620479,0.9998700186620479,0.00012998133795205646,0.011368495588698964,0.0001299813379530735,1.0224828397906853,0.2812500000000002,0.0,0.0,0.0
n1024_m288_s0.101020_seed0.h5,288,0.1010204081632653,0,1024,288,1.0,287.95909590779047,0.9998579719020503,0.9998579719020503,0.00014202809794972016,0.012011705700371222,0.00014202809795058662,1.029267381735883,0.2812500000000002,0.0,0.0,0.0
n1024_m288_s0.101020_seed1.h5,288,0.1010204081632653,1,1024,288,1.0,287.96049313745607,0.9998628233939447,0.9998628233939447,0.00013717660605527815,0.011815597695456665,0.00013717660605608813,1.029526573583181,0.2812500000000002,0.0,0.0,0.0
n1024_m288_s0.121224_seed0.h5,288,0.12122448979591836,0,1024,288,1.0,287.95389970221004,0.9998399295215626,0.9998399295215626,0.00016007047843735744,0.012832645273798902,0.00016007047843798812,1.0355269389399635,0.2812500000000002,0.0,0.0,0.0
n1024_m288_s0.121224_seed1.h5,288,0.12122448979591836,1,1024,288,1.0,287.9551030531584,0.9998441078234666,0.9998441078234666,0.00015589217653344534,0.01267800192597812,0.00015589217653394345,1.035848039189571,0.28125000000000017,0.0,0.0,0.0
n1024_m288_s0.141429_seed0.h5,288,0.14142857142857143,0,1024,288,1.0,287.9498465932993,0.9998258562267337,0.9998258562267337,0.00017414377326629982,0.013456556943526562,0.00017414377326702276,1.042258306932311,0.2812500000000002,0.0,0.0,0.0
n1024_m288_s0.141429_seed1.h5,288,0.14142857142857143,1,1024,288,1.0,287.94823334713146,0.9998202546775398,0.9998202546775398,0.00017974532246023411,0.01365573317611829,0.00017974532246068807,1.0423635104159727,0.2812500000000001,0.0,0.0,0.0
n1024_m288_s0.161633_seed0.h5,288,0.16163265306122448,0,1024,288,1.0,287.9444290696847,0.9998070453808496,0.9998070453808496,0.00019295461915036505,0.014253103181753306,0.00019295461915091176,1.0488140268609738,0.2812500000000001,0.0,0.0,0.0
n1024_m288_s0.161633_seed1.h5,288,0.16163265306122448,1,1024,288,1.0,287.9447115298317,0.9998080261452489,0.9998080261452489,0.00019197385475111517,0.014197120072962467,0.0001919738547516965,1.0491485297214136,0.2812500000000002,0.0,0.0,0.0
n1024_m288_s0.181837_seed0.h5,288,0.18183673469387754,0,1024,288,1.0,287.9386825464899,0.999787092175312,0.999787092175312,0.00021290782468796898,0.015057482390027929,0.00021290782468833338,1.0562856642981453,0.2812500000000001,0.0,0.0,0.0
n1024_m288_s0.181837_seed1.h5,288,0.18183673469387754,1,1024,288,1.0,287.9379096796183,0.9997844086097858,0.9997844086097858,0.00021559139021420926,0.015115002711102974,0.0002155913902145858,1.056505105472758,0.2812500000000001,0.0,0.0,0.0
n1024_m288_s0.202041_seed0.h5,288,0.2020408163265306,0,1024,288,1.0,287.93282946656836,0.9997667689811401,0.9997667689811401,0.00023323101885985853,0.015833095160868997,0.00023323101886022803,1.0637934834351497,0.2812500000000001,0.0,0.0,0.0
n1024_m288_s0.202041_seed1.h5,288,0.2020408163265306,1,1024,288,1.0,287.93172112011234,0.9997629205559456,0.9997629205559456,0.00023707944405437775,0.01593229572892302,0.0002370794440546371,1.0643898398749065,0.2812500000000001,0.0,0.0,0.0
n1024_m288_s0.222245_seed0.h5,288,0.22224489795918367,0,1024,288,1.0,287.9246210501733,0.9997382675353239,0.9997382675353239,0.0002617324646760899,0.01686158599518292,0.0002617324646765398,1.0724064381672582,0.2812500000000001,0.0,0.0,0.0
n1024_m288_s0.222245_seed1.h5,288,0.22224489795918367,1,1024,288,1.0,287.9248499745736,0.9997390624117138,0.9997390624117138,0.00026093758828615865,0.016818878493270687,0.000260937588286389,1.072830003401841,0.28125,0.0,0.0,0.0
n1024_m288_s0.242449_seed0.h5,288,0.24244897959183673,0,1024,288,1.0,287.91906661468965,0.9997189813010058,0.9997189813010058,0.0002810186989942176,0.017556031267913292,0.00028101869899465606,1.081089377570806,0.2812500000000001,0.0,0.0,0.0
n1024_m288_s0.242449_seed1.h5,288,0.24244897959183673,1,1024,288,1.0,287.9193984008598,0.9997201333363187,0.9997201333363187,0.0002798666636812941,0.017492626821819388,0.00027986666368172306,1.0813137087480065,0.2812500000000001,0.0,0.0,0.0
n1024_m288_s0.262653_seed0.h5,288,0.2626530612244898,0,1024,288,1.0,287.91051333888026,0.9996892824266675,0.9996892824266675,0.000310717573332453,0.018593967282418637,0.00031071757333290704,1.090807130063608,0.2812500000000001,0.0,0.0,0.0
n1024_m288_s0.262653_seed1.h5,288,0.2626530612244898,1,1024,288,1.0,287.9122828899708,0.9996954267012875,0.9996954267012875,0.00030457329871247385,0.01835661771243564,0.0003045732987126313,1.090840724279166,0.28125000000000006,0.0,0.0,0.0
n1024_m288_s0.282857_seed0.h5,288,0.28285714285714286,0,1024,288,1.0,287.9015452252643,0.9996581431432787,0.9996581431432787,0.00034185685672127875,0.01963812345978957,0.00034185685672174186,1.1010971961123317,0.2812500000000001,0.0,0.0,0.0
n1024_m288_s0.282857_seed1.h5,288,0.28285714285714286,1,1024,288,1.0,287.9019115676201,0.9996594151653476,0.9996594151653476,0.0003405848346523799,0.019495984517378735,0.00034058483465251003,1.1005394008907359,0.28125000000000006,0.0,0.0,0.0
n1024_m288_s0.303061_seed0.h5,288,0.3030612244897959,0,1024,288,1.0,287.8921954543912,0.9996256786610805,0.9996256786610805,0.00037432133891945885,0.02067034871860585,0.0003743213389197911,1.111801930727398,0.2812500000000001,0.0,0.0,0.0
n1024_m288_s0.303061_seed1.h5,288,0.3030612244897959,1,1024,288,1.0,287.89198972184386,0.9996249643119578,0.9996249643119578,0.00037503568804220233,0.020581185305581166,0.00037503568804259866,1.1111199837710564,0.2812500000000001,1.9395774438095653e-05,0.0,0.0
n1024_m288_s0.323265_seed0.h5,288,0.32326530612244897,0,1024,288,1.0,287.8838241349731,0.9995966115797678,0.9995966115797678,0.0004033884202322424,0.021595185044532422,0.0004033884202324475,1.1233026916236861,0.28125000000000006,1.4321725393226386e-05,0.0,0.0
n1024_m288_s0.323265_seed1.h5,288,0.32326530612244897,1,1024,288,1.0,287.87719030525477,0.9995735774488013,0.9995735774488013,0.0004264225511987352,0.02198710229031871,0.00042642255119908207,1.1234089030720154,0.2812500000000001,1.971443464643666e-05,0.0,0.0
n1024_m288_s0.343469_seed0.h5,288,0.34346938775510205,0,1024,288,1.0,287.8661718793883,0.9995353190256537,0.9995353190256537,0.00046468097434626543,0.02333869084564541,0.0004646809743463883,1.1386113540428544,0.28125000000000006,1.3162671747520805e-05,0.0,0.0
n1024_m288_s0.343469_seed1.h5,288,0.34346938775510205,1,1024,288,1.0,287.86146760341944,0.9995189847340953,0.9995189847340953,0.0004810152659047162,0.023509088187292724,0.00048101526590499415,1.1374730636386594,0.28125000000000006,1.992188778285931e-05,0.0,0.0
n1024_m288_s0.363673_seed0.h5,288,0.3636734693877551,0,1024,288,1.0,287.7992067070736,0.9993028010662278,0.9993028010662278,0.0006971989337721807,0.029700198701358378,0.000697198933772145,1.2114478804701305,0.28125,1.5605503693835587e-05,0.0,0.0
n1024_m288_s0.363673_seed1.h5,288,0.3636734693877551,1,1024,288,1.0,287.79852757419576,0.9993004429659575,0.9993004429659575,0.0006995570340424528,0.029591168193279765,0.0006995570340426977,1.2102235548592888,0.28125000000000006,2.0204006790785638e-05,0.0,0.0
n1024_m288_s0.383878_seed0.h5,288,0.38387755102040816,0,1024,288,1.0,287.77672651803005,0.999224744854271,0.999224744854271,0.0007752551457289591,0.03241496391788824,0.0007752551457292995,1.3496483278127651,0.2812500000000001,0.015536218841874913,0.0,0.0
n1024_m288_s0.383878_seed1.h5,288,0.38387755102040816,1,1024,288,1.0,287.7716789250844,0.9992072184898765,0.9992072184898765,0.0007927815101235192,0.0321468377824269,0.0007927815101236304,1.348725857227532,0.28125,0.01798124830676698,0.0,0.0
n1024_m288_s0.404082_seed0.h5,288,0.4040816326530612,0,1024,288,1.0,287.7362052477838,0.9990840459992493,0.9990840459992493,0.0009159540007507294,0.036072077400874925,0.0009159540007508183,1.466388080722764,0.28125000000000006,0.013636868501461445,0.0,0.0
n1024_m288_s0.404082_seed1.h5,288,0.4040816326530612,1,1024,288,1.0,287.7296985636349,0.9990614533459544,0.9990614533459544,0.00093854665404558,0.03577088062372508,0.0009385466540458048,1.467439024468345,0.2812500000000001,0.01379714188219927,1.3858745431435128e-06,0.0
n1024_m288_s0.424286_seed0.h5,288,0.42428571428571427,0,1024,288,1.0,287.71594376684516,0.999013693634879,0.999013693634879,0.0009863063651209814,0.03911200085833189,0.0009863063651212027,1.5764069346444065,0.28125000000000006,0.011327234635495852,0.0,0.0
n1024_m288_s0.424286_seed1.h5,288,0.42428571428571427,1,1024,288,1.0,287.71587829937926,0.999013466317289,0.999013466317289,0.000986533682710955,0.03912283779504755,0.0009865336827113481,1.576972558865146,0.2812500000000001,0.01133031709460833,0.0,0.0
n1024_m288_s0.444490_seed0.h5,288,0.44448979591836735,0,1024,288,1.0,287.7084450345137,0.9989876563698393,0.9989876563698393,0.0010123436301606725,0.04192724354892702,0.0010123436301611058,1.6715286231271722,0.2812500000000001,0.00995910555132689,0.0013458200496721058,0.0
n1024_m288_s0.444490_seed1.h5,288,0.44448979591836735,1,1024,288,1.0,287.70856485524564,0.9989880724140474,0.9989880724140474,0.0010119275859525878,0.04184715983075304,0.0010119275859530338,1.6704035200871232,0.2812500000000001,0.009918929034079713,0.0017902205742744103,0.0
n1024_m288_s0.464694_seed0.h5,288,0.4646938775510204,0,1024,288,1.0,287.6789698949142,0.9988853121351187,0.9988853121351187,0.0011146878648813363,0.04561545251262035,0.001114687864881485,1.7503922666385514,0.28125000000000006,0.0089983527366474,0.008162105696394722,0.0
n1024_m288_s0.464694_seed1.h5,288,0.4646938775510204,1,1024,288,1.0,287.679963694216,0.9988887628271388,0.9988887628271388,0.0011112371728612125,0.04541232652458755,0.0011112371728612743,1.7488573000808763,0.28125000000000006,0.008933911988853207,0.008208023005393306,0.0
n1024_m288_s0.484898_seed0.h5,288,0.48489795918367345,0,1024,288,1.0,287.65124249923974,0.9987890364556935,0.9987890364556935,0.001210963544306498,0.04841137407675092,0.0012109635443067234,1.8132183067609087,0.28125000000000006,0.008362793377225316,0.008271834146142838,0.0
n1024_m288_s0.484898_seed1.h5,288,0.48489795918367345,1,1024,288,1.0,287.6505423305498,0.998786605314409,0.998786605314409,0.0012133946855910072,0.04827558000636833,0.001213394685591311,1.812436765582654,0.2812500000000001,0.008294320320207334,0.008263124573753016,0.0
n1024_m288_s0.505102_seed0.h5,288,0.5051020408163265,0,1024,288,1.0,287.63038181103184,0.9987166035105273,0.9987166035105273,0.0012833964894727323,0.05047531937358452,0.0012833964894731161,1.8638897354900068,0.2812500000000001,0.007896086468849027,0.007881309384292332,0.0
n1024_m288_s0.505102_seed1.h5,288,0.5051020408163265,1,1024,288,1.0,287.6283489308844,0.9987095448989041,0.9987095448989041,0.001290455101095933,0.0502037705940074,0.0012904551010963282,1.8632894901233523,0.2812500000000001,0.007811222210464048,0.007808741929973662,0.0
n1024_m288_s0.525306_seed0.h5,288,0.5253061224489796,0,1024,288,1.0,287.6112912581302,0.9986503168685077,0.9986503168685077,0.0013496831314923075,0.0524409950947933,0.0013496831314926392,1.9046643866718935,0.2812500000000001,0.007607799281045036,0.007597179699527812,0.00015214044512559382
n1024_m288_s0.525306_seed1.h5,288,0.5253061224489796,1,1024,288,1.0,287.61187825285015,0.9986523550446186,0.9986523550446186,0.0013476449553814218,0.05200234787175781,0.0013476449553817106,1.903898521384249,0.28125000000000006,0.00754029672097967,0.007538753121805131,0.0002690667684572631
n1024_m288_s0.545510_seed0.h5,288,0.5455102040816326,0,1024,288,1.0,287.59547636611387,0.9985954040490065,0.9985954040490065,0.0014045959509935146,0.05410139465763004,0.001404595950993863,1.9363931662675742,0.2812500000000001,0.007394702230624909,0.007394702230624909,0.002555821907110779
n1024_m288_s0.545510_seed1.h5,288,0.5455102040816326,1,1024,288,1.0,287.5962131523993,0.9985979623347198,0.9985979623347198,0.0014020376652802424,0.0537685174517586,0.001402037665280649,1.9363509891855333,0.2812500000000001,0.007362453868854743,0.00732554685525857,0.0028142057112029045
n1024_m288_s0.565714_seed0.h5,288,0.5657142857142857,0,1024,288,1.0,287.59036417515017,0.9985776533859381,0.9985776533859381,0.0014223466140619312,0.0545498401602085,0.001422346614062213,1.96222052637012,0.2812500000000001,0.007260316792623798,0.007209201384190696,0.004328833868664583
n1024_m288_s0.565714_seed1.h5,288,0.5657142857142857,1,1024,288,1.0,287.5896452178713,0.9985751570064976,0.9985751570064976,0.0014248429935024287,0.05447048510753466,0.0014248429935027817,1.9620100101658469,0.2812500000000001,0.007240122491551414,0.007240122491551414,0.004279502439122797
n1024_m288_s0.585918_seed0.h5,288,0.5859183673469388,0,1024,288,1.0,287.58081562956795,0.9985444987137776,0.9985444987137776,0.0014555012862224048,0.05562099027262952,0.0014555012862228914,1.9831141673417687,0.2812500000000001,0.0071986766180968925,0.007171268548625726,0.00501628413238869
n1024_m288_s0.585918_seed1.h5,288,0.5859183673469388,1,1024,288,1.0,287.5803219182417,0.9985427844383392,0.9985427844383392,0.0014572155616607851,0.05564013742119472,0.0014572155616610835,1.9831298771114791,0.28125000000000006,0.007183732185306398,0.007140771065702273,0.004914066071409954
n1024_m288_s0.606122_seed0.h5,288,0.6061224489795918,0,1024,288,1.0,287.5722562863957,0.9985147787722073,0.9985147787722073,0.0014852212277927102,0.05675479825903107,0.0014852212277930627,2.000571752286391,0.2812500000000001,0.007189486496845709,0.00708063389741995,0.0052500969252855
n1024_m288_s0.606122_seed1.h5,288,0.6061224489795918,1,1024,288,1.0,287.5707534945104,0.9985095607448279,0.9985095607448279,0.0014904392551721157,0.056918819146882585,0.001490439255172437,2.0007250749873093,0.2812500000000001,0.0071560184677732334,0.007105245298650505,0.00528459290859459
n1024_m288_s0.626327_seed0.h5,288,0.6263265306122449,0,1024,288,1.0,287.56601590127684,0.9984931107683224,0.9984931107683224,0.0015068892316776328,0.0577127495822051,0.0015068892316781478,2.0151374752129225,0.28125000000000017,0.0071971289204610005,0.007072146348056417,0.00514848328564502
n1024_m288_s0.626327_seed1.h5,288,0.6263265306122449,1,1024,288,1.0,287.5632025168743,0.9984833420724802,0.9984833420724802,0.00151665792751976,0.0581574156713776,0.0015166579275201735,2.015184414328097,0.2812500000000001,0.007161369838713399,0.007066013238578358,0.00518827817498372
n1024_m288_s0.646531_seed0.h5,288,0.6465306122448979,0,1024,288,1.0,287.5590617514681,0.9984689644148198,0.9984689644148198,0.001531035585180196,0.05892111357650455,0.0015310355851805924,2.026903881232977,0.2812500000000001,0.007228026250707059,0.007037798674780099,0.005144230984610416
n1024_m288_s0.646531_seed1.h5,288,0.6465306122448979,1,1024,288,1.0,287.5556681784801,0.9984571811752782,0.9984571811752782,0.0015428188247218477,0.05915982944951369,0.0015428188247222612,2.0271782047557494,0.2812500000000001,0.007235227358937841,0.007143901278639673,0.005267059106213797
n1024_m288_s0.666735_seed0.h5,288,0.666734693877551,0,1024,288,1.0,287.54904900304973,0.998434197927256,0.998434197927256,0.001565802072744038,0.060271394118567745,0.0015658020727444232,2.0375503282995493,0.2812500000000001,0.007303790643445061,0.007072311301404504,0.005194505196036814
n1024_m288_s0.666735_seed1.h5,288,0.666734693877551,1,1024,288,1.0,287.54632765217684,0.9984247487922807,0.9984247487922807,0.001575251207719286,0.060509310959444035,0.0015752512077197754,2.0374519188239657,0.2812500000000001,0.007332103456334953,0.007194738532284494,0.005025460366965545
n1024_m288_s0.686939_seed0.h5,288,0.6869387755102041,0,1024,288,1.0,287.53889239556156,0.9983989319290332,0.9983989319290332,0.0016010680709668268,0.06187738739141085,0.0016010680709670347,2.0466730380112392,0.28125000000000006,0.00744920832374611,0.0070888667878385,0.004970372900085974
n1024_m288_s0.686939_seed1.h5,288,0.6869387755102041,1,1024,288,1.0,287.5393032946158,0.9984003586618605,0.9984003586618605,0.0015996413381395014,0.06180888408016447,0.001599641338139973,2.046612134559138,0.2812500000000001,0.007439483759200449,0.0071680638820165515,0.004977774302662824
n1024_m288_s0.707143_seed0.h5,288,0.7071428571428571,0,1024,288,1.0,287.5288504268974,0.9983640639822826,0.9983640639822826,0.0016359360177173876,0.06334833774642136,0.001635936017717572,2.0548104396868685,0.28125000000000006,0.007552254785692111,0.007148076033873244,0.004830290889787711
n1024_m288_s0.707143_seed1.h5,288,0.7071428571428571,1,1024,288,1.0,287.5295450936537,0.998366476019631,0.998366476019631,0.0016335239803689783,0.06352074730305361,0.0016335239803691552,2.054686280200893,0.28125000000000006,0.007525350586217607,0.00696383093747906,0.00502251897381106
n1024_m288_s0.727347_seed0.h5,288,0.7273469387755102,0,1024,288,1.0,287.7332308490295,0.9990737182257968,0.9990737182257968,0.0009262817742031748,0.06302935776868973,0.0009262817742035592,2.074280514230385,0.2812500000000001,0.0,0.0,0.0
n1024_m288_s0.727347_seed1.h5,288,0.7273469387755102,1,1024,288,1.0,287.7331855134107,0.9990735608104538,0.9990735608104538,0.0009264391895461577,0.0633467960140659,0.0009264391895465494,2.083478369603937,0.2812500000000001,0.0,0.0,0.0
n1024_m288_s0.747551_seed0.h5,288,0.7475510204081632,0,1024,288,1.0,287.66494636028074,0.9988366193065303,0.9988366193065303,0.0011633806934696622,0.0773720949719888,0.00116338069347008,2.2723754981754785,0.28125000000000017,0.0,0.0,0.0
n1024_m288_s0.747551_seed1.h5,288,0.7475510204081632,1,1024,288,1.0,287.6676463484764,0.9988459942655431,0.9988459942655431,0.0011540057344568977,0.07583886621208663,0.001154005734457317,2.23573618448322,0.2812500000000001,0.0,0.0,0.0
n1024_m288_s0.767755_seed0.h5,288,0.7677551020408163,0,1024,288,1.0,287.6537998652784,0.9987979161988834,0.9987979161988834,0.001202083801116638,0.08544609186170815,0.001202083801117192,2.469170193766508,0.28125000000000017,0.0,0.0,0.0
n1024_m288_s0.767755_seed1.h5,288,0.7677551020408163,1,1024,288,1.0,287.6599417189136,0.9988192420795612,0.9988192420795612,0.001180757920438813,0.08426578563288507,0.0011807579204394403,2.455893502385507,0.28125000000000017,0.0,0.0,0.0
n1024_m288_s0.787959_seed0.h5,288,0.7879591836734694,0,1024,288,1.0,287.6496853950666,0.9987836298439814,0.9987836298439814,0.001216370156018609,0.09303352144234242,0.0012163701560195944,2.6716587339388487,0.2812500000000003,0.0,0.0,0.0
n1024_m288_s0.787959_seed1.h5,288,0.7879591836734694,1,1024,288,1.0,287.65639596560504,0.9988069304361287,0.9988069304361287,0.0011930695638713296,0.09286891092481434,0.001193069563872061,2.6945849986124935,0.28125000000000017,0.0,0.0,0.0
n1024_m288_s0.808163_seed0.h5,288,0.8081632653061224,0,1024,288,1.0,287.63742904830724,0.9987410730844002,0.9987410730844002,0.0012589269155998117,0.10181488316705653,0.0012589269156009191,2.874618907653525,0.28125000000000033,0.0,0.0,0.0
n1024_m288_s0.808163_seed1.h5,288,0.8081632653061224,1,1024,288,1.0,287.64813178009354,0.998778235347547,0.998778235347547,0.00122176465245305,0.10142152966489876,0.0012217646524538739,2.906746942158907,0.2812500000000003,0.0,0.0,0.0
n1024_m288_s0.828367_seed0.h5,288,0.8283673469387755,0,1024,288,1.0,287.6230523667764,0.9986911540513069,0.9986911540513069,0.0013088459486930715,0.11295534086108044,0.0013088459486940702,3.1275969018533027,0.2812500000000003,0.0,0.0,0.0
n1024_m288_s0.828367_seed1.h5,288,0.8283673469387755,1,1024,288,1.0,287.61432653071824,0.9986608560094383,0.9986608560094383,0.0013391439905616753,0.11467070219078997,0.0013391439905629983,3.1401571281529788,0.2812500000000004,0.0,0.0,0.0
n1024_m288_s0.848571_seed0.h5,288,0.8485714285714285,0,1024,288,1.0,287.5915119808633,0.998581638822442,0.998581638822442,0.001418361177558003,0.12799079577535663,0.001418361177559218,3.4044929163250037,0.28125000000000033,0.0,0.0,0.0
n1024_m288_s0.848571_seed1.h5,288,0.8485714285714285,1,1024,288,1.0,287.5940484307939,0.9985904459402567,0.9985904459402567,0.001409554059743301,0.1281504482637216,0.0014095540597445012,3.41884398472438,0.28125000000000033,0.0,0.0,0.0
n1024_m288_s0.868776_seed0.h5,288,0.8687755102040816,0,1024,288,1.0,287.5586657215608,0.9984675893109751,0.9984675893109751,0.0015324106890248768,0.14390546045476488,0.001532410689026328,3.6823706789001545,0.28125000000000044,0.0,0.0,0.0
n1024_m288_s0.868776_seed1.h5,288,0.8687755102040816,1,1024,288,1.0,287.55370888113976,0.9984503780595131,0.9984503780595131,0.0015496219404869116,0.14484895845573828,0.0015496219404884726,3.6870709977633984,0.28125000000000044,0.0,0.0,0.0
n1024_m288_s0.888980_seed0.h5,288,0.8889795918367347,0,1024,288,1.0,287.5003061592579,0.9982649519418677,0.9982649519418677,0.0017350480581322936,0.16363073809738382,0.001735048058133666,3.9365772587187307,0.2812500000000004,0.0,0.0,0.0
n1024_m288_s0.888980_seed1.h5,288,0.8889795918367347,1,1024,288,1.0,287.5073377788067,0.9982893672875233,0.9982893672875233,0.001710632712476734,0.16243251526578747,0.0017106327124782837,3.9355901269020674,0.28125000000000044,0.0,0.0,0.0
n1024_m288_s0.909184_seed0.h5,288,0.9091836734693878,0,1024,288,1.0,287.42881658673286,0.9980167242594891,0.9980167242594891,0.001983275740510937,0.18612176998422508,0.0019832757405121473,4.187504066698995,0.2812500000000004,0.0,0.0,0.0
n1024_m288_s0.909184_seed1.h5,288,0.9091836734693878,1,1024,288,1.0,287.42465767264366,0.9980022835855683,0.9980022835855683,0.001997716414431694,0.1867335299999652,0.001997716414432932,4.1855411454959714,0.28125000000000033,0.0,0.0,0.0
n1024_m288_s0.929388_seed0.h5,288,0.9293877551020407,0,1024,288,1.0,287.3003364801407,0.9975706127782663,0.9975706127782663,0.002429387221733692,0.21760497907799192,0.002429387221734919,4.424389223450035,0.28125000000000033,0.0,0.0,0.0
n1024_m288_s0.929388_seed1.h5,288,0.9293877551020407,1,1024,288,1.0,287.30033725500107,0.9975706154687537,0.9975706154687537,0.0024293845312463036,0.21744564501091854,0.0024293845312471514,4.4217607036143685,0.2812500000000002,0.0,0.0,0.0
n1024_m288_s0.949592_seed0.h5,288,0.9495918367346938,0,1024,288,1.0,287.15603044629097,0.9970695501607325,0.9970695501607325,0.0029304498392674905,0.249310159448001,0.0029304498392683036,4.614136372213592,0.2812500000000003,0.0,0.0,0.0
n1024_m288_s0.949592_seed1.h5,288,0.9495918367346938,1,1024,288,1.0,287.16924327611923,0.9971154280420806,0.9971154280420806,0.0028845719579193574,0.24759803906656164,0.0028845719579202083,4.615783649013226,0.2812500000000002,0.0,0.0,0.0
n1024_m288_s0.969796_seed0.h5,288,0.9697959183673469,0,1024,288,1.0,286.9223599433899,0.9962581942478815,0.9962581942478815,0.0037418057521184656,0.28320989461610313,0.0037418057521192843,4.644593675584247,0.2812500000000002,0.0,0.0,0.0
n1024_m288_s0.969796_seed1.h5,288,0.9697959183673469,1,1024,288,1.0,286.9318344295025,0.9962910917691059,0.9962910917691059,0.0037089082308940924,0.2818483149007144,0.003708908230895142,4.643857917267626,0.2812500000000003,0.0,0.0,0.0
n1024_m288_s0.990000_seed0.h5,288,0.99,0,1024,288,1.0,285.96195182204247,0.9929234438265363,0.9929234438265363,0.0070765561734636995,0.3661147946703733,0.007076556173464969,4.377619793240099,0.28125000000000033,0.0,0.0,0.0
n1024_m288_s0.990000_seed1.h5,288,0.99,1,1024,288,1.0,285.9367696046829,0.9928360055718157,0.9928360055718157,0.007163994428184273,0.3689397895966303,0.007163994428185669,4.384062089439139,0.28125000000000044,0.0,0.0,0.0
n1024_m304_s0.000000_seed0.h5,304,0.0,0,1024,304,1.0,303.98066889622714,0.9999364108428525,0.9999364108428525,6.358915714754776e-05,0.007644469790513613,6.358915714911316e-05,1.0042835864812836,0.29687500000000044,0.0,0.0,0.0
n1024_m304_s0.000000_seed1.h5,304,0.0,1,1024,304,1.0,303.9826293694714,0.999942859767998,0.999942859767998,5.714023200198426e-05,0.00725845739204695,5.714023200337332e-05,1.0042960487891655,0.29687500000000044,0.0,0.0,0.0
n1024_m304_s0.020204_seed0.h5,304,0.02020408163265306,0,1024,304,1.0,303.98026148122153,0.9999350706619129,0.9999350706619129,6.492933808710522e-05,0.007814708794618663,6.492933808835018e-05,1.006739092481195,0.2968750000000004,0.0,0.0,0.0
n1024_m304_s0.020204_seed1.h5,304,0.02020408163265306,1,1024,304,1.0,303.9810299357232,0.9999375984727736,0.9999375984727736,6.240152722636338e-05,0.007679003635245615,6.240152722741056e-05,1.0068901172317462,0.2968750000000003,0.0,0.0,0.0
n1024_m304_s0.040408_seed0.h5,304,0.04040816326530612,0,1024,304,1.0,303.9749128812982,0.9999174765832178,0.9999174765832178,8.252341678216535e-05,0.00894314735858912,8.252341678333682e-05,1.010693095786155,0.29687500000000033,0.0,0.0,0.0
n1024_m304_s0.040408_seed1.h5,304,0.04040816326530612,1,1024,304,1.0,303.97724161195947,0.9999251368814456,0.9999251368814456,7.486311855442462e-05,0.00851599562820467,7.486311855544287e-05,1.0105438789652312,0.29687500000000033,0.0,0.0,0.0
n1024_m304_s0.060612_seed0.h5,304,0.06061224489795918,0,1024,304,1.0,303.9688000874303,0.9998973687086522,0.9998973687086522,0.00010263129134779891,0.010079232513008731,0.00010263129134885013,1.0163691267664157,0.29687500000000033,0.0,0.0,0.0
n1024_m304_s0.060612_seed1.h5,304,0.06061224489795918,1,1024,304,1.0,303.97018402145477,0.9999019211232065,0.9999019211232065,9.80788767934726e-05,0.009868163627976573,9.807887679476435e-05,1.0161767136102975,0.29687500000000033,0.0,0.0,0.0
n1024_m304_s0.080816_seed0.h5,304,0.08081632653061224,0,1024,304,1.0,303.96406902978924,0.9998818060190435,0.9998818060190435,0.00011819398095647138,0.010925432166458951,0.00011819398095724115,1.0230425377279568,0.2968750000000002,0.0,0.0,0.0
n1024_m304_s0.080816_seed1.h5,304,0.08081632653061224,1,1024,304,1.0,303.9601124865294,0.9998687910741099,0.9998687910741099,0.0001312089258901361,0.011441762028034971,0.00013120892589113759,1.02327962640133,0.29687500000000033,0.0,0.0,0.0
n1024_m304_s0.101020_seed0.h5,304,0.1010204081632653,0,1024,304,1.0,303.9577369869221,0.9998609769306648,0.9998609769306648,0.00013902306933522013,0.011916702369921288,0.00013902306933591676,1.0301243520285692,0.2968750000000002,0.0,0.0,0.0
n1024_m304_s0.101020_seed1.h5,304,0.1010204081632653,1,1024,304,1.0,303.9534000708227,0.9998467107592851,0.9998467107592851,0.00015328924071489336,0.012406228229307783,0.0001532892407157667,1.0303094694853228,0.2968750000000003,0.0,0.0,0.0
n1024_m304_s0.121224_seed0.h5,304,0.12122448979591836,0,1024,304,1.0,303.95202019366116,0.9998421716896748,0.9998421716896748,0.00015782831032518096,0.012774512758435946,0.0001578283103257405,1.0364038231545663,0.29687500000000017,0.0,0.0,0.0
n1024_m304_s0.121224_seed1.h5,304,0.12122448979591836,1,1024,304,1.0,303.95140610945236,0.9998401516758302,0.9998401516758302,0.0001598483241698201,0.012821753504966948,0.0001598483241704562,1.0364893600804963,0.2968750000000002,0.0,0.0,0.0
n1024_m304_s0.141429_seed0.h5,304,0.14142857142857143,0,1024,304,1.0,303.946051417588,0.9998225375578553,0.9998225375578553,0.00017746244214467133,0.01358473011623371,0.00017746244214528038,1.0427731315854003,0.29687500000000017,0.0,0.0,0.0
n1024_m304_s0.141429_seed1.h5,304,0.14142857142857143,1,1024,304,1.0,303.9466812618848,0.9998246094140948,0.9998246094140948,0.00017539058590521073,0.013520379122028211,0.00017539058590569927,1.0431735171905252,0.2968750000000001,0.0,0.0,0.0
n1024_m304_s0.161633_seed0.h5,304,0.16163265306122448,0,1024,304,1.0,303.9410414679878,0.9998060574604862,0.9998060574604862,0.0001939425395137695,0.01428631789299967,0.00019394253951414078,1.0497098510246807,0.2968750000000001,0.0,0.0,0.0
n1024_m304_s0.161633_seed1.h5,304,0.16163265306122448,1,1024,304,1.0,303.9422683283119,0.9998100931852365,0.9998100931852365,0.00018990681476349636,0.014137844527839342,0.00018990681476411218,1.0500978416553668,0.2968750000000002,0.0,0.0,0.0
n1024_m304_s0.181837_seed0.h5,304,0.18183673469387754,0,1024,304,1.0,303.9356114714392,0.9997881956297342,0.9997881956297342,0.00021180437026580012,0.015018907207854395,0.0002118043702663469,1.0569729418147396,0.2968750000000001,0.0,0.0,0.0
n1024_m304_s0.181837_seed1.h5,304,0.18183673469387754,1,1024,304,1.0,303.93588929840917,0.9997891095342407,0.9997891095342407,0.0002108904657592836,0.014996805497583851,0.00021089046575984802,1.0571748543900603,0.29687500000000017,0.0,0.0,0.0
n1024_m304_s0.202041_seed0.h5,304,0.2020408163265306,0,1024,304,1.0,303.9295203166985,0.9997681589365082,0.9997681589365082,0.0002318410634918333,0.015794350418422465,0.00023184106349233183,1.0645725645950102,0.2968750000000001,0.0,0.0,0.0
n1024_m304_s0.202041_seed1.h5,304,0.2020408163265306,1,1024,304,1.0,303.9293981834635,0.9997677571824457,0.9997677571824457,0.00023224281755429566,0.015811527018930984,0.00023224281755473172,1.0649956540408967,0.2968750000000001,0.0,0.0,0.0
n1024_m304_s0.222245_seed0.h5,304,0.22224489795918367,0,1024,304,1.0,303.9218966991175,0.999743081247097,0.999743081247097,0.0002569187529030126,0.01673395994312888,0.00025691875290320037,1.0728576957216653,0.2968750000000001,0.0,0.0,0.0
n1024_m304_s0.222245_seed1.h5,304,0.22224489795918367,1,1024,304,1.0,303.92153355671326,0.9997418866997146,0.9997418866997146,0.0002581133002853564,0.016762864741203913,0.00025811330028571646,1.07329576256642,0.2968750000000001,0.0,0.0,0.0
n1024_m304_s0.242449_seed0.h5,304,0.24244897959183673,0,1024,304,1.0,303.91383112670155,0.9997165497588867,0.9997165497588867,0.0002834502411133144,0.01768163302710911,0.00028345024111371995,1.0819376113242098,0.2968750000000001,0.0,0.0,0.0
n1024_m304_s0.242449_seed1.h5,304,0.24244897959183673,1,1024,304,1.0,303.9140155483037,0.9997171564088938,0.9997171564088938,0.0002828435911061966,0.01765737145236119,0.00028284359110664536,1.0818833949123152,0.2968750000000001,0.0,0.0,0.0
n1024_m304_s0.262653_seed0.h5,304,0.2626530612244898,0,1024,304,1.0,303.9048625827272,0.9996870479694975,0.9996870479694975,0.0003129520305025224,0.01870152216744124,0.0003129520305027064,1.0914055038733128,0.29687500000000006,0.0,0.0,0.0
n1024_m304_s0.262653_seed1.h5,304,0.2626530612244898,1,1024,304,1.0,303.90630042324483,0.9996917777080422,0.9996917777080422,0.0003082222919578159,0.018553555469816786,0.000308222291958225,1.0912642977338514,0.2968750000000001,0.0,0.0,0.0
n1024_m304_s0.282857_seed0.h5,304,0.28285714285714286,0,1024,304,1.0,303.895331385982,0.999655695348625,0.999655695348625,0.00034430465137502697,0.019764538894758425,0.00034430465137527124,1.1010445850773167,0.29687500000000006,0.0,0.0,0.0
n1024_m304_s0.282857_seed1.h5,304,0.28285714285714286,1,1024,304,1.0,303.8975406564132,0.9996629626855696,0.9996629626855696,0.0003370373144303551,0.019553847819920322,0.0003370373144307247,1.101680660365375,0.2968750000000001,0.0,0.0,0.0
n1024_m304_s0.303061_seed0.h5,304,0.3030612244897959,0,1024,304,1.0,303.8867080609052,0.9996273291477146,0.9996273291477146,0.0003726708522854283,0.020708346415458944,0.00037267085228571853,1.1118164192901185,0.2968750000000001,0.0,0.0,0.0
n1024_m304_s0.303061_seed1.h5,304,0.3030612244897959,1,1024,304,1.0,303.8875133607653,0.9996299781604122,0.9996299781604122,0.00037002183958778634,0.02060084436196991,0.00037002183958819937,1.111674289720166,0.2968750000000001,0.0,0.0,0.0
n1024_m304_s0.323265_seed0.h5,304,0.32326530612244897,0,1024,304,1.0,303.87746498284105,0.9995969242856614,0.9995969242856614,0.0004030757143386188,0.021701636125926637,0.00040307571433888495,1.1232026839367604,0.29687500000000006,5.158255029329013e-06,0.0,0.0
n1024_m304_s0.323265_seed1.h5,304,0.32326530612244897,1,1024,304,1.0,303.8776490776654,0.9995975298607415,0.9995975298607415,0.00040247013925853725,0.021612877279127408,0.0004024701392590951,1.1225258389711152,0.29687500000000017,1.3293081035971124e-05,0.0,0.0
n1024_m304_s0.343469_seed0.h5,304,0.34346938775510205,0,1024,304,1.0,303.8651255364239,0.9995563340013943,0.9995563340013943,0.0004436659986056801,0.02295999926622256,0.0004436659986060421,1.1368253071273924,0.2968750000000001,1.3057610400531207e-05,0.0,0.0
n1024_m304_s0.343469_seed1.h5,304,0.34346938775510205,1,1024,304,1.0,303.8611527756002,0.9995432657092111,0.9995432657092111,0.00045673429078885164,0.02322277531872625,0.00045673429078916454,1.1369100169326194,0.2968750000000001,1.307359518333167e-05,0.0,0.0
n1024_m304_s0.363673_seed0.h5,304,0.3636734693877551,0,1024,304,1.0,303.8021885532653,0.9993493044515306,0.9993493044515306,0.0006506955484694155,0.02859159681126169,0.0006506955484697048,1.1745971997454934,0.2968750000000001,1.7833561030330157e-05,0.0,0.0
n1024_m304_s0.363673_seed1.h5,304,0.3636734693877551,1,1024,304,1.0,303.7929835107352,0.9993190247063658,0.9993190247063658,0.0006809752936342006,0.02909777295280713,0.000680975293634602,1.1750723738402027,0.2968750000000001,1.3507011009123517e-05,0.0,0.0
n1024_m304_s0.383878_seed0.h5,304,0.38387755102040816,0,1024,304,1.0,303.76203507295577,0.999217220634723,0.999217220634723,0.0007827793652770421,0.03303790584721521,0.0007827793652774061,1.3487800727438346,0.2968750000000001,0.012606682410404366,0.0,0.0
n1024_m304_s0.383878_seed1.h5,304,0.38387755102040816,1,1024,304,1.0,303.7600102262222,0.9992105599546783,0.9992105599546783,0.0007894400453216655,0.032853447068858545,0.0007894400453218495,1.3485506343948424,0.29687500000000006,0.015237581684104917,0.0,0.0
n1024_m304_s0.404082_seed0.h5,304,0.4040816326530612,0,1024,304,1.0,303.7200151591387,0.999078997234009,0.999078997234009,0.0009210027659910525,0.03687397743789949,0.0009210027659913367,1.4680279696224308,0.29687500000000006,0.012549878710610479,0.0,0.0
n1024_m304_s0.404082_seed1.h5,304,0.4040816326530612,1,1024,304,1.0,303.71181199903367,0.999052013154716,0.999052013154716,0.0009479868452839657,0.03687237485737186,0.0009479868452841445,1.4679386893607131,0.29687500000000006,0.012757140946990184,3.1429205208443588e-06,0.0
n1024_m304_s0.424286_seed0.h5,304,0.42428571428571427,0,1024,304,1.0,303.6992191566387,0.9990105893310485,0.9990105893310485,0.0009894106689515292,0.03997139638949462,0.0009894106689518393,1.5773730707583244,0.2968750000000001,0.010473362208118474,2.5803589184664297e-05,0.0
n1024_m304_s0.424286_seed1.h5,304,0.42428571428571427,1,1024,304,1.0,303.7003480857238,0.9990143029135652,0.9990143029135652,0.0009856970864348114,0.039764473002321644,0.0009856970864348367,1.5776140387548991,0.296875,0.01052735038521963,0.0,0.0
n1024_m304_s0.444490_seed0.h5,304,0.44448979591836735,0,1024,304,1.0,303.6929565627652,0.9989899886933065,0.9989899886933065,0.0010100113066935368,0.042790561522972,0.0010100113066937658,1.67289192269614,0.2968750000000001,0.009301243360052829,0.0012489218262838227,0.0
n1024_m304_s0.444490_seed1.h5,304,0.44448979591836735,1,1024,304,1.0,303.69310058720293,0.9989904624579043,0.9989904624579043,0.001009537542095651,0.04289330234388912,0.0010095375420958038,1.6723636758781266,0.29687500000000006,0.009296912483270992,0.0008638560681247013,0.0
n1024_m304_s0.464694_seed0.h5,304,0.4646938775510204,0,1024,304,1.0,303.66123359129415,0.9988856368134676,0.9988856368134676,0.0011143631865323522,0.04636667335256419,0.001114363186532661,1.7505589494054943,0.29687500000000006,0.008403722774498997,0.00794503337085059,0.0
n1024_m304_s0.464694_seed1.h5,304,0.4646938775510204,1,1024,304,1.0,303.66052767884685,0.9988833147330488,0.9988833147330488,0.0011166852669511895,0.04649808383419836,0.0011166852669515584,1.7504591173769903,0.2968750000000001,0.008443460068454233,0.007952610937100998,0.0
n1024_m304_s0.484898_seed0.h5,304,0.48489795918367345,0,1024,304,1.0,303.6320087441709,0.9987895024479305,0.9987895024479305,0.0012104975520694783,0.0493459128870666,0.0012104975520698994,1.813960469377001,0.29687500000000017,0.007795485421788685,0.007737982978165615,0.0
n1024_m304_s0.484898_seed1.h5,304,0.48489795918367345,1,1024,304,1.0,303.63392525637755,0.9987958067643998,0.9987958067643998,0.0012041932356001706,0.048943419973270355,0.0012041932356006378,1.8138500143281668,0.2968750000000001,0.007765614000068223,0.007732138815544291,0.0
n1024_m304_s0.505102_seed0.h5,304,0.5051020408163265,0,1024,304,1.0,303.6105561394652,0.9987189346692934,0.9987189346692934,0.001281065330706599,0.051528699612641164,0.0012810653307070684,1.8649301496728568,0.2968750000000001,0.007404249906290093,0.007403076038279785,0.0
n1024_m304_s0.505102_seed1.h5,304,0.5051020408163265,1,1024,304,1.0,303.6084174288844,0.9987118994371198,0.9987118994371198,0.0012881005628802011,0.05137677008996856,0.0012881005628805385,1.8641204387231125,0.2968750000000001,0.0073003472703348825,0.007297816102764041,0.0
n1024_m304_s0.525306_seed0.h5,304,0.5253061224489796,0,1024,304,1.0,303.5904814643727,0.9986528995538576,0.9986528995538576,0.0013471004461423908,0.053520131660956184,0.0013471004461427535,1.9053081053229595,0.29687500000000006,0.007098901899641115,0.007097748327901811,0.00010355476147895444
n1024_m304_s0.525306_seed1.h5,304,0.5253061224489796,1,1024,304,1.0,303.59469617778086,0.9986667637427002,0.9986667637427002,0.0013332362572997525,0.052969051057168356,0.0013332362573003622,1.9048588785269494,0.2968750000000002,0.0071030285340451145,0.007087311051688983,0.00035896312809680444
n1024_m304_s0.545510_seed0.h5,304,0.5455102040816326,0,1024,304,1.0,303.5779883947689,0.9986118039301609,0.9986118039301609,0.0013881960698390872,0.0548191137088043,0.0013881960698395176,1.9371400533717902,0.2968750000000001,0.006911029704193889,0.006889316787028818,0.0025727295576404084
n1024_m304_s0.545510_seed1.h5,304,0.5455102040816326,1,1024,304,1.0,303.5770418776665,0.9986086903870608,0.9986086903870608,0.0013913096129392066,0.05463926395256535,0.0013913096129396004,1.9368337476177664,0.2968750000000001,0.006875311869317322,0.006873975451025264,0.0030362003603835556
n1024_m304_s0.565714_seed0.h5,304,0.5657142857142857,0,1024,304,1.0,303.56620990112424,0.9985730588852771,0.9985730588852771,0.0014269411147228572,0.05596014514056291,0.0014269411147232224,1.9627115457917812,0.2968750000000001,0.006800108866767533,0.006779537577755888,0.004105071594903104
n1024_m304_s0.565714_seed1.h5,304,0.5657142857142857,1,1024,304,1.0,303.5646570729441,0.9985679508978424,0.9985679508978424,0.001432049102157551,0.05598784415602471,0.0014320491021580142,1.96273671448826,0.2968750000000001,0.0067750083691814475,0.006761925050641227,0.004092376203373768
n1024_m304_s0.585918_seed0.h5,304,0.5859183673469388,0,1024,304,1.0,303.5604110357817,0.9985539836703347,0.9985539836703347,0.001446016329665345,0.056939518467543665,0.0014460163296656178,1.9839030380342961,0.29687500000000006,0.006738541617716416,0.006607570386580716,0.004688145783279873
n1024_m304_s0.585918_seed1.h5,304,0.5859183673469388,1,1024,304,1.0,303.5573557546013,0.9985439334032937,0.9985439334032937,0.0014560665967062736,0.056811383781730264,0.0014560665967066108,1.9836249542648343,0.2968750000000001,0.006679137613226996,0.006599093344877625,0.004736173910345152
n1024_m304_s0.606122_seed0.h5,304,0.6061224489795918,0,1024,304,1.0,303.5498137769755,0.9985191242663668,0.9985191242663668,0.0014808757336332024,0.05808300058421752,0.0014808757336337533,2.001417635741398,0.2968750000000001,0.006710118343498867,0.006631676914338631,0.004859713480111622
n1024_m304_s0.606122_seed1.h5,304,0.6061224489795918,1,1024,304,1.0,303.5513039592188,0.9985240261816407,0.9985240261816407,0.0014759738183592885,0.0577941287317479,0.001475973818359698,2.001012560445952,0.2968750000000001,0.00669529680350161,0.006677633250050076,0.004884845148691979
n1024_m304_s0.626327_seed0.h5,304,0.6263265306122449,0,1024,304,1.0,303.5468141499441,0.9985092570721846,0.9985092570721846,0.0014907429278153694,0.05877647795903454,0.001490742927815874,2.0153330655792,0.2968750000000001,0.006722306275189457,0.00656246258441934,0.0048761862172785895
n1024_m304_s0.626327_seed1.h5,304,0.6263265306122449,1,1024,304,1.0,303.5618639581371,0.9985587630201879,0.9985587630201879,0.0014412369798121327,0.058830602069229174,0.0014412369798124168,2.0148633395365705,0.2968750000000001,0.006448916692588416,0.00588753794428528,0.004319287983029528
n1024_m304_s0.646531_seed0.h5,304,0.6465306122448979,0,1024,304,1.0,303.5355898027774,0.9984723348775573,0.9984723348775573,0.001527665122442734,0.06035404917115492,0.0015276651224431198,2.02699660017931,0.2968750000000001,0.006700325285601079,0.006422365982593071,0.004648353873949464
n1024_m304_s0.646531_seed1.h5,304,0.6465306122448979,1,1024,304,1.0,303.54213732876815,0.9984938727920005,0.9984938727920005,0.0015061272079994747,0.059936579980342596,0.0015061272079999709,2.026900373583262,0.2968750000000001,0.006728974174730295,0.00646086873918902,0.004620349625814466
n1024_m304_s0.666735_seed0.h5,304,0.666734693877551,0,1024,304,1.0,303.5344542467501,0.9984685994958885,0.9984685994958885,0.0015314005041114909,0.06137007377983931,0.0015314005041120382,2.0378052963887883,0.29687500000000017,0.0067435942500538885,0.006207074822808431,0.00445987285527348
n1024_m304_s0.666735_seed1.h5,304,0.666734693877551,1,1024,304,1.0,303.52874295040965,0.9984498123368738,0.9984498123368738,0.0015501876631262013,0.06136183056393125,0.0015501876631267336,2.0374654718978524,0.29687500000000017,0.0068611517715419625,0.006609263907136624,0.0048204119071975195
n1024_m304_s0.686939_seed0.h5,304,0.6869387755102041,0,1024,304,1.0,303.53170111146756,0.9984595431298274,0.9984595431298274,0.0015404568701725685,0.06279735408609093,0.0015404568701729944,2.0466821805872244,0.2968750000000001,0.0066700366759145134,0.0061230610407946,0.004295853489697529
n1024_m304_s0.686939_seed1.h5,304,0.6869387755102041,1,1024,304,1.0,303.5177752713207,0.9984137344451339,0.9984137344451339,0.0015862655548660731,0.0628667494885264,0.0015862655548664374,2.046429704001313,0.2968750000000001,0.006939592365567832,0.006743154562966126,0.004681258878634865
n1024_m304_s0.707143_seed0.h5,304,0.7071428571428571,0,1024,304,1.0,303.5159239715431,0.9984076446432338,0.9984076446432338,0.001592355356766162,0.06472097091871572,0.0015923553567666888,2.0549038004888596,0.29687500000000017,0.006915031752147743,0.006088346031400307,0.004348372381098639
n1024_m304_s0.707143_seed1.h5,304,0.7071428571428571,1,1024,304,1.0,303.51039880979806,0.9983894697690726,0.9983894697690726,0.0016105302309273872,0.06439467693650751,0.001610530230927849,2.054560206542063,0.2968750000000001,0.007014757867803846,0.0065103403259005104,0.004556771237987141
n1024_m304_s0.727347_seed0.h5,304,0.7273469387755102,0,1024,304,1.0,303.699004703667,0.9990098838936415,0.9990098838936415,0.000990116106358463,0.06576565468121733,0.0009901161063589688,2.0916144602747715,0.2968750000000001,0.0,0.0,0.0
n1024_m304_s0.727347_seed1.h5,304,0.7273469387755102,1,1024,304,1.0,303.673745298991,0.9989267937466808,0.9989267937466808,0.0010732062533191922,0.06995342158945136,0.0010732062533197232,2.137081130684837,0.29687500000000017,0.0,0.0,0.0
n1024_m304_s0.747551_seed0.h5,304,0.7475510204081632,0,1024,304,1.0,303.62798386556096,0.9987762627156611,0.9987762627156611,0.0012237372843388883,0.08130637356298889,0.0012237372843395653,2.327783611305775,0.2968750000000002,0.0,0.0,0.0
n1024_m304_s0.747551_seed1.h5,304,0.7475510204081632,1,1024,304,1.0,303.62443867023103,0.9987646008889178,0.9987646008889178,0.0012353991110821694,0.07995589754860623,0.0012353991110825937,2.279119286744679,0.29687500000000017,0.0,0.0,0.0
n1024_m304_s0.767755_seed0.h5,304,0.7677551020408163,0,1024,304,1.0,303.6208295369288,0.9987527287398974,0.9987527287398974,0.0012472712601026004,0.08856778216471282,0.0012472712601034948,2.5126680854385466,0.2968750000000002,0.0,0.0,0.0
n1024_m304_s0.767755_seed1.h5,304,0.7677551020408163,1,1024,304,1.0,303.6261903960258,0.9987703631448216,0.9987703631448216,0.0012296368551784065,0.08827400847519792,0.0012296368551791112,2.52162596637832,0.2968750000000002,0.0,0.0,0.0
n1024_m304_s0.787959_seed0.h5,304,0.7879591836734694,0,1024,304,1.0,303.6139497868717,0.9987300979831305,0.9987300979831305,0.0012699020168694952,0.09527191008275951,0.0012699020168704437,2.6778339594957905,0.2968750000000003,0.0,0.0,0.0
n1024_m304_s0.787959_seed1.h5,304,0.7879591836734694,1,1024,304,1.0,303.6141852111323,0.9987308724050404,0.9987308724050404,0.0012691275949595626,0.09542072443505176,0.001269127594960283,2.6828141595371546,0.2968750000000002,0.0,0.0,0.0
n1024_m304_s0.808163_seed0.h5,304,0.8081632653061224,0,1024,304,1.0,303.59996427199803,0.9986840929999935,0.9986840929999935,0.0013159070000064998,0.10477075663532398,0.0013159070000074496,2.893212200117851,0.29687500000000033,0.0,0.0,0.0
n1024_m304_s0.808163_seed1.h5,304,0.8081632653061224,1,1024,304,1.0,303.594578240416,0.9986663757908422,0.9986663757908422,0.0013336242091578354,0.10581306149864349,0.0013336242091590476,2.903039778790239,0.29687500000000033,0.0,0.0,0.0
n1024_m304_s0.828367_seed0.h5,304,0.8283673469387755,0,1024,304,1.0,303.56944888981525,0.9985837134533396,0.9985837134533396,0.0014162865466603725,0.11759379335274446,0.0014162865466615202,3.1312236017374335,0.29687500000000033,0.0,0.0,0.0
n1024_m304_s0.828367_seed1.h5,304,0.8283673469387755,1,1024,304,1.0,303.5735677671619,0.9985972623919799,0.9985972623919799,0.0014027376080201215,0.11707179319625172,0.0014027376080212762,3.131236702451601,0.29687500000000033,0.0,0.0,0.0
n1024_m304_s0.848571_seed0.h5,304,0.8485714285714285,0,1024,304,1.0,303.54205380775966,0.998493598051841,0.998493598051841,0.0015064019481589863,0.13133275225607885,0.0015064019481603194,3.388864848686413,0.2968750000000004,0.0,0.0,0.0
n1024_m304_s0.848571_seed1.h5,304,0.8485714285714285,1,1024,304,1.0,303.53634832054377,0.9984748300017887,0.9984748300017887,0.0015251699982112843,0.1320604006062971,0.0015251699982126703,3.3883159378855154,0.29687500000000044,0.0,0.0,0.0
n1024_m304_s0.868776_seed0.h5,304,0.8687755102040816,0,1024,304,1.0,303.4884762465954,0.9983173560743269,0.9983173560743269,0.0016826439256730774,0.14777888376909912,0.0016826439256745211,3.6099051788240244,0.29687500000000044,0.0,0.0,0.0
n1024_m304_s0.868776_seed1.h5,304,0.8687755102040816,1,1024,304,1.0,303.49401891231537,0.9983355885273532,0.9983355885273532,0.0016644114726468429,0.14695467099231224,0.0016644114726483195,3.6081114367138865,0.29687500000000044,0.0,0.0,0.0
n1024_m304_s0.888980_seed0.h5,304,0.8889795918367347,0,1024,304,1.0,303.43722426891327,0.9981487640424779,0.9981487640424779,0.0018512359575221238,0.16390965711166638,0.001851235957523717,3.816638103409021,0.29687500000000044,0.0,0.0,0.0
n1024_m304_s0.888980_seed1.h5,304,0.8889795918367347,1,1024,304,1.0,303.4250717461109,0.9981087886385227,0.9981087886385227,0.0018912113614772963,0.16575530290270307,0.0018912113614788784,3.8183701851922875,0.29687500000000044,0.0,0.0,0.0
n1024_m304_s0.909184_seed0.h5,304,0.9091836734693878,0,1024,304,1.0,303.36427187919617,0.9979087890763032,0.9979087890763032,0.0020912109236967957,0.18365981181579527,0.0020912109236983127,4.025457576019589,0.29687500000000044,0.0,0.0,0.0
n1024_m304_s0.909184_seed1.h5,304,0.9091836734693878,1,1024,304,1.0,303.3398242890835,0.9978283693719852,0.9978283693719852,0.0021716306280148423,0.1871309821260992,0.0021716306280162765,4.024274704234155,0.29687500000000044,0.0,0.0,0.0
n1024_m304_s0.929388_seed0.h5,304,0.9293877551020407,0,1024,304,1.0,303.2497585117817,0.9975321003677029,0.9975321003677029,0.002467899632297099,0.2094535015397897,0.002467899632298284,4.2230326544849595,0.29687500000000033,0.0,0.0,0.0
n1024_m304_s0.929388_seed1.h5,304,0.9293877551020407,1,1024,304,1.0,303.2396554648876,0.9974988666608146,0.9974988666608146,0.0025011333391854462,0.21055115967659957,0.002501133339186698,4.217376842210027,0.2968750000000004,0.0,0.0,0.0
n1024_m304_s0.949592_seed0.h5,304,0.9495918367346938,0,1024,304,1.0,303.09468841552734,0.9970220013668663,0.9970220013668663,0.0029779986331337494,0.23837070795098217,0.0029779986331346154,4.378062856041306,0.2968750000000002,0.0,0.0,0.0
n1024_m304_s0.949592_seed1.h5,304,0.9495918367346938,1,1024,304,1.0,303.10045009851456,0.9970409542714295,0.9970409542714295,0.0029590457285705307,0.23754157802904932,0.002959045728571561,4.376161805817531,0.29687500000000033,0.0,0.0,0.0
n1024_m304_s0.969796_seed0.h5,304,0.9697959183673469,0,1024,304,1.0,302.74655225872993,0.995876816640559,0.995876816640559,0.004123183359440952,0.2813676209511755,0.004123183359442132,4.3929353927895995,0.2968750000000004,0.0,0.0,0.0
n1024_m304_s0.969796_seed1.h5,304,0.9697959183673469,1,1024,304,1.0,302.7560032606125,0.995907905462541,0.995907905462541,0.004092094537458957,0.27995714272628064,0.004092094537459879,4.387045443655359,0.2968750000000003,0.0,0.0,0.0
n1024_m304_s0.990000_seed0.h5,304,0.99,0,1024,304,1.0,301.6746509075165,0.9923508253536726,0.9923508253536726,0.007649174646327417,0.35710877574912453,0.007649174646328824,4.106497040553957,0.29687500000000044,0.0009543382737406947,0.0,0.0
n1024_m304_s0.990000_seed1.h5,304,0.99,1,1024,304,1.0,301.6165302991867,0.9921596391420615,0.9921596391420615,0.007840360857938489,0.3615024616654623,0.007840360857939991,4.108826608420838,0.29687500000000044,0.0019429388489432045,0.0,0.0
n1024_m320_s0.000000_seed0.h5,320,0.0,0,1024,320,1.0,319.9792705681393,0.9999352205254354,0.9999352205254354,6.477947456462463e-05,0.007718204826280515,6.477947456591612e-05,1.0049858091903272,0.31250000000000044,0.0,0.0,0.0
n1024_m320_s0.000000_seed1.h5,320,0.0,1,1024,320,1.0,319.9816646841464,0.9999427021379574,0.9999427021379574,5.7297862042560155e-05,0.007264945579310767,5.729786204394704e-05,1.0049563959983483,0.31250000000000044,0.0,0.0,0.0
n1024_m320_s0.020204_seed0.h5,320,0.02020408163265306,0,1024,320,1.0,319.9783193894109,0.9999322480919091,0.9999322480919091,6.775190809094056e-05,0.008009584926029623,6.775190809240198e-05,1.0075815893996654,0.31250000000000044,0.0,0.0,0.0
n1024_m320_s0.020204_seed1.h5,320,0.02020408163265306,1,1024,320,1.0,319.9798052832775,0.9999368915102422,0.9999368915102422,6.310848975776828e-05,0.007731196470135961,6.310848975908465e-05,1.0077949390638676,0.31250000000000044,0.0,0.0,0.0
n1024_m320_s0.040408_seed0.h5,320,0.04040816326530612,0,1024,320,1.0,319.97329029778484,0.9999165321805776,0.9999165321805776,8.346781942236703e-05,0.00899746366136086,8.34678194235456e-05,1.0117341420397934,0.31250000000000033,0.0,0.0,0.0
n1024_m320_s0.040408_seed1.h5,320,0.04040816326530612,1,1024,320,1.0,319.9710077320997,0.9999093991628115,0.9999093991628115,9.060083718848144e-05,0.009324814499972196,9.06008371897956e-05,1.0116923106234006,0.3125000000000004,0.0,0.0,0.0
n1024_m320_s0.060612_seed0.h5,320,0.06061224489795918,0,1024,320,1.0,319.9677696882063,0.9998992802756448,0.9998992802756448,0.00010071972435521381,0.010015932203367354,0.00010071972435638692,1.0178643463940822,0.31250000000000033,0.0,0.0,0.0
n1024_m320_s0.060612_seed1.h5,320,0.06061224489795918,1,1024,320,1.0,319.9686623780217,0.9999020699313178,0.9999020699313178,9.793006868219489e-05,0.009889007856841327,9.793006868346918e-05,1.0177083351447107,0.3125000000000004,0.0,0.0,0.0
n1024_m320_s0.080816_seed0.h5,320,0.08081632653061224,0,1024,320,1.0,319.96061615458893,0.9998769254830904,0.9998769254830904,0.000123074516909627,0.011140702834907977,0.00012307451691032976,1.024058264906993,0.3125000000000002,0.0,0.0,0.0
n1024_m320_s0.080816_seed1.h5,320,0.08081632653061224,1,1024,320,1.0,319.9609559019591,0.9998779871936222,0.9998779871936222,0.00012201280637780254,0.011101811641345686,0.00012201280637872719,1.0246576057375836,0.3125000000000003,0.0,0.0,0.0
n1024_m320_s0.101020_seed0.h5,320,0.1010204081632653,0,1024,320,1.0,319.95506747360923,0.9998595858550289,0.9998595858550289,0.0001404141449711238,0.011977553665672137,0.00014041414497178954,1.0311439387870096,0.3125000000000002,0.0,0.0,0.0
n1024_m320_s0.101020_seed1.h5,320,0.1010204081632653,1,1024,320,1.0,319.95710086076724,0.9998659401898976,0.9998659401898976,0.00013405981010239376,0.01172654528395458,0.00013405981010317116,1.0312203991363775,0.3125000000000003,0.0,0.0,0.0
n1024_m320_s0.121224_seed0.h5,320,0.12122448979591836,0,1024,320,1.0,319.95187045294733,0.9998495951654605,0.9998495951654605,0.00015040483453954145,0.01246361587271482,0.00015040483454027595,1.037462859584455,0.3125000000000002,0.0,0.0,0.0
n1024_m320_s0.121224_seed1.h5,320,0.12122448979591836,1,1024,320,1.0,319.9520170430842,0.9998500532596382,0.9998500532596382,0.0001499467403618393,0.012465889387412485,0.00014994674036261692,1.037632482278813,0.3125000000000002,0.0,0.0,0.0
n1024_m320_s0.141429_seed0.h5,320,0.14142857142857143,0,1024,320,1.0,319.93900955468416,0.999809404858388,0.999809404858388,0.00019059514161201552,0.01396327707459546,0.00019059514161253537,1.0437378405324613,0.31250000000000017,0.0,0.0,0.0
n1024_m320_s0.141429_seed1.h5,320,0.14142857142857143,1,1024,320,1.0,319.94094716168183,0.9998154598802558,0.9998154598802558,0.00018454011974422535,0.013751171754941517,0.00018454011974489937,1.0437215418712582,0.3125000000000002,0.0,0.0,0.0
n1024_m320_s0.161633_seed0.h5,320,0.16163265306122448,0,1024,320,1.0,319.93812087231345,0.9998066277259795,0.9998066277259795,0.00019337227402049795,0.01425320946155847,0.0001933722740210534,1.0503822679731751,0.3125000000000002,0.0,0.0,0.0
n1024_m320_s0.161633_seed1.h5,320,0.16163265306122448,1,1024,320,1.0,319.9384176893218,0.9998075552791306,0.9998075552791306,0.00019244472086943354,0.014215071507593467,0.00019244472086990324,1.05042623431536,0.31250000000000017,0.0,0.0,0.0
n1024_m320_s0.181837_seed0.h5,320,0.18183673469387754,0,1024,320,1.0,319.9323354388034,0.9997885482462607,0.9997885482462607,0.00021145175373926683,0.014983342795744254,0.0002114517537398944,1.0575233767321062,0.3125000000000002,0.0,0.0,0.0
n1024_m320_s0.181837_seed1.h5,320,0.18183673469387754,1,1024,320,1.0,319.9279971422511,0.9997749910695347,0.9997749910695347,0.00022500893046528692,0.015320267963970952,0.000225008930465866,1.0576287436900293,0.3125000000000002,0.0,0.0,0.0
n1024_m320_s0.202041_seed0.h5,320,0.2020408163265306,0,1024,320,1.0,319.92829229649215,0.9997759134265379,0.9997759134265379,0.00022408657346206784,0.01558352114455554,0.00022408657346263298,1.0650330403876915,0.3125000000000002,0.0,0.0,0.0
n1024_m320_s0.202041_seed1.h5,320,0.2020408163265306,1,1024,320,1.0,319.92235579567205,0.9997573618614751,0.9997573618614751,0.00024263813852487548,0.016065759352408053,0.00024263813852533122,1.06495406629124,0.3125000000000001,0.0,0.0,0.0
n1024_m320_s0.222245_seed0.h5,320,0.22224489795918367,0,1024,320,1.0,319.91986913621076,0.9997495910506586,0.9997495910506586,0.00025040894934136304,0.01657341253479085,0.00025040894934194846,1.0733314613334888,0.31250000000000017,0.0,0.0,0.0
n1024_m320_s0.222245_seed1.h5,320,0.22224489795918367,1,1024,320,1.0,319.9140237606043,0.9997313242518885,0.9997313242518885,0.0002686757481115132,0.01699982517168522,0.00026867574811199137,1.0732126675965232,0.31250000000000017,0.0,0.0,0.0
n1024_m320_s0.242449_seed0.h5,320,0.24244897959183673,0,1024,320,1.0,319.9134150606624,0.9997294220645699,0.9997294220645699,0.0002705779354300608,0.017341908775545735,0.00027057793543049764,1.0818946877046893,0.3125000000000001,0.0,0.0,0.0
n1024_m320_s0.242449_seed1.h5,320,0.24244897959183673,1,1024,320,1.0,319.9097169859742,0.9997178655811695,0.9997178655811695,0.00028213441883051527,0.0176219456805576,0.00028213441883098565,1.081515522099183,0.3125000000000001,0.0,0.0,0.0
n1024_m320_s0.262653_seed0.h5,320,0.2626530612244898,0,1024,320,1.0,319.9039274724564,0.9996997733514263,0.9996997733514263,0.0003002266485736538,0.018392265229099296,0.00030022664857406176,1.0912447570082298,0.3125000000000001,0.0,0.0,0.0
n1024_m320_s0.262653_seed1.h5,320,0.2626530612244898,1,1024,320,1.0,319.9023842158058,0.9996949506743931,0.9996949506743931,0.000305049325606932,0.018469579396268445,0.00030504932560743094,1.0908057673412068,0.31250000000000017,0.0,0.0,0.0
n1024_m320_s0.282857_seed0.h5,320,0.28285714285714286,0,1024,320,1.0,319.8948505981971,0.9996714081193658,0.9996714081193658,0.0003285918806341659,0.019394050706447015,0.00032859188063459263,1.1008166755653506,0.3125000000000001,0.0,0.0,0.0
n1024_m320_s0.282857_seed1.h5,320,0.28285714285714286,1,1024,320,1.0,319.89151355177455,0.9996609798492955,0.9996609798492955,0.0003390201507045276,0.0196421519529777,0.00033902015070489284,1.1012447102540626,0.3125000000000001,0.0,0.0,0.0
n1024_m320_s0.303061_seed0.h5,320,0.3030612244897959,0,1024,320,1.0,319.8837290425581,0.9996366532579941,0.9996366532579941,0.0003633467420058878,0.02051560764677919,0.0003633467420060851,1.1111916726235054,0.31250000000000006,0.0,0.0,0.0
n1024_m320_s0.303061_seed1.h5,320,0.3030612244897959,1,1024,320,1.0,319.8826241450879,0.9996332004533997,0.9996332004533997,0.0003667995466003493,0.020598782294964483,0.0003667995466008275,1.1119491936991586,0.3125000000000001,0.0,0.0,0.0
n1024_m320_s0.323265_seed0.h5,320,0.32326530612244897,0,1024,320,1.0,319.8739700941369,0.9996061565441778,0.9996061565441778,0.0003938434558221626,0.021534117524134425,0.0003938434558226035,1.1221061325810837,0.3125000000000001,3.4388363630654306e-06,0.0,0.0
n1024_m320_s0.323265_seed1.h5,320,0.32326530612244897,1,1024,320,1.0,319.8724414370081,0.9996013794906503,0.9996013794906503,0.00039862050934968973,0.02163288567881127,0.0003986205093500263,1.1230298057587844,0.3125000000000001,7.726805114957234e-06,0.0,0.0
n1024_m320_s0.343469_seed0.h5,320,0.34346938775510205,0,1024,320,1.0,319.86004784591205,0.9995626495184752,0.9995626495184752,0.00043735048152482303,0.022856397780602715,0.0004373504815251371,1.1350023690283815,0.3125000000000001,1.2162118310584989e-05,0.0,0.0
n1024_m320_s0.343469_seed1.h5,320,0.34346938775510205,1,1024,320,1.0,319.85884348812397,0.9995588859003874,0.9995588859003874,0.00044111409961256065,0.022963480542626917,0.00044111409961306253,1.1355123913962402,0.3125000000000001,7.045963128235676e-06,0.0,0.0
n1024_m320_s0.363673_seed0.h5,320,0.3636734693877551,0,1024,320,1.0,319.8208402876917,0.9994401258990365,0.9994401258990365,0.0005598741009634756,0.026223839661957894,0.0005598741009636954,1.1569828477609918,0.31250000000000006,1.3998613755530848e-05,0.0,0.0
n1024_m320_s0.363673_seed1.h5,320,0.3636734693877551,1,1024,320,1.0,319.8330545114295,0.9994782953482172,0.9994782953482172,0.0005217046517828061,0.025302914715938717,0.0005217046517833423,1.1523625426677666,0.31250000000000017,1.032667728884193e-05,0.0,0.0
n1024_m320_s0.383878_seed0.h5,320,0.38387755102040816,0,1024,320,1.0,319.6633692565374,0.9989480289266794,0.9989480289266794,0.0010519710733205567,0.038053883452750785,0.001051971073320892,1.306295228651111,0.3125000000000001,0.012579153880890925,0.0,0.0
n1024_m320_s0.383878_seed1.h5,320,0.38387755102040816,1,1024,320,1.0,319.6746987469087,0.9989834335840897,0.9989834335840897,0.0010165664159103027,0.03774853509929649,0.0010165664159107264,1.3079263129410652,0.3125000000000001,0.004833616830262854,0.0,0.0
n1024_m320_s0.404082_seed0.h5,320,0.4040816326530612,0,1024,320,1.0,319.69402875268133,0.9990438398521292,0.9990438398521292,0.0009561601478708104,0.03787536147087825,0.0009561601478710584,1.4686677164229278,0.3125000000000001,0.011461942448499938,0.0,0.0
n1024_m320_s0.404082_seed1.h5,320,0.4040816326530612,1,1024,320,1.0,319.7005557640514,0.9990642367626605,0.9990642367626605,0.0009357632373394598,0.037911724482877086,0.0009357632373396612,1.4691834796637018,0.31250000000000006,0.011464966619020344,1.4546182708242412e-06,0.0
n1024_m320_s0.424286_seed0.h5,320,0.42428571428571427,0,1024,320,1.0,319.67602259581327,0.9989875706119165,0.9989875706119165,0.0010124293880835467,0.041174117228024346,0.0010124293880837535,1.5786018899700078,0.31250000000000006,0.009713095699500346,0.0,0.0
n1024_m320_s0.424286_seed1.h5,320,0.42428571428571427,1,1024,320,1.0,319.6740051388333,0.9989812660588541,0.9989812660588541,0.0010187339411459329,0.04133776508328139,0.0010187339411461367,1.5787418464872305,0.31250000000000006,0.009683788661476173,0.0,0.0
n1024_m320_s0.444490_seed0.h5,320,0.44448979591836735,0,1024,320,1.0,319.6775752044923,0.9989924225140385,0.9989924225140385,0.001007577485961475,0.043946046489421894,0.001007577485961778,1.6747861017787729,0.3125000000000001,0.008656650052231213,0.00044314794310902454,0.0
n1024_m320_s0.444490_seed1.h5,320,0.44448979591836735,1,1024,320,1.0,319.6709340950765,0.9989716690471141,0.9989716690471141,0.001028330952885903,0.043982940096219746,0.001028330952886182,1.673336267197697,0.3125000000000001,0.008657036735551243,0.0011168261455824957,0.0
n1024_m320_s0.464694_seed0.h5,320,0.4646938775510204,0,1024,320,1.0,319.6407390079985,0.9988773093999953,0.9988773093999953,0.0011226906000046943,0.047677870960815424,0.0011226906000051994,1.7519582758789032,0.31250000000000017,0.007802090209163888,0.00747964120419768,0.0
n1024_m320_s0.464694_seed1.h5,320,0.4646938775510204,1,1024,320,1.0,319.6456259751867,0.9988925811724585,0.9988925811724585,0.0011074188275415064,0.0473907890550893,0.0011074188275418718,1.7515678259259504,0.3125000000000001,0.007912270241756548,0.007277706098098818,0.0
n1024_m320_s0.484898_seed0.h5,320,0.48489795918367345,0,1024,320,1.0,319.6121725999401,0.9987880393748128,0.9987880393748128,0.0012119606251872472,0.05040085548033917,0.0012119606251876336,1.814783467838885,0.3125000000000001,0.0072344506957824585,0.007231959214677117,0.0
n1024_m320_s0.484898_seed1.h5,320,0.48489795918367345,1,1024,320,1.0,319.6151799922227,0.9987974374756959,0.9987974374756959,0.0012025625243040627,0.05036963043118554,0.0012025625243044856,1.8149687376149353,0.3125000000000001,0.007308724343526865,0.00727677416923001,0.0
n1024_m320_s0.505102_seed0.h5,320,0.5051020408163265,0,1024,320,1.0,319.58200169631164,0.9986937553009738,0.9986937553009738,0.0013062446990261822,0.05328443853613925,0.0013062446990265409,1.865528378154042,0.3125000000000001,0.006849172092522141,0.006846805855192467,0.0
n1024_m320_s0.505102_seed1.h5,320,0.5051020408163265,1,1024,320,1.0,319.5916378196853,0.9987238681865165,0.9987238681865165,0.0012761318134835165,0.05255342389066895,0.0012761318134838179,1.8650329098394174,0.3125000000000001,0.006927836026859607,0.006914260194180617,0.0
n1024_m320_s0.525306_seed0.h5,320,0.5253061224489796,0,1024,320,1.0,319.57020140392706,0.9986568793872721,0.9986568793872721,0.0013431206127278994,0.05438478003632228,0.0013431206127284435,1.9055904018764822,0.3125000000000001,0.006636624186933632,0.0066242777226538235,0.0005381239420119361
n1024_m320_s0.525306_seed1.h5,320,0.5253061224489796,1,1024,320,1.0,319.57568487376557,0.9986740152305174,0.9986740152305174,0.0013259847694826465,0.054056441419852934,0.0013259847694830002,1.9052102405710813,0.3125000000000001,0.0066560471770828215,0.0066546071837298385,0.00014713895945317639
n1024_m320_s0.545510_seed0.h5,320,0.5455102040816326,0,1024,320,1.0,319.55169088346884,0.9985990340108402,0.9985990340108402,0.0014009659891598414,0.056194116690167994,0.0014009659891604305,1.9375936619414702,0.3125000000000001,0.006390959298417581,0.006379974060286874,0.0028767122919120527
n1024_m320_s0.545510_seed1.h5,320,0.5455102040816326,1,1024,320,1.0,319.5586057633627,0.9986206430105085,0.9986206430105085,0.0013793569894915425,0.05583168590801487,0.0013793569894917602,1.9377303818089249,0.31250000000000006,0.006452106579758766,0.006452106579758766,0.002212438958063362
n1024_m320_s0.565714_seed0.h5,320,0.5657142857142857,0,1024,320,1.0,319.5456886549946,0.9985802770468581,0.9985802770468581,0.0014197229531418554,0.05689132341362231,0.0014197229531423465,1.963492260056072,0.3125000000000001,0.006273633405602598,0.006222161122841705,0.003923497064498118
n1024_m320_s0.565714_seed1.h5,320,0.5657142857142857,1,1024,320,1.0,319.5494490361307,0.9985920282379084,0.9985920282379084,0.00140797176209162,0.05678442788104088,0.0014079717620920226,1.9637036877014928,0.3125000000000001,0.006320081857269374,0.00630940486465364,0.003851698770039978
n1024_m320_s0.585918_seed0.h5,320,0.5859183673469388,0,1024,320,1.0,319.53789474861696,0.998555921089428,0.998555921089428,0.0014440789105719665,0.05804381797063327,0.001444078910572379,1.9841463543376041,0.3125000000000001,0.006282878847019999,0.006251681668898845,0.004460653183959202
n1024_m320_s0.585918_seed1.h5,320,0.5859183673469388,1,1024,320,1.0,319.5378001620993,0.9985556255065603,0.9985556255065603,0.001444374493439704,0.05802604922146071,0.001444374493440067,1.9844148352916373,0.3125000000000001,0.006251734181815405,0.006210569065665536,0.004583912897897698
n1024_m320_s0.606122_seed0.h5,320,0.6061224489795918,0,1024,320,1.0,319.5291571621783,0.9985286161318072,0.9985286161318072,0.0014713838681927882,0.05913304226998744,0.0014713838681932204,2.0014676907489823,0.31250000000000017,0.006202711177427854,0.006047086026098241,0.004451723548893582
n1024_m320_s0.606122_seed1.h5,320,0.6061224489795918,1,1024,320,1.0,319.5332183521241,0.9985413073503878,0.9985413073503878,0.001458692649612181,0.058860273127175504,0.001458692649612479,2.001374295671014,0.3125000000000001,0.006259024467026681,0.006200794002401311,0.00450597022863519
n1024_m320_s0.626327_seed0.h5,320,0.6263265306122449,0,1024,320,1.0,319.52281802054495,0.9985088063142029,0.9985088063142029,0.0014911936857970876,0.06012889297518897,0.0014911936857975945,2.0157454362913443,0.31250000000000017,0.006284358408300885,0.006181331681460121,0.004739551439882035
n1024_m320_s0.626327_seed1.h5,320,0.6263265306122449,1,1024,320,1.0,319.52762378007174,0.9985238243127241,0.9985238243127241,0.0014761756872758713,0.05962565109432644,0.001476175687276329,2.015559999804533,0.31250000000000017,0.006286235080140553,0.00625015669830598,0.0046276096895886435
n1024_m320_s0.646531_seed0.h5,320,0.6465306122448979,0,1024,320,1.0,319.52192587661557,0.9985060183644237,0.9985060183644237,0.0014939816355763469,0.06123932901176262,0.0014939816355767697,2.0274367614591986,0.31250000000000017,0.00626404197426014,0.005869324543820017,0.004326839799633832
n1024_m320_s0.646531_seed1.h5,320,0.6465306122448979,1,1024,320,1.0,319.5200330018997,0.9985001031309366,0.9985001031309366,0.0014998968690633774,0.06075485733841611,0.0014998968690637206,2.027479052364817,0.3125000000000001,0.006315547762768034,0.006246655397679285,0.0046339905238397495
n1024_m320_s0.666735_seed0.h5,320,0.666734693877551,0,1024,320,1.0,319.51487645693123,0.9984839889279101,0.9984839889279101,0.0015160110720898734,0.06259484517499828,0.0015160110720903004,2.0377854950710144,0.3125000000000001,0.006237086301247862,0.005636419131131615,0.0043980240130832605
n1024_m320_s0.666735_seed1.h5,320,0.666734693877551,1,1024,320,1.0,319.5057369992137,0.9984554281225428,0.9984554281225428,0.001544571877457157,0.06249741626554382,0.0015445718774576359,2.0377156572643464,0.3125000000000001,0.0063964123182020825,0.006273802925852787,0.004520545284937871
n1024_m320_s0.686939_seed0.h5,320,0.6869387755102041,0,1024,320,1.0,319.50067362049595,0.9984396050640498,0.9984396050640498,0.0015603949359501712,0.06388457307004712,0.0015603949359505444,2.0466653347139983,0.3125000000000001,0.006488153317285639,0.006110287668064058,0.004377029024162929
n1024_m320_s0.686939_seed1.h5,320,0.6869387755102041,1,1024,320,1.0,319.4975374666974,0.9984298045834293,0.9984298045834293,0.0015701954165706633,0.06421352445207708,0.001570195416571021,2.0467138356490318,0.3125000000000001,0.006443059592097544,0.006072431344247914,0.004318902486816419
n1024_m320_s0.707143_seed0.h5,320,0.7071428571428571,0,1024,320,1.0,319.49186485400423,0.9984120776687633,0.9984120776687633,0.001587922331236724,0.06548672489962522,0.001587922331237283,2.054708848514463,0.31250000000000017,0.006513927628531585,0.005934778539127999,0.0040977479479474485
n1024_m320_s0.707143_seed1.h5,320,0.7071428571428571,1,1024,320,1.0,319.49638580484316,0.9984262056401348,0.9984262056401348,0.001573794359865155,0.06519701941537098,0.0015737943598655155,2.0543779031329463,0.3125000000000001,0.006459900883140757,0.005782191812321105,0.004129461112606964
n1024_m320_s0.727347_seed0.h5,320,0.7273469387755102,0,1024,320,1.0,319.6403193457518,0.9988759979554743,0.9988759979554743,0.0011240020445256738,0.07183722580799218,0.0011240020445262718,2.1431328613326466,0.3125000000000002,0.0,0.0,0.0
n1024_m320_s0.727347_seed1.h5,320,0.7273469387755102,1,1024,320,1.0,319.64063208084553,0.9988769752526423,0.9988769752526423,0.0011230247473577037,0.07177337803106143,0.0011230247473582432,2.1432170168938542,0.31250000000000017,0.0,0.0,0.0
n1024_m320_s0.747551_seed0.h5,320,0.7475510204081632,0,1024,320,1.0,319.58569101663306,0.9987052844269784,0.9987052844269784,0.001294715573021632,0.08418827492778143,0.001294715573022225,2.34375809490338,0.31250000000000017,0.0,0.0,0.0
n1024_m320_s0.747551_seed1.h5,320,0.7475510204081632,1,1024,320,1.0,319.58813054300845,0.9987129079469014,0.9987129079469014,0.0012870920530986263,0.08388959121969831,0.001287092053099313,2.3433452987971197,0.3125000000000002,0.0,0.0,0.0
n1024_m320_s0.767755_seed0.h5,320,0.7677551020408163,0,1024,320,1.0,319.5812152950093,0.9986912977969041,0.9986912977969041,0.0013087022030958684,0.0898711447028992,0.0013087022030965425,2.4890463910501808,0.31250000000000017,0.0,0.0,0.0
n1024_m320_s0.767755_seed1.h5,320,0.7677551020408163,1,1024,320,1.0,319.58145859255455,0.998692058101733,0.998692058101733,0.0013079418982669955,0.09048736543683145,0.0013079418982676356,2.5069519550677124,0.3125000000000002,0.0,0.0,0.0
n1024_m320_s0.787959_seed0.h5,320,0.7879591836734694,0,1024,320,1.0,319.56818235560786,0.9986505698612745,0.9986505698612745,0.0013494301387254604,0.09846395049996007,0.0013494301387263117,2.6858230726529415,0.3125000000000003,0.0,0.0,0.0
n1024_m320_s0.787959_seed1.h5,320,0.7879591836734694,1,1024,320,1.0,319.5730588946026,0.9986658090456331,0.9986658090456331,0.0013341909543669317,0.09785423807136098,0.001334190954367734,2.682927875076245,0.3125000000000003,0.0,0.0,0.0
n1024_m320_s0.808163_seed0.h5,320,0.8081632653061224,0,1024,320,1.0,319.55532715073787,0.9986103973460558,0.9986103973460558,0.0013896026539441664,0.10791037955230122,0.001389602653945186,2.899616485957353,0.31250000000000033,0.0,0.0,0.0
n1024_m320_s0.808163_seed1.h5,320,0.8081632653061224,1,1024,320,1.0,319.5598749987548,0.9986246093711089,0.9986246093711089,0.0013753906288911377,0.10765638577431831,0.0013753906288922774,2.908550291179532,0.31250000000000033,0.0,0.0,0.0
n1024_m320_s0.828367_seed0.h5,320,0.8283673469387755,0,1024,320,1.0,319.5270011870889,0.9985218787096528,0.9985218787096528,0.0014781212903471896,0.12003325340007671,0.0014781212903482671,3.1278009843493386,0.31250000000000033,0.0,0.0,0.0
n1024_m320_s0.828367_seed1.h5,320,0.8283673469387755,1,1024,320,1.0,319.5148660814157,0.998483956504424,0.998483956504424,0.0015160434955759916,0.1214752602261485,0.00151604349557707,3.126405761838418,0.31250000000000033,0.0,0.0,0.0
n1024_m320_s0.848571_seed0.h5,320,0.8485714285714285,0,1024,320,1.0,319.4889675260056,0.9984030235187674,0.9984030235187674,0.0015969764812325815,0.1332017201455483,0.0015969764812337557,3.3391725044242193,0.3125000000000004,0.0,0.0,0.0
n1024_m320_s0.848571_seed1.h5,320,0.8485714285714285,1,1024,320,1.0,319.4811264872551,0.9983785202726722,0.9983785202726722,0.0016214797273278458,0.13442492781888474,0.0016214797273289814,3.3445979847374963,0.31250000000000033,0.0,0.0,0.0
n1024_m320_s0.868776_seed0.h5,320,0.8687755102040816,0,1024,320,1.0,319.4325097501278,0.9982265929691494,0.9982265929691494,0.0017734070308506045,0.14790008484973552,0.0017734070308521126,3.518319507048949,0.31250000000000044,0.0,0.0,0.0
n1024_m320_s0.868776_seed1.h5,320,0.8687755102040816,1,1024,320,1.0,319.4414037168026,0.9982543866150081,0.9982543866150081,0.0017456133849919064,0.14680072695332994,0.0017456133849931387,3.5198132576181718,0.3125000000000004,0.0,0.0,0.0
n1024_m320_s0.888980_seed0.h5,320,0.8889795918367347,0,1024,320,1.0,319.36233538389206,0.9980072980746627,0.9980072980746627,0.0019927019253372924,0.1645415877574273,0.0019927019253387856,3.6944019297640116,0.31250000000000044,0.0,0.0,0.0
n1024_m320_s0.888980_seed1.h5,320,0.8889795918367347,1,1024,320,1.0,319.3711029589176,0.9980346967466176,0.9980346967466176,0.0019653032533824,0.1634374311417877,0.0019653032533838255,3.694162700158167,0.31250000000000044,0.0,0.0,0.0
n1024_m320_s0.909184_seed0.h5,320,0.9091836734693878,0,1024,320,1.0,319.27187263965607,0.9977246019989252,0.9977246019989252,0.002275398001074791,0.18392953592305453,0.0022753980010762442,3.864120580958008,0.31250000000000044,0.0,0.0,0.0
n1024_m320_s0.909184_seed1.h5,320,0.9091836734693878,1,1024,320,1.0,319.2778545618057,0.9977432955056429,0.9977432955056429,0.002256704494357109,0.18330097861021247,0.0022567044943585064,3.8669388483383487,0.31250000000000044,0.0,0.0,0.0
n1024_m320_s0.929388_seed0.h5,320,0.9293877551020407,0,1024,320,1.0,319.17303985357285,0.9974157495424152,0.9974157495424152,0.0025842504575848135,0.20430046064715418,0.002584250457586251,4.027402623738356,0.31250000000000044,0.0,0.0,0.0
n1024_m320_s0.929388_seed1.h5,320,0.9293877551020407,1,1024,320,1.0,319.17287281155586,0.9974152275361121,0.9974152275361121,0.0025847724638878855,0.20429419383906272,0.002584772463889424,4.025525446634512,0.31250000000000044,0.0,0.0,0.0
n1024_m320_s0.949592_seed0.h5,320,0.9495918367346938,0,1024,320,1.0,318.99885150790215,0.9968714109621942,0.9968714109621942,0.0031285890378057735,0.23135182759058878,0.0031285890378071166,4.146580496695793,0.31250000000000044,0.0,0.0,0.0
n1024_m320_s0.949592_seed1.h5,320,0.9495918367346938,1,1024,320,1.0,319.0169687271118,0.9969280272722244,0.9969280272722244,0.003071972727775596,0.22924411608798503,0.003071972727776941,4.146500262368279,0.31250000000000044,0.0,0.0,0.0
n1024_m320_s0.969796_seed0.h5,320,0.9697959183673469,0,1024,320,1.0,318.67465594410896,0.9958582998253405,0.9958582998253405,0.004141700174659535,0.26738327657677013,0.004141700174660752,4.167078281836147,0.31250000000000044,0.0,0.0,0.0
n1024_m320_s0.969796_seed1.h5,320,0.9697959183673469,1,1024,320,1.0,318.6612884402275,0.9958165263757109,0.9958165263757109,0.004183473624289058,0.2685932729778769,0.004183473624290366,4.165209755182436,0.3125000000000004,0.0,0.0,0.0
n1024_m320_s0.990000_seed0.h5,320,0.99,0,1024,320,1.0,317.34698063135147,0.9917093144729734,0.9917093144729734,0.008290685527026609,0.3501011941292186,0.008290685527028144,3.8688704551073467,0.3125000000000005,0.0068967946215783464,0.0,0.0
n1024_m320_s0.990000_seed1.h5,320,0.99,1,1024,320,1.0,317.3109169304371,0.9915966154076159,0.9915966154076159,0.0084033845923841,0.3525365890998647,0.008403384592385595,3.8684469044499425,0.31250000000000044,0.009719663969959774,0.0,0.0
n1024_m32_s0.000000_seed0.h5,32,0.0,0,1024,32,1.0,31.998965814091207,0.9999676816903502,0.9999676816903502,3.231830964978144e-05,0.005473482855976013,3.2318309650393886e-05,1.0000903716627925,0.03125000000000002,0.0,0.0,0.0
n1024_m32_s0.000000_seed1.h5,32,0.0,1,1024,32,1.0,31.998632075039495,0.9999572523449842,0.9999572523449842,4.274765501577349e-05,0.006248157700219753,4.274765501593586e-05,1.000228769492897,0.03125000000000001,0.0,0.0,0.0
n1024_m32_s0.020204_seed0.h5,32,0.02020408163265306,0,1024,32,1.0,31.998829561809544,0.9999634238065482,0.9999634238065482,3.657619345176499e-05,0.005833539875889747,3.6576193451928166e-05,1.0002197082280981,0.03125,0.0,0.0,0.0
n1024_m32_s0.020204_seed1.h5,32,0.02020408163265306,1,1024,32,1.0,31.99830012786697,0.9999468789958428,0.9999468789958428,5.312100415721943e-05,0.0070175660291998294,5.3121004157296505e-05,1.000176882985191,0.03125,0.0,0.0,0.0
n1024_m32_s0.040408_seed0.h5,32,0.04040816326530612,0,1024,32,1.0,31.99860369999078,0.9999563656247119,0.9999563656247119,4.3634375288093e-05,0.006386480219456769,4.3634375288171466e-05,1.0006172813188048,0.03125,0.0,0.0,0.0
n1024_m32_s0.040408_seed1.h5,32,0.04040816326530612,1,1024,32,1.0,31.997661603745655,0.9999269251170517,0.9999269251170517,7.307488294827635e-05,0.008172119534651879,7.307488294807533e-05,1.0000975248844834,0.031249999999999997,0.0,0.0,0.0
n1024_m32_s0.060612_seed0.h5,32,0.06061224489795918,0,1024,32,1.0,31.998159864218906,0.9999424957568408,0.9999424957568408,5.7504243159200996e-05,0.007313944479618081,5.750424315899451e-05,1.0005791930329961,0.031249999999999993,0.0,0.0,0.0
n1024_m32_s0.060612_seed1.h5,32,0.06061224489795918,1,1024,32,1.0,31.99745201150654,0.9999203753595793,0.9999203753595793,7.962464042066131e-05,0.008616012613326037,7.962464042085285e-05,1.0003249077322405,0.03125000000000001,0.0,0.0,0.0
n1024_m32_s0.080816_seed0.h5,32,0.08081632653061224,0,1024,32,1.0,31.997695408987056,0.9999279815308455,0.9999279815308455,7.201846915450005e-05,0.00816820154885333,7.201846915458737e-05,1.0007925600747076,0.03125,0.0,0.0,0.0
n1024_m32_s0.080816_seed1.h5,32,0.08081632653061224,1,1024,32,1.0,31.99644468295446,0.9998888963423269,0.9998888963423269,0.00011110365767308394,0.010116166904416307,0.0001111036576731311,1.0003089088952035,0.03125,0.0,0.0,0.0
n1024_m32_s0.101020_seed0.h5,32,0.1010204081632653,0,1024,32,1.0,31.997175192111172,0.9999117247534741,0.9999117247534741,8.827524652588181e-05,0.009049969294187868,8.827524652591522e-05,1.0008407585444188,0.03125,0.0,0.0,0.0
n1024_m32_s0.101020_seed1.h5,32,0.1010204081632653,1,1024,32,1.0,31.99532831740362,0.9998540099188631,0.9998540099188631,0.00014599008113691525,0.011528084002753841,0.0001459900811372937,1.0006056100492873,0.031250000000000014,0.0,0.0,0.0
n1024_m32_s0.121224_seed0.h5,32,0.12122448979591836,0,1024,32,1.0,31.9966020331849,0.9998938135370281,0.9998938135370281,0.00010618646297189116,0.009913168006451088,0.00010618646297220955,1.0009807082546969,0.031250000000000014,0.0,0.0,0.0
n1024_m32_s0.121224_seed1.h5,32,0.12122448979591836,1,1024,32,1.0,31.99464674583578,0.9998327108073681,0.9998327108073681,0.0001672891926318698,0.012351421807313563,0.00016728919263196685,1.0003677454414879,0.03125,0.0,0.0,0.0
n1024_m32_s0.141429_seed0.h5,32,0.14142857142857143,0,1024,32,1.0,31.996039464502246,0.9998762332656952,0.9998762332656952,0.00012376673430480878,0.010670848203515623,0.00012376673430517982,1.0010822993808355,0.031250000000000014,0.0,0.0,0.0
n1024_m32_s0.141429_seed1.h5,32,0.14142857142857143,1,1024,32,1.0,31.99195192805928,0.9997484977518525,0.9997484977518525,0.0002515022481475171,0.014847745436128929,0.00025150224814764194,1.000567287260703,0.03125,0.0,0.0,0.0
n1024_m32_s0.161633_seed0.h5,32,0.16163265306122448,0,1024,32,1.0,31.99550086875388,0.9998594021485587,0.9998594021485587,0.0001405978514412709,0.011373932269584256,0.0001405978514416113,1.00139138793544,0.03125000000000001,0.0,0.0,0.0
n1024_m32_s0.161633_seed1.h5,32,0.16163265306122448,1,1024,32,1.0,31.990119959329604,0.9996912487290501,0.9996912487290501,0.00030875127094986965,0.016319929657022503,0.0003087512709502742,1.0004026462063396,0.031250000000000014,0.0,0.0,0.0
n1024_m32_s0.181837_seed0.h5,32,0.18183673469387754,0,1024,32,1.0,31.99482645651733,0.9998383267661666,0.9998383267661666,0.0001616732338334259,0.012168885764190321,0.0001616732338337543,1.0013682968910982,0.031250000000000014,0.0,0.0,0.0
n1024_m32_s0.181837_seed1.h5,32,0.18183673469387754,1,1024,32,1.0,31.98970345837006,0.9996782330740643,0.9996782330740643,0.0003217669259356626,0.01688717682136806,0.0003217669259356061,1.0008392225813383,0.03125,0.0,0.0,0.0
n1024_m32_s0.202041_seed0.h5,32,0.2020408163265306,0,1024,32,1.0,31.9941175369313,0.9998161730291031,0.9998161730291031,0.00018382697089691646,0.012938600506683932,0.00018382697089713477,1.0016463793230581,0.03125000000000001,0.0,0.0,0.0
n1024_m32_s0.202041_seed1.h5,32,0.2020408163265306,1,1024,32,1.0,31.987419915705686,0.9996068723658027,0.9996068723658027,0.0003931276341972989,0.01831035447023646,0.00039312763419736135,1.0008044130763494,0.03125,0.0,0.0,0.0
n1024_m32_s0.222245_seed0.h5,32,0.22224489795918367,0,1024,32,1.0,31.99360919510218,0.9998002873469432,0.9998002873469432,0.00019971265305684938,0.013456602464514272,0.0001997126530568006,1.0018053247568264,0.03125,0.0,0.0,0.0
n1024_m32_s0.222245_seed1.h5,32,0.22224489795918367,1,1024,32,1.0,31.988767924907734,0.9996489976533667,0.9996489976533667,0.0003510023466333223,0.017573903041453752,0.0003510023466332588,1.0008893255535878,0.03125,0.0,0.0,0.0
n1024_m32_s0.242449_seed0.h5,32,0.24244897959183673,0,1024,32,1.0,31.99281273122324,0.9997753978507262,0.9997753978507262,0.0002246021492737782,0.014238800330133685,0.00022460214927403705,1.0018185187446729,0.031250000000000014,0.0,0.0,0.0
n1024_m32_s0.242449_seed1.h5,32,0.24244897959183673,1,1024,32,1.0,31.988209075272607,0.999631533602269,0.999631533602269,0.0003684663977310265,0.017961498570231445,0.0003684663977311061,1.0011355959603059,0.03125,0.0,0.0,0.0
n1024_m32_s0.262653_seed0.h5,32,0.2626530612244898,0,1024,32,1.0,31.992188091517164,0.9997558778599114,0.9997558778599114,0.00024412214008862065,0.014816731434314766,0.0002441221400886595,1.0019732942860475,0.03125,0.0,0.0,0.0
n1024_m32_s0.262653_seed1.h5,32,0.2626530612244898,1,1024,32,1.0,31.9879407288754,0.9996231477773563,0.9996231477773563,0.00037685222264371987,0.018168087459223554,0.0003768522226437068,1.0015837365598825,0.03125,0.0,0.0,0.0
n1024_m32_s0.282857_seed0.h5,32,0.28285714285714286,0,1024,32,1.0,31.991538019516156,0.9997355631098799,0.9997355631098799,0.0002644368901201233,0.015373937957927793,0.0002644368901203453,1.0022485734395976,0.03125000000000001,0.0,0.0,0.0
n1024_m32_s0.282857_seed1.h5,32,0.28285714285714286,1,1024,32,1.0,31.98750496734283,0.9996095302294634,0.9996095302294634,0.0003904697705365834,0.018467657977566648,0.0003904697705367734,1.0016976554364807,0.03125000000000001,0.0,0.0,0.0
n1024_m32_s0.303061_seed0.h5,32,0.3030612244897959,0,1024,32,1.0,31.99066787033371,0.9997083709479284,0.9997083709479284,0.00029162905207158474,0.016095767233952157,0.00029162905207166605,1.0024253692151213,0.03125,0.0,0.0,0.0
n1024_m32_s0.303061_seed1.h5,32,0.3030612244897959,1,1024,32,1.0,31.98618765606807,0.9995683642521271,0.9995683642521271,0.0004316357478728605,0.019363154743550458,0.00043163574787323967,1.001820715863856,0.031250000000000014,0.0,0.0,0.0
n1024_m32_s0.323265_seed0.h5,32,0.32326530612244897,0,1024,32,1.0,31.989877045147296,0.999683657660853,0.999683657660853,0.00031634233914701326,0.01673794840821813,0.0003163423391473585,1.0024447847976503,0.031250000000000014,0.0,0.0,0.0
n1024_m32_s0.323265_seed1.h5,32,0.32326530612244897,1,1024,32,1.0,31.985667531276704,0.999552110352397,0.999552110352397,0.00044788964760300587,0.019691356777881513,0.00044788964760289696,1.001936132731688,0.031249999999999993,0.0,0.0,0.0
n1024_m32_s0.343469_seed0.h5,32,0.34346938775510205,0,1024,32,1.0,31.989373465483368,0.9996679207963552,0.9996679207963552,0.00033207920364475285,0.017118842868216213,0.00033207920364478137,1.0025850353875825,0.03125,0.0,0.0,0.0
n1024_m32_s0.343469_seed1.h5,32,0.34346938775510205,1,1024,32,1.0,31.98521992813039,0.9995381227540747,0.9995381227540747,0.00046187724592527957,0.019975490529245094,0.0004618772459255785,1.002264911858923,0.03125000000000001,0.0,0.0,0.0
n1024_m32_s0.363673_seed0.h5,32,0.3636734693877551,0,1024,32,1.0,31.98878290274297,0.9996494657107178,0.9996494657107178,0.00035053428928222274,0.017572058250678934,0.00035053428928229197,1.0027099069983691,0.03125000000000001,0.0,0.0,0.0
n1024_m32_s0.363673_seed1.h5,32,0.3636734693877551,1,1024,32,1.0,31.985493353378843,0.9995466672930888,0.9995466672930888,0.0004533327069111692,0.01979757673267886,0.0004533327069118038,1.0024185910182213,0.031250000000000014,0.0,0.0,0.0
n1024_m32_s0.383878_seed0.h5,32,0.38387755102040816,0,1024,32,1.0,31.98793672598549,0.9996230226870466,0.9996230226870466,0.000376977312953386,0.018154013871512137,0.000376977312953306,1.0027538790498502,0.03125,0.0,0.0,0.0
n1024_m32_s0.383878_seed1.h5,32,0.38387755102040816,1,1024,32,1.0,31.984732530218025,0.9995228915693133,0.9995228915693133,0.0004771084306867124,0.020233268924483887,0.0004771084306870721,1.0025132723325645,0.03125000000000001,0.0,0.0,0.0
n1024_m32_s0.404082_seed0.h5,32,0.4040816326530612,0,1024,32,1.0,31.987299242020526,0.9996031013131415,0.9996031013131415,0.0003968986868585489,0.018592894260893056,0.00039689868685896496,1.002901521358213,0.031250000000000014,0.0,0.0,0.0
n1024_m32_s0.404082_seed1.h5,32,0.4040816326530612,1,1024,32,1.0,31.985084817431925,0.9995339005447477,0.9995339005447477,0.00046609945525233343,0.020010474949605644,0.00046609945525236053,1.0027051981360853,0.03125,0.0,0.0,0.0
n1024_m32_s0.424286_seed0.h5,32,0.42428571428571427,0,1024,32,1.0,31.98302590367166,0.9994695594897394,0.9994695594897394,0.0005304405102606324,0.021781143217113226,0.000530440510261085,1.0063519259477434,0.031250000000000014,0.0,0.0,0.0
n1024_m32_s0.424286_seed1.h5,32,0.42428571428571427,1,1024,32,1.0,31.981249878364906,0.9994140586989033,0.9994140586989033,0.0005859413010966819,0.022689337411625154,0.0005859413010971044,1.0061283593287609,0.031250000000000014,0.0,0.0,0.0
n1024_m32_s0.444490_seed0.h5,32,0.44448979591836735,0,1024,32,1.0,31.971263639123208,0.9991019887226003,0.9991019887226003,0.0008980112773997462,0.03041154842229031,0.000898011277400081,1.0289720709084311,0.031250000000000014,0.00025754009938079315,1.197021074831209e-05,0.0
n1024_m32_s0.444490_seed1.h5,32,0.44448979591836735,1,1024,32,1.0,31.96876460233034,0.9990238938228231,0.9990238938228231,0.0009761061771769164,0.03186860320478961,0.0009761061771772041,1.0289424007468606,0.031250000000000014,0.0002645043496583853,2.4837691749922466e-05,0.0
n1024_m32_s0.464694_seed0.h5,32,0.4646938775510204,0,1024,32,1.0,31.956737481763412,0.9986480463051066,0.9986480463051066,0.001351953694893382,0.037571654278448205,0.001351953694893572,1.04416526724113,0.03125000000000001,0.00030698579460527683,1.0293385456621341e-05,0.0
n1024_m32_s0.464694_seed1.h5,32,0.4646938775510204,1,1024,32,1.0,31.958644046208065,0.998707626444002,0.998707626444002,0.0012923735559979832,0.03777936178410436,0.0012923735559979888,1.055280223235366,0.03125,0.0005305612114404666,6.482988821897417e-05,0.0
n1024_m32_s0.484898_seed0.h5,32,0.48489795918367345,0,1024,32,1.0,31.93050948614473,0.9978284214420228,0.9978284214420228,0.0021715785579772273,0.05221449987189867,0.0021715785579770057,1.1405229355738993,0.031249999999999993,0.0010728208651946893,0.0003279259382269363,2.3574577698266582e-05
n1024_m32_s0.484898_seed1.h5,32,0.48489795918367345,1,1024,32,1.0,31.92936389289389,0.997792621652934,0.997792621652934,0.002207378347065969,0.05173699455812432,0.00220737834706599,1.138784907931472,0.03125,0.0007007545850617567,0.00037451524874103587,1.6547080271254615e-05
n1024_m32_s0.505102_seed0.h5,32,0.5051020408163265,0,1024,32,1.0,31.906174153697066,0.9970679423030333,0.9970679423030333,0.0029320576969666945,0.05933008544161674,0.0029320576969668905,1.2330298352395483,0.031250000000000014,0.005937902713764618,0.0005849257284106812,0.00010537024000046324
n1024_m32_s0.505102_seed1.h5,32,0.5051020408163265,1,1024,32,1.0,31.908659165681456,0.9971455989275455,0.9971455989275455,0.0028544010724544933,0.059663087225616626,0.0028544010724544486,1.2279889693909682,0.03125,0.005633808558994312,0.0006067273562926231,8.055689511793543e-05
n1024_m32_s0.525306_seed0.h5,32,0.5253061224489796,0,1024,32,1.0,31.895642310202675,0.9967388221938336,0.9967388221938336,0.0032611778061664154,0.06303939596144431,0.0032611778061667905,1.3180323972085615,0.031250000000000014,0.029152342734353513,0.0005959006804972804,0.00028820678734874127
n1024_m32_s0.525306_seed1.h5,32,0.5253061224489796,1,1024,32,1.0,31.892231112920854,0.9966322222787767,0.9966322222787767,0.0033677777212233195,0.06484905778905703,0.0033677777212234453,1.3431183916114697,0.03125,0.030539517035227455,0.0005873645569135764,0.00035236225317087017
n1024_m32_s0.545510_seed0.h5,32,0.5455102040816326,0,1024,32,1.0,31.879185908099316,0.9962245596281036,0.9962245596281036,0.003775440371896366,0.067465603672942,0.003775440371896608,1.4377906744263869,0.03125000000000001,0.07399998793259441,0.0005824156794793948,0.0004933485422706946
n1024_m32_s0.545510_seed1.h5,32,0.5455102040816326,1,1024,32,1.0,31.88173142060259,0.996304106893831,0.996304106893831,0.0036958931061690237,0.06741686387983586,0.0036958931061692,1.3855409655383986,0.03125000000000001,0.054299753025208855,0.0005894409355933287,0.00039458970510642977
n1024_m32_s0.565714_seed0.h5,32,0.5657142857142857,0,1024,32,1.0,31.854383532627253,0.9954494853946017,0.9954494853946017,0.004550514605398348,0.06832411704087976,0.004550514605398434,1.5457759051527264,0.03125,0.18555724862987108,0.0005831908316638888,0.0005476630505387736
n1024_m32_s0.565714_seed1.h5,32,0.5657142857142857,1,1024,32,1.0,31.850674203662493,0.9953335688644529,0.9953335688644529,0.0046664311355471,0.07038226730308485,0.004666431135547012,1.5221759544177529,0.031249999999999997,0.19156116177873184,0.0005483497952154492,0.00050030455883885
n1024_m32_s0.585918_seed0.h5,32,0.5859183673469388,0,1024,32,1.0,31.839428503189993,0.9949821407246873,0.9949821407246873,0.0050178592753127305,0.06871371001685848,0.005017859275312891,1.6207031742228661,0.03125000000000001,0.23999406295996176,0.0009574364513237427,0.0005482903665854123
n1024_m32_s0.585918_seed1.h5,32,0.5859183673469388,1,1024,32,1.0,31.84935834893622,0.9952924484042569,0.9952924484042569,0.004707551595743098,0.06957977262163732,0.00470755159574296,1.5852848045752557,0.031249999999999993,0.20462676176826045,0.0006479991595756737,0.0005023372227371368
n1024_m32_s0.606122_seed0.h5,32,0.6061224489795918,0,1024,32,1.0,31.828771702872473,0.9946491157147648,0.9946491157147648,0.0053508842852352245,0.06692256673304407,0.005350884285235351,1.6947870563702807,0.03125,0.25294660497854765,0.001638611135429615,0.0005105341895522389
n1024_m32_s0.606122_seed1.h5,32,0.6061224489795918,1,1024,32,1.0,31.830449326109374,0.9947015414409179,0.9947015414409179,0.005298458559082064,0.06870468833802612,0.005298458559081792,1.6647560017130092,0.03124999999999999,0.2573623463315229,0.0019916606821154363,0.0004975169627102363
n1024_m32_s0.626327_seed0.h5,32,0.6263265306122449,0,1024,32,1.0,31.81489572913779,0.9942154915355559,0.9942154915355559,0.005784508464444116,0.0642984934006015,0.0057845084644444775,1.7967308638276627,0.031250000000000014,0.22215148355139733,0.011063909059977966,0.0005472449397859189
n1024_m32_s0.626327_seed1.h5,32,0.6263265306122449,1,1024,32,1.0,31.821065945005103,0.9944083107814095,0.9944083107814095,0.005591689218590545,0.066387491613052,0.005591689218590756,1.737603026224908,0.03125000000000001,0.24428971668673533,0.006062796343944382,0.00045751794925010837
n1024_m32_s0.646531_seed0.h5,32,0.6465306122448979,0,1024,32,1.0,31.811504995836003,0.9941095311198751,0.9941095311198751,0.0058904688801248994,0.061597130353791524,0.005890468880124708,1.8377714821453468,0.031249999999999993,0.19152482184891406,0.020009208981189866,0.0012701786017460023
n1024_m32_s0.646531_seed1.h5,32,0.6465306122448979,1,1024,32,1.0,31.810476230635686,0.9940773822073652,0.9940773822073652,0.00592261779263481,0.06502350067853291,0.0059226177926346435,1.8070146505279638,0.03124999999999999,0.21736358283538865,0.01280178805367412,0.0005160109033117482
n1024_m32_s0.666735_seed0.h5,32,0.666734693877551,0,1024,32,1.0,31.802970548640587,0.9938428296450184,0.9938428296450184,0.006157170354981645,0.06049395913227101,0.006157170354981607,1.8819272730456644,0.03125,0.16035725126933703,0.03327728720837134,0.0015497303184227168
n1024_m32_s0.666735_seed1.h5,32,0.666734693877551,1,1024,32,1.0,31.80328205495607,0.9938525642173772,0.9938525642173772,0.006147435782622779,0.060667333317287096,0.006147435782622696,1.8809072287819728,0.03125,0.16230617340470166,0.033632356597500745,0.0015781760280181435
n1024_m32_s0.686939_seed0.h5,32,0.6869387755102041,0,1024,32,1.0,31.809113233844982,0.9940347885576557,0.9940347885576557,0.005965211442344298,0.05348399573790093,0.005965211442344043,1.956377693121825,0.031249999999999993,0.10094889007009862,0.05487974454959156,0.009361479571025434
n1024_m32_s0.686939_seed1.h5,32,0.6869387755102041,1,1024,32,1.0,31.80390853618883,0.9938721417559009,0.9938721417559009,0.006127858244099116,0.05741789687280457,0.006127858244099031,1.9235619909605342,0.03125,0.13164718103988804,0.046238954689035106,0.0042573259853802645
n1024_m32_s0.707143_seed0.h5,32,0.7071428571428571,0,1024,32,1.0,31.83102488980876,0.9947195278065237,0.9947195278065237,0.005280472193476271,0.04743013940021867,0.005280472193476676,1.9973199828509753,0.031250000000000014,0.07019211931387961,0.05196411923503086,0.016658135946806183
n1024_m32_s0.707143_seed1.h5,32,0.7071428571428571,1,1024,32,1.0,31.842756128175097,0.9950861290054718,0.9950861290054718,0.004913870994528224,0.045025253192891655,0.004913870994528107,1.997055959335038,0.031249999999999997,0.07031161882269067,0.046615281358651,0.015432100291296054
n1024_m32_s0.727347_seed0.h5,32,0.7273469387755102,0,1024,32,1.0,31.88286503124982,0.9963395322265569,0.9963395322265569,0.003660467773443088,0.03677407426021958,0.0036604677734431526,2.037436171196997,0.03125000000000001,0.03918681113964385,0.035381778699676916,0.016819844981826544
n1024_m32_s0.727347_seed1.h5,32,0.7273469387755102,1,1024,32,1.0,31.908093303936766,0.997127915748024,0.997127915748024,0.002872084251976048,0.03466914154309449,0.0028720842519758204,2.037823801512695,0.031249999999999993,0.038885243883938284,0.02524870045298394,0.011179963864142637
n1024_m32_s0.747551_seed0.h5,32,0.7475510204081632,0,1024,32,1.0,31.889089966854954,0.9965340614642173,0.9965340614642173,0.0034659385357826977,0.03676290271714024,0.0034659385357826374,2.045350394582228,0.031249999999999997,0.03942578208158777,0.03240107520796544,0.015688120848639717
n1024_m32_s0.747551_seed1.h5,32,0.7475510204081632,1,1024,32,1.0,31.899498435759597,0.9968593261174874,0.9968593261174874,0.0031406738825126013,0.03805869826491695,0.003140673882512479,2.0689852648068694,0.031249999999999997,0.03916532635925761,0.0268278609093954,0.013873525481155231
n1024_m32_s0.767755_seed0.h5,32,0.7677551020408163,0,1024,32,1.0,31.992329583415994,0.9997602994817498,0.9997602994817498,0.00023970051825017435,0.02886853519825945,0.00023970051824960602,2.1809705118932614,0.031249999999999983,0.0004000484253113154,0.0,0.0
n1024_m32_s0.767755_seed1.h5,32,0.7677551020408163,1,1024,32,1.0,31.909277225695405,0.9971649133029814,0.9971649133029814,0.002835086697018596,0.036808394683517834,0.0028350866970179513,2.1034004001691042,0.03124999999999998,0.03919735246727993,0.02353107077385718,0.012060423349452192
n1024_m32_s0.787959_seed0.h5,32,0.7879591836734694,0,1024,32,1.0,31.991289775767655,0.9997278054927392,0.9997278054927392,0.0002721945072607923,0.03521863320039235,0.00027219450726120495,2.3601278124556,0.031250000000000014,3.3397900521549466e-05,0.0,0.0
n1024_m32_s0.787959_seed1.h5,32,0.7879591836734694,1,1024,32,1.0,31.988866187970416,0.9996520683740755,0.9996520683740755,0.00034793162592450244,0.03456267208882177,0.00034793162592450694,2.263763588520526,0.03125,0.004764410592185091,0.0,0.0
n1024_m32_s0.808163_seed0.h5,32,0.8081632653061224,0,1024,32,1.0,31.97839161571028,0.9993247379909462,0.9993247379909462,0.0006752620090537675,0.06114464070728357,0.0006752620090536154,2.6371677803487974,0.031249999999999997,0.0,0.0,0.0
n1024_m32_s0.808163_seed1.h5,32,0.8081632653061224,1,1024,32,1.0,31.98788027986302,0.9996212587457194,0.9996212587457194,0.00037874125428061234,0.04555068807049793,0.0003787412542802682,2.625898493960009,0.03124999999999999,0.0,0.0,0.0
n1024_m32_s0.828367_seed0.h5,32,0.8283673469387755,0,1024,32,1.0,31.987466235470492,0.9996083198584529,0.9996083198584529,0.0003916801415471127,0.05209784231409869,0.00039168014154683105,2.9014788029980085,0.03124999999999999,0.0,0.0,0.0
n1024_m32_s0.828367_seed1.h5,32,0.8283673469387755,1,1024,32,1.0,31.982418591673195,0.9994505809897873,0.9994505809897873,0.0005494190102126595,0.06448566654159611,0.0005494190102124246,2.8947058324620856,0.031249999999999993,0.0,0.0,0.0
n1024_m32_s0.848571_seed0.h5,32,0.8485714285714285,0,1024,32,1.0,31.98214802856819,0.9994421258927559,0.9994421258927559,0.0005578741072440607,0.07027338775473989,0.000557874107244153,3.170432881866574,0.03125000000000001,0.0,0.0,0.0
n1024_m32_s0.848571_seed1.h5,32,0.8485714285714285,1,1024,32,1.0,31.976412542691833,0.9992628919591198,0.9992628919591198,0.00073710804088023,0.08293355605563331,0.0007371080408805222,3.158531205680308,0.031250000000000014,0.0,0.0,0.0
n1024_m32_s0.868776_seed0.h5,32,0.8687755102040816,0,1024,32,1.0,31.98013278286453,0.9993791494645166,0.9993791494645166,0.0006208505354834415,0.0819498648414442,0.0006208505354834196,3.466979339740529,0.03125,0.0,0.0,0.0
n1024_m32_s0.868776_seed1.h5,32,0.8687755102040816,1,1024,32,1.0,31.970914977166103,0.9990910930364407,0.9990910930364407,0.000908906963559275,0.10179473665090626,0.0009089069635591495,3.5403011054062175,0.03125,0.0,0.0,0.0
n1024_m32_s0.888980_seed0.h5,32,0.8889795918367347,0,1024,32,1.0,31.966474156390177,0.998952317387193,0.998952317387193,0.001047682612806966,0.12462450559927535,0.0010476826128065241,4.0289096619201805,0.031249999999999986,0.0,0.0,0.0
n1024_m32_s0.888980_seed1.h5,32,0.8889795918367347,1,1024,32,1.0,31.956494130387,0.9986404415745938,0.9986404415745938,0.0013595584254062487,0.14242814345261084,0.0013595584254060405,4.051212073850988,0.031249999999999993,0.0,0.0,0.0
n1024_m32_s0.909184_seed0.h5,32,0.9091836734693878,0,1024,32,1.0,31.977527549102888,0.9992977359094652,0.9992977359094652,0.0007022640905347544,0.1230710651398634,0.0007022640905349291,4.691617683145686,0.03125000000000001,0.0,0.0,0.0
n1024_m32_s0.909184_seed1.h5,32,0.9091836734693878,1,1024,32,1.0,31.971642802216593,0.9991138375692685,0.9991138375692685,0.0008861624307314742,0.1341402245446797,0.0008861624307315184,4.678712437958428,0.03125,0.0,0.0,0.0
n1024_m32_s0.929388_seed0.h5,32,0.9293877551020407,0,1024,32,1.0,31.97795307006345,0.9993110334394828,0.9993110334394828,0.0006889665605172013,0.1426225322799131,0.0006889665605166761,5.485667462782853,0.031249999999999983,0.0,0.0,0.0
n1024_m32_s0.929388_seed1.h5,32,0.9293877551020407,1,1024,32,1.0,31.97668554174743,0.9992714231796072,0.9992714231796072,0.0007285768203928455,0.14810450171196568,0.0007285768203927366,5.531545323549391,0.03125,0.0,0.0,0.0
n1024_m32_s0.949592_seed0.h5,32,0.9495918367346938,0,1024,32,1.0,31.98729836532766,0.9996030739164894,0.9996030739164894,0.000396926083510607,0.13615384382274384,0.00039692608351044696,6.893433935360329,0.031249999999999993,0.0,0.0,0.0
n1024_m32_s0.949592_seed1.h5,32,0.9495918367346938,1,1024,32,1.0,31.98667533995831,0.9995836043736972,0.9995836043736972,0.00041639562630280125,0.13926332063788305,0.00041639562630294366,6.876807013997956,0.03125,0.0,0.0,0.0
n1024_m32_s0.969796_seed0.h5,32,0.9697959183673469,0,1024,32,1.0,31.986960179772723,0.9995925056178976,0.9995925056178976,0.0004074943821024135,0.20041577244383255,0.0004074943821021934,9.998203593728855,0.031249999999999993,0.0,0.0,0.0
n1024_m32_s0.969796_seed1.h5,32,0.9697959183673469,1,1024,32,1.0,31.98788777680329,0.9996214930251028,0.9996214930251028,0.00037850697489716367,0.19442764448651023,0.0003785069748970105,10.089167372436556,0.03125,0.0,0.0,0.0
n1024_m32_s0.990000_seed0.h5,32,0.99,0,1024,32,1.0,31.987873887526803,0.9996210589852126,0.9996210589852126,0.00037894101478741504,0.4692559448489959,0.00037894101478742854,24.29855480189834,0.03125,0.0,0.0,0.0
n1024_m32_s0.990000_seed1.h5,32,0.99,1,1024,32,1.0,31.987182012970152,0.9995994379053172,0.9995994379053172,0.00040056209468275483,0.4849959824584715,0.00040056209468299374,24.426768335536266,0.03125000000000001,0.0,0.0,0.0
n1024_m336_s0.000000_seed0.h5,336,0.0,0,1024,336,1.0,335.97787950353086,0.99993416518908,0.99993416518908,6.583481092004018e-05,0.00781623509351006,6.583481092135445e-05,1.0055782090758525,0.32812500000000044,0.0,0.0,0.0
n1024_m336_s0.000000_seed1.h5,336,0.0,1,1024,336,1.0,335.97907247381227,0.9999377156958699,0.9999377156958699,6.228430413013353e-05,0.007615954739988325,6.228430413142015e-05,1.0057362476953402,0.3281250000000004,0.0,0.0,0.0
n1024_m336_s0.020204_seed0.h5,336,0.02020408163265306,0,1024,336,1.0,335.97441376826464,0.9999238505007876,0.9999238505007876,7.614949921241898e-05,0.008464539361366102,7.614949921360981e-05,1.0084043927788637,0.3281250000000004,0.0,0.0,0.0
n1024_m336_s0.020204_seed1.h5,336,0.02020408163265306,1,1024,336,1.0,335.97539088857593,0.9999267585969521,0.9999267585969521,7.324140304787452e-05,0.00833994395069889,7.324140304910955e-05,1.0086017005007213,0.32812500000000044,0.0,0.0,0.0
n1024_m336_s0.040408_seed0.h5,336,0.04040816326530612,0,1024,336,1.0,335.9700983647417,0.9999110070379218,0.9999110070379218,8.899296207820484e-05,0.009280121004968552,8.899296207944351e-05,1.0127146499832989,0.3281250000000004,0.0,0.0,0.0
n1024_m336_s0.040408_seed1.h5,336,0.04040816326530612,1,1024,336,1.0,335.97155215493694,0.9999153337944552,0.9999153337944552,8.466620554481441e-05,0.009077497134412636,8.466620554611572e-05,1.0128749901633554,0.32812500000000044,0.0,0.0,0.0
n1024_m336_s0.060612_seed0.h5,336,0.06061224489795918,0,1024,336,1.0,335.9636009183014,0.9998916693997065,0.9998916693997065,0.00010833060029347141,0.010350306184438832,0.00010833060029444051,1.0183848550307797,0.32812500000000033,0.0,0.0,0.0
n1024_m336_s0.060612_seed1.h5,336,0.06061224489795918,1,1024,336,1.0,335.9638303822576,0.9998923523281475,0.9998923523281475,0.00010764767185245105,0.010340137139654735,0.00010764767185344895,1.018470676163577,0.32812500000000033,0.0,0.0,0.0
n1024_m336_s0.080816_seed0.h5,336,0.08081632653061224,0,1024,336,1.0,335.955325480325,0.9998670401200148,0.9998670401200148,0.00013295987998518388,0.011520787966728181,0.00013295987998612763,1.0251099881483778,0.32812500000000033,0.0,0.0,0.0
n1024_m336_s0.080816_seed1.h5,336,0.08081632653061224,1,1024,336,1.0,335.95778290393355,0.9998743538807546,0.9998743538807546,0.0001256461192453706,0.011251088108125175,0.0001256461192463079,1.0252895475726684,0.32812500000000033,0.0,0.0,0.0
n1024_m336_s0.101020_seed0.h5,336,0.1010204081632653,0,1024,336,1.0,335.95127082980616,0.9998549727077565,0.9998549727077565,0.00014502729224352695,0.01213011823725317,0.00014502729224434232,1.0316430411582589,0.3281250000000002,0.0,0.0,0.0
n1024_m336_s0.101020_seed1.h5,336,0.1010204081632653,1,1024,336,1.0,335.95568727677164,0.9998681168951536,0.9998681168951536,0.00013188310484635313,0.0116227425893309,0.0001318831048470598,1.0318322804738944,0.3281250000000002,0.0,0.0,0.0
n1024_m336_s0.121224_seed0.h5,336,0.12122448979591836,0,1024,336,1.0,335.9461135434103,0.9998396236411021,0.9998396236411021,0.0001603763588978735,0.012785561105540764,0.00016037635889854638,1.0378313605957736,0.3281250000000002,0.0,0.0,0.0
n1024_m336_s0.121224_seed1.h5,336,0.12122448979591836,1,1024,336,1.0,335.94743873149855,0.9998435676532695,0.9998435676532695,0.0001564323467304618,0.012707877772164065,0.00015643234673122053,1.0382709773360363,0.3281250000000002,0.0,0.0,0.0
n1024_m336_s0.141429_seed0.h5,336,0.14142857142857143,0,1024,336,1.0,335.9455833799875,0.9998380457737723,0.9998380457737723,0.00016195422622766742,0.013050315823225397,0.00016195422622848125,1.0445521166319531,0.3281250000000003,0.0,0.0,0.0
n1024_m336_s0.141429_seed1.h5,336,0.14142857142857143,1,1024,336,1.0,335.94510399606224,0.9998366190358995,0.9998366190358995,0.0001633809641005124,0.013088696078191336,0.00016338096410107284,1.044381001961407,0.32812500000000017,0.0,0.0,0.0
n1024_m336_s0.161633_seed0.h5,336,0.16163265306122448,0,1024,336,1.0,335.93694600313756,0.9998123392950523,0.9998123392950523,0.00018766070494768972,0.014084472425128237,0.00018766070494836688,1.0508580075122111,0.3281250000000002,0.0,0.0,0.0
n1024_m336_s0.161633_seed1.h5,336,0.16163265306122448,1,1024,336,1.0,335.9388929893903,0.9998181338969949,0.9998181338969949,0.00018186610300507944,0.013899256126749256,0.0001818661030057032,1.050905014895353,0.3281250000000002,0.0,0.0,0.0
n1024_m336_s0.181837_seed0.h5,336,0.18183673469387754,0,1024,336,1.0,335.92914594097965,0.9997891248243442,0.9997891248243442,0.00021087517565576697,0.015014454277904342,0.00021087517565636683,1.057748555036445,0.32812500000000017,0.0,0.0,0.0
n1024_m336_s0.181837_seed1.h5,336,0.18183673469387754,1,1024,336,1.0,335.9332922465255,0.9998014650194212,0.9998014650194212,0.0001985349805787573,0.01460806348016785,0.00019853498057940735,1.0579021203391317,0.3281250000000002,0.0,0.0,0.0
n1024_m336_s0.202041_seed0.h5,336,0.2020408163265306,0,1024,336,1.0,335.92457094774,0.9997755087730357,0.9997755087730357,0.00022449122696432955,0.015602068249543537,0.00022449122696472875,1.0654818381717397,0.32812500000000017,0.0,0.0,0.0
n1024_m336_s0.202041_seed1.h5,336,0.2020408163265306,1,1024,336,1.0,335.924232091289,0.9997745002716935,0.9997745002716935,0.00022549972830654408,0.015663729993048405,0.00022549972830716107,1.0657322821927757,0.3281250000000002,0.0,0.0,0.0
n1024_m336_s0.222245_seed0.h5,336,0.22224489795918367,0,1024,336,1.0,335.9190633804683,0.9997591172037746,0.9997591172037746,0.00024088279622536124,0.016273188204680124,0.0002408827962258579,1.0730099345160213,0.32812500000000017,0.0,0.0,0.0
n1024_m336_s0.222245_seed1.h5,336,0.22224489795918367,1,1024,336,1.0,335.9184652400436,0.9997573370239392,0.9997573370239392,0.00024266297606079235,0.016354905251157043,0.00024266297606125535,1.0736789374145816,0.3281250000000001,0.0,0.0,0.0
n1024_m336_s0.242449_seed0.h5,336,0.24244897959183673,0,1024,336,1.0,335.90862433849543,0.9997280486264745,0.9997280486264745,0.00027195137352553633,0.017409783029788354,0.0002719513735261754,1.0820049574073922,0.3281250000000002,0.0,0.0,0.0
n1024_m336_s0.242449_seed1.h5,336,0.24244897959183673,1,1024,336,1.0,335.90625772290514,0.9997210051276939,0.9997210051276939,0.0002789948723060931,0.01762713565935024,0.00027899487230666887,1.0821986196737634,0.3281250000000002,0.0,0.0,0.0
n1024_m336_s0.262653_seed0.h5,336,0.2626530612244898,0,1024,336,1.0,335.89648247355944,0.9996919121236888,0.9996919121236888,0.0003080878763112027,0.018665074084053733,0.0003080878763115077,1.0915762465967827,0.3281250000000001,0.0,0.0,0.0
n1024_m336_s0.262653_seed1.h5,336,0.2626530612244898,1,1024,336,1.0,335.89956148962665,0.9997010758619841,0.9997010758619841,0.0002989241380159102,0.018371716200209432,0.0002989241380163994,1.0910468290239188,0.3281250000000001,0.0,0.0,0.0
n1024_m336_s0.282857_seed0.h5,336,0.28285714285714286,0,1024,336,1.0,335.88710651434667,0.9996640074831746,0.9996640074831746,0.00033599251682536746,0.019617576918853286,0.000335992516825655,1.1011379643570203,0.3281250000000001,0.0,0.0,0.0
n1024_m336_s0.282857_seed1.h5,336,0.28285714285714286,1,1024,336,1.0,335.88085143353965,0.999645391171249,0.999645391171249,0.00035460882875104627,0.020018121086626046,0.0003546088287517264,1.1014469223570922,0.3281250000000002,6.360123244102871e-06,0.0,0.0
n1024_m336_s0.303061_seed0.h5,336,0.3030612244897959,0,1024,336,1.0,335.86255390007864,0.9995909342264245,0.9995909342264245,0.0004090657735754677,0.02140823422974207,0.0004090657735759633,1.1110944152929538,0.32812500000000017,1.4914166016924261e-05,0.0,0.0
n1024_m336_s0.303061_seed1.h5,336,0.3030612244897959,1,1024,336,1.0,335.87919689416594,0.9996404669469224,0.9996404669469224,0.00035953305307756533,0.0204270216973999,0.0003595330530780382,1.110858756800928,0.32812500000000017,0.0,0.0,0.0
n1024_m336_s0.323265_seed0.h5,336,0.32326530612244897,0,1024,336,1.0,335.8653793538688,0.9995993433150856,0.9995993433150856,0.0004006566849144022,0.02171812294209651,0.00040065668491477604,1.1216770632786561,0.32812500000000017,7.671999865206828e-06,0.0,0.0
n1024_m336_s0.323265_seed1.h5,336,0.32326530612244897,1,1024,336,1.0,335.8641427353432,0.9995956629028071,0.9995956629028071,0.00040433709719289723,0.021842080490819545,0.00040433709719321246,1.1229319570687435,0.3281250000000001,5.102715675804969e-06,0.0,0.0
n1024_m336_s0.343469_seed0.h5,336,0.34346938775510205,0,1024,336,1.0,335.85416829968744,0.9995659770824031,0.9995659770824031,0.00043402291759686573,0.02283548457003441,0.00043402291759757307,1.134157427963858,0.3281250000000002,7.671663842768858e-06,0.0,0.0
n1024_m336_s0.343469_seed1.h5,336,0.34346938775510205,1,1024,336,1.0,335.85527266928693,0.9995692638966873,0.9995692638966873,0.00043073610331267886,0.022783515900471982,0.00043073610331323007,1.1337248923941081,0.3281250000000002,3.402543041813228e-06,0.0,0.0
n1024_m336_s0.363673_seed0.h5,336,0.3636734693877551,0,1024,336,1.0,335.8424773470906,0.9995311825806268,0.9995311825806268,0.0004688174193732131,0.02400659969918793,0.00046881741937364487,1.1466459962280038,0.32812500000000017,8.142102885452486e-06,0.0,0.0
n1024_m336_s0.363673_seed1.h5,336,0.3636734693877551,1,1024,336,1.0,335.8387470102025,0.9995200803875074,0.9995200803875074,0.0004799196124926075,0.024323002485922583,0.00047991961249310223,1.1480867171763955,0.32812500000000017,4.169528160540976e-06,0.0,0.0
n1024_m336_s0.383878_seed0.h5,336,0.38387755102040816,0,1024,336,1.0,335.6981274895079,0.9991015699092497,0.9991015699092497,0.0008984300907503018,0.034793057517377164,0.0008984300907507292,1.1985524888036432,0.3281250000000001,9.567598399719789e-06,0.0,0.0
n1024_m336_s0.383878_seed1.h5,336,0.38387755102040816,1,1024,336,1.0,335.70344555121846,0.9991173974738645,0.9991173974738645,0.0008826025261354786,0.034480532895312346,0.0008826025261358801,1.1991560631663962,0.3281250000000001,5.127819628145117e-06,0.0,0.0
n1024_m336_s0.404082_seed0.h5,336,0.4040816326530612,0,1024,336,1.0,335.67255509246024,0.9990254615847031,0.9990254615847031,0.0009745384152969327,0.0391544598395999,0.0009745384152970722,1.4679847547451903,0.32812500000000006,0.010442322562933853,0.0,0.0
n1024_m336_s0.404082_seed1.h5,336,0.4040816326530612,1,1024,336,1.0,335.67284702317556,0.9990263304261178,0.9990263304261178,0.0009736695738822299,0.03914053598996689,0.0009736695738825904,1.4665887458461428,0.3281250000000001,0.01053636488468873,0.0,0.0
n1024_m336_s0.424286_seed0.h5,336,0.42428571428571427,0,1024,336,1.0,335.6540655166609,0.9989704330853003,0.9989704330853003,0.0010295669146996866,0.04203372767351254,0.0010295669146999174,1.5792190134622033,0.3281250000000001,0.00878758055388749,0.00010910153072269241,0.0
n1024_m336_s0.424286_seed1.h5,336,0.42428571428571427,1,1024,336,1.0,335.6515529451135,0.9989629551937902,0.9989629551937902,0.001037044806209808,0.04222255743102767,0.0010370448062101366,1.5792938855706042,0.3281250000000001,0.008826235840990787,0.0,0.0
n1024_m336_s0.444490_seed0.h5,336,0.44448979591836735,0,1024,336,1.0,335.6494875268836,0.998956808115725,0.998956808115725,0.001043191884275041,0.04517289454101824,0.001043191884275243,1.6748373988365055,0.3281250000000001,0.007963007856269418,0.0018932964864629843,0.0
n1024_m336_s0.444490_seed1.h5,336,0.44448979591836735,1,1024,336,1.0,335.651146262011,0.9989617448274137,0.9989617448274137,0.0010382551725862665,0.04496710665927516,0.001038255172586518,1.6740389847770674,0.3281250000000001,0.007987085572044651,0.0016079252568153657,0.0
n1024_m336_s0.464694_seed0.h5,336,0.4646938775510204,0,1024,336,1.0,335.6285074702755,0.9988943674710581,0.9988943674710581,0.0011056325289419133,0.04822793086828577,0.0011056325289422696,1.7534728402227884,0.3281250000000001,0.007294340667193331,0.0067499323086650815,0.0
n1024_m336_s0.464694_seed1.h5,336,0.4646938775510204,1,1024,336,1.0,335.6279935602215,0.9988928379768497,0.9988928379768497,0.0011071620231503099,0.048260661056471504,0.001107162023150539,1.7527503741901393,0.3281250000000001,0.0073522815982273405,0.006903077698462354,0.0
n1024_m336_s0.484898_seed0.h5,336,0.48489795918367345,0,1024,336,1.0,335.60054529627087,0.9988111467150919,0.9988111467150919,0.0011888532849081423,0.050877795385539624,0.001188853284908568,1.8154921289679185,0.32812500000000017,0.006812056339476317,0.006780487750239482,0.0
n1024_m336_s0.484898_seed1.h5,336,0.48489795918367345,1,1024,336,1.0,335.59969363585697,0.9988086120114791,0.9988086120114791,0.00119138798852092,0.05103977308129158,0.0011913879885213704,1.8157039781270887,0.3281250000000001,0.0068300461574650395,0.006813649073606487,0.0
n1024_m336_s0.505102_seed0.h5,336,0.5051020408163265,0,1024,336,1.0,335.5727173143241,0.9987283253402504,0.9987283253402504,0.0012716746597496442,0.053632141482483,0.0012716746597499053,1.8666263604554914,0.32812500000000006,0.006466275063892304,0.006466275063892304,0.0
n1024_m336_s0.505102_seed1.h5,336,0.5051020408163265,1,1024,336,1.0,335.5721393339336,0.9987266051605166,0.9987266051605166,0.0012733948394834105,0.053588597952993484,0.0012733948394837325,1.8667025204251009,0.3281250000000001,0.006495913505934407,0.006495913505934407,0.0
n1024_m336_s0.525306_seed0.h5,336,0.5253061224489796,0,1024,336,1.0,335.5520935206441,0.998666945001917,0.998666945001917,0.0013330549980830053,0.05560422737270602,0.0013330549980833466,1.9063818283752074,0.3281250000000001,0.006214104226964489,0.006214104226964489,0.00013070828210661332
n1024_m336_s0.525306_seed1.h5,336,0.5253061224489796,1,1024,336,1.0,335.5543401017785,0.9986736312552932,0.9986736312552932,0.0013263687447068184,0.05520900548640815,0.0013263687447072686,1.9065690863529885,0.3281250000000001,0.006218968356826691,0.006218968356826691,1.8949042900035965e-05
n1024_m336_s0.545510_seed0.h5,336,0.5455102040816326,0,1024,336,1.0,335.5346926471684,0.9986151566880013,0.9986151566880013,0.0013848433119987291,0.05720089112655173,0.0013848433119991452,1.93821411824805,0.3281250000000001,0.0060633785789308055,0.0060633785789308055,0.002347171040316711
n1024_m336_s0.545510_seed1.h5,336,0.5455102040816326,1,1024,336,1.0,335.5373796003405,0.9986231535724419,0.9986231535724419,0.0013768464275580872,0.05680234774433387,0.001376846427558411,1.9387388480630277,0.3281250000000001,0.006037275451756506,0.006037275451756506,0.002430112466170515
n1024_m336_s0.565714_seed0.h5,336,0.5657142857142857,0,1024,336,1.0,335.5282067502849,0.9985958534234669,0.9985958534234669,0.001404146576533094,0.057902595305401636,0.001404146576533483,1.9640840256896535,0.3281250000000001,0.005949419063706678,0.005938481737982548,0.0037284677687333904
n1024_m336_s0.565714_seed1.h5,336,0.5657142857142857,1,1024,336,1.0,335.52528815018013,0.9985871671136314,0.9985871671136314,0.0014128328863686201,0.05820717142637477,0.0014128328863690586,1.9643241049567,0.32812500000000017,0.00592653903774852,0.0059136701797928215,0.0037926631945634517
n1024_m336_s0.585918_seed0.h5,336,0.5859183673469388,0,1024,336,1.0,335.5193061919417,0.9985693636664932,0.9985693636664932,0.0014306363335068184,0.05904212601406348,0.001430636333507351,1.9850580639126179,0.32812500000000017,0.005880348301666929,0.005844127900375666,0.0042935248701072085
n1024_m336_s0.585918_seed1.h5,336,0.5859183673469388,1,1024,336,1.0,335.51997568435036,0.9985713562034236,0.9985713562034236,0.0014286437965763676,0.05902914999577866,0.0014286437965767866,1.9850653404424623,0.32812500000000017,0.00586238832871286,0.005812751963101146,0.004307549273145624
n1024_m336_s0.606122_seed0.h5,336,0.6061224489795918,0,1024,336,1.0,335.5107478115242,0.998543892296203,0.998543892296203,0.001456107703797005,0.060007383783326956,0.0014561077037975087,2.0021840467783396,0.32812500000000017,0.005857651148749159,0.005816693323885663,0.004476463365331672
n1024_m336_s0.606122_seed1.h5,336,0.6061224489795918,1,1024,336,1.0,335.5117979228962,0.9985470176276673,0.9985470176276673,0.0014529823723327118,0.05991975255480404,0.001452982372332938,2.002033262392572,0.3281250000000001,0.005846664859880687,0.005834608086611887,0.0044399947424330986
n1024_m336_s0.626327_seed0.h5,336,0.6263265306122449,0,1024,336,1.0,335.4955618320964,0.9984986959288584,0.9984986959288584,0.0015013040711415737,0.06168267822084576,0.001501304071142042,2.01626532138104,0.32812500000000017,0.00588193048671929,0.005861090700699537,0.004342120809022547
n1024_m336_s0.626327_seed1.h5,336,0.6263265306122449,1,1024,336,1.0,335.50713354488835,0.9985331355502629,0.9985331355502629,0.001466864449737093,0.060691628743745556,0.0014668644497374923,2.0159885596248635,0.3281250000000001,0.005868537061461308,0.005756444263667325,0.004254237997859141
n1024_m336_s0.646531_seed0.h5,336,0.6465306122448979,0,1024,336,1.0,335.489863849245,0.9984817376465626,0.9984817376465626,0.0015182623534374384,0.06255304525167273,0.0015182623534378105,2.0277716118348725,0.3281250000000001,0.005887707840438079,0.005812900356093694,0.004554368402640776
n1024_m336_s0.646531_seed1.h5,336,0.6465306122448979,1,1024,336,1.0,335.4952598551754,0.998497797188022,0.998497797188022,0.0015022028119779929,0.06210734677385793,0.0015022028119785133,2.02797899069563,0.32812500000000017,0.0059013333239507915,0.005820698592051491,0.004460841960388417
n1024_m336_s0.666735_seed0.h5,336,0.666734693877551,0,1024,336,1.0,335.4785394950304,0.9984480342114,0.9984480342114,0.0015519657885999516,0.0639777983840842,0.0015519657886003434,2.0378741998113505,0.32812500000000017,0.00598239593942129,0.005853882221849768,0.004384456910488685
n1024_m336_s0.666735_seed1.h5,336,0.666734693877551,1,1024,336,1.0,335.4859458631836,0.9984700769737607,0.9984700769737607,0.0015299230262393326,0.06341562617806382,0.001529923026239769,2.0380045272185527,0.32812500000000017,0.005945567175737911,0.005808371738685779,0.00426515576073332
n1024_m336_s0.686939_seed0.h5,336,0.6869387755102041,0,1024,336,1.0,335.4672062105965,0.9984143041982039,0.9984143041982039,0.0015856958017961276,0.06533121129339957,0.0015856958017965565,2.0466084864871474,0.3281250000000001,0.006079243647950362,0.005844663712202001,0.004279714410539766
n1024_m336_s0.686939_seed1.h5,336,0.6869387755102041,1,1024,336,1.0,335.4791933246888,0.9984499801330025,0.9984499801330025,0.001550019866997543,0.06518469133270331,0.0015500198669980004,2.0465253407630972,0.3281250000000001,0.005888946993428602,0.005514613206164039,0.003953531804769266
n1024_m336_s0.707143_seed0.h5,336,0.7071428571428571,0,1024,336,1.0,335.458742454648,0.9983891144483572,0.9983891144483572,0.0016108855516427933,0.06665203643549963,0.001610885551643283,2.054292253066381,0.32812500000000017,0.006175746803567752,0.005776261031120551,0.004083588968981895
n1024_m336_s0.707143_seed1.h5,336,0.7071428571428571,1,1024,336,1.0,335.468807635596,0.9984190703440358,0.9984190703440358,0.001580929655964236,0.06662116075733816,0.0015809296559646559,2.0543761615320983,0.3281250000000001,0.006051031624372052,0.00550280030567449,0.003871994659588317
n1024_m336_s0.727347_seed0.h5,336,0.7273469387755102,0,1024,336,1.0,335.6215873216279,0.9988737717905591,0.9988737717905591,0.0011262282094408604,0.07118741034680803,0.001126228209441211,2.122169714935777,0.3281250000000001,0.0,0.0,0.0
n1024_m336_s0.727347_seed1.h5,336,0.7273469387755102,1,1024,336,1.0,335.57204823661596,0.9987263340375475,0.9987263340375475,0.001273665962452486,0.07839765546694578,0.001273665962453005,2.198537380255003,0.32812500000000017,0.0,0.0,0.0
n1024_m336_s0.747551_seed0.h5,336,0.7475510204081632,0,1024,336,1.0,335.5419507105835,0.9986367580672127,0.9986367580672127,0.0013632419327872514,0.08591172083025221,0.0013632419327879721,2.3308619734930334,0.3281250000000002,0.0,0.0,0.0
n1024_m336_s0.747551_seed1.h5,336,0.7475510204081632,1,1024,336,1.0,335.5420895703137,0.9986371713402193,0.9986371713402193,0.0013628286597806571,0.08573174032926105,0.0013628286597814978,2.3259608927660307,0.3281250000000002,0.0,0.0,0.0
n1024_m336_s0.767755_seed0.h5,336,0.7677551020408163,0,1024,336,1.0,335.5329701534938,0.9986100302187315,0.9986100302187315,0.0013899697812684852,0.09280565132986936,0.0013899697812691319,2.4935675557539008,0.3281250000000002,0.0,0.0,0.0
n1024_m336_s0.767755_seed1.h5,336,0.7677551020408163,1,1024,336,1.0,335.5410187446978,0.9986339843592196,0.9986339843592196,0.001366015640780427,0.09306283516071256,0.001366015640781149,2.5226265658625686,0.3281250000000002,0.0,0.0,0.0
n1024_m336_s0.787959_seed0.h5,336,0.7879591836734694,0,1024,336,1.0,335.5219237592537,0.9985771540453979,0.9985771540453979,0.00142284595460207,0.10155115885037959,0.0014228459546029954,2.6974209539695018,0.32812500000000033,0.0,0.0,0.0
n1024_m336_s0.787959_seed1.h5,336,0.7879591836734694,1,1024,336,1.0,335.5317179753911,0.9986063034981877,0.9986063034981877,0.0013936965018123137,0.10047960927282856,0.0013936965018132561,2.6964269681967274,0.32812500000000033,0.0,0.0,0.0
n1024_m336_s0.808163_seed0.h5,336,0.8081632653061224,0,1024,336,1.0,335.4961600061506,0.9985004762087816,0.9985004762087816,0.0014995237912184267,0.11145914837331578,0.0014995237912195467,2.884200223850195,0.32812500000000033,0.0,0.0,0.0
n1024_m336_s0.808163_seed1.h5,336,0.8081632653061224,1,1024,336,1.0,335.5043557091849,0.9985248681820978,0.9985248681820978,0.0014751318179021533,0.11092348163939775,0.001475131817903057,2.892507917392281,0.32812500000000033,0.0,0.0,0.0
n1024_m336_s0.828367_seed0.h5,336,0.8283673469387755,0,1024,336,1.0,335.46285295963753,0.9984013480941594,0.9984013480941594,0.0015986519058406312,0.12351199974368814,0.0015986519058418449,3.0958101944397627,0.32812500000000033,0.0,0.0,0.0
n1024_m336_s0.828367_seed1.h5,336,0.8283673469387755,1,1024,336,1.0,335.46153471875004,0.9983974247581846,0.9983974247581846,0.001602575241815396,0.12429098234521203,0.001602575241816516,3.1099246607063566,0.32812500000000044,0.0,0.0,0.0
n1024_m336_s0.848571_seed0.h5,336,0.8485714285714285,0,1024,336,1.0,335.4244673848152,0.9982871053119501,0.9982871053119501,0.0017128946880499152,0.1352762190375391,0.0017128946880512071,3.275307229784366,0.32812500000000044,0.0,0.0,0.0
n1024_m336_s0.848571_seed1.h5,336,0.8485714285714285,1,1024,336,1.0,335.41841381788254,0.998269088743698,0.998269088743698,0.0017309112563019813,0.13603984515411416,0.001730911256303315,3.275374067332809,0.32812500000000044,0.0,0.0,0.0
n1024_m336_s0.868776_seed0.h5,336,0.8687755102040816,0,1024,336,1.0,335.36842319369316,0.9981203071240868,0.9981203071240868,0.0018796928759131637,0.1480488756523113,0.001879692875914417,3.4210639858244747,0.3281250000000004,0.0,0.0,0.0
n1024_m336_s0.868776_seed1.h5,336,0.8687755102040816,1,1024,336,1.0,335.37336310744286,0.9981350092483419,0.9981350092483419,0.0018649907516581354,0.14756565257326154,0.0018649907516594575,3.423894892333891,0.3281250000000004,0.0,0.0,0.0
n1024_m336_s0.888980_seed0.h5,336,0.8889795918367347,0,1024,336,1.0,335.3016830086708,0.9979216756210441,0.9979216756210441,0.0020783243789559425,0.16248080371265905,0.0020783243789572027,3.5699290626816707,0.32812500000000044,0.0,0.0,0.0
n1024_m336_s0.888980_seed1.h5,336,0.8889795918367347,1,1024,336,1.0,335.3060357272625,0.9979346301406622,0.9979346301406622,0.0020653698593378067,0.16191697906834374,0.0020653698593393,3.570527662351691,0.32812500000000056,0.0,0.0,0.0
n1024_m336_s0.909184_seed0.h5,336,0.9091836734693878,0,1024,336,1.0,335.20978677272797,0.9976481749188333,0.9976481749188333,0.002351825081166714,0.1794355557290301,0.002351825081168171,3.709418671384799,0.32812500000000044,0.0,0.0,0.0
n1024_m336_s0.909184_seed1.h5,336,0.9091836734693878,1,1024,336,1.0,335.1957028210163,0.9976062583958819,0.9976062583958819,0.0023937416041180937,0.18104479472722212,0.002393741604119656,3.7090996536086736,0.32812500000000056,0.0,0.0,0.0
n1024_m336_s0.929388_seed0.h5,336,0.9293877551020407,0,1024,336,1.0,335.06963327527046,0.9972310514144954,0.9972310514144954,0.0027689485855045826,0.2013703666217271,0.002768948585506072,3.834571902137949,0.3281250000000005,0.0,0.0,0.0
n1024_m336_s0.929388_seed1.h5,336,0.9293877551020407,1,1024,336,1.0,335.0879031717777,0.9972854261064813,0.9972854261064813,0.0027145738935187014,0.19942202210375579,0.0027145738935202036,3.836261315077063,0.32812500000000056,0.0,0.0,0.0
n1024_m336_s0.949592_seed0.h5,336,0.9495918367346938,0,1024,336,1.0,334.9002144038677,0.9967268285829396,0.9967268285829396,0.0032731714170604054,0.22375279319113348,0.0032731714170619133,3.9216758741614792,0.3281250000000005,0.0,0.0,0.0
n1024_m336_s0.949592_seed1.h5,336,0.9495918367346938,1,1024,336,1.0,334.8929671049118,0.996705259240809,0.996705259240809,0.003294740759191006,0.2243553006000387,0.0032947407591924858,3.919053839155465,0.32812500000000044,0.0,0.0,0.0
n1024_m336_s0.969796_seed0.h5,336,0.9697959183673469,0,1024,336,1.0,334.51639372110367,0.9955845051223323,0.9955845051223323,0.0044154948776676806,0.26013519238631827,0.004415494877669244,3.9263186282173566,0.32812500000000056,0.0,0.0,0.0
n1024_m336_s0.969796_seed1.h5,336,0.9697959183673469,1,1024,336,1.0,334.5222696363926,0.9956019929654542,0.9956019929654542,0.004398007034545848,0.25970078010546627,0.0043980070345472685,3.9299115242748437,0.32812500000000044,0.0,0.0,0.0
n1024_m336_s0.990000_seed0.h5,336,0.99,0,1024,336,1.0,333.0158233344555,0.9911185218287366,0.9911185218287366,0.00888147817126339,0.3417183370736862,0.008881478171264874,3.6506420361929517,0.3281250000000005,0.0597550817183346,0.0,0.0
n1024_m336_s0.990000_seed1.h5,336,0.99,1,1024,336,1.0,332.991840749979,0.9910471450892233,0.9910471450892233,0.008952854910776686,0.34345879080957253,0.008952854910778187,3.6530740778948823,0.32812500000000044,0.07034417627702191,0.0,0.0
n1024_m352_s0.000000_seed0.h5,352,0.0,0,1024,352,1.0,351.9743980549101,0.9999272672014492,0.9999272672014492,7.273279855080084e-05,0.008178240651876233,7.273279855197351e-05,1.006380189574888,0.34375000000000044,0.0,0.0,0.0
n1024_m352_s0.000000_seed1.h5,352,0.0,1,1024,352,1.0,351.97785613521773,0.9999370912932322,0.9999370912932322,6.29087067678391e-05,0.007644373911242604,6.290870676918323e-05,1.0064152110403648,0.34375000000000044,0.0,0.0,0.0
n1024_m352_s0.020204_seed0.h5,352,0.02020408163265306,0,1024,352,1.0,351.97453614768165,0.9999276595104593,0.9999276595104593,7.234048954074535e-05,0.008307715599702361,7.234048954203392e-05,1.0094014869258845,0.34375000000000044,0.0,0.0,0.0
n1024_m352_s0.020204_seed1.h5,352,0.02020408163265306,1,1024,352,1.0,351.974289719692,0.9999269594309432,0.9999269594309432,7.304056905677037e-05,0.008298212465605723,7.304056905806999e-05,1.009332254660853,0.34375000000000044,0.0,0.0,0.0
n1024_m352_s0.040408_seed0.h5,352,0.04040816326530612,0,1024,352,1.0,351.9720374556491,0.9999205609535486,0.9999205609535486,7.943904645135724e-05,0.008818473821714938,7.943904645254919e-05,1.0138615330848977,0.3437500000000004,0.0,0.0,0.0
n1024_m352_s0.040408_seed1.h5,352,0.04040816326530612,1,1024,352,1.0,351.97136099229465,0.9999186391826552,0.9999186391826552,8.136081734477774e-05,0.008909059110932437,8.136081734593762e-05,1.013737689659231,0.3437500000000004,0.0,0.0,0.0
n1024_m352_s0.060612_seed0.h5,352,0.06061224489795918,0,1024,352,1.0,351.96533330022794,0.9999015150574657,0.9999015150574657,9.848494253428264e-05,0.009910192075428108,9.848494253525083e-05,1.019418335741828,0.34375000000000033,0.0,0.0,0.0
n1024_m352_s0.060612_seed1.h5,352,0.06061224489795918,1,1024,352,1.0,351.96600082809164,0.9999034114434422,0.9999034114434422,9.65885565578084e-05,0.009847986022762878,9.658855655907569e-05,1.0194848100132672,0.34375000000000044,0.0,0.0,0.0
n1024_m352_s0.080816_seed0.h5,352,0.08081632653061224,0,1024,352,1.0,351.96044944083405,0.9998876404569149,0.9998876404569149,0.00011235954308508322,0.010673327033459306,0.0001123595430860889,1.0260454524674059,0.34375000000000033,0.0,0.0,0.0
n1024_m352_s0.080816_seed1.h5,352,0.08081632653061224,1,1024,352,1.0,351.9611067407677,0.999889507786272,0.999889507786272,0.00011049221372805285,0.010613085066837788,0.000110492213729011,1.0261304714348234,0.3437500000000003,0.0,0.0,0.0
n1024_m352_s0.101020_seed0.h5,352,0.1010204081632653,0,1024,352,1.0,351.95214111388486,0.9998640372553548,0.9998640372553548,0.00013596274464522384,0.011806206098100335,0.00013596274464604987,1.0321196395056178,0.3437500000000002,0.0,0.0,0.0
n1024_m352_s0.101020_seed1.h5,352,0.1010204081632653,1,1024,352,1.0,351.95546065330564,0.9998734677650728,0.9998734677650728,0.00012653223492720134,0.01142628805118333,0.00012653223492791927,1.032464480501212,0.3437500000000002,0.0,0.0,0.0
n1024_m352_s0.121224_seed0.h5,352,0.12122448979591836,0,1024,352,1.0,351.9492525422975,0.9998558310860723,0.9998558310860723,0.00014416891392765585,0.012258350175564627,0.00014416891392837693,1.0385147689622012,0.3437500000000002,0.0,0.0,0.0
n1024_m352_s0.121224_seed1.h5,352,0.12122448979591836,1,1024,352,1.0,351.9501642377363,0.9998584211299327,0.9998584211299327,0.00014157887006727154,0.012160539435684315,0.0001415788700679329,1.0387535084660742,0.3437500000000002,0.0,0.0,0.0
n1024_m352_s0.141429_seed0.h5,352,0.14142857142857143,0,1024,352,1.0,351.94414981020964,0.9998413346880956,0.9998413346880956,0.000158665311904449,0.012935537453408022,0.0001586653119049789,1.044621334299025,0.3437500000000002,0.0,0.0,0.0
n1024_m352_s0.141429_seed1.h5,352,0.14142857142857143,1,1024,352,1.0,351.9417209346648,0.9998344344734794,0.9998344344734794,0.00016556552652058354,0.013194353047023419,0.00016556552652120872,1.0449110876887462,0.3437500000000002,0.0,0.0,0.0
n1024_m352_s0.161633_seed0.h5,352,0.16163265306122448,0,1024,352,1.0,351.938238063718,0.9998245399537443,0.9998245399537443,0.00017546004625568212,0.01367052451617862,0.0001754600462562326,1.0510829790203249,0.3437500000000002,0.0,0.0,0.0
n1024_m352_s0.161633_seed1.h5,352,0.16163265306122448,1,1024,352,1.0,351.9347356524304,0.9998145899216773,0.9998145899216773,0.00018541007832273415,0.014036049324615387,0.00018541007832348824,1.0512982166213145,0.3437500000000002,0.0,0.0,0.0
n1024_m352_s0.181837_seed0.h5,352,0.18183673469387754,0,1024,352,1.0,351.9287577099094,0.9997976071304244,0.9997976071304244,0.0002023928695755739,0.014733965928148324,0.00020239286957618333,1.0580263256476772,0.3437500000000002,0.0,0.0,0.0
n1024_m352_s0.181837_seed1.h5,352,0.18183673469387754,1,1024,352,1.0,351.9275526260026,0.9997941835965982,0.9997941835965982,0.00020581640340178176,0.014866789011527198,0.0002058164034024495,1.0584934173954803,0.3437500000000002,0.0,0.0,0.0
n1024_m352_s0.202041_seed0.h5,352,0.2020408163265306,0,1024,352,1.0,351.91795274757897,0.999766911214713,0.999766911214713,0.00023308878528705002,0.015879580770963676,0.00023308878528764318,1.065684238552658,0.3437500000000002,0.0,0.0,0.0
n1024_m352_s0.202041_seed1.h5,352,0.2020408163265306,1,1024,352,1.0,351.92017803950876,0.9997732330667862,0.9997732330667862,0.0002267669332137734,0.015697979899442053,0.0002267669332143249,1.065963576479296,0.3437500000000002,0.0,0.0,0.0
n1024_m352_s0.222245_seed0.h5,352,0.22224489795918367,0,1024,352,1.0,351.9064916706702,0.9997343513371313,0.9997343513371313,0.0002656486628687116,0.016901822597777637,0.00026564866286907723,1.0734419751660473,0.34375000000000017,0.0,0.0,0.0
n1024_m352_s0.222245_seed1.h5,352,0.22224489795918367,1,1024,352,1.0,351.913580405424,0.9997544897881364,0.9997544897881364,0.00024551021186358657,0.016452449603177304,0.0002455102118641221,1.0736451174343733,0.3437500000000002,0.0,0.0,0.0
n1024_m352_s0.242449_seed0.h5,352,0.24244897959183673,0,1024,352,1.0,351.8947864641523,0.9997010979095236,0.9997010979095236,0.00029890209047644944,0.018035751451571876,0.000298902090477192,1.0821453632756024,0.3437500000000002,0.0,0.0,0.0
n1024_m352_s0.242449_seed1.h5,352,0.24244897959183673,1,1024,352,1.0,351.9057994796749,0.99973238488544,0.99973238488544,0.00026761511455997145,0.01731964165468062,0.0002676151145606475,1.0817286698658737,0.3437500000000002,0.0,0.0,0.0
n1024_m352_s0.262653_seed0.h5,352,0.2626530612244898,0,1024,352,1.0,351.89268600795185,0.9996951307044086,0.9996951307044086,0.0003048692955913701,0.018549424603347398,0.0003048692955919685,1.090814883232122,0.3437500000000002,0.0,0.0,0.0
n1024_m352_s0.262653_seed1.h5,352,0.2626530612244898,1,1024,352,1.0,351.89413084568514,0.9996992353570601,0.9996992353570601,0.00030076464293993244,0.018490422394687657,0.0003007646429403832,1.0909187513118452,0.3437500000000001,0.0,0.0,0.0
n1024_m352_s0.282857_seed0.h5,352,0.28285714285714286,0,1024,352,1.0,351.88428646398825,0.999671268363603,0.999671268363603,0.0003287316363970172,0.019415665922320517,0.0003287316363977624,1.100071233985584,0.3437500000000002,0.0,0.0,0.0
n1024_m352_s0.282857_seed1.h5,352,0.28285714285714286,1,1024,352,1.0,351.885361822875,0.9996743233604403,0.9996743233604403,0.00032567663955973547,0.019402422408293693,0.0003256766395602524,1.100997810428143,0.3437500000000002,0.0,0.0,0.0
n1024_m352_s0.303061_seed0.h5,352,0.3030612244897959,0,1024,352,1.0,351.8707478043798,0.9996328062624426,0.9996328062624426,0.00036719373755744744,0.020642429323063097,0.00036719373755788313,1.1104141260066354,0.34375000000000017,0.0,0.0,0.0
n1024_m352_s0.303061_seed1.h5,352,0.3030612244897959,1,1024,352,1.0,351.8751793370757,0.999645395843965,0.999645395843965,0.00035460415603505435,0.020413695854767776,0.0003546041560355899,1.11079114845662,0.3437500000000002,0.0,0.0,0.0
n1024_m352_s0.323265_seed0.h5,352,0.32326530612244897,0,1024,352,1.0,351.85722650219395,0.999594393472142,0.999594393472142,0.00040560652785803786,0.021915257431624677,0.00040560652785858684,1.121504971553282,0.34375000000000017,3.347494145988448e-06,0.0,0.0
n1024_m352_s0.323265_seed1.h5,352,0.32326530612244897,1,1024,352,1.0,351.86204674515466,0.9996080873441894,0.9996080873441894,0.0003919126558106223,0.02163251896373385,0.0003919126558110163,1.1221862251848793,0.34375000000000017,0.0,0.0,0.0
n1024_m352_s0.343469_seed0.h5,352,0.34346938775510205,0,1024,352,1.0,351.84961024456425,0.9995727563766029,0.9995727563766029,0.0004272436233970778,0.02271313820940093,0.00042724362339767344,1.1332117698194888,0.3437500000000002,5.94604143375306e-06,0.0,0.0
n1024_m352_s0.343469_seed1.h5,352,0.34346938775510205,1,1024,352,1.0,351.84830286644865,0.9995690422342292,0.9995690422342292,0.0004309577657708452,0.02288245843854868,0.00043095776577137495,1.133589468675584,0.3437500000000002,0.0,0.0,0.0
n1024_m352_s0.363673_seed0.h5,352,0.3636734693877551,0,1024,352,1.0,351.8228940422414,0.9994968580745494,0.9994968580745494,0.0005031419254506453,0.024616764493608313,0.0005031419254511801,1.1452246029297939,0.3437500000000002,9.883810546864384e-06,0.0,0.0
n1024_m352_s0.363673_seed1.h5,352,0.3636734693877551,1,1024,352,1.0,351.8396293748956,0.9995444016332261,0.9995444016332261,0.00045559836677389054,0.023751420077293618,0.0004555983667745122,1.1453337627830324,0.3437500000000002,1.8155929881373843e-06,0.0,0.0
n1024_m352_s0.383878_seed0.h5,352,0.38387755102040816,0,1024,352,1.0,351.7823298473668,0.9993816188845647,0.9993816188845647,0.0006183811154353291,0.027982224061276505,0.0006183811154358289,1.1674319051594317,0.3437500000000002,9.09149895552169e-06,0.0,0.0
n1024_m352_s0.383878_seed1.h5,352,0.38387755102040816,1,1024,352,1.0,351.77906110466574,0.9993723326837095,0.9993723326837095,0.0006276673162904922,0.02843803490341651,0.0006276673162909547,1.1687223960677269,0.3437500000000001,3.947399481052378e-06,0.0,0.0
n1024_m352_s0.404082_seed0.h5,352,0.4040816326530612,0,1024,352,1.0,351.52883480428136,0.9986614625121629,0.9986614625121629,0.001338537487837077,0.04504333520442845,0.0013385374878373553,1.4154281904419808,0.3437500000000001,0.012080944698835501,1.4976272696975399e-06,0.0
n1024_m352_s0.404082_seed1.h5,352,0.4040816326530612,1,1024,352,1.0,351.4594239097787,0.9984642724709623,0.9984642724709623,0.0015357275290377448,0.04838976221467003,0.0015357275290380995,1.3389356263796586,0.3437500000000001,0.014036321642419509,0.0,0.0
n1024_m352_s0.424286_seed0.h5,352,0.42428571428571427,0,1024,352,1.0,351.6156266530743,0.9989080302644155,0.9989080302644155,0.0010919697355844526,0.043662834393886636,0.0010919697355846712,1.5797969674795613,0.3437500000000001,0.007911287947762819,0.0005107755086913704,0.0
n1024_m352_s0.424286_seed1.h5,352,0.42428571428571427,1,1024,352,1.0,351.6235599881911,0.9989305681482702,0.9989305681482702,0.0010694318517298074,0.0432060005629716,0.0010694318517301441,1.5799790592241363,0.34375000000000017,0.007972208594577507,0.00010147059973089197,0.0
n1024_m352_s0.444490_seed0.h5,352,0.44448979591836735,0,1024,352,1.0,351.6319933781342,0.9989545266424268,0.9989545266424268,0.0010454733575732122,0.04594464527555584,0.0010454733575737574,1.6754836615936763,0.34375000000000017,0.007365072543568509,0.0019565231562510043,0.0
n1024_m352_s0.444490_seed1.h5,352,0.44448979591836735,1,1024,352,1.0,351.62811640431755,0.9989435125122658,0.9989435125122658,0.0010564874877342367,0.04598269324070348,0.0010564874877346624,1.675403366199942,0.3437500000000001,0.007341200319307179,0.0024823147680309563,0.0
n1024_m352_s0.464694_seed0.h5,352,0.4646938775510204,0,1024,352,1.0,351.603026521072,0.9988722344348637,0.9988722344348637,0.001127765565136274,0.04957949744090665,0.001127765565136628,1.7542582315422974,0.3437500000000001,0.006758275946920186,0.006421405906399843,0.0
n1024_m352_s0.464694_seed1.h5,352,0.4646938775510204,1,1024,352,1.0,351.60959515627474,0.9988908953303259,0.9988908953303259,0.0011091046696740658,0.049075405583540524,0.0011091046696742617,1.7536882765628872,0.3437500000000001,0.00683649253808102,0.00642067150280376,0.0
n1024_m352_s0.484898_seed0.h5,352,0.48489795918367345,0,1024,352,1.0,351.577264728694,0.9987990475246988,0.9987990475246988,0.0012009524753011647,0.05215035537784517,0.0012009524753015812,1.8172239846818936,0.3437500000000001,0.006327495066426866,0.006311688218419711,0.0
n1024_m352_s0.484898_seed1.h5,352,0.48489795918367345,1,1024,352,1.0,351.5730491792783,0.9987870715320407,0.9987870715320407,0.0012129284679592844,0.052440515984216306,0.0012129284679597613,1.8168973868553884,0.3437500000000001,0.006354977232884762,0.006354977232884762,0.0
n1024_m352_s0.505102_seed0.h5,352,0.5051020408163265,0,1024,352,1.0,351.55071173940087,0.9987236128960252,0.9987236128960252,0.0012763871039748187,0.054594134578755116,0.0012763871039751882,1.8672742162464735,0.3437500000000001,0.005975254744538538,0.005975254744538538,0.0
n1024_m352_s0.505102_seed1.h5,352,0.5051020408163265,1,1024,352,1.0,351.54760385490954,0.9987147836787202,0.9987147836787202,0.0012852163212797585,0.05474549649342272,0.0012852163212801937,1.8676892293826928,0.34375000000000017,0.006028810955839675,0.006028810955839675,0.0
n1024_m352_s0.525306_seed0.h5,352,0.5253061224489796,0,1024,352,1.0,351.52674829307944,0.9986555349235211,0.9986555349235211,0.0013444650764788957,0.05679838287705755,0.0013444650764792682,1.9070967359496491,0.34375000000000017,0.005781012515872797,0.005781012515872797,0.00012071065221376196
n1024_m352_s0.525306_seed1.h5,352,0.5253061224489796,1,1024,352,1.0,351.5295134843327,0.9986633905804907,0.9986633905804907,0.0013366094195093048,0.05641624298539582,0.0013366094195098933,1.9074893677702194,0.34375000000000017,0.005737446810894397,0.005737446810894397,0.0002317117665778551
n1024_m352_s0.545510_seed0.h5,352,0.5455102040816326,0,1024,352,1.0,351.51576718781143,0.998624338601737,0.998624338601737,0.0013756613982629506,0.05795111446321441,0.001375661398263321,1.9392669791590842,0.3437500000000001,0.005627732036814053,0.005627732036814053,0.002242186326087196
n1024_m352_s0.545510_seed1.h5,352,0.5455102040816326,1,1024,352,1.0,351.5135334539227,0.998617992766826,0.998617992766826,0.001382007233174054,0.0579562004754903,0.001382007233174583,1.9392956653869462,0.34375000000000017,0.005550796713864966,0.005550796713864966,0.002736113301311302
n1024_m352_s0.565714_seed0.h5,352,0.5657142857142857,0,1024,352,1.0,351.5064919651486,0.9985979885373539,0.9985979885373539,0.001402011462646069,0.058922149065804896,0.0014020114626465733,1.9645790206569096,0.34375000000000017,0.005521336597018052,0.005521336597018052,0.003615121476026922
n1024_m352_s0.565714_seed1.h5,352,0.5657142857142857,1,1024,352,1.0,351.5020947018638,0.9985854963121131,0.9985854963121131,0.00141450368788687,0.059077504825516484,0.001414503687887256,1.9646752256737734,0.3437500000000001,0.005464603028298338,0.005454569597952095,0.0038451376916540107
n1024_m352_s0.585918_seed0.h5,352,0.5859183673469388,0,1024,352,1.0,351.49698604480363,0.9985709830818285,0.9985709830818285,0.001429016918171544,0.06001413631730848,0.0014290169181719,1.9852564460200113,0.3437500000000001,0.005474681099570718,0.005463230055641696,0.0040893858207038504
n1024_m352_s0.585918_seed1.h5,352,0.5859183673469388,1,1024,352,1.0,351.49564837431535,0.9985671828815778,0.9985671828815778,0.0014328171184222471,0.06004796850990623,0.0014328171184226268,1.9851430767536165,0.3437500000000001,0.005439219104064476,0.0054176523918503606,0.004274442161434267
n1024_m352_s0.606122_seed0.h5,352,0.6061224489795918,0,1024,352,1.0,351.48717569489963,0.9985431127696013,0.9985431127696013,0.001456887230398718,0.06115675981105699,0.0014568872303992314,2.002682826997019,0.34375000000000017,0.00548102177878853,0.005471059966916165,0.004317429013482714
n1024_m352_s0.606122_seed1.h5,352,0.6061224489795918,1,1024,352,1.0,351.48926641070284,0.9985490523031331,0.9985490523031331,0.0014509476968669333,0.06094905577878232,0.0014509476968673088,2.0025158117638866,0.3437500000000001,0.005444305947042972,0.005423218649043455,0.004514693632522254
n1024_m352_s0.626327_seed0.h5,352,0.6263265306122449,0,1024,352,1.0,351.48213835898787,0.9985288021562155,0.9985288021562155,0.0014711978437844664,0.06199979312802614,0.0014711978437848955,2.0160476706647965,0.3437500000000001,0.005468323307277446,0.005402226892378713,0.004207477724393213
n1024_m352_s0.626327_seed1.h5,352,0.6263265306122449,1,1024,352,1.0,351.48475808580406,0.9985362445619433,0.9985362445619433,0.0014637554380566575,0.06180280142682708,0.0014637554380570158,2.0160364157344377,0.3437500000000001,0.005430038790043434,0.005362383845903904,0.004301197659050341
n1024_m352_s0.646531_seed0.h5,352,0.6465306122448979,0,1024,352,1.0,351.4695165012963,0.9984929446059554,0.9984929446059554,0.0015070553940446096,0.06346588962560118,0.001507055394045006,2.0281598082950714,0.34375000000000017,0.005503107903353471,0.005432551771773853,0.004261448982048527
n1024_m352_s0.646531_seed1.h5,352,0.6465306122448979,1,1024,352,1.0,351.4722117653582,0.9985006016061313,0.9985006016061313,0.0014993983938687006,0.06318973034454237,0.0014993983938691388,2.0277825060329135,0.34375000000000017,0.005477495253153574,0.005396313302442626,0.004391684854029157
n1024_m352_s0.666735_seed0.h5,352,0.666734693877551,0,1024,352,1.0,351.45676914416254,0.9984567305231891,0.9984567305231891,0.0015432694768109378,0.06473846441566436,0.001543269476811432,2.0380005447538103,0.34375000000000017,0.00557148648257757,0.005510344134471448,0.004305724893686468
n1024_m352_s0.666735_seed1.h5,352,0.666734693877551,1,1024,352,1.0,351.4583946482744,0.9984613484325977,0.9984613484325977,0.0015386515674022938,0.0646288605578475,0.001538651567402709,2.0379043315127254,0.3437500000000001,0.005554767533072987,0.005496545537046838,0.004324398714103946
n1024_m352_s0.686939_seed0.h5,352,0.6869387755102041,0,1024,352,1.0,351.4474758966826,0.9984303292519392,0.9984303292519392,0.001569670748060803,0.06612818458259778,0.0015696707480612197,2.0467074647865573,0.3437500000000001,0.005622622850961116,0.005416749578246076,0.004103038884252245
n1024_m352_s0.686939_seed1.h5,352,0.6869387755102041,1,1024,352,1.0,351.4454377873335,0.9984245391685611,0.9984245391685611,0.0015754608314388907,0.06609620838320934,0.0015754608314393335,2.046438287681927,0.34375000000000017,0.005608530976589216,0.005485987279171284,0.004341220751133756
n1024_m352_s0.707143_seed0.h5,352,0.7071428571428571,0,1024,352,1.0,351.63365618977696,0.998959250539139,0.998959250539139,0.001040749460860968,0.06648225747090042,0.0010407494608612314,2.063349260374323,0.3437500000000001,0.0,0.0,0.0
n1024_m352_s0.707143_seed1.h5,352,0.7071428571428571,1,1024,352,1.0,351.62582548335195,0.9989370042140681,0.9989370042140681,0.0010629957859319417,0.06765492878706407,0.0010629957859324473,2.0766479929022585,0.34375000000000017,0.0,0.0,0.0
n1024_m352_s0.727347_seed0.h5,352,0.7273469387755102,0,1024,352,1.0,351.52945471415296,0.9986632236197527,0.9986632236197527,0.0013367763802473176,0.08071575477322994,0.0013367763802479133,2.2095556725177388,0.3437500000000002,0.0,0.0,0.0
n1024_m352_s0.727347_seed1.h5,352,0.7273469387755102,1,1024,352,1.0,351.5357754775323,0.9986811803338985,0.9986811803338985,0.0013188196661014784,0.07989679542477407,0.0013188196661019862,2.2020939854848818,0.3437500000000002,0.0,0.0,0.0
n1024_m352_s0.747551_seed0.h5,352,0.7475510204081632,0,1024,352,1.0,351.492282029707,0.9985576194025767,0.9985576194025767,0.0014423805974232984,0.08821372987651832,0.0014423805974239665,2.3265993028946754,0.3437500000000002,0.0,0.0,0.0
n1024_m352_s0.747551_seed1.h5,352,0.7475510204081632,1,1024,352,1.0,351.50366561929695,0.99858995914573,0.99858995914573,0.0014100408542699894,0.08788756204539556,0.0014100408542707804,2.3447985803521614,0.3437500000000002,0.0,0.0,0.0
n1024_m352_s0.767755_seed0.h5,352,0.7677551020408163,0,1024,352,1.0,351.48749939352274,0.9985440323679623,0.9985440323679623,0.0014559676320377024,0.0960574856929353,0.0014559676320383859,2.521295822495819,0.3437500000000002,0.0,0.0,0.0
n1024_m352_s0.767755_seed1.h5,352,0.7677551020408163,1,1024,352,1.0,351.4938211955596,0.9985619920328397,0.9985619920328397,0.0014380079671603152,0.09478178180219192,0.0014380079671611028,2.5034303411076393,0.3437500000000003,0.0,0.0,0.0
n1024_m352_s0.787959_seed0.h5,352,0.7879591836734694,0,1024,352,1.0,351.4744139369577,0.998506857775448,0.998506857775448,0.001493142224551991,0.10370757318002695,0.0014931422245528865,2.688918113719296,0.34375000000000033,0.0,0.0,0.0
n1024_m352_s0.787959_seed1.h5,352,0.7879591836734694,1,1024,352,1.0,351.4766591489315,0.9985132362185554,0.9985132362185554,0.0014867637814446333,0.10348673902750144,0.0014867637814455468,2.6891441045015254,0.34375000000000033,0.0,0.0,0.0
n1024_m352_s0.808163_seed0.h5,352,0.8081632653061224,0,1024,352,1.0,351.4330699814018,0.998389403356255,0.998389403356255,0.001610596643744966,0.11539029157312089,0.001610596643746058,2.8801738111909727,0.34375000000000044,0.0,0.0,0.0
n1024_m352_s0.808163_seed1.h5,352,0.8081632653061224,1,1024,352,1.0,351.43727093504276,0.9984013378836442,0.9984013378836442,0.0015986621163558423,0.1144418888309939,0.0015986621163568166,2.867617738548376,0.34375000000000033,0.0,0.0,0.0
n1024_m352_s0.828367_seed0.h5,352,0.8283673469387755,0,1024,352,1.0,351.40799850050826,0.9983181775582621,0.9983181775582621,0.001681822441737868,0.12507714398369912,0.001681822441739157,3.0555604820426265,0.34375000000000044,0.0,0.0,0.0
n1024_m352_s0.828367_seed1.h5,352,0.8283673469387755,1,1024,352,1.0,351.40259813168086,0.9983028356013661,0.9983028356013661,0.001697164398633877,0.1256261334377298,0.001697164398635319,3.054803435754391,0.3437500000000005,0.0,0.0,0.0
n1024_m352_s0.848571_seed0.h5,352,0.8485714285714285,0,1024,352,1.0,351.35321789979935,0.9981625508517027,0.9981625508517027,0.0018374491482973099,0.13669766666926111,0.0018374491482985363,3.195717215060011,0.3437500000000004,0.0,0.0,0.0
n1024_m352_s0.848571_seed1.h5,352,0.8485714285714285,1,1024,352,1.0,351.3544318974018,0.9981659997085278,0.9981659997085278,0.001834000291472182,0.13660176954588862,0.0018340002914732842,3.1955867641967832,0.3437500000000004,0.0,0.0,0.0
n1024_m352_s0.868776_seed0.h5,352,0.8687755102040816,0,1024,352,1.0,351.29564332962036,0.997998986731876,0.997998986731876,0.0020010132681239634,0.14818007124286647,0.0020010132681252324,3.3183461197021167,0.34375000000000044,0.0,0.0,0.0
n1024_m352_s0.868776_seed1.h5,352,0.8687755102040816,1,1024,352,1.0,351.2991853952408,0.9980090494182977,0.9980090494182977,0.0019909505817022888,0.14779732195133932,0.001990950581703646,3.318715788490868,0.34375000000000044,0.0,0.0,0.0
n1024_m352_s0.888980_seed0.h5,352,0.8889795918367347,0,1024,352,1.0,351.19429209828377,0.997711057097397,0.997711057097397,0.002288942902602953,0.16418027370840504,0.002288942902604365,3.438718821787266,0.3437500000000005,0.0,0.0,0.0
n1024_m352_s0.888980_seed1.h5,352,0.8889795918367347,1,1024,352,1.0,351.2142793238163,0.9977678389881145,0.9977678389881145,0.002232161011885503,0.162147849076188,0.0022321610118868525,3.440346835213662,0.34375000000000044,0.0,0.0,0.0
n1024_m352_s0.909184_seed0.h5,352,0.9091836734693878,0,1024,352,1.0,351.10895416140556,0.9974686197767203,0.9974686197767203,0.0025313802232797,0.17838291559102168,0.002531380223280918,3.5523635011189953,0.34375000000000044,0.0,0.0,0.0
n1024_m352_s0.909184_seed1.h5,352,0.9091836734693878,1,1024,352,1.0,351.1278913617134,0.9975224186412313,0.9975224186412313,0.0024775813587687434,0.17662497992526285,0.0024775813587700536,3.5569396275218472,0.34375000000000044,0.0,0.0,0.0
n1024_m352_s0.929388_seed0.h5,352,0.9293877551020407,0,1024,352,1.0,350.9842001795769,0.9971142050556161,0.9971142050556161,0.0028857949443839015,0.19584494762067642,0.002885794944385227,3.6536684551482588,0.34375000000000044,0.0,0.0,0.0
n1024_m352_s0.929388_seed1.h5,352,0.9293877551020407,1,1024,352,1.0,350.9853992462158,0.9971176114949313,0.9971176114949313,0.0028823885050687226,0.19558572992148482,0.0028823885050701806,3.650958298912206,0.3437500000000005,0.0,0.0,0.0
n1024_m352_s0.949592_seed0.h5,352,0.9495918367346938,0,1024,352,1.0,350.76959961652756,0.9965045443651351,0.9965045443651351,0.0034954556348648635,0.21882741380030699,0.003495455634866293,3.711596054847299,0.3437500000000005,0.0,0.0,0.0
n1024_m352_s0.949592_seed1.h5,352,0.9495918367346938,1,1024,352,1.0,350.7789155244827,0.996531010012735,0.996531010012735,0.00346898998726497,0.2179252827865703,0.0034689899872664934,3.7111545141765325,0.34375000000000056,0.0,0.0,0.0
n1024_m352_s0.969796_seed0.h5,352,0.9697959183673469,0,1024,352,1.0,350.3515087366104,0.9953167861835523,0.9953167861835523,0.004683213816447651,0.25252700479368956,0.004683213816449191,3.701985302139873,0.3437500000000005,0.0,0.0,0.0
n1024_m352_s0.969796_seed1.h5,352,0.9697959183673469,1,1024,352,1.0,350.36789786815643,0.9953633462163535,0.9953633462163535,0.004636653783646527,0.2513414747396232,0.004636653783647917,3.702824643631273,0.34375000000000056,0.0,0.0,0.0
n1024_m352_s0.990000_seed0.h5,352,0.99,0,1024,352,1.0,348.67753779888153,0.9905611869286407,0.9905611869286407,0.009438813071359298,0.33341455514693585,0.009438813071360502,3.4562744073678804,0.34375000000000044,0.21622127097105207,0.0,0.0
n1024_m352_s0.990000_seed1.h5,352,0.99,1,1024,352,1.0,348.68545749783516,0.9905836860733953,0.9905836860733953,0.009416313926604691,0.3333563419042783,0.009416313926605992,3.4587098972516457,0.34375000000000044,0.21326653981573315,0.0,0.0
n1024_m368_s0.000000_seed0.h5,368,0.0,0,1024,368,1.0,367.973699334354,0.9999285307998751,0.9999285307998751,7.146920012490732e-05,0.008147858149844773,7.146920012640386e-05,1.007095179999084,0.3593750000000005,0.0,0.0,0.0
n1024_m368_s0.000000_seed1.h5,368,0.0,1,1024,368,1.0,367.97132134744606,0.9999220688789295,0.9999220688789295,7.793112107046252e-05,0.008510241882393346,7.793112107179064e-05,1.0070220149299294,0.35937500000000044,0.0,0.0,0.0
n1024_m368_s0.020204_seed0.h5,368,0.02020408163265306,0,1024,368,1.0,367.9723075684851,0.9999247488274052,0.9999247488274052,7.525117259477021e-05,0.00843094297660157,7.525117259612054e-05,1.0101212677351858,0.3593750000000005,0.0,0.0,0.0
n1024_m368_s0.020204_seed1.h5,368,0.02020408163265306,1,1024,368,1.0,367.9727890966169,0.9999260573277633,0.9999260573277633,7.394267223670425e-05,0.008395734159054844,7.39426722377254e-05,1.0102035225513997,0.3593750000000004,0.0,0.0,0.0
n1024_m368_s0.040408_seed0.h5,368,0.04040816326530612,0,1024,368,1.0,367.9669399396662,0.9999101628795277,0.9999101628795277,8.983712047228032e-05,0.009333375019881098,8.983712047343364e-05,1.0144466241893442,0.3593750000000004,0.0,0.0,0.0
n1024_m368_s0.040408_seed1.h5,368,0.04040816326530612,1,1024,368,1.0,367.97057070737355,0.9999200290961238,0.9999200290961238,7.99709038762364e-05,0.00884600693212241,7.997090387754771e-05,1.0144320984739106,0.35937500000000044,0.0,0.0,0.0
n1024_m368_s0.060612_seed0.h5,368,0.06061224489795918,0,1024,368,1.0,367.9633979177743,0.9999005378200387,0.9999005378200387,9.946217996126272e-05,0.009966537586919143,9.946217996222701e-05,1.0198133467657682,0.3593750000000004,0.0,0.0,0.0
n1024_m368_s0.060612_seed1.h5,368,0.06061224489795918,1,1024,368,1.0,367.96320688322885,0.9999000187044262,0.9999000187044262,9.99812955737589e-05,0.009984664217171299,9.998129557491078e-05,1.020042859903833,0.3593750000000004,0.0,0.0,0.0
n1024_m368_s0.080816_seed0.h5,368,0.08081632653061224,0,1024,368,1.0,367.9563249463681,0.9998813177890438,0.9998813177890438,0.00011868221095623355,0.01095442941597605,0.00011868221095714914,1.0262038058025869,0.35937500000000033,0.0,0.0,0.0
n1024_m368_s0.080816_seed1.h5,368,0.08081632653061224,1,1024,368,1.0,367.95741717324563,0.9998842857968632,0.9998842857968632,0.00011571420313682967,0.010841465739387273,0.00011571420313787154,1.026311882403053,0.35937500000000033,0.0,0.0,0.0
n1024_m368_s0.101020_seed0.h5,368,0.1010204081632653,0,1024,368,1.0,367.95012053289247,0.9998644579698165,0.9998644579698165,0.00013554203018351085,0.011784040678277524,0.0001355420301842055,1.0324624475165423,0.3593750000000002,0.0,0.0,0.0
n1024_m368_s0.101020_seed1.h5,368,0.1010204081632653,1,1024,368,1.0,367.95118323119095,0.9998673457369319,0.9998673457369319,0.00013265426306807715,0.011673679941075673,0.00013265426306910552,1.032826018967771,0.3593750000000004,0.0,0.0,0.0
n1024_m368_s0.121224_seed0.h5,368,0.12122448979591836,0,1024,368,1.0,367.94387691796874,0.999847491624915,0.999847491624915,0.00015250837508495874,0.012550364262142276,0.00015250837508573811,1.0387346427905806,0.35937500000000033,0.0,0.0,0.0
n1024_m368_s0.121224_seed1.h5,368,0.12122448979591836,1,1024,368,1.0,367.94790897858184,0.9998584483113637,0.9998584483113637,0.00014155168863627665,0.012142039975695832,0.00014155168863689278,1.038656016681085,0.3593750000000002,0.0,0.0,0.0
n1024_m368_s0.141429_seed0.h5,368,0.14142857142857143,0,1024,368,1.0,367.9366083962959,0.9998277402073259,0.9998277402073259,0.00017225979267410096,0.013351576173069679,0.00017225979267487178,1.0448254670893529,0.3593750000000003,0.0,0.0,0.0
n1024_m368_s0.141429_seed1.h5,368,0.14142857142857143,1,1024,368,1.0,367.9408142438115,0.9998391691407921,0.9998391691407921,0.00016083085920792772,0.013009554563603462,0.0001608308592087364,1.0448865960418976,0.35937500000000033,0.0,0.0,0.0
n1024_m368_s0.161633_seed0.h5,368,0.16163265306122448,0,1024,368,1.0,367.92704264752683,0.9998017463248011,0.9998017463248011,0.00019825367519887838,0.014390072909080228,0.00019825367519963846,1.0514877330285743,0.35937500000000033,0.0,0.0,0.0
n1024_m368_s0.161633_seed1.h5,368,0.16163265306122448,1,1024,368,1.0,367.9344397624809,0.9998218471806546,0.9998218471806546,0.00017815281934541183,0.013797989958647922,0.00017815281934610653,1.0516627087377612,0.3593750000000003,0.0,0.0,0.0
n1024_m368_s0.181837_seed0.h5,368,0.18183673469387754,0,1024,368,1.0,367.9201356478443,0.9997829773039247,0.9997829773039247,0.00021702269607526414,0.015166164538832193,0.0002170226960760234,1.058430520793277,0.3593750000000002,0.0,0.0,0.0
n1024_m368_s0.181837_seed1.h5,368,0.18183673469387754,1,1024,368,1.0,367.92772365796554,0.9998035968966456,0.9998035968966456,0.00019640310335444777,0.01459662306956365,0.0001964031033552283,1.058689309992224,0.3593750000000002,0.0,0.0,0.0
n1024_m368_s0.202041_seed0.h5,368,0.2020408163265306,0,1024,368,1.0,367.9144315500889,0.9997674770382851,0.9997674770382851,0.0002325229617149427,0.0158423626014209,0.00023252296171553287,1.0656207901787564,0.3593750000000002,0.0,0.0,0.0
n1024_m368_s0.202041_seed1.h5,368,0.2020408163265306,1,1024,368,1.0,367.92087536200415,0.9997849873967504,0.9997849873967504,0.00021501260324963134,0.015361402655623893,0.00021501260325021388,1.0656638493711037,0.3593750000000002,0.0,0.0,0.0
n1024_m368_s0.222245_seed0.h5,368,0.22224489795918367,0,1024,368,1.0,367.9042610354081,0.9997398397701308,0.9997398397701308,0.0002601602298691885,0.01679897657943737,0.00026016022986995505,1.0733535206812355,0.3593750000000002,0.0,0.0,0.0
n1024_m368_s0.222245_seed1.h5,368,0.22224489795918367,1,1024,368,1.0,367.91232606784615,0.9997617556191472,0.9997617556191472,0.00023824438085284783,0.01626644434692635,0.0002382443808535656,1.0733745042168636,0.3593750000000003,0.0,0.0,0.0
n1024_m368_s0.242449_seed0.h5,368,0.24244897959183673,0,1024,368,1.0,367.89855868255836,0.9997243442460825,0.9997243442460825,0.0002756557539175253,0.017523351576692988,0.00027565575391831344,1.0820685239482661,0.35937500000000033,0.0,0.0,0.0
n1024_m368_s0.242449_seed1.h5,368,0.24244897959183673,1,1024,368,1.0,367.89973624538106,0.9997275441450573,0.9997275441450573,0.0002724558549427325,0.01751107005391326,0.0002724558549433678,1.0820689740805702,0.3593750000000002,0.0,0.0,0.0
n1024_m368_s0.262653_seed0.h5,368,0.2626530612244898,0,1024,368,1.0,367.8859273229755,0.9996900198993899,0.9996900198993899,0.0003099801006101188,0.018728161330463313,0.0003099801006107473,1.09126128341564,0.3593750000000002,0.0,0.0,0.0
n1024_m368_s0.262653_seed1.h5,368,0.2626530612244898,1,1024,368,1.0,367.89062988843943,0.9997027986098898,0.9997027986098898,0.0002972013901102466,0.01841653098909391,0.0002972013901107242,1.0908147914854653,0.35937500000000017,0.0,0.0,0.0
n1024_m368_s0.282857_seed0.h5,368,0.28285714285714286,0,1024,368,1.0,367.8741707354493,0.9996580726506774,0.9996580726506774,0.0003419273493225905,0.019798610057624753,0.00034192734932320335,1.1008134779074852,0.3593750000000002,0.0,0.0,0.0
n1024_m368_s0.282857_seed1.h5,368,0.28285714285714286,1,1024,368,1.0,367.8780630637193,0.9996686496296721,0.9996686496296721,0.000331350370327943,0.019607003313873623,0.0003313503703285605,1.1007685865931296,0.3593750000000002,0.0,0.0,0.0
n1024_m368_s0.303061_seed0.h5,368,0.3030612244897959,0,1024,368,1.0,367.86522416208754,0.9996337613100205,0.9996337613100205,0.0003662386899795367,0.020663719027439614,0.00036623868998014513,1.110560988179905,0.3593750000000002,0.0,0.0,0.0
n1024_m368_s0.303061_seed1.h5,368,0.3030612244897959,1,1024,368,1.0,367.8694391247409,0.9996452150128828,0.9996452150128828,0.00035478498711716266,0.02047730778167546,0.0003547849871176509,1.1107579864879686,0.3593750000000002,0.0,0.0,0.0
n1024_m368_s0.323265_seed0.h5,368,0.32326530612244897,0,1024,368,1.0,367.845747757412,0.9995808362973153,0.9995808362973153,0.0004191637026846884,0.02212795416745516,0.0004191637026856219,1.1209786114162967,0.35937500000000033,9.909418984844731e-06,0.0,0.0
n1024_m368_s0.323265_seed1.h5,368,0.32326530612244897,1,1024,368,1.0,367.8576936441241,0.9996132979459894,0.9996132979459894,0.0003867020540105903,0.021571231156471214,0.0003867020540113873,1.121597168403948,0.3593750000000003,0.0,0.0,0.0
n1024_m368_s0.343469_seed0.h5,368,0.34346938775510205,0,1024,368,1.0,367.8393798524339,0.9995635322077009,0.9995635322077009,0.00043646779229911115,0.02290989223223889,0.00043646779229972974,1.1318857573423664,0.3593750000000002,7.5263698094198324e-06,0.0,0.0
n1024_m368_s0.343469_seed1.h5,368,0.34346938775510205,1,1024,368,1.0,367.84678676811745,0.9995836596959713,0.9995836596959713,0.00041634030402870614,0.02258644264289596,0.0004163403040293055,1.1329593731574354,0.3593750000000002,0.0,0.0,0.0
n1024_m368_s0.363673_seed0.h5,368,0.3636734693877551,0,1024,368,1.0,367.81833550700685,0.9995063464864317,0.9995063464864317,0.0004936535135683373,0.02445645623857474,0.0004936535135690249,1.144998711107637,0.3593750000000002,9.029593660878734e-06,0.0,0.0
n1024_m368_s0.363673_seed1.h5,368,0.3636734693877551,1,1024,368,1.0,367.8318559216277,0.9995430867435536,0.9995430867435536,0.0004569132564463674,0.0238926149391677,0.00045691325644703487,1.144903301749466,0.3593750000000002,0.0,0.0,0.0
n1024_m368_s0.383878_seed0.h5,368,0.38387755102040816,0,1024,368,1.0,367.8004409504938,0.9994577199741679,0.9994577199741679,0.0005422800258321203,0.02605983020069239,0.0005422800258327513,1.1588702028366773,0.3593750000000002,3.7733475775326482e-06,0.0,0.0
n1024_m368_s0.383878_seed1.h5,368,0.38387755102040816,1,1024,368,1.0,367.8151605964231,0.9994977190120192,0.9994977190120192,0.0005022809879807744,0.025328821863982484,0.0005022809879813731,1.158313596159939,0.3593750000000002,8.899338904124193e-07,0.0,0.0
n1024_m368_s0.404082_seed0.h5,368,0.4040816326530612,0,1024,368,1.0,367.6744516469189,0.9991153577361926,0.9991153577361926,0.0008846422638073559,0.035103738944258146,0.0008846422638078234,1.199938673965091,0.35937500000000017,4.197998094884174e-06,0.0,0.0
n1024_m368_s0.404082_seed1.h5,368,0.4040816326530612,1,1024,368,1.0,367.6583515217935,0.9990716073961781,0.9990716073961781,0.000928392603821937,0.03640430210967558,0.0009283926038225947,1.2073143128262733,0.3593750000000002,2.2218993665004193e-06,0.0,0.0
n1024_m368_s0.424286_seed0.h5,368,0.42428571428571427,0,1024,368,1.0,367.57898556106375,0.9988559390246298,0.9988559390246298,0.0011440609753702313,0.04491060957207867,0.0011440609753705308,1.5791486587870105,0.3593750000000001,0.0069897365500115735,0.0007949760460912758,0.0
n1024_m368_s0.424286_seed1.h5,368,0.42428571428571427,1,1024,368,1.0,367.5631978363672,0.9988130375988239,0.9988130375988239,0.001186962401176106,0.04585483076726325,0.0011869624011764167,1.5758359561403614,0.3593750000000001,0.0070836129237574355,0.0002903951701714644,0.0
n1024_m368_s0.444490_seed0.h5,368,0.44448979591836735,0,1024,368,1.0,367.6001685084484,0.9989135013816532,0.9989135013816532,0.001086498618346754,0.04726800577370223,0.0010864986183470066,1.676709929521208,0.3593750000000001,0.006637866102202468,0.003620420166209313,0.0
n1024_m368_s0.444490_seed1.h5,368,0.44448979591836735,1,1024,368,1.0,367.59083328256384,0.9988881339200104,0.9988881339200104,0.0011118660799895874,0.04746787463028128,0.0011118660799898665,1.6770235625962264,0.3593750000000001,0.006605659955843776,0.00455458268404031,0.0
n1024_m368_s0.464694_seed0.h5,368,0.4646938775510204,0,1024,368,1.0,367.5875012695906,0.9988790795369309,0.9988790795369309,0.0011209204630691083,0.050153202124972124,0.001120920463069524,1.7546813419959166,0.3593750000000001,0.006256509851827359,0.006136263067679597,0.0
n1024_m368_s0.464694_seed1.h5,368,0.4646938775510204,1,1024,368,1.0,367.5905366349034,0.9988873278122375,0.9988873278122375,0.0011126721877624535,0.04998776729849012,0.0011126721877629405,1.7545050841183152,0.3593750000000001,0.0062530480004277834,0.006119179241373611,0.0
n1024_m368_s0.484898_seed0.h5,368,0.48489795918367345,0,1024,368,1.0,367.5533779094694,0.9987863530148625,0.9987863530148625,0.0012136469851374843,0.05326636477738764,0.001213646985137729,1.818014331866635,0.35937500000000006,0.005855958597567362,0.0058417521668972395,0.0
n1024_m368_s0.484898_seed1.h5,368,0.48489795918367345,1,1024,368,1.0,367.5584270753898,0.9988000735744287,0.9988000735744287,0.0011999264255713182,0.052994083805086474,0.0011999264255716487,1.8182036132299366,0.3593750000000001,0.005883753318906995,0.005883753318906995,0.0
n1024_m368_s0.505102_seed0.h5,368,0.5051020408163265,0,1024,368,1.0,367.52318112179637,0.9987042965266205,0.9987042965266205,0.0012957034733794837,0.05588951215476376,0.0012957034733798042,1.8675326106214447,0.3593750000000001,0.00557146925546122,0.00557146925546122,0.0
n1024_m368_s0.505102_seed1.h5,368,0.5051020408163265,1,1024,368,1.0,367.52870275778696,0.9987193009722471,0.9987193009722471,0.0012806990277528518,0.05568492014135145,0.001280699027753181,1.8680759162521439,0.3593750000000001,0.005581232562609738,0.005581232562609738,0.0
n1024_m368_s0.525306_seed0.h5,368,0.5253061224489796,0,1024,368,1.0,367.5040817707777,0.9986523961162438,0.9986523961162438,0.0013476038837562099,0.0575618972476248,0.0013476038837567244,1.9081694482206628,0.3593750000000002,0.005327115636111536,0.005327115636111536,0.0005374030492353327
n1024_m368_s0.525306_seed1.h5,368,0.5253061224489796,1,1024,368,1.0,367.5106033482589,0.9986701177941818,0.9986701177941818,0.0013298822058182003,0.05740503894889907,0.0013298822058187075,1.907908515569719,0.35937500000000017,0.00536091027496255,0.00536091027496255,0.0
n1024_m368_s0.545510_seed0.h5,368,0.5455102040816326,0,1024,368,1.0,367.4889958524145,0.9986114017728656,0.9986114017728656,0.001388598227134441,0.05914270596414613,0.0013885982271348639,1.9400036157779836,0.3593750000000001,0.005177662326507469,0.005177662326507469,0.002695689016830597
n1024_m368_s0.545510_seed1.h5,368,0.5455102040816326,1,1024,368,1.0,367.500601593405,0.9986429391125136,0.9986429391125136,0.0013570608874864387,0.05847901148897853,0.0013570608874867171,1.9400690386024093,0.3593750000000001,0.0052087516514635,0.0052087516514635,0.0023321645796959894
n1024_m368_s0.565714_seed0.h5,368,0.5657142857142857,0,1024,368,1.0,367.48235325166024,0.9985933512273376,0.9985933512273376,0.0014066487726623889,0.05999599231163183,0.0014066487726628284,1.9653753175994357,0.3593750000000001,0.005070343020868977,0.005070343020868977,0.0036617781421089497
n1024_m368_s0.565714_seed1.h5,368,0.5657142857142857,1,1024,368,1.0,367.4843337535858,0.9985987330260484,0.9985987330260484,0.0014012669739515982,0.060033624296121225,0.001401266973951984,1.965321137647811,0.3593750000000001,0.005122231152291544,0.005122231152291544,0.003789875981827872
n1024_m368_s0.585918_seed0.h5,368,0.5859183673469388,0,1024,368,1.0,367.4748637417797,0.9985729992983144,0.9985729992983144,0.0014270007016855546,0.06081744302961972,0.0014270007016859035,1.985758817118928,0.3593750000000001,0.0050419147274391556,0.005021832363213694,0.003974719054660029
n1024_m368_s0.585918_seed1.h5,368,0.5859183673469388,1,1024,368,1.0,367.4758990560658,0.9985758126523528,0.9985758126523528,0.0014241873476471545,0.06104952810392506,0.0014241873476476996,1.9857997682113828,0.3593750000000002,0.005074838644266073,0.005074838644266073,0.004130328462218425
n1024_m368_s0.606122_seed0.h5,368,0.6061224489795918,0,1024,368,1.0,367.46741533768363,0.9985527590697925,0.9985527590697925,0.0014472409302075384,0.061960364870930915,0.0014472409302078832,2.002591354297682,0.3593750000000001,0.005047310796844545,0.00497919644139423,0.004048703500306462
n1024_m368_s0.606122_seed1.h5,368,0.6061224489795918,1,1024,368,1.0,367.4691504254006,0.9985574739820668,0.9985574739820668,0.0014425260179331545,0.062041881468108,0.0014425260179336365,2.002863975141511,0.3593750000000001,0.005045718918949388,0.00503742911370186,0.0039318305809572796
n1024_m368_s0.626327_seed0.h5,368,0.6263265306122449,0,1024,368,1.0,367.45611066627316,0.9985220398540031,0.9985220398540031,0.0014779601459968816,0.06335758849920924,0.0014779601459973227,2.01663837003857,0.35937500000000017,0.005043916672385465,0.004932319920187531,0.003938719614757008
n1024_m368_s0.626327_seed1.h5,368,0.6263265306122449,1,1024,368,1.0,367.4602883979678,0.9985333923857821,0.9985333923857821,0.0014666076142179074,0.06295972699704162,0.001466607614218357,2.0167275452077065,0.35937500000000017,0.005050910245850504,0.005050910245850504,0.004202380106360484
n1024_m368_s0.646531_seed0.h5,368,0.6465306122448979,0,1024,368,1.0,367.4530088531319,0.9985136110139454,0.9985136110139454,0.0014863889860545765,0.06427034726295458,0.001486388986054978,2.028083790425422,0.3593750000000001,0.005080140597557878,0.0048945258578757,0.003727113221271921
n1024_m368_s0.646531_seed1.h5,368,0.6465306122448979,1,1024,368,1.0,367.4483163030818,0.998500859519244,0.998500859519244,0.001499140480755945,0.06450238635998695,0.0014991404807563613,2.028258226785688,0.35937500000000017,0.005093760903385969,0.005052696300874032,0.0038729480573750086
n1024_m368_s0.666735_seed0.h5,368,0.666734693877551,0,1024,368,1.0,367.44507182226516,0.9984920429952858,0.9984920429952858,0.0015079570047141777,0.06550038127468505,0.00150795700471476,2.037873584925146,0.3593750000000002,0.005092006241786941,0.004780831675220587,0.0036833343380648716
n1024_m368_s0.666735_seed1.h5,368,0.666734693877551,1,1024,368,1.0,367.43642983585596,0.9984685593365651,0.9984685593365651,0.0015314406634349131,0.06562430107846501,0.0015314406634352022,2.0382525465613055,0.3593750000000001,0.005131916682388148,0.0050785487352343365,0.0040304786910598175
n1024_m368_s0.686939_seed0.h5,368,0.6869387755102041,0,1024,368,1.0,367.4298035078682,0.9984505530105114,0.9984505530105114,0.0015494469894885565,0.06726025866249974,0.001549446989489075,2.046294744031659,0.3593750000000001,0.005088343720649225,0.004702435746341022,0.0037774279426095584
n1024_m368_s0.686939_seed1.h5,368,0.6869387755102041,1,1024,368,1.0,367.4229520584922,0.998431934941555,0.998431934941555,0.0015680650584449785,0.06719055895814713,0.0015680650584455743,2.0465904516632163,0.3593750000000002,0.005203468962764463,0.0050812361184464005,0.0038618272812206917
n1024_m368_s0.707143_seed0.h5,368,0.7071428571428571,0,1024,368,1.0,367.5955110983923,0.998900845376066,0.998900845376066,0.0010991546239339511,0.06874315792962006,0.0010991546239345392,2.0755492517809575,0.3593750000000002,0.0,0.0,0.0
n1024_m368_s0.707143_seed1.h5,368,0.7071428571428571,1,1024,368,1.0,367.60903688380495,0.9989376002277308,0.9989376002277308,0.0010623997722691847,0.06688549993733484,0.0010623997722696411,2.0559869695357333,0.35937500000000017,0.0,0.0,0.0
n1024_m368_s0.727347_seed0.h5,368,0.7273469387755102,0,1024,368,1.0,367.5190631072037,0.9986931062695753,0.9986931062695753,0.0013068937304246964,0.07821199946955713,0.0013068937304253371,2.1647595171955443,0.3593750000000002,0.0,0.0,0.0
n1024_m368_s0.727347_seed1.h5,368,0.7273469387755102,1,1024,368,1.0,367.47745818831027,0.9985800494247562,0.9985800494247562,0.0014199505752438002,0.08354845119944554,0.0014199505752444553,2.220011238661539,0.3593750000000002,0.0,0.0,0.0
n1024_m368_s0.747551_seed0.h5,368,0.7475510204081632,0,1024,368,1.0,367.4544745183084,0.9985175937997511,0.9985175937997511,0.0014824062002488647,0.09084320320521104,0.0014824062002494899,2.3635971745001005,0.3593750000000002,0.0,0.0,0.0
n1024_m368_s0.747551_seed1.h5,368,0.7475510204081632,1,1024,368,1.0,367.45649045240134,0.9985230718815253,0.9985230718815253,0.001476928118474663,0.09025190237653263,0.0014769281184753805,2.3532520005050253,0.3593750000000003,0.0,0.0,0.0
n1024_m368_s0.767755_seed0.h5,368,0.7677551020408163,0,1024,368,1.0,367.44207880296744,0.9984839097906724,0.9984839097906724,0.0015160902093276363,0.09762318980407163,0.0015160902093284993,2.510953327322843,0.35937500000000033,0.0,0.0,0.0
n1024_m368_s0.767755_seed1.h5,368,0.7677551020408163,1,1024,368,1.0,367.44701800332405,0.9984973315307719,0.9984973315307719,0.0015026684692280856,0.09803451877290383,0.0015026684692289287,2.5336647568917954,0.3593750000000003,0.0,0.0,0.0
n1024_m368_s0.787959_seed0.h5,368,0.7879591836734694,0,1024,368,1.0,367.42199695413,0.9984293395492664,0.9984293395492664,0.0015706604507336186,0.10596717757197163,0.0015706604507346197,2.6800114022422945,0.35937500000000033,0.0,0.0,0.0
n1024_m368_s0.787959_seed1.h5,368,0.7879591836734694,1,1024,368,1.0,367.4203091652598,0.998424753166467,0.998424753166467,0.0015752468335330505,0.1065568718504751,0.0015752468335339142,2.689586333076375,0.3593750000000003,0.0,0.0,0.0
n1024_m368_s0.808163_seed0.h5,368,0.8081632653061224,0,1024,368,1.0,367.3826436945237,0.9983224013438144,0.9983224013438144,0.0016775986561855527,0.11703080542217559,0.0016775986561866304,2.8629585216191726,0.35937500000000033,0.0,0.0,0.0
n1024_m368_s0.808163_seed1.h5,368,0.8081632653061224,1,1024,368,1.0,367.38064540782943,0.9983169712169279,0.9983169712169279,0.001683028783072138,0.1171000092055841,0.0016830287830732662,2.859599101856863,0.3593750000000004,0.0,0.0,0.0
n1024_m368_s0.828367_seed0.h5,368,0.8283673469387755,0,1024,368,1.0,367.3286553346552,0.9981756938441717,0.9981756938441717,0.0018243061558282925,0.1279901054975224,0.0018243061558293886,3.0021507550852227,0.3593750000000004,0.0,0.0,0.0
n1024_m368_s0.828367_seed1.h5,368,0.8283673469387755,1,1024,368,1.0,367.3474912121892,0.9982268782939924,0.9982268782939924,0.0017731217060076299,0.1262189011034316,0.0017731217060087442,3.003547388382247,0.3593750000000004,0.0,0.0,0.0
n1024_m368_s0.848571_seed0.h5,368,0.8485714285714285,0,1024,368,1.0,367.29717791080475,0.9980901573663172,0.9980901573663172,0.0019098426336827679,0.1357289774453133,0.0019098426336839867,3.1117010945587698,0.35937500000000044,0.0,0.0,0.0
n1024_m368_s0.848571_seed1.h5,368,0.8485714285714285,1,1024,368,1.0,367.28524166345596,0.9980577219115652,0.9980577219115652,0.0019422780884348345,0.13679152669280423,0.0019422780884361685,3.109868875890051,0.35937500000000044,0.0,0.0,0.0
n1024_m368_s0.868776_seed0.h5,368,0.8687755102040816,0,1024,368,1.0,367.22392719984055,0.9978911065213059,0.9978911065213059,0.0021088934786941405,0.14734201261668436,0.0021088934786954515,3.214373846752676,0.35937500000000044,0.0,0.0,0.0
n1024_m368_s0.868776_seed1.h5,368,0.8687755102040816,1,1024,368,1.0,367.21280738711357,0.9978608896388955,0.9978608896388955,0.0021391103611044793,0.14833751374707202,0.0021391103611057213,3.212714103497696,0.35937500000000044,0.0,0.0,0.0
n1024_m368_s0.888980_seed0.h5,368,0.8889795918367347,0,1024,368,1.0,367.1443568766117,0.9976748828168797,0.9976748828168797,0.00232511718312034,0.1593617683160546,0.0023251171831215095,3.3106594755817556,0.35937500000000044,0.0,0.0,0.0
n1024_m368_s0.888980_seed1.h5,368,0.8889795918367347,1,1024,368,1.0,367.14874029159546,0.9976867942706399,0.9976867942706399,0.0023132057293601127,0.15912440568696368,0.0023132057293615543,3.3138364204156714,0.3593750000000005,0.0,0.0,0.0
n1024_m368_s0.909184_seed0.h5,368,0.9091836734693878,0,1024,368,1.0,367.03196254372597,0.997369463434038,0.997369463434038,0.002630536565962016,0.17426864917212168,0.0026305365659633952,3.4049467723180973,0.3593750000000005,0.0,0.0,0.0
n1024_m368_s0.909184_seed1.h5,368,0.9091836734693878,1,1024,368,1.0,367.02293542027473,0.9973449332072682,0.9973449332072682,0.002655066792731753,0.1750251440827098,0.0026550667927331666,3.403066315926074,0.3593750000000005,0.0,0.0,0.0
n1024_m368_s0.929388_seed0.h5,368,0.9293877551020407,0,1024,368,1.0,366.88002529740334,0.9969565904820743,0.9969565904820743,0.0030434095179256992,0.1912893313560962,0.003043409517927175,3.4762898030774645,0.35937500000000056,0.0,0.0,0.0
n1024_m368_s0.929388_seed1.h5,368,0.9293877551020407,1,1024,368,1.0,366.87983083724976,0.9969560620577439,0.9969560620577439,0.003043937942256103,0.1913063216398169,0.0030439379422574596,3.4750534516689933,0.3593750000000005,0.0,0.0,0.0
n1024_m368_s0.949592_seed0.h5,368,0.9495918367346938,0,1024,368,1.0,366.6432093977928,0.9963130690157413,0.9963130690157413,0.0036869309842586517,0.21295671583502288,0.0036869309842599974,3.5179151077531365,0.3593750000000005,0.0,0.0,0.0
n1024_m368_s0.949592_seed1.h5,368,0.9495918367346938,1,1024,368,1.0,366.64646285772324,0.9963219099394653,0.9963219099394653,0.0036780900605346556,0.21254086274142212,0.00367809006053595,3.5148059764939648,0.3593750000000005,0.0,0.0,0.0
n1024_m368_s0.969796_seed0.h5,368,0.9697959183673469,0,1024,368,1.0,366.2006204724312,0.995110381718563,0.995110381718563,0.004889618281436969,0.24354540697037927,0.004889618281438399,3.494947824232735,0.35937500000000056,0.0,0.0,0.0
n1024_m368_s0.969796_seed1.h5,368,0.9697959183673469,1,1024,368,1.0,366.19520711898804,0.9950956715189893,0.9950956715189893,0.004904328481010745,0.2439239686739848,0.004904328481012112,3.4946926467193262,0.3593750000000005,0.0,0.0,0.0
n1024_m368_s0.990000_seed0.h5,368,0.99,0,1024,368,1.0,364.25982305407524,0.9898364756904219,0.9898364756904219,0.01016352430957812,0.32876201846606956,0.010163524309579508,3.2828457575949526,0.3593750000000005,0.5785239531741293,0.0,0.0
n1024_m368_s0.990000_seed1.h5,368,0.99,1,1024,368,1.0,364.2503496706486,0.9898107328006754,0.9898107328006754,0.010189267199324559,0.3293455604147284,0.01018926719932564,3.284770468013846,0.35937500000000044,0.6035609944726691,0.0,0.0
n1024_m384_s0.000000_seed0.h5,384,0.0,0,1024,384,1.0,383.97040143673803,0.999922920408172,0.999922920408172,7.707959182801094e-05,0.008442092433359203,7.70795918294775e-05,1.0078645129620118,0.37500000000000056,0.0,0.0,0.0
n1024_m384_s0.000000_seed1.h5,384,0.0,1,1024,384,1.0,383.9706611510119,0.9999235967474268,0.9999235967474268,7.640325257318725e-05,0.00841142913899257,7.64032525744894e-05,1.0076240425807206,0.3750000000000005,0.0,0.0,0.0
n1024_m384_s0.020204_seed0.h5,384,0.02020408163265306,0,1024,384,1.0,383.9727338090961,0.9999289942945211,0.9999289942945211,7.100570547891039e-05,0.008246549620850467,7.100570548022815e-05,1.0109581541868762,0.3750000000000005,0.0,0.0,0.0
n1024_m384_s0.020204_seed1.h5,384,0.02020408163265306,1,1024,384,1.0,383.9716042193031,0.9999260526544352,0.9999260526544352,7.394734556476212e-05,0.008399214054069648,7.394734556599462e-05,1.0108079997269128,0.37500000000000044,0.0,0.0,0.0
n1024_m384_s0.040408_seed0.h5,384,0.04040816326530612,0,1024,384,1.0,383.96438339962333,0.9999072484365191,0.9999072484365191,9.27515634808751e-05,0.009494487612496957,9.275156348227658e-05,1.015146231139104,0.3750000000000005,0.0,0.0,0.0
n1024_m384_s0.040408_seed1.h5,384,0.04040816326530612,1,1024,384,1.0,383.96831722357456,0.9999174927697254,0.9999174927697254,8.250723027458662e-05,0.008973182251265352,8.250723027575169e-05,1.014978538267644,0.37500000000000044,0.0,0.0,0.0
n1024_m384_s0.060612_seed0.h5,384,0.06061224489795918,0,1024,384,1.0,383.9571807969769,0.999888491658794,0.999888491658794,0.00011150834120599029,0.010487871334375199,0.00011150834120701002,1.0203793760381068,0.37500000000000033,0.0,0.0,0.0
n1024_m384_s0.060612_seed1.h5,384,0.06061224489795918,1,1024,384,1.0,383.9651264242784,0.9999091833965584,0.9999091833965584,9.081660344156806e-05,0.009544602732657965,9.08166034427267e-05,1.0206069782376594,0.37500000000000044,0.0,0.0,0.0
n1024_m384_s0.080816_seed0.h5,384,0.08081632653061224,0,1024,384,1.0,383.95124284046324,0.999873028230373,0.999873028230373,0.000126971769626949,0.011274008880357608,0.00012697176962785494,1.0266415272589182,0.37500000000000033,0.0,0.0,0.0
n1024_m384_s0.080816_seed1.h5,384,0.08081632653061224,1,1024,384,1.0,383.9582289651953,0.9998912212635295,0.9998912212635295,0.00010877873647052727,0.010531884397236816,0.0001087787364715582,1.0268089224237922,0.3750000000000004,0.0,0.0,0.0
n1024_m384_s0.101020_seed0.h5,384,0.1010204081632653,0,1024,384,1.0,383.94512192573166,0.9998570883482595,0.9998570883482595,0.00014291165174051823,0.012033644461268238,0.00014291165174124465,1.0326734723696964,0.3750000000000003,0.0,0.0,0.0
n1024_m384_s0.101020_seed1.h5,384,0.1010204081632653,1,1024,384,1.0,383.95276264174026,0.9998769860461986,0.9998769860461986,0.00012301395380143187,0.01127233590411894,0.0001230139538022567,1.0329313751467553,0.37500000000000033,0.0,0.0,0.0
n1024_m384_s0.121224_seed0.h5,384,0.12122448979591836,0,1024,384,1.0,383.93989766572486,0.9998434835044918,0.9998434835044918,0.00015651649550818547,0.012652667890984444,0.0001565164955089588,1.038814264735376,0.37500000000000033,0.0,0.0,0.0
n1024_m384_s0.121224_seed1.h5,384,0.12122448979591836,1,1024,384,1.0,383.9470460351731,0.99986209904993,0.99986209904993,0.00013790095007004677,0.012007040466060418,0.00013790095007085222,1.0390417501236897,0.37500000000000033,0.0,0.0,0.0
n1024_m384_s0.141429_seed0.h5,384,0.14142857142857143,0,1024,384,1.0,383.9342635414432,0.9998288113058417,0.9998288113058417,0.0001711886941583307,0.013351462680021811,0.00017118869415904824,1.0451465262465287,0.37500000000000033,0.0,0.0,0.0
n1024_m384_s0.141429_seed1.h5,384,0.14142857142857143,1,1024,384,1.0,383.9391159993538,0.9998414479149839,0.9998414479149839,0.00015855208501613927,0.012945361868630533,0.00015855208501686744,1.0452939665967413,0.37500000000000033,0.0,0.0,0.0
n1024_m384_s0.161633_seed0.h5,384,0.16163265306122448,0,1024,384,1.0,383.92834427099297,0.9998133965390442,0.9998133965390442,0.00018660346095578095,0.014066189531278262,0.00018660346095655383,1.0519155048018671,0.3750000000000003,0.0,0.0,0.0
n1024_m384_s0.161633_seed1.h5,384,0.16163265306122448,1,1024,384,1.0,383.932753808127,0.9998248797086641,0.9998248797086641,0.00017512029133592844,0.013687070769297118,0.00017512029133670825,1.051607508781216,0.37500000000000033,0.0,0.0,0.0
n1024_m384_s0.181837_seed0.h5,384,0.18183673469387754,0,1024,384,1.0,383.9152923501824,0.9997794071619334,0.9997794071619334,0.00022059283806663554,0.015278801786459685,0.0002205928380672987,1.0585846322516965,0.3750000000000003,0.0,0.0,0.0
n1024_m384_s0.181837_seed1.h5,384,0.18183673469387754,1,1024,384,1.0,383.9242638269425,0.9998027703826627,0.9998027703826627,0.00019722961733725786,0.0146232178218053,0.00019722961733819946,1.0587555408050138,0.37500000000000033,0.0,0.0,0.0
n1024_m384_s0.202041_seed0.h5,384,0.2020408163265306,0,1024,384,1.0,383.91371546253504,0.999775300683685,0.999775300683685,0.0002246993163149691,0.015624790961992027,0.0002246993163156677,1.0657873409620513,0.3750000000000003,0.0,0.0,0.0
n1024_m384_s0.202041_seed1.h5,384,0.2020408163265306,1,1024,384,1.0,383.91943398340663,0.9997901926651215,0.9997901926651215,0.0002098073348785201,0.015194590972067787,0.00020980733487944417,1.065891806556861,0.37500000000000033,0.0,0.0,0.0
n1024_m384_s0.222245_seed0.h5,384,0.22224489795918367,0,1024,384,1.0,383.896499236871,0.999730466762685,0.999730466762685,0.00026953323731504497,0.017089113940061747,0.00026953323731581015,1.0735761515913147,0.37500000000000033,0.0,0.0,0.0
n1024_m384_s0.222245_seed1.h5,384,0.22224489795918367,1,1024,384,1.0,383.90916631097207,0.9997634539348231,0.9997634539348231,0.00023654606517686805,0.016232193186247905,0.00023654606517773628,1.0736451770690358,0.37500000000000033,0.0,0.0,0.0
n1024_m384_s0.242449_seed0.h5,384,0.24244897959183673,0,1024,384,1.0,383.89329166356765,0.9997221137072074,0.9997221137072074,0.00027788629279257293,0.0175987484658267,0.00027788629279330206,1.081483716954208,0.37500000000000033,0.0,0.0,0.0
n1024_m384_s0.242449_seed1.h5,384,0.24244897959183673,1,1024,384,1.0,383.8987571198959,0.9997363466663955,0.9997363466663955,0.0002636533336044522,0.017260383542212595,0.00026365333360535637,1.081917432283698,0.37500000000000033,0.0,0.0,0.0
n1024_m384_s0.262653_seed0.h5,384,0.2626530612244898,0,1024,384,1.0,383.8897747746523,0.9997129551423237,0.9997129551423237,0.0002870448576762774,0.018092668090165756,0.00028704485767707023,1.0902832848242876,0.3750000000000003,0.0,0.0,0.0
n1024_m384_s0.262653_seed1.h5,384,0.2626530612244898,1,1024,384,1.0,383.8893853435875,0.9997119409989258,0.9997119409989258,0.00028805900107420346,0.018163310413553232,0.0002880590010749834,1.090467419396861,0.3750000000000003,0.0,0.0,0.0
n1024_m384_s0.282857_seed0.h5,384,0.28285714285714286,0,1024,384,1.0,383.8757690735656,0.9996764819624104,0.9996764819624104,0.0003235180375895652,0.019329650020822632,0.000323518037590186,1.0994995860387065,0.3750000000000002,0.0,0.0,0.0
n1024_m384_s0.282857_seed1.h5,384,0.28285714285714286,1,1024,384,1.0,383.87833704693185,0.9996831693930517,0.9996831693930517,0.0003168306069483151,0.019223932187229068,0.0003168306069491337,1.1002796353582927,0.3750000000000003,0.0,0.0,0.0
n1024_m384_s0.303061_seed0.h5,384,0.3030612244897959,0,1024,384,1.0,383.86442579915456,0.9996469421852984,0.9996469421852984,0.00035305781470162945,0.02035397146526412,0.0003530578147024494,1.1094529600960894,0.37500000000000033,0.0,0.0,0.0
n1024_m384_s0.303061_seed1.h5,384,0.3030612244897959,1,1024,384,1.0,383.8652137884055,0.9996489942406394,0.9996489942406394,0.00035100575936064526,0.02040387458003437,0.00035100575936130484,1.110273144092224,0.3750000000000002,0.0,0.0,0.0
n1024_m384_s0.323265_seed0.h5,384,0.32326530612244897,0,1024,384,1.0,383.851160734921,0.9996123977471901,0.9996123977471901,0.00038760225280987104,0.021555491742537403,0.00038760225281042,1.1201590388402598,0.37500000000000017,0.0,0.0,0.0
n1024_m384_s0.323265_seed1.h5,384,0.32326530612244897,1,1024,384,1.0,383.8522797701298,0.9996153119013798,0.9996153119013798,0.000384688098620245,0.02155939225773142,0.00038468809862097684,1.1210302156020977,0.37500000000000033,0.0,0.0,0.0
n1024_m384_s0.343469_seed0.h5,384,0.34346938775510205,0,1024,384,1.0,383.83843553750194,0.9995792592122447,0.9995792592122447,0.00042074078775533597,0.022603626300406913,0.0004207407877562398,1.1308602113815611,0.37500000000000033,2.502643809015984e-06,0.0,0.0
n1024_m384_s0.343469_seed1.h5,384,0.34346938775510205,1,1024,384,1.0,383.84257179527776,0.9995900307168691,0.9995900307168691,0.0004099692831308621,0.022452343185391417,0.0004099692831314576,1.131704274024746,0.3750000000000002,0.0,0.0,0.0
n1024_m384_s0.363673_seed0.h5,384,0.3636734693877551,0,1024,384,1.0,383.81479142128956,0.9995176859929416,0.9995176859929416,0.0004823140070584486,0.02425476639447197,0.00048231400705905795,1.1432489977524378,0.3750000000000002,3.286173229473801e-06,0.0,0.0
n1024_m384_s0.363673_seed1.h5,384,0.3636734693877551,1,1024,384,1.0,383.8268979974091,0.9995492135349195,0.9995492135349195,0.00045078646508045495,0.023794008704975906,0.0004507864650810504,1.1447542400582496,0.3750000000000002,0.0,0.0,0.0
n1024_m384_s0.383878_seed0.h5,384,0.38387755102040816,0,1024,384,1.0,383.80421725290944,0.9994901490961183,0.9994901490961183,0.0005098509038816701,0.025387911719743486,0.0005098509038822141,1.157083046909008,0.3750000000000002,3.078255477252182e-06,0.0,0.0
n1024_m384_s0.383878_seed1.h5,384,0.38387755102040816,1,1024,384,1.0,383.81046941972454,0.9995064307805327,0.9995064307805327,0.0004935692194673047,0.025178038105804868,0.0004935692194680321,1.1572949799157919,0.3750000000000003,0.0,0.0,0.0
n1024_m384_s0.404082_seed0.h5,384,0.4040816326530612,0,1024,384,1.0,383.76130781898974,0.9993784057786191,0.9993784057786191,0.0006215942213808612,0.028541645532565486,0.0006215942213815811,1.176180046344972,0.3750000000000003,3.082245677085829e-06,0.0,0.0
n1024_m384_s0.404082_seed1.h5,384,0.4040816326530612,1,1024,384,1.0,383.777216396149,0.9994198343649714,0.9994198343649714,0.0005801656350286066,0.027767311038438165,0.0005801656350292117,1.1753960677781694,0.3750000000000002,2.1450250141815756e-06,0.0,0.0
n1024_m384_s0.424286_seed0.h5,384,0.42428571428571427,0,1024,384,1.0,383.28938233165536,0.9981494331553525,0.9981494331553525,0.001850566844647461,0.055641682801350706,0.0018505668446478548,1.4297909434947147,0.3750000000000001,0.008303767224846402,3.0500149153690358e-06,0.0
n1024_m384_s0.424286_seed1.h5,384,0.42428571428571427,1,1024,384,1.0,383.3466163658886,0.9982984801195016,0.9982984801195016,0.001701519880498381,0.05360836665868359,0.0017015198804985789,1.3450878260752348,0.3750000000000001,0.007091097555979287,0.0,0.0
n1024_m384_s0.444490_seed0.h5,384,0.44448979591836735,0,1024,384,1.0,383.56591946759727,0.9988695819468679,0.9988695819468679,0.0011304180531320762,0.04859336701899528,0.0011304180531325,1.6772626829199822,0.37500000000000017,0.006011908403797964,0.004714515105471258,0.0
n1024_m384_s0.444490_seed1.h5,384,0.44448979591836735,1,1024,384,1.0,383.55835598765407,0.9988498853845158,0.9988498853845158,0.001150114615484199,0.04891330442302251,0.0011501146154847407,1.6781801790264266,0.37500000000000017,0.00588861344071389,0.00513146577456303,0.0
n1024_m384_s0.464694_seed0.h5,384,0.4646938775510204,0,1024,384,1.0,383.5637248295825,0.9988638667437044,0.9988638667437044,0.0011361332562955795,0.051223056682507186,0.001136133256295936,1.7554807918278579,0.37500000000000017,0.005731302104627643,0.005615628058284493,0.0
n1024_m384_s0.464694_seed1.h5,384,0.4646938775510204,1,1024,384,1.0,383.56636196095496,0.9988707342733202,0.9988707342733202,0.0011292657266798178,0.05122916978041394,0.0011292657266800798,1.755927890752934,0.3750000000000001,0.005724329816105857,0.005684081103915804,0.0
n1024_m384_s0.484898_seed0.h5,384,0.48489795918367345,0,1024,384,1.0,383.5260556367575,0.9987657698873894,0.9987657698873894,0.0012342301126105903,0.05430106462553226,0.0012342301126108297,1.8185543532777824,0.3750000000000001,0.005387199973196169,0.005387199973196169,0.0
n1024_m384_s0.484898_seed1.h5,384,0.48489795918367345,1,1024,384,1.0,383.53294276073575,0.9987837051060827,0.9987837051060827,0.0012162948939172802,0.05422748940768473,0.0012162948939176432,1.8186972533750545,0.3750000000000001,0.0054101833735708165,0.0054101833735708165,0.0
n1024_m384_s0.505102_seed0.h5,384,0.5051020408163265,0,1024,384,1.0,383.49850717402296,0.9986940290990182,0.9986940290990182,0.0013059709009818343,0.05693675225873247,0.0013059709009822819,1.868869093679837,0.3750000000000001,0.005121818922571947,0.005121818922571947,0.0
n1024_m384_s0.505102_seed1.h5,384,0.5051020408163265,1,1024,384,1.0,383.5131663088687,0.9987322039293455,0.9987322039293455,0.0012677960706545255,0.056071715559870554,0.0012677960706550119,1.8689198809814696,0.37500000000000017,0.005150569405039988,0.005150569405039988,0.0
n1024_m384_s0.525306_seed0.h5,384,0.5253061224489796,0,1024,384,1.0,383.4840092845261,0.9986562741784534,0.9986562741784534,0.0013437258215466263,0.05840058297959471,0.0013437258215470522,1.9090830432452088,0.3750000000000002,0.0049187326490039455,0.0049187326490039455,0.00045095358466303704
n1024_m384_s0.525306_seed1.h5,384,0.5253061224489796,1,1024,384,1.0,383.48484422732145,0.9986584485086496,0.9986584485086496,0.0013415514913504012,0.0586462277637619,0.0013415514913508765,1.9088520946599654,0.3750000000000002,0.004969629667549391,0.004969629667549391,2.4958833305076486e-05
n1024_m384_s0.545510_seed0.h5,384,0.5455102040816326,0,1024,384,1.0,383.4686012635939,0.9986161491239424,0.9986161491239424,0.0013838508760576351,0.05996857472640412,0.0013838508760579528,1.9408006413309398,0.3750000000000001,0.004815797864681118,0.004815797864681118,0.00294645095512725
n1024_m384_s0.545510_seed1.h5,384,0.5455102040816326,1,1024,384,1.0,383.47516008419916,0.9986332293859354,0.9986332293859354,0.0013667706140646496,0.059693955472223996,0.0013667706140650688,1.940814111263233,0.37500000000000017,0.004826259841121082,0.004826259841121082,0.002586308124390408
n1024_m384_s0.565714_seed0.h5,384,0.5657142857142857,0,1024,384,1.0,383.45938924886286,0.998592159502247,0.998592159502247,0.001407840497752999,0.06118172466216079,0.001407840497753346,1.9659071340671845,0.37500000000000017,0.004736525795552033,0.004736525795552033,0.003692680947372047
n1024_m384_s0.565714_seed1.h5,384,0.5657142857142857,1,1024,384,1.0,383.45990250911564,0.9985934961174886,0.9985934961174886,0.0014065038825114007,0.061218161870438194,0.0014065038825118053,1.966088612622179,0.3750000000000001,0.0047412674647926084,0.0047412674647926084,0.00368020326720913
n1024_m384_s0.585918_seed0.h5,384,0.5859183673469388,0,1024,384,1.0,383.448937561363,0.9985649415660495,0.9985649415660495,0.0014350584339505312,0.062193297719807444,0.0014350584339510072,1.986763227284695,0.3750000000000001,0.004688220751286866,0.004677024837872114,0.004135462461641918
n1024_m384_s0.585918_seed1.h5,384,0.5859183673469388,1,1024,384,1.0,383.4551341687329,0.9985810785644086,0.9985810785644086,0.0014189214355914137,0.06191522214143621,0.0014189214355917127,1.9867583891870473,0.3750000000000001,0.004669543601434387,0.004669543601434387,0.003939188724302441
n1024_m384_s0.606122_seed0.h5,384,0.6061224489795918,0,1024,384,1.0,383.443254633341,0.9985501422743255,0.9985501422743255,0.0014498577256745193,0.06306790356907703,0.0014498577256750276,2.0032440727517336,0.37500000000000017,0.004681705411851081,0.00465866451289617,0.0040248002628830186
n1024_m384_s0.606122_seed1.h5,384,0.6061224489795918,1,1024,384,1.0,383.4475835522171,0.9985614155005654,0.9985614155005654,0.0014385844994345698,0.0628246328507064,0.0014385844994350375,2.0034307576488923,0.37500000000000017,0.004663203408814332,0.004663203408814332,0.004100132223088658
n1024_m384_s0.626327_seed0.h5,384,0.6263265306122449,0,1024,384,1.0,383.4322031168267,0.9985213622834029,0.9985213622834029,0.0014786377165970643,0.06442508576235578,0.0014786377165974828,2.017273159014283,0.37500000000000017,0.004689445445727604,0.004620399769406224,0.0038769229487056345
n1024_m384_s0.626327_seed1.h5,384,0.6263265306122449,1,1024,384,1.0,383.43669495522045,0.9985330597792199,0.9985330597792199,0.0014669402207800886,0.06401699079357168,0.001466940220780624,2.0171831538493894,0.3750000000000002,0.0046795330203151615,0.0046795330203151615,0.004011552110193747
n1024_m384_s0.646531_seed0.h5,384,0.6465306122448979,0,1024,384,1.0,383.4254846239928,0.9985038662083147,0.9985038662083147,0.001496133791685339,0.06536143090824319,0.0014961337916859262,2.0284481084008212,0.3750000000000002,0.004724414962978899,0.004636795339327941,0.0037253697836681413
n1024_m384_s0.646531_seed1.h5,384,0.6465306122448979,1,1024,384,1.0,383.4262914885767,0.9985059674181684,0.9985059674181684,0.0014940325818315614,0.06520301155390536,0.0014940325818320723,2.028366078803741,0.3750000000000002,0.0047257523127681575,0.004697660984964295,0.003976654314455415
n1024_m384_s0.666735_seed0.h5,384,0.666734693877551,0,1024,384,1.0,383.41911313310266,0.9984872737841215,0.9984872737841215,0.0015127262158785015,0.06659701770762808,0.0015127262158789335,2.037922740005474,0.37500000000000017,0.004741284048095575,0.004559973044947264,0.0035480629132498983
n1024_m384_s0.666735_seed1.h5,384,0.666734693877551,1,1024,384,1.0,383.4173748830799,0.9984827470913539,0.9984827470913539,0.0015172529086461273,0.06631931127481928,0.0015172529086464686,2.0380805802557087,0.3750000000000001,0.0047692718209631805,0.004740084084404478,0.0037609730311564233
n1024_m384_s0.686939_seed0.h5,384,0.6869387755102041,0,1024,384,1.0,383.4115694160573,0.9984676286876493,0.9984676286876493,0.0015323713123507332,0.0680459068889527,0.00153237131235114,2.04643202180747,0.37500000000000017,0.004679947886324114,0.004375179373703458,0.003332606514251256
n1024_m384_s0.686939_seed1.h5,384,0.6869387755102041,1,1024,384,1.0,383.39928449015133,0.9984356366931024,0.9984356366931024,0.001564363306897576,0.0681320336872976,0.0015643633068981105,2.046812861620599,0.3750000000000002,0.0048331140891828585,0.0046489582406106155,0.003716209835474503
n1024_m384_s0.707143_seed0.h5,384,0.7071428571428571,0,1024,384,1.0,383.57797661749646,0.9989009807747303,0.9989009807747303,0.0010990192252696707,0.06803606132898399,0.0010990192252701937,2.0558829792707085,0.3750000000000002,0.0,0.0,0.0
n1024_m384_s0.707143_seed1.h5,384,0.7071428571428571,1,1024,384,1.0,383.5589737787377,0.9988514942154628,0.9988514942154628,0.0011485057845371793,0.07046671262743559,0.001148505784537587,2.0806148443036485,0.3750000000000001,0.0,0.0,0.0
n1024_m384_s0.727347_seed0.h5,384,0.7273469387755102,0,1024,384,1.0,383.46833950909786,0.998615467471609,0.998615467471609,0.0013845325283909915,0.08074032083702816,0.0013845325283914297,2.1707731178322223,0.37500000000000017,0.0,0.0,0.0
n1024_m384_s0.727347_seed1.h5,384,0.7273469387755102,1,1024,384,1.0,383.45196780143306,0.9985728328162319,0.9985728328162319,0.0014271671837681188,0.08301252706928844,0.0014271671837686331,2.1989579250177913,0.3750000000000002,0.0,0.0,0.0
n1024_m384_s0.747551_seed0.h5,384,0.7475510204081632,0,1024,384,1.0,383.4009437914938,0.9984399577903483,0.9984399577903483,0.0015600422096516686,0.09247848491347026,0.0015600422096523874,2.34528349794019,0.37500000000000033,0.0,0.0,0.0
n1024_m384_s0.747551_seed1.h5,384,0.7475510204081632,1,1024,384,1.0,383.40692279906943,0.9984555281225767,0.9984555281225767,0.001544471877423348,0.09065116814045046,0.0015444718774241398,2.31045483121316,0.3750000000000003,0.0,0.0,0.0
n1024_m384_s0.767755_seed0.h5,384,0.7677551020408163,0,1024,384,1.0,383.39701327541843,0.9984297220714021,0.9984297220714021,0.001570277928597874,0.09866690031106175,0.0015702779285985248,2.494394577561215,0.3750000000000002,0.0,0.0,0.0
n1024_m384_s0.767755_seed1.h5,384,0.7677551020408163,1,1024,384,1.0,383.39586069621146,0.9984267205630507,0.9984267205630507,0.001573279436949293,0.09837678085854785,0.0015732794369500782,2.4850835173477517,0.3750000000000003,0.0,0.0,0.0
n1024_m384_s0.787959_seed0.h5,384,0.7879591836734694,0,1024,384,1.0,383.3632589348126,0.9983418201427412,0.9983418201427412,0.0016581798572588013,0.10917732099353958,0.0016581798572596464,2.6859607938081607,0.3750000000000003,0.0,0.0,0.0
n1024_m384_s0.787959_seed1.h5,384,0.7879591836734694,1,1024,384,1.0,383.3562713221181,0.9983236232346826,0.9983236232346826,0.0016763767653174,0.10946405034195514,0.0016763767653182953,2.6779727739222885,0.37500000000000033,0.0,0.0,0.0
n1024_m384_s0.808163_seed0.h5,384,0.8081632653061224,0,1024,384,1.0,383.3158838385716,0.9982184474962802,0.9982184474962802,0.0017815525037198077,0.1191623538522055,0.0017815525037206752,2.8295746686737715,0.37500000000000033,0.0,0.0,0.0
n1024_m384_s0.808163_seed1.h5,384,0.8081632653061224,1,1024,384,1.0,383.3201889079064,0.9982296586143397,0.9982296586143397,0.0017703413856603456,0.11876939547505536,0.001770341385661352,2.829053759957058,0.37500000000000033,0.0,0.0,0.0
n1024_m384_s0.828367_seed0.h5,384,0.8283673469387755,0,1024,384,1.0,383.2792191263288,0.9981229664748147,0.9981229664748147,0.001877033525185312,0.12673417475904833,0.0018770335251863195,2.9307772961279293,0.37500000000000033,0.0,0.0,0.0
n1024_m384_s0.828367_seed1.h5,384,0.8283673469387755,1,1024,384,1.0,383.26556745171547,0.9980874152388424,0.9980874152388424,0.0019125847611576319,0.1279074486200178,0.0019125847611587764,2.9310766155200563,0.37500000000000044,0.0,0.0,0.0
n1024_m384_s0.848571_seed0.h5,384,0.8485714285714285,0,1024,384,1.0,383.2020358145237,0.9979219682669888,0.9979219682669888,0.002078031733011243,0.13725576232235162,0.0020780317330124226,3.016693500373718,0.37500000000000044,0.0,0.0,0.0
n1024_m384_s0.848571_seed1.h5,384,0.8485714285714285,1,1024,384,1.0,383.2090417146683,0.9979402127986153,0.9979402127986153,0.0020597872013846663,0.13669417920012616,0.002059787201385944,3.0173612200919018,0.37500000000000044,0.0,0.0,0.0
n1024_m384_s0.868776_seed0.h5,384,0.8687755102040816,0,1024,384,1.0,383.12818640470505,0.9977296520955861,0.9977296520955861,0.0022703479044139385,0.14748765155116017,0.0022703479044152456,3.100705889440263,0.3750000000000005,0.0,0.0,0.0
n1024_m384_s0.868776_seed1.h5,384,0.8687755102040816,1,1024,384,1.0,383.14910995960236,0.9977841405197978,0.9977841405197978,0.002215859480202198,0.14578871951979194,0.002215859480203344,3.103554009254233,0.37500000000000044,0.0,0.0,0.0
n1024_m384_s0.888980_seed0.h5,384,0.8889795918367347,0,1024,384,1.0,383.03425720334053,0.9974850448003659,0.9974850448003659,0.0025149551996340724,0.159235758312961,0.002514955199635335,3.1804276700943763,0.3750000000000005,0.0,0.0,0.0
n1024_m384_s0.888980_seed1.h5,384,0.8889795918367347,1,1024,384,1.0,383.05463659763336,0.9975381161396703,0.9975381161396703,0.00246188386032975,0.15775144691725887,0.00246188386033097,3.1844326117811788,0.37500000000000044,0.0,0.0,0.0
n1024_m384_s0.909184_seed0.h5,384,0.9091836734693878,0,1024,384,1.0,382.92347279191017,0.9971965437289327,0.9971965437289327,0.0028034562710672617,0.17187937699555414,0.002803456271068474,3.252441035797873,0.37500000000000044,0.0,0.0,0.0
n1024_m384_s0.909184_seed1.h5,384,0.9091836734693878,1,1024,384,1.0,382.91930189728737,0.9971856820241859,0.9971856820241859,0.002814317975814107,0.17221715461351755,0.002814317975815446,3.251935290411303,0.37500000000000044,0.0,0.0,0.0
n1024_m384_s0.929388_seed0.h5,384,0.9293877551020407,0,1024,384,1.0,382.77589932084084,0.9968122378146896,0.9968122378146896,0.003187762185310361,0.1863529011410688,0.0031877621853116695,3.3083170808215785,0.37500000000000056,0.0,0.0,0.0
n1024_m384_s0.929388_seed1.h5,384,0.9293877551020407,1,1024,384,1.0,382.76203989982605,0.9967761455724636,0.9967761455724636,0.0032238544275363656,0.18722581746910674,0.0032238544275375136,3.3061461199514093,0.37500000000000044,0.0,0.0,0.0
n1024_m384_s0.949592_seed0.h5,384,0.9495918367346938,0,1024,384,1.0,382.5171408653259,0.9961383876701196,0.9961383876701196,0.0038616123298803595,0.20652769323495096,0.003861612329881834,3.3327558783077174,0.37500000000000056,0.0,0.0,0.0
n1024_m384_s0.949592_seed1.h5,384,0.9495918367346938,1,1024,384,1.0,382.5092729628086,0.9961178983406475,0.9961178983406475,0.0038821016593525437,0.2073026263578629,0.003882101659353989,3.3361493757819662,0.37500000000000056,0.0,0.0,0.0
n1024_m384_s0.969796_seed0.h5,384,0.9697959183673469,0,1024,384,1.0,382.03236255049706,0.9948759441419194,0.9948759441419194,0.005124055858080623,0.23563572518208917,0.0051240558580818284,3.3039469211690693,0.37500000000000044,0.0,0.0,0.0
n1024_m384_s0.969796_seed1.h5,384,0.9697959183673469,1,1024,384,1.0,382.0474382042885,0.9949152036570013,0.9949152036570013,0.005084796342998743,0.23478405271017752,0.005084796342999999,3.3041857760588482,0.37500000000000044,0.0,0.0,0.0
n1024_m384_s0.990000_seed0.h5,384,0.99,0,1024,384,1.0,380.0975803434849,0.9898374488111585,0.9898374488111585,0.010162551188841462,0.3151574613737845,0.010162551188842473,3.131000392646826,0.3750000000000004,0.5777302419491409,0.0,0.0
n1024_m384_s0.990000_seed1.h5,384,0.99,1,1024,384,1.0,380.04469326138496,0.9896997220348567,0.9896997220348567,0.010300277965143323,0.3172115259376488,0.010300277965144607,3.1329984012854495,0.3750000000000005,0.6192992727075387,0.0,0.0
n1024_m400_s0.000000_seed0.h5,400,0.0,0,1024,400,1.0,399.97158141048567,0.9999289535262141,0.9999289535262141,7.104647378586293e-05,0.008194810563108204,7.104647378717332e-05,1.0085020949143064,0.3906250000000005,0.0,0.0,0.0
n1024_m400_s0.000000_seed1.h5,400,0.0,1,1024,400,1.0,399.96837466185025,0.9999209366546257,0.9999209366546257,7.906334537433057e-05,0.008515602718772147,7.906334537572063e-05,1.008281511431276,0.39062500000000056,0.0,0.0,0.0
n1024_m400_s0.020204_seed0.h5,400,0.02020408163265306,0,1024,400,1.0,399.9665595428887,0.9999163988572218,0.9999163988572218,8.360114277816688e-05,0.008906320752439677,8.360114277960897e-05,1.0116452313469304,0.39062500000000056,0.0,0.0,0.0
n1024_m400_s0.020204_seed1.h5,400,0.02020408163265306,1,1024,400,1.0,399.97038954678646,0.9999259738669661,0.9999259738669661,7.402613303386651e-05,0.008407820460866345,7.402613303500943e-05,1.0113034112991446,0.39062500000000044,0.0,0.0,0.0
n1024_m400_s0.040408_seed0.h5,400,0.04040816326530612,0,1024,400,1.0,399.96601266202197,0.9999150316550549,0.9999150316550549,8.496834494509109e-05,0.009109508260073172,8.496834494642492e-05,1.0158371742317185,0.39062500000000056,0.0,0.0,0.0
n1024_m400_s0.040408_seed1.h5,400,0.04040816326530612,1,1024,400,1.0,399.9654425512854,0.9999136063782135,0.9999136063782135,8.63936217865291e-05,0.009141181320487003,8.639362178775759e-05,1.0153623468135218,0.39062500000000044,0.0,0.0,0.0
n1024_m400_s0.060612_seed0.h5,400,0.06061224489795918,0,1024,400,1.0,399.95717732479534,0.9998929433119883,0.9998929433119883,0.00010705668801169743,0.010298885485242838,0.0001070566880127042,1.0210719130906711,0.3906250000000004,0.0,0.0,0.0
n1024_m400_s0.060612_seed1.h5,400,0.06061224489795918,1,1024,400,1.0,399.9623545608192,0.999905886402048,0.999905886402048,9.41135979519725e-05,0.009685585320523047,9.411359795311984e-05,1.0207113514119495,0.39062500000000044,0.0,0.0,0.0
n1024_m400_s0.080816_seed0.h5,400,0.08081632653061224,0,1024,400,1.0,399.9524647969156,0.9998811619922889,0.9998811619922889,0.00011883800771106401,0.010961662220984362,0.00011883800771216958,1.026860834363871,0.39062500000000044,0.0,0.0,0.0
n1024_m400_s0.080816_seed1.h5,400,0.08081632653061224,1,1024,400,1.0,399.95774040312244,0.9998943510078061,0.9998943510078061,0.00010564899219389634,0.010368461003961129,0.00010564899219501726,1.0264597828992295,0.39062500000000044,0.0,0.0,0.0
n1024_m400_s0.101020_seed0.h5,400,0.1010204081632653,0,1024,400,1.0,399.9446978791384,0.999861744697846,0.999861744697846,0.00013825530215394455,0.011859775290538053,0.00013825530215492356,1.0331350404988233,0.39062500000000033,0.0,0.0,0.0
n1024_m400_s0.101020_seed1.h5,400,0.1010204081632653,1,1024,400,1.0,399.94999633107363,0.999874990827684,0.999874990827684,0.00012500917231594855,0.011360824605929472,0.00012500917231689018,1.0326606429663212,0.3906250000000004,0.0,0.0,0.0
n1024_m400_s0.121224_seed0.h5,400,0.12122448979591836,0,1024,400,1.0,399.94074743134115,0.9998518685783528,0.9998518685783528,0.00014813142164715742,0.012381206362226352,0.00014813142164801576,1.0390021396604843,0.39062500000000033,0.0,0.0,0.0
n1024_m400_s0.121224_seed1.h5,400,0.12122448979591836,1,1024,400,1.0,399.9449502163334,0.9998623755408335,0.9998623755408335,0.00013762445916654098,0.011985837022186748,0.00013762445916731805,1.0388167641415278,0.39062500000000033,0.0,0.0,0.0
n1024_m400_s0.141429_seed0.h5,400,0.14142857142857143,0,1024,400,1.0,399.93618963214976,0.9998404740803744,0.9998404740803744,0.0001595259196256471,0.012954969603840148,0.0001595259196264183,1.0454157871503833,0.39062500000000033,0.0,0.0,0.0
n1024_m400_s0.141429_seed1.h5,400,0.14142857142857143,1,1024,400,1.0,399.93885979150946,0.9998471494787736,0.9998471494787736,0.00015285052122637754,0.012727511393733324,0.0001528505212273389,1.0449703767510945,0.3906250000000004,0.0,0.0,0.0
n1024_m400_s0.161633_seed0.h5,400,0.16163265306122448,0,1024,400,1.0,399.92936055698374,0.9998234013924594,0.9998234013924594,0.0001765986075406012,0.013714866964485461,0.00017659860754153653,1.051767891442175,0.39062500000000033,0.0,0.0,0.0
n1024_m400_s0.161633_seed1.h5,400,0.16163265306122448,1,1024,400,1.0,399.92934654549026,0.9998233663637257,0.9998233663637257,0.00017663363627429263,0.0137640455464423,0.00017663363627518788,1.051760653954227,0.39062500000000033,0.0,0.0,0.0
n1024_m400_s0.181837_seed0.h5,400,0.18183673469387754,0,1024,400,1.0,399.92043362643744,0.9998010840660936,0.9998010840660936,0.00019891593390641837,0.014626455225270903,0.0001989159339072098,1.0583852950884796,0.39062500000000033,0.0,0.0,0.0
n1024_m400_s0.181837_seed1.h5,400,0.18183673469387754,1,1024,400,1.0,399.92458875317243,0.9998114718829311,0.9998114718829311,0.00018852811706893124,0.014321243438608069,0.0001885281170695987,1.058425768662693,0.3906250000000003,0.0,0.0,0.0
n1024_m400_s0.202041_seed0.h5,400,0.2020408163265306,0,1024,400,1.0,399.9141837744173,0.9997854594360434,0.9997854594360434,0.00021454056395664445,0.01534032382653792,0.00021454056395750858,1.0656291529248436,0.39062500000000033,0.0,0.0,0.0
n1024_m400_s0.202041_seed1.h5,400,0.2020408163265306,1,1024,400,1.0,399.9162593343499,0.9997906483358747,0.9997906483358747,0.00020935166412527906,0.015182191213237424,0.0002093516641262233,1.0657373708197124,0.39062500000000033,0.0,0.0,0.0
n1024_m400_s0.222245_seed0.h5,400,0.22224489795918367,0,1024,400,1.0,399.90482874712325,0.9997620718678081,0.9997620718678081,0.00023792813219192244,0.016239832011977134,0.00023792813219283447,1.07287828349044,0.39062500000000033,0.0,0.0,0.0
n1024_m400_s0.222245_seed1.h5,400,0.22224489795918367,1,1024,400,1.0,399.90726937727595,0.9997681734431899,0.9997681734431899,0.00023182655681008857,0.016087299043395346,0.00023182655681093,1.0731213764720018,0.39062500000000033,0.0,0.0,0.0
n1024_m400_s0.242449_seed0.h5,400,0.24244897959183673,0,1024,400,1.0,399.8940840557625,0.9997352101394062,0.9997352101394062,0.0002647898605937504,0.017231526712602734,0.0002647898605945371,1.0808945019942036,0.39062500000000033,0.0,0.0,0.0
n1024_m400_s0.242449_seed1.h5,400,0.24244897959183673,1,1024,400,1.0,399.8961580062605,0.9997403950156513,0.9997403950156513,0.000259604984348738,0.017148997284299146,0.00025960498434948726,1.0816662495552485,0.39062500000000033,0.0,0.0,0.0
n1024_m400_s0.262653_seed0.h5,400,0.2626530612244898,0,1024,400,1.0,399.88037327140046,0.9997009331785012,0.9997009331785012,0.0002990668214988279,0.018457463188305965,0.0002990668214997387,1.090498652260083,0.39062500000000033,0.0,0.0,0.0
n1024_m400_s0.262653_seed1.h5,400,0.2626530612244898,1,1024,400,1.0,399.88248471479164,0.9997062117869792,0.9997062117869792,0.00029378821302084024,0.018365600108167207,0.00029378821302161425,1.0902302128066128,0.3906250000000003,0.0,0.0,0.0
n1024_m400_s0.282857_seed0.h5,400,0.28285714285714286,0,1024,400,1.0,399.8690809224063,0.9996727023060157,0.9996727023060157,0.00032729769398431863,0.01947825323801644,0.0003272976939851345,1.0996254171315158,0.39062500000000033,0.0,0.0,0.0
n1024_m400_s0.282857_seed1.h5,400,0.28285714285714286,1,1024,400,1.0,399.87630820902996,0.9996907705225749,0.9996907705225749,0.0003092294774250659,0.01902462858595313,0.0003092294774259266,1.0996947157561066,0.39062500000000033,0.0,0.0,0.0
n1024_m400_s0.303061_seed0.h5,400,0.3030612244897959,0,1024,400,1.0,399.8539646414865,0.9996349116037163,0.9996349116037163,0.00036508839628368595,0.02070604253891599,0.00036508839628435837,1.1091768752417737,0.3906250000000003,0.0,0.0,0.0
n1024_m400_s0.303061_seed1.h5,400,0.3030612244897959,1,1024,400,1.0,399.8604867263639,0.9996512168159097,0.9996512168159097,0.0003487831840902622,0.020377478119171767,0.0003487831840910399,1.1101910837332276,0.39062500000000033,0.0,0.0,0.0
n1024_m400_s0.323265_seed0.h5,400,0.32326530612244897,0,1024,400,1.0,399.84492887638044,0.9996123221909511,0.9996123221909511,0.00038767780904891413,0.021580067470250024,0.0003876778090495025,1.1194937726026915,0.3906250000000002,0.0,0.0,0.0
n1024_m400_s0.323265_seed1.h5,400,0.32326530612244897,1,1024,400,1.0,399.8495110484655,0.9996237776211637,0.9996237776211637,0.0003762223788362773,0.021355580745839268,0.00037622237883684775,1.120428723113547,0.3906250000000002,0.0,0.0,0.0
n1024_m400_s0.343469_seed0.h5,400,0.34346938775510205,0,1024,400,1.0,399.8313402021304,0.999578350505326,0.999578350505326,0.0004216494946740479,0.02273333134377729,0.00042164949467473944,1.1303508842452017,0.3906250000000002,0.0,0.0,0.0
n1024_m400_s0.343469_seed1.h5,400,0.34346938775510205,1,1024,400,1.0,399.83532916012336,0.9995883229003084,0.9995883229003084,0.0004116770996915875,0.022543830655308027,0.00041167709969242114,1.1308913567050183,0.39062500000000033,0.0,0.0,0.0
n1024_m400_s0.363673_seed0.h5,400,0.3636734693877551,0,1024,400,1.0,399.8161694688606,0.9995404236721516,0.9995404236721516,0.00045957632784843216,0.023978373580334948,0.0004595763278493384,1.1434343163543499,0.39062500000000033,0.0,0.0,0.0
n1024_m400_s0.363673_seed1.h5,400,0.3636734693877551,1,1024,400,1.0,399.8170907016902,0.9995427267542254,0.9995427267542254,0.00045727324577460315,0.024006406148298385,0.0004572732457752591,1.1440218518135772,0.39062500000000033,0.0,0.0,0.0
n1024_m400_s0.383878_seed0.h5,400,0.38387755102040816,0,1024,400,1.0,399.79843508268823,0.9994960877067206,0.9994960877067206,0.000503912293279396,0.02538070728649792,0.0005039122932801937,1.1569292720944417,0.3906250000000003,1.619386291055098e-06,0.0,0.0
n1024_m400_s0.383878_seed1.h5,400,0.38387755102040816,1,1024,400,1.0,399.8071012273722,0.9995177530684305,0.9995177530684305,0.0004822469315695077,0.024945861400684718,0.0004822469315702688,1.15659695138389,0.3906250000000003,0.0,0.0,0.0
n1024_m400_s0.404082_seed0.h5,400,0.4040816326530612,0,1024,400,1.0,399.776280997321,0.9994407024933025,0.9994407024933025,0.0005592975066974759,0.027152854240629173,0.0005592975066980976,1.1728416596737103,0.3906250000000002,2.976102737066422e-06,0.0,0.0
n1024_m400_s0.404082_seed1.h5,400,0.4040816326530612,1,1024,400,1.0,399.7869276551937,0.9994673191379843,0.9994673191379843,0.0005326808620157442,0.02655923983877541,0.000532680862016454,1.1715319355026088,0.3906250000000003,0.0,0.0,0.0
n1024_m400_s0.424286_seed0.h5,400,0.42428571428571427,0,1024,400,1.0,399.42006478997064,0.9985501619749266,0.9985501619749266,0.001449838025073369,0.04910698873794268,0.0014498380250736874,1.2889783665031918,0.3906250000000001,0.001650370420716748,0.0,0.0
n1024_m400_s0.424286_seed1.h5,400,0.42428571428571427,1,1024,400,1.0,399.56788698985474,0.9989197174746368,0.9989197174746368,0.0010802825253631854,0.041486709126562375,0.0010802825253637468,1.2405659068792656,0.3906250000000002,9.472472417036665e-07,0.0,0.0
n1024_m400_s0.444490_seed0.h5,400,0.44448979591836735,0,1024,400,1.0,399.556048790575,0.9988901219764376,0.9988901219764376,0.0011098780235624384,0.0487756429518255,0.0011098780235627445,1.6797901341779933,0.3906250000000001,0.00543374262441091,0.005178682764455565,0.0
n1024_m400_s0.444490_seed1.h5,400,0.44448979591836735,1,1024,400,1.0,399.5400758595788,0.998850189648947,0.998850189648947,0.0011498103510529933,0.0495879275043083,0.0011498103510534045,1.6789237910798407,0.39062500000000017,0.0052946382678623095,0.00467282296010339,0.0
n1024_m400_s0.464694_seed0.h5,400,0.4646938775510204,0,1024,400,1.0,399.54543774051126,0.9988635943512781,0.9988635943512781,0.001136405648721861,0.05185296061506552,0.001136405648722233,1.757017632573367,0.39062500000000017,0.0052613636549467034,0.0052613636549467034,0.0
n1024_m400_s0.464694_seed1.h5,400,0.4646938775510204,1,1024,400,1.0,399.54553087058594,0.9988638271764648,0.9988638271764648,0.0011361728235351753,0.052105984603630806,0.001136172823535463,1.7571242558441507,0.3906250000000001,0.005183771804503201,0.005163636966071825,0.0
n1024_m400_s0.484898_seed0.h5,400,0.48489795918367345,0,1024,400,1.0,399.5066550284391,0.9987666375710978,0.9987666375710978,0.0012333624289021516,0.05518077723799616,0.001233362428902563,1.8199085424181431,0.3906250000000001,0.0049322866844643135,0.0049322866844643135,0.0
n1024_m400_s0.484898_seed1.h5,400,0.48489795918367345,1,1024,400,1.0,399.5123545178212,0.9987808862945531,0.9987808862945531,0.001219113705446917,0.05504745857078247,0.00121911370544734,1.8203257769407806,0.3906250000000002,0.00495847239578934,0.00495847239578934,0.0
n1024_m400_s0.505102_seed0.h5,400,0.5051020408163265,0,1024,400,1.0,399.4764537308365,0.9986911343270912,0.9986911343270912,0.0013088656729087766,0.0578244324629138,0.0013088656729091338,1.8699491101846237,0.39062500000000017,0.004685176996949852,0.004685176996949852,0.0
n1024_m400_s0.505102_seed1.h5,400,0.5051020408163265,1,1024,400,1.0,399.48542749369517,0.9987135687342379,0.9987135687342379,0.0012864312657621113,0.05753407567906631,0.0012864312657626252,1.8704744021906157,0.3906250000000002,0.00473301451236376,0.00473301451236376,0.0
n1024_m400_s0.525306_seed0.h5,400,0.5253061224489796,0,1024,400,1.0,399.45144067378715,0.9986286016844679,0.9986286016844679,0.001371398315532124,0.06004252693707616,0.0013713983155324262,1.9097090643585783,0.3906250000000001,0.004525491845379761,0.004525491845379761,0.0006086174580051747
n1024_m400_s0.525306_seed1.h5,400,0.5253061224489796,1,1024,400,1.0,399.4656861713156,0.998664215428289,0.998664215428289,0.0013357845717110184,0.059422529365778985,0.0013357845717114612,1.9101741464210968,0.39062500000000017,0.004537568426184949,0.004537568426184949,0.0
n1024_m400_s0.545510_seed0.h5,400,0.5455102040816326,0,1024,400,1.0,399.4449012600817,0.9986122531502042,0.9986122531502042,0.0013877468497958123,0.06093459349251315,0.001387746849796195,1.9417284579473928,0.3906250000000001,0.004430538329281107,0.004430538329281107,0.0033961889560265844
n1024_m400_s0.545510_seed1.h5,400,0.5455102040816326,1,1024,400,1.0,399.4518516766839,0.9986296291917097,0.9986296291917097,0.0013703708082902777,0.06080423357304669,0.0013703708082908755,1.9417792330753074,0.3906250000000002,0.004437370835754506,0.004437370835754506,0.0026524606884018786
n1024_m400_s0.565714_seed0.h5,400,0.5657142857142857,0,1024,400,1.0,399.4350797473453,0.9985876993683632,0.9985876993683632,0.0014123006316367759,0.06215592199451252,0.0014123006316372766,1.966811190245545,0.39062500000000017,0.004351482919911346,0.004351482919911346,0.003886035857022078
n1024_m400_s0.565714_seed1.h5,400,0.5657142857142857,1,1024,400,1.0,399.4400515400339,0.9986001288500848,0.9986001288500848,0.0013998711499152439,0.06201776605606371,0.0013998711499156693,1.9670786563771485,0.3906250000000001,0.004363605150386966,0.004363605150386966,0.00369695463765413
n1024_m400_s0.585918_seed0.h5,400,0.5859183673469388,0,1024,400,1.0,399.4302596889902,0.9985756492224754,0.9985756492224754,0.0014243507775245634,0.06288298120144885,0.00142435077752498,1.987254726371278,0.39062500000000017,0.0043201937056195315,0.0043201937056195315,0.0038306781773170453
n1024_m400_s0.585918_seed1.h5,400,0.5859183673469388,1,1024,400,1.0,399.4357086461969,0.9985892716154922,0.9985892716154922,0.0014107283845078422,0.0626770841729604,0.0014107283845081885,1.9872864949563382,0.3906250000000001,0.004319745438639388,0.004319745438639388,0.0038671076263379865
n1024_m400_s0.606122_seed0.h5,400,0.6061224489795918,0,1024,400,1.0,399.4250292754732,0.998562573188683,0.998562573188683,0.0014374268113169775,0.06364634285086457,0.0014374268113173546,2.0035136424606304,0.3906250000000001,0.004307435050265798,0.0042981014681846555,0.00387106155454475
n1024_m400_s0.606122_seed1.h5,400,0.6061224489795918,1,1024,400,1.0,399.4277629167773,0.9985694072919432,0.9985694072919432,0.0014305927080567882,0.0636204766164299,0.001430592708057148,2.003654516864981,0.39062500000000017,0.0043024289341494345,0.0043024289341494345,0.0037723563761013733
n1024_m400_s0.626327_seed0.h5,400,0.6263265306122449,0,1024,400,1.0,399.4141237477306,0.9985353093693266,0.9985353093693266,0.0014646906306734486,0.06488892070151082,0.0014646906306738491,2.0173205297135586,0.3906250000000002,0.004315857928493596,0.0043068869410946,0.003865263849440201
n1024_m400_s0.626327_seed1.h5,400,0.6263265306122449,1,1024,400,1.0,399.4151740530506,0.9985379351326265,0.9985379351326265,0.001462064867373547,0.06495310892197717,0.0014620648673740093,2.0175144755884387,0.39062500000000017,0.004316485292856869,0.004316485292856869,0.003716637319135116
n1024_m400_s0.646531_seed0.h5,400,0.6465306122448979,0,1024,400,1.0,399.40984618943185,0.9985246154735796,0.9985246154735796,0.0014753845264203758,0.06584234409966994,0.001475384526421004,2.028604551246581,0.3906250000000002,0.0043270470874321836,0.0042719827619058,0.003618232508094532
n1024_m400_s0.646531_seed1.h5,400,0.6465306122448979,1,1024,400,1.0,399.4006752856076,0.998501688214019,0.998501688214019,0.0014983117859810324,0.06635755154618674,0.0014983117859815069,2.028700124229749,0.39062500000000017,0.004336544454885508,0.0043046430241168825,0.0038154096129154958
n1024_m400_s0.666735_seed0.h5,400,0.666734693877551,0,1024,400,1.0,399.39911303226836,0.9984977825806709,0.9984977825806709,0.0015022174193290994,0.06716012528164073,0.0015022174193295506,2.03795745673131,0.39062500000000017,0.00436451354867025,0.004213425524728935,0.0034771867959053015
n1024_m400_s0.666735_seed1.h5,400,0.666734693877551,1,1024,400,1.0,399.38944822223857,0.9984736205555964,0.9984736205555964,0.0015263794444035916,0.06755243626548975,0.0015263794444039217,2.038458634471257,0.3906250000000001,0.0043870109617517306,0.0043186880330300945,0.003673142833623546
n1024_m400_s0.686939_seed0.h5,400,0.6869387755102041,0,1024,400,1.0,399.3939174185507,0.9984847935463768,0.9984847935463768,0.0015152064536232412,0.0686956533934335,0.0015152064536236548,2.0463369075911104,0.39062500000000017,0.004208739724029623,0.003957479900022645,0.0032426022747343163
n1024_m400_s0.686939_seed1.h5,400,0.6869387755102041,1,1024,400,1.0,399.37620528927073,0.9984405132231768,0.9984405132231768,0.0015594867768231602,0.06894845951149689,0.0015594867768237495,2.0464648921658375,0.3906250000000002,0.004453956484701273,0.004289273677529944,0.00364925211599724
n1024_m400_s0.707143_seed0.h5,400,0.7071428571428571,0,1024,400,1.0,399.3909148394596,0.9984772870986489,0.9984772870986489,0.0015227129013510865,0.07009765669851142,0.0015227129013514755,2.05504150881015,0.39062500000000017,0.004335683956259502,0.003950443396245103,0.0024431062497492027
n1024_m400_s0.707143_seed1.h5,400,0.7071428571428571,1,1024,400,1.0,399.53996612667106,0.9988499153166777,0.9988499153166777,0.0011500846833223388,0.07004110728348178,0.0011500846833228501,2.0677670130709527,0.3906250000000002,0.0,0.0,0.0
n1024_m400_s0.727347_seed0.h5,400,0.7273469387755102,0,1024,400,1.0,399.42365186987445,0.9985591296746861,0.9985591296746861,0.0014408703253139254,0.08242880347969173,0.001440870325314309,2.1724457393251217,0.3906250000000002,0.0,0.0,0.0
n1024_m400_s0.727347_seed1.h5,400,0.7273469387755102,1,1024,400,1.0,399.42188793583773,0.9985547198395943,0.9985547198395943,0.001445280160405682,0.0828505858919936,0.0014452801604062063,2.179653198318804,0.3906250000000002,0.0,0.0,0.0
n1024_m400_s0.747551_seed0.h5,400,0.7475510204081632,0,1024,400,1.0,399.35428116610274,0.9983857029152569,0.9983857029152569,0.0016142970847431437,0.09294341190745477,0.0016142970847438083,2.3175512944472305,0.3906250000000002,0.0,0.0,0.0
n1024_m400_s0.747551_seed1.h5,400,0.7475510204081632,1,1024,400,1.0,399.353245761944,0.9983831144048599,0.9983831144048599,0.0016168855951400607,0.09297416785692994,0.00161688559514072,2.3160475363915327,0.3906250000000003,0.0,0.0,0.0
n1024_m400_s0.767755_seed0.h5,400,0.7677551020408163,0,1024,400,1.0,399.3355161312502,0.9983387903281254,0.9983387903281254,0.0016612096718745528,0.10069604340840498,0.0016612096718753096,2.474929647410767,0.39062500000000033,0.0,0.0,0.0
n1024_m400_s0.767755_seed1.h5,400,0.7677551020408163,1,1024,400,1.0,399.33934498927556,0.9983483624731889,0.9983483624731889,0.0016516375268110783,0.10108114948969986,0.0016516375268117538,2.4916450656095366,0.3906250000000003,0.0,0.0,0.0
n1024_m400_s0.787959_seed0.h5,400,0.7879591836734694,0,1024,400,1.0,399.29164568008855,0.9982291142002214,0.9982291142002214,0.0017708857997785765,0.11158833038766233,0.001770885799779586,2.65693368436631,0.39062500000000033,0.0,0.0,0.0
n1024_m400_s0.787959_seed1.h5,400,0.7879591836734694,1,1024,400,1.0,399.3032245535869,0.9982580613839673,0.9982580613839673,0.0017419386160326678,0.11039970395009441,0.0017419386160336574,2.650886854525197,0.3906250000000004,0.0,0.0,0.0
n1024_m400_s0.808163_seed0.h5,400,0.8081632653061224,0,1024,400,1.0,399.2612568438053,0.9981531421095133,0.9981531421095133,0.001846857890486664,0.11911592465583423,0.0018468578904877304,2.7777100513522304,0.39062500000000033,0.0,0.0,0.0
n1024_m400_s0.808163_seed1.h5,400,0.8081632653061224,1,1024,400,1.0,399.25168832112104,0.9981292208028026,0.9981292208028026,0.0018707791971973586,0.11960089554614906,0.0018707791971983318,2.7711721742924147,0.39062500000000033,0.0,0.0,0.0
n1024_m400_s0.828367_seed0.h5,400,0.8283673469387755,0,1024,400,1.0,399.17937180399895,0.9979484295099974,0.9979484295099974,0.0020515704900025966,0.12869648522183294,0.0020515704900037125,2.847729657962829,0.39062500000000044,0.0,0.0,0.0
n1024_m400_s0.828367_seed1.h5,400,0.8283673469387755,1,1024,400,1.0,399.197745680809,0.9979943642020226,0.9979943642020226,0.002005635797977412,0.12736186560500035,0.0020056357979785777,2.8500841732275894,0.39062500000000044,0.0,0.0,0.0
n1024_m400_s0.848571_seed0.h5,400,0.8485714285714285,0,1024,400,1.0,399.13795110583305,0.9978448777645826,0.9978448777645826,0.0021551222354173616,0.1354739575842381,0.0021551222354185265,2.9228083878791407,0.39062500000000044,0.0,0.0,0.0
n1024_m400_s0.848571_seed1.h5,400,0.8485714285714285,1,1024,400,1.0,399.14139637351036,0.997853490933776,0.997853490933776,0.002146509066224045,0.13511371126995878,0.0021465090662253377,2.9220884566915983,0.39062500000000044,0.0,0.0,0.0
n1024_m400_s0.868776_seed0.h5,400,0.8687755102040816,0,1024,400,1.0,399.05157923698425,0.9976289480924606,0.9976289480924606,0.00237105190753939,0.1453126972541587,0.0023710519075404736,2.9885870470160696,0.39062500000000044,0.0,0.0,0.0
n1024_m400_s0.868776_seed1.h5,400,0.8687755102040816,1,1024,400,1.0,399.03809398412704,0.9975952349603177,0.9975952349603177,0.002404765039682344,0.14628415723131502,0.0024047650396833583,2.988207961194695,0.3906250000000004,0.0,0.0,0.0
n1024_m400_s0.888980_seed0.h5,400,0.8889795918367347,0,1024,400,1.0,398.96858498454094,0.9974214624613523,0.9974214624613523,0.002578537538647674,0.15487323469534,0.002578537538648858,3.0550205853997805,0.39062500000000044,0.0,0.0,0.0
n1024_m400_s0.888980_seed1.h5,400,0.8889795918367347,1,1024,400,1.0,398.96072685718536,0.9974018171429634,0.9974018171429634,0.0025981828570366128,0.1555404107293673,0.002598182857037651,3.0562107961145313,0.39062500000000044,0.0,0.0,0.0
n1024_m400_s0.909184_seed0.h5,400,0.9091836734693878,0,1024,400,1.0,398.8028774857521,0.9970071937143803,0.9970071937143803,0.002992806285619709,0.16965897665060367,0.0029928062856209195,3.1050560196888015,0.3906250000000005,0.0,0.0,0.0
n1024_m400_s0.909184_seed1.h5,400,0.9091836734693878,1,1024,400,1.0,398.81696662306786,0.9970424165576697,0.9970424165576697,0.002957583442330325,0.16875688630583247,0.0029575834423313766,3.1092039609479487,0.3906250000000004,0.0,0.0,0.0
n1024_m400_s0.929388_seed0.h5,400,0.9293877551020407,0,1024,400,1.0,398.6624221801758,0.9966560554504394,0.9966560554504394,0.0033439445495605513,0.18137441034319238,0.00334394454956171,3.145110319748844,0.39062500000000044,0.0,0.0,0.0
n1024_m400_s0.929388_seed1.h5,400,0.9293877551020407,1,1024,400,1.0,398.65474596619606,0.9966368649154902,0.9966368649154902,0.003363135084509805,0.18210892565903616,0.0033631350845110424,3.1470306636104155,0.39062500000000044,0.0,0.0,0.0
n1024_m400_s0.949592_seed0.h5,400,0.9495918367346938,0,1024,400,1.0,398.37735295295715,0.9959433823823929,0.9959433823823929,0.004056617617607117,0.20063137243658793,0.004056617617608327,3.1598341119208646,0.39062500000000056,0.0,0.0,0.0
n1024_m400_s0.949592_seed1.h5,400,0.9495918367346938,1,1024,400,1.0,398.39346531033516,0.9959836632758379,0.9959836632758379,0.004016336724162128,0.1995141086202506,0.004016336724163401,3.158584587588866,0.3906250000000005,0.0,0.0,0.0
n1024_m400_s0.969796_seed0.h5,400,0.9697959183673469,0,1024,400,1.0,397.8585249185562,0.9946463122963906,0.9946463122963906,0.005353687703609444,0.2281485987291454,0.005353687703610601,3.1293460581880828,0.39062500000000044,0.0,0.0,0.0
n1024_m400_s0.969796_seed1.h5,400,0.9697959183673469,1,1024,400,1.0,397.87686854600906,0.9946921713650226,0.9946921713650226,0.005307828634977363,0.2268933398043725,0.005307828634978616,3.126179003167349,0.39062500000000044,0.0,0.0,0.0
n1024_m400_s0.990000_seed0.h5,400,0.99,0,1024,400,1.0,396.219293653965,0.9905482341349124,0.9905482341349124,0.009451765865087558,0.290551633430921,0.009451765865088666,2.982815018504283,0.39062500000000044,0.3263829187460995,0.0,0.0
n1024_m400_s0.990000_seed1.h5,400,0.99,1,1024,400,1.0,396.2851078212261,0.9907127695530653,0.9907127695530653,0.009287230446934691,0.28829869685824294,0.00928723044693584,2.989216829195567,0.39062500000000044,0.2684162280879668,0.0,0.0
n1024_m416_s0.000000_seed0.h5,416,0.0,0,1024,416,1.0,415.9654725581531,0.9999170013417142,0.9999170013417142,8.299865828576003e-05,0.008812563633065658,8.299865828701362e-05,1.00907924160693,0.40625000000000056,0.0,0.0,0.0
n1024_m416_s0.000000_seed1.h5,416,0.0,1,1024,416,1.0,415.9633851203107,0.9999119834622854,0.9999119834622854,8.801653771461915e-05,0.008975378219473088,8.801653771592983e-05,1.0087031792180248,0.4062500000000005,0.0,0.0,0.0
n1024_m416_s0.020204_seed0.h5,416,0.02020408163265306,0,1024,416,1.0,415.9667861895359,0.9999201591094613,0.9999201591094613,7.984089053869603e-05,0.008720882511821437,7.984089053998639e-05,1.0121290911126537,0.40625000000000056,0.0,0.0,0.0
n1024_m416_s0.020204_seed1.h5,416,0.02020408163265306,1,1024,416,1.0,415.96804694296225,0.9999231897667362,0.9999231897667362,7.681023326377989e-05,0.008528720446098946,7.681023326512963e-05,1.011827913935628,0.40625000000000056,0.0,0.0,0.0
n1024_m416_s0.040408_seed0.h5,416,0.04040816326530612,0,1024,416,1.0,415.96495847273764,0.9999157655594655,0.9999157655594655,8.423444053451412e-05,0.009051648194676966,8.423444053574687e-05,1.0162835430481245,0.4062500000000005,0.0,0.0,0.0
n1024_m416_s0.040408_seed1.h5,416,0.04040816326530612,1,1024,416,1.0,415.96729033410156,0.9999213709954364,0.9999213709954364,7.862900456356847e-05,0.008762489668803873,7.86290045648418e-05,1.0158901703865617,0.40625000000000056,0.0,0.0,0.0
n1024_m416_s0.060612_seed0.h5,416,0.06061224489795918,0,1024,416,1.0,415.9583636788084,0.9998999126894432,0.9998999126894432,0.00010008731055677345,0.009961894729935557,0.00010008731055797363,1.0211515752146567,0.40625000000000044,0.0,0.0,0.0
n1024_m416_s0.060612_seed1.h5,416,0.06061224489795918,1,1024,416,1.0,415.9605682429683,0.9999052121225199,0.9999052121225199,9.478787748007367e-05,0.009701327435202389,9.478787748132152e-05,1.020842389952107,0.4062500000000005,0.0,0.0,0.0
n1024_m416_s0.080816_seed0.h5,416,0.08081632653061224,0,1024,416,1.0,415.9543489062198,0.9998902617937977,0.9998902617937977,0.00010973820620230335,0.0105435307008273,0.00010973820620339282,1.0271448727336048,0.40625000000000044,0.0,0.0,0.0
n1024_m416_s0.080816_seed1.h5,416,0.08081632653061224,1,1024,416,1.0,415.9549713042725,0.9998917579429627,0.9998917579429627,0.00010824205703729994,0.010476958068955499,0.00010824205703839659,1.0266917458684386,0.40625000000000044,0.0,0.0,0.0
n1024_m416_s0.101020_seed0.h5,416,0.1010204081632653,0,1024,416,1.0,415.94712842036097,0.9998729048566369,0.9998729048566369,0.00012709514336306516,0.011435830719260874,0.00012709514336417416,1.0332286592907354,0.40625000000000044,0.0,0.0,0.0
n1024_m416_s0.101020_seed1.h5,416,0.1010204081632653,1,1024,416,1.0,415.949623480039,0.9998789025962476,0.9998789025962476,0.00012109740375243483,0.011165996660050432,0.00012109740375347827,1.0327172594085914,0.40625000000000044,0.0,0.0,0.0
n1024_m416_s0.121224_seed0.h5,416,0.12122448979591836,0,1024,416,1.0,415.94331503908325,0.9998637380747193,0.9998637380747193,0.0001362619252807118,0.011933971574952658,0.0001362619252817462,1.0392358499290708,0.40625000000000044,0.0,0.0,0.0
n1024_m416_s0.121224_seed1.h5,416,0.12122448979591836,1,1024,416,1.0,415.94248740749754,0.9998617485757152,0.9998617485757152,0.00013825142428480763,0.012023106227858592,0.00013825142428573728,1.0392060780169186,0.4062500000000004,0.0,0.0,0.0
n1024_m416_s0.141429_seed0.h5,416,0.14142857142857143,0,1024,416,1.0,415.9384654382011,0.999852080380291,0.999852080380291,0.00014791961970894718,0.01253445917048024,0.00014791961970991407,1.045596152529894,0.40625000000000044,0.0,0.0,0.0
n1024_m416_s0.141429_seed1.h5,416,0.14142857142857143,1,1024,416,1.0,415.9373777295914,0.9998494656961332,0.9998494656961332,0.00015053430386680056,0.012630506319052,0.00015053430386752404,1.0450894255639864,0.4062500000000003,0.0,0.0,0.0
n1024_m416_s0.161633_seed0.h5,416,0.16163265306122448,0,1024,416,1.0,415.9290877717867,0.9998295379129488,0.9998295379129488,0.00017046208705118193,0.013520208885182194,0.00017046208705200191,1.0518440790918644,0.40625000000000033,0.0,0.0,0.0
n1024_m416_s0.161633_seed1.h5,416,0.16163265306122448,1,1024,416,1.0,415.92937055391667,0.9998302176776843,0.9998302176776843,0.00016978232231568136,0.013495165485416924,0.00016978232231662185,1.0515150223052787,0.4062500000000004,0.0,0.0,0.0
n1024_m416_s0.181837_seed0.h5,416,0.18183673469387754,0,1024,416,1.0,415.9216189663857,0.9998115840538119,0.9998115840538119,0.00018841594618812518,0.01429859524884362,0.0001884159461890635,1.0582064306951577,0.40625000000000033,0.0,0.0,0.0
n1024_m416_s0.181837_seed1.h5,416,0.18183673469387754,1,1024,416,1.0,415.92134441396047,0.9998109240720203,0.9998109240720203,0.0001890759279796761,0.014337996146033953,0.00018907592798041932,1.0582966607137783,0.40625000000000033,0.0,0.0,0.0
n1024_m416_s0.202041_seed0.h5,416,0.2020408163265306,0,1024,416,1.0,415.91390735077584,0.9997930465162881,0.9997930465162881,0.00020695348371191358,0.015106313427138635,0.000206953483712777,1.0652473531757107,0.40625000000000033,0.0,0.0,0.0
n1024_m416_s0.202041_seed1.h5,416,0.2020408163265306,1,1024,416,1.0,415.91179410537006,0.9997879665994472,0.9997879665994472,0.000212033400552758,0.015286615282403078,0.00021203340055370114,1.0659658462432655,0.4062500000000004,0.0,0.0,0.0
n1024_m416_s0.222245_seed0.h5,416,0.22224489795918367,0,1024,416,1.0,415.90462560269225,0.9997707346218564,0.9997707346218564,0.00022926537814360604,0.016015938237061066,0.00022926537814444532,1.073330380223004,0.40625000000000033,0.0,0.0,0.0
n1024_m416_s0.222245_seed1.h5,416,0.22224489795918367,1,1024,416,1.0,415.90293371267035,0.9997666675785345,0.9997666675785345,0.00023333242146550415,0.016146679883389012,0.00023333242146631884,1.0733109772260103,0.40625000000000033,0.0,0.0,0.0
n1024_m416_s0.242449_seed0.h5,416,0.24244897959183673,0,1024,416,1.0,415.8942575602123,0.9997458114428179,0.9997458114428179,0.0002541885571820668,0.01698541004316847,0.00025418855718285766,1.081052119791034,0.40625000000000033,0.0,0.0,0.0
n1024_m416_s0.242449_seed1.h5,416,0.24244897959183673,1,1024,416,1.0,415.89387260486546,0.9997448860693882,0.9997448860693882,0.00025511393061183885,0.017020761090844883,0.0002551139306127933,1.0812941009603494,0.4062500000000004,0.0,0.0,0.0
n1024_m416_s0.262653_seed0.h5,416,0.2626530612244898,0,1024,416,1.0,415.88230509872665,0.9997170795642467,0.9997170795642467,0.0002829204357532866,0.01805422247376449,0.00028292043575387735,1.0898807800962345,0.4062500000000002,0.0,0.0,0.0
n1024_m416_s0.262653_seed1.h5,416,0.2626530612244898,1,1024,416,1.0,415.88439633547387,0.9997221065756583,0.9997221065756583,0.00027789342434170194,0.017882268794862,0.0002778934243425689,1.0891730314878967,0.40625000000000033,0.0,0.0,0.0
n1024_m416_s0.282857_seed0.h5,416,0.28285714285714286,0,1024,416,1.0,415.87292915068974,0.9996945412276196,0.9996945412276196,0.0003054587723804181,0.01890858096021848,0.0003054587723814115,1.0985959643733012,0.40625000000000044,0.0,0.0,0.0
n1024_m416_s0.282857_seed1.h5,416,0.28285714285714286,1,1024,416,1.0,415.8720525121025,0.9996924339233234,0.9996924339233234,0.00030756607667659086,0.018989795798038556,0.0003075660766774603,1.0988604899699221,0.40625000000000033,0.0,0.0,0.0
n1024_m416_s0.303061_seed0.h5,416,0.3030612244897959,0,1024,416,1.0,415.857457967737,0.9996573508839831,0.9996573508839831,0.00034264911601689096,0.020204237784565066,0.00034264911601772043,1.1087858496688685,0.40625000000000033,0.0,0.0,0.0
n1024_m416_s0.303061_seed1.h5,416,0.3030612244897959,1,1024,416,1.0,415.8588081427297,0.9996605964969464,0.9996605964969464,0.00033940350305361466,0.020126699036754327,0.00033940350305440076,1.1091116708710127,0.40625000000000033,0.0,0.0,0.0
n1024_m416_s0.323265_seed0.h5,416,0.32326530612244897,0,1024,416,1.0,415.8463219476689,0.9996305816049733,0.9996305816049733,0.0003694183950266883,0.02116896525676416,0.00036941839502759234,1.1186983626907017,0.40625000000000044,0.0,0.0,0.0
n1024_m416_s0.323265_seed1.h5,416,0.32326530612244897,1,1024,416,1.0,415.8425465108885,0.9996215060357897,0.9996215060357897,0.00037849396421030246,0.0214479382990525,0.00037849396421109886,1.119840567817567,0.4062500000000003,0.0,0.0,0.0
n1024_m416_s0.343469_seed0.h5,416,0.34346938775510205,0,1024,416,1.0,415.8296101806627,0.9995904090881316,0.9995904090881316,0.00040959091186842933,0.022517959966676736,0.0004095909118694007,1.130863480541126,0.4062500000000004,0.0,0.0,0.0
n1024_m416_s0.343469_seed1.h5,416,0.34346938775510205,1,1024,416,1.0,415.8309954314027,0.9995937390177949,0.9995937390177949,0.00040626098220508666,0.022433441266629026,0.00040626098220571664,1.1302446490771694,0.4062500000000003,0.0,0.0,0.0
n1024_m416_s0.363673_seed0.h5,416,0.3636734693877551,0,1024,416,1.0,415.8112179095915,0.9995461968980565,0.9995461968980565,0.00045380310194353957,0.023952568016754966,0.0004538031019442343,1.143266962288749,0.4062500000000003,0.0,0.0,0.0
n1024_m416_s0.363673_seed1.h5,416,0.3636734693877551,1,1024,416,1.0,415.8155150037783,0.99955652645139,0.99955652645139,0.0004434735486099628,0.023701057906737516,0.00044347354861079904,1.14336990134149,0.40625000000000033,0.0,0.0,0.0
n1024_m416_s0.383878_seed0.h5,416,0.38387755102040816,0,1024,416,1.0,415.79481211159145,0.9995067598836334,0.9995067598836334,0.0004932401163666444,0.025286970018436147,0.0004932401163676044,1.157798295230864,0.40625000000000033,0.0,0.0,0.0
n1024_m416_s0.383878_seed1.h5,416,0.38387755102040816,1,1024,416,1.0,415.79640692067915,0.9995105935593249,0.9995105935593249,0.0004894064406750775,0.025213710745875122,0.0004894064406758906,1.1575208057000135,0.40625000000000033,0.0,0.0,0.0
n1024_m416_s0.404082_seed0.h5,416,0.4040816326530612,0,1024,416,1.0,415.7579665296653,0.9994181887732339,0.9994181887732339,0.000581811226766149,0.027953965146040004,0.0005818112267669105,1.1770948389748723,0.40625000000000033,0.0,0.0,0.0
n1024_m416_s0.404082_seed1.h5,416,0.4040816326530612,1,1024,416,1.0,415.76780494165723,0.9994418388020606,0.9994418388020606,0.0005581611979393886,0.02733023354961541,0.0005581611979402175,1.1755993643604457,0.40625000000000033,0.0,0.0,0.0
n1024_m416_s0.424286_seed0.h5,416,0.42428571428571427,0,1024,416,1.0,415.24495184607804,0.9981849803992261,0.9981849803992261,0.001815019600773904,0.0563278728246812,0.0018150196007741474,1.436061384691924,0.40625000000000006,0.005380612671168729,1.5639890376830545e-06,0.0
n1024_m416_s0.424286_seed1.h5,416,0.42428571428571427,1,1024,416,1.0,415.28412155172555,0.9982791383454941,0.9982791383454941,0.0017208616545059119,0.054840464158355064,0.001720861654506282,1.3537566842525655,0.4062500000000001,0.0017954461276863244,0.0,0.0
n1024_m416_s0.444490_seed0.h5,416,0.44448979591836735,0,1024,416,1.0,415.5290681953775,0.9988679523927343,0.9988679523927343,0.001132047607265707,0.050107647441906676,0.0011320476072659194,1.6797888237180192,0.4062500000000001,0.004741628923750235,0.004154481299414889,0.0
n1024_m416_s0.444490_seed1.h5,416,0.44448979591836735,1,1024,416,1.0,415.52471318503376,0.9988574836178696,0.9988574836178696,0.0011425163821303652,0.050167619206870816,0.0011425163821307646,1.679937505745418,0.40625000000000017,0.00468991449819438,0.004525015515329069,0.0
n1024_m416_s0.464694_seed0.h5,416,0.4646938775510204,0,1024,416,1.0,415.5208455057,0.9988481863117789,0.9988481863117789,0.0011518136882211483,0.0530334837289094,0.0011518136882216964,1.7578455303502354,0.4062500000000002,0.004722840047522622,0.00470164413808934,0.0
n1024_m416_s0.464694_seed1.h5,416,0.4646938775510204,1,1024,416,1.0,415.52283446345245,0.9988529674602222,0.9988529674602222,0.0011470325397777703,0.05299819404651769,0.0011470325397781812,1.7578498516982493,0.4062500000000001,0.00470284942484658,0.00470284942484658,0.0
n1024_m416_s0.484898_seed0.h5,416,0.48489795918367345,0,1024,416,1.0,415.48714071838185,0.9987671651884179,0.9987671651884179,0.0012328348115820953,0.056070249677947,0.0012328348115825723,1.8208451274029194,0.4062500000000002,0.004514450098987358,0.004514450098987358,0.0
n1024_m416_s0.484898_seed1.h5,416,0.48489795918367345,1,1024,416,1.0,415.4884216406499,0.9987702443284854,0.9987702443284854,0.0012297556715146207,0.05610529551120731,0.0012297556715150353,1.821294271566218,0.40625000000000017,0.004480228722766688,0.004480228722766688,0.0
n1024_m416_s0.505102_seed0.h5,416,0.5051020408163265,0,1024,416,1.0,415.4578320728615,0.9986967117136094,0.9986967117136094,0.0013032882863905915,0.05859751481768931,0.0013032882863910663,1.8710026640485768,0.4062500000000002,0.004318179076451505,0.004318179076451505,0.0
n1024_m416_s0.505102_seed1.h5,416,0.5051020408163265,1,1024,416,1.0,415.4612462690566,0.9987049189160013,0.9987049189160013,0.0012950810839986726,0.05850677341946124,0.0012950810839990052,1.8710889647079156,0.4062500000000001,0.004306069692016146,0.004306069692016146,0.0
n1024_m416_s0.525306_seed0.h5,416,0.5253061224489796,0,1024,416,1.0,415.43445329368114,0.998640512725195,0.998640512725195,0.0013594872748049491,0.06077287973026104,0.0013594872748052894,1.9105411392715577,0.4062500000000001,0.004171682897259905,0.004171682897259905,7.684532078273723e-05
n1024_m416_s0.525306_seed1.h5,416,0.5253061224489796,1,1024,416,1.0,415.43914110498736,0.9986517815023734,0.9986517815023734,0.0013482184976265632,0.0606034830611878,0.0013482184976269717,1.9106973170193582,0.4062500000000001,0.004148388591552707,0.004148388591552707,0.0
n1024_m416_s0.545510_seed0.h5,416,0.5455102040816326,0,1024,416,1.0,415.4272143319249,0.9986231113748195,0.9986231113748195,0.0013768886251804835,0.061754783309323415,0.0013768886251808712,1.9420867160514097,0.40625000000000017,0.004069644208264269,0.004069644208264269,0.0031808521070540116
n1024_m416_s0.545510_seed1.h5,416,0.5455102040816326,1,1024,416,1.0,415.4287081430666,0.998626702266987,0.998626702266987,0.0013732977330129792,0.0617511906317375,0.0013732977330134465,1.942308267049672,0.4062500000000002,0.004068667476775351,0.004068667476775351,0.003015229117646198
n1024_m416_s0.565714_seed0.h5,416,0.5657142857142857,0,1024,416,1.0,415.4171335045248,0.9985988786166462,0.9985988786166462,0.0014011213833537983,0.06287940088302107,0.00140112138335409,1.9674486673551241,0.4062500000000001,0.004004614602379788,0.004004614602379788,0.0037344863841062095
n1024_m416_s0.565714_seed1.h5,416,0.5657142857142857,1,1024,416,1.0,415.4172674487345,0.9985992005979194,0.9985992005979194,0.0014007994020805992,0.06301853820683803,0.0014007994020809834,1.9675429201086094,0.40625000000000017,0.004001950359409897,0.004001950359409897,0.0036253446157458935
n1024_m416_s0.585918_seed0.h5,416,0.5859183673469388,0,1024,416,1.0,415.41028951248154,0.998582426712696,0.998582426712696,0.0014175732873039637,0.0637818569510194,0.001417573287304325,1.9879548899356583,0.40625000000000017,0.003966786246039027,0.003966786246039027,0.0036994373309681685
n1024_m416_s0.585918_seed1.h5,416,0.5859183673469388,1,1024,416,1.0,415.40649227052927,0.9985732987272338,0.9985732987272338,0.0014267012727662287,0.06422514194754875,0.0014267012727666624,1.9874892566172575,0.4062500000000002,0.00396033297832922,0.00396033297832922,0.003632205569708174
n1024_m416_s0.606122_seed0.h5,416,0.6061224489795918,0,1024,416,1.0,415.40035056415945,0.9985585350099987,0.9985585350099987,0.0014414649900013066,0.06484555508455345,0.0014414649900017429,2.0041733152480536,0.40625000000000017,0.003953260707843045,0.003953260707843045,0.003729003107389716
n1024_m416_s0.606122_seed1.h5,416,0.6061224489795918,1,1024,416,1.0,415.39878953341395,0.998554782532245,0.998554782532245,0.0014452174677549445,0.06501128304542465,0.0014452174677554823,2.004009459851945,0.4062500000000002,0.003953679650117069,0.003953679650117069,0.003741707581912037
n1024_m416_s0.626327_seed0.h5,416,0.6263265306122449,0,1024,416,1.0,415.39081624755636,0.9985356159797028,0.9985356159797028,0.0014643840202972491,0.06587242722520997,0.0014643840202976286,2.017953754053124,0.40625000000000017,0.0039642895204958905,0.0039642895204958905,0.003740682410572218
n1024_m416_s0.626327_seed1.h5,416,0.6263265306122449,1,1024,416,1.0,415.3928620130755,0.9985405336852776,0.9985405336852776,0.0014594663147223796,0.06585071994344754,0.001459466314722821,2.017566120306487,0.40625000000000017,0.003956393561737512,0.003956393561737512,0.0036363669516832333
n1024_m416_s0.646531_seed0.h5,416,0.6465306122448979,0,1024,416,1.0,415.38518273225054,0.9985220738756022,0.9985220738756022,0.0014779261243977881,0.06677145892821823,0.0014779261243980765,2.0289276012469974,0.4062500000000001,0.003978859012646167,0.003959377923154043,0.0035558845740617314
n1024_m416_s0.646531_seed1.h5,416,0.6465306122448979,1,1024,416,1.0,415.38086883095093,0.9985117039205551,0.9985117039205551,0.0014882960794448952,0.06697607180955503,0.0014882960794453178,2.0289266140961177,0.40625000000000017,0.003957796474892092,0.003938008665216298,0.0037271801759106156
n1024_m416_s0.666735_seed0.h5,416,0.666734693877551,0,1024,416,1.0,415.36987309064716,0.9984852718525172,0.9984852718525172,0.001514728147482769,0.0680401240106531,0.001514728147483108,2.0381889083605844,0.4062500000000001,0.004002560286207059,0.004002560286207059,0.0035781085530063113
n1024_m416_s0.666735_seed1.h5,416,0.666734693877551,1,1024,416,1.0,415.3674644343555,0.9984794818133546,0.9984794818133546,0.0015205181866454476,0.06831837572697563,0.0015205181866459465,2.0385210494995674,0.4062500000000002,0.004023975461335069,0.004002914851833923,0.003537838128010848
n1024_m416_s0.686939_seed0.h5,416,0.6869387755102041,0,1024,416,1.0,415.5384166939184,0.9988904247449961,0.9988904247449961,0.0011095752550038807,0.06810598259827771,0.001109575255004335,2.048221271549481,0.40625000000000017,0.0,0.0,0.0
n1024_m416_s0.686939_seed1.h5,416,0.6869387755102041,1,1024,416,1.0,415.35207489784807,0.9984424877352117,0.9984424877352117,0.0015575122647882855,0.06990860895007164,0.001557512264788748,2.0466452946515754,0.4062500000000002,0.004047994545731687,0.003989748548263907,0.0034515878070636155
n1024_m416_s0.707143_seed0.h5,416,0.7071428571428571,0,1024,416,1.0,415.50407530763187,0.9988078733356536,0.9988078733356536,0.0011921266643464268,0.07134521184488471,0.0011921266643469307,2.068791687786961,0.40625000000000017,0.0,0.0,0.0
n1024_m416_s0.707143_seed1.h5,416,0.7071428571428571,1,1024,416,1.0,415.4800360510126,0.9987500866610879,0.9987500866610879,0.001249913338912112,0.07388267118363724,0.0012499133389126387,2.0906588982196186,0.4062500000000002,0.0,0.0,0.0
n1024_m416_s0.727347_seed0.h5,416,0.7273469387755102,0,1024,416,1.0,415.4092690346297,0.9985799736409368,0.9985799736409368,0.0014200263590632423,0.08068082722906299,0.0014200263590638776,2.14068483026658,0.4062500000000003,0.0,0.0,0.0
n1024_m416_s0.727347_seed1.h5,416,0.7273469387755102,1,1024,416,1.0,415.3730636932887,0.9984929415704056,0.9984929415704056,0.0015070584295944212,0.08458620891756562,0.0015070584295951597,2.178627832667313,0.40625000000000033,0.0,0.0,0.0
n1024_m416_s0.747551_seed0.h5,416,0.7475510204081632,0,1024,416,1.0,415.2963621914387,0.9983085629601891,0.9983085629601891,0.0016914370398108947,0.09518440402994824,0.0016914370398115797,2.3182792562883945,0.4062500000000003,0.0,0.0,0.0
n1024_m416_s0.747551_seed1.h5,416,0.7475510204081632,1,1024,416,1.0,415.301450020168,0.9983207933177115,0.9983207933177115,0.0016792066822884921,0.09445266523422599,0.0016792066822891823,2.3097260995178965,0.4062500000000002,0.0,0.0,0.0
n1024_m416_s0.767755_seed0.h5,416,0.7677551020408163,0,1024,416,1.0,415.2749724108726,0.9982571452184437,0.9982571452184437,0.0017428547815563356,0.10295967952357499,0.0017428547815569939,2.470783595699531,0.40625000000000033,0.0,0.0,0.0
n1024_m416_s0.767755_seed1.h5,416,0.7677551020408163,1,1024,416,1.0,415.28064357303083,0.9982707778197857,0.9982707778197857,0.0017292221802143182,0.10243455308281772,0.0017292221802150595,2.4676795778341294,0.40625000000000033,0.0,0.0,0.0
n1024_m416_s0.787959_seed0.h5,416,0.7879591836734694,0,1024,416,1.0,415.2384912520647,0.9981694501251556,0.9981694501251556,0.0018305498748444338,0.11176352696834561,0.001830549874845354,2.616408329013805,0.40625000000000033,0.0,0.0,0.0
n1024_m416_s0.787959_seed1.h5,416,0.7879591836734694,1,1024,416,1.0,415.2228054041043,0.9981317437598661,0.9981317437598661,0.0018682562401338698,0.11259556905000603,0.0018682562401348055,2.6096844307686906,0.40625000000000033,0.0,0.0,0.0
n1024_m416_s0.808163_seed0.h5,416,0.8081632653061224,0,1024,416,1.0,415.18579971790314,0.998042787783421,0.998042787783421,0.001957212216578963,0.11932980591951337,0.001957212216580113,2.7019513966536053,0.40625000000000044,0.0,0.0,0.0
n1024_m416_s0.808163_seed1.h5,416,0.8081632653061224,1,1024,416,1.0,415.1625703063328,0.9979869478517615,0.9979869478517615,0.0020130521482385477,0.12081288274539892,0.002013052148239498,2.6973444990234596,0.40625000000000044,0.0,0.0,0.0
n1024_m416_s0.828367_seed0.h5,416,0.8283673469387755,0,1024,416,1.0,415.123993486166,0.997894215110976,0.997894215110976,0.0021057848890240205,0.12656904035194266,0.002105784889025141,2.762585784341584,0.40625000000000044,0.0,0.0,0.0
n1024_m416_s0.828367_seed1.h5,416,0.8283673469387755,1,1024,416,1.0,415.1192861199379,0.9978828993267738,0.9978828993267738,0.0021171006732262354,0.12691822067320294,0.0021171006732272693,2.7630802261904757,0.40625000000000044,0.0,0.0,0.0
n1024_m416_s0.848571_seed0.h5,416,0.8485714285714285,0,1024,416,1.0,415.0514302253723,0.9977197841956065,0.9977197841956065,0.002280215804393526,0.13439058659899494,0.0022802158043942924,2.818161803270032,0.40625000000000033,0.0,0.0,0.0
n1024_m416_s0.848571_seed1.h5,416,0.8485714285714285,1,1024,416,1.0,415.0465984940529,0.9977081694568579,0.9977081694568579,0.0022918305431420816,0.1347908015497296,0.0022918305431431376,2.819687294521243,0.40625000000000044,0.0,0.0,0.0
n1024_m416_s0.868776_seed0.h5,416,0.8687755102040816,0,1024,416,1.0,414.9661581814289,0.9975148033207426,0.9975148033207426,0.0024851966792573954,0.1431214945922477,0.002485196679258384,2.8742613103184778,0.4062500000000004,0.0,0.0,0.0
n1024_m416_s0.868776_seed1.h5,416,0.8687755102040816,1,1024,416,1.0,414.96228697896004,0.997505497545577,0.997505497545577,0.0024945024544229533,0.14340697768721747,0.002494502454423974,2.8759295027514904,0.40625000000000044,0.0,0.0,0.0
n1024_m416_s0.888980_seed0.h5,416,0.8889795918367347,0,1024,416,1.0,414.8656466603279,0.9972731890873268,0.9972731890873268,0.0027268109126732387,0.1525223655982968,0.002726810912674392,2.9232916115979823,0.40625000000000044,0.0,0.0,0.0
n1024_m416_s0.888980_seed1.h5,416,0.8889795918367347,1,1024,416,1.0,414.86024820804596,0.9972602120385721,0.9972602120385721,0.002739787961427931,0.1529301035822816,0.002739787961429057,2.9240501452924854,0.40625000000000044,0.0,0.0,0.0
n1024_m416_s0.909184_seed0.h5,416,0.9091836734693878,0,1024,416,1.0,414.72648626565933,0.9969386689078349,0.9969386689078349,0.0030613310921651093,0.16370780629924314,0.003061331092166198,2.9621806532664734,0.40625000000000044,0.0,0.0,0.0
n1024_m416_s0.909184_seed1.h5,416,0.9091836734693878,1,1024,416,1.0,414.72356125712395,0.9969316376373172,0.9969316376373172,0.0030683623626828194,0.16406501719840386,0.0030683623626840168,2.965504096595267,0.40625000000000044,0.0,0.0,0.0
n1024_m416_s0.929388_seed0.h5,416,0.9293877551020407,0,1024,416,1.0,414.5723549425602,0.9965681609196159,0.9965681609196159,0.003431839080384136,0.17481032125127607,0.00343183908038537,2.9933744121875017,0.4062500000000005,0.0,0.0,0.0
n1024_m416_s0.929388_seed1.h5,416,0.9293877551020407,1,1024,416,1.0,414.5515433251858,0.996518132993235,0.996518132993235,0.003481867006765005,0.17611512506667146,0.0034818670067661064,2.992684207671095,0.40625000000000044,0.0,0.0,0.0
n1024_m416_s0.949592_seed0.h5,416,0.9495918367346938,0,1024,416,1.0,414.2632785439491,0.99582518880757,0.99582518880757,0.004174811192430017,0.19312816246987627,0.004174811192431086,2.9981991347897585,0.40625000000000044,0.0,0.0,0.0
n1024_m416_s0.949592_seed1.h5,416,0.9495918367346938,1,1024,416,1.0,414.2595455944538,0.9958162153712832,0.9958162153712832,0.0041837846287168245,0.19318775153847134,0.004183784628718033,2.995720148827453,0.4062500000000005,0.0,0.0,0.0
n1024_m416_s0.969796_seed0.h5,416,0.9697959183673469,0,1024,416,1.0,413.74268478155136,0.9945737614941138,0.9945737614941138,0.005426238505886194,0.2175920595814203,0.005426238505887243,2.9637813119915326,0.40625000000000044,0.0,0.0,0.0
n1024_m416_s0.969796_seed1.h5,416,0.9697959183673469,1,1024,416,1.0,413.7336165010929,0.9945519627430118,0.9945519627430118,0.00544803725698817,0.21796152639190888,0.0054480372569894,2.9633072282858492,0.40625000000000044,0.0,0.0,0.0
n1024_m416_s0.990000_seed0.h5,416,0.99,0,1024,416,1.0,412.5267232656479,0.9916507770808843,0.9916507770808843,0.008349222919115662,0.2592302244148475,0.0083492229191168,2.8500775580276563,0.40625000000000044,0.01371075934318963,0.0,0.0
n1024_m416_s0.990000_seed1.h5,416,0.99,1,1024,416,1.0,412.50982642173767,0.9916101596676387,0.9916101596676387,0.008389840332361342,0.25975483210045075,0.008389840332362569,2.8505777096152856,0.40625000000000044,0.016609809165405037,0.0,0.0
n1024_m432_s0.000000_seed0.h5,432,0.0,0,1024,432,1.0,431.9655337743934,0.999920217070355,0.999920217070355,7.978292964494482e-05,0.00861897498230911,7.978292964627674e-05,1.009785473817978,0.4218750000000006,0.0,0.0,0.0
n1024_m432_s0.000000_seed1.h5,432,0.0,1,1024,432,1.0,431.96546487167507,0.9999200575733219,0.9999200575733219,7.994242667808127e-05,0.008641425860413708,7.994242667948271e-05,1.0095812896898242,0.4218750000000006,0.0,0.0,0.0
n1024_m432_s0.020204_seed0.h5,432,0.02020408163265306,0,1024,432,1.0,431.96449632162694,0.9999178155593216,0.9999178155593216,8.218444067842334e-05,0.008844779372320722,8.218444067967073e-05,1.0129618515381853,0.42187500000000056,0.0,0.0,0.0
n1024_m432_s0.020204_seed1.h5,432,0.02020408163265306,1,1024,432,1.0,431.9626230640097,0.9999134793148372,0.9999134793148372,8.652068516279421e-05,0.009036696271790075,8.652068516416392e-05,1.0127650721387418,0.4218750000000006,0.0,0.0,0.0
n1024_m432_s0.040408_seed0.h5,432,0.04040816326530612,0,1024,432,1.0,431.9653516452199,0.9999197954750462,0.9999197954750462,8.020452495383079e-05,0.008864342811766308,8.020452495530307e-05,1.0168770739944097,0.4218750000000006,0.0,0.0,0.0
n1024_m432_s0.040408_seed1.h5,432,0.04040816326530612,1,1024,432,1.0,431.9640614581258,0.9999168089308468,0.9999168089308468,8.319106915322116e-05,0.009010201636095668,8.319106915467683e-05,1.0167271422273192,0.4218750000000006,0.0,0.0,0.0
n1024_m432_s0.060612_seed0.h5,432,0.06061224489795918,0,1024,432,1.0,431.95744467678014,0.9999014923073615,0.9999014923073615,9.850769263852754e-05,0.009876692369653441,9.850769263973075e-05,1.0216833611190912,0.42187500000000056,0.0,0.0,0.0
n1024_m432_s0.060612_seed1.h5,432,0.06061224489795918,1,1024,432,1.0,431.95923895115993,0.9999056457202776,0.9999056457202776,9.435427972237509e-05,0.009665790295096309,9.435427972359703e-05,1.0214529893204638,0.42187500000000056,0.0,0.0,0.0
n1024_m432_s0.080816_seed0.h5,432,0.08081632653061224,0,1024,432,1.0,431.95438180132624,0.9998944023178848,0.9998944023178848,0.00010559768211515497,0.010341933877629179,0.00010559768211633379,1.027292817219964,0.42187500000000044,0.0,0.0,0.0
n1024_m432_s0.080816_seed1.h5,432,0.08081632653061224,1,1024,432,1.0,431.9555301393848,0.9998970605078351,0.9998970605078351,0.00010293949216488851,0.010205356826007145,0.00010293949216607872,1.0270806227072111,0.42187500000000056,0.0,0.0,0.0
n1024_m432_s0.101020_seed0.h5,432,0.1010204081632653,0,1024,432,1.0,431.94830872637976,0.9998803442740273,0.9998803442740273,0.00011965572597272267,0.011105219509859975,0.00011965572597388815,1.0329063970364356,0.42187500000000044,0.0,0.0,0.0
n1024_m432_s0.101020_seed1.h5,432,0.1010204081632653,1,1024,432,1.0,431.9480536006304,0.9998797537051629,0.9998797537051629,0.0001202462948370897,0.01113687026870887,0.00012024629483817048,1.0331116719137432,0.42187500000000044,0.0,0.0,0.0
n1024_m432_s0.121224_seed0.h5,432,0.12122448979591836,0,1024,432,1.0,431.9395663862015,0.9998601073754664,0.9998601073754664,0.00013989262453362183,0.012064405339022033,0.00013989262453463112,1.0391553894360073,0.42187500000000044,0.0,0.0,0.0
n1024_m432_s0.121224_seed1.h5,432,0.12122448979591836,1,1024,432,1.0,431.94068865627924,0.9998627052228686,0.9998627052228686,0.0001372947771314248,0.011956365382959645,0.00013729477713245145,1.0388683727045864,0.42187500000000044,0.0,0.0,0.0
n1024_m432_s0.141429_seed0.h5,432,0.14142857142857143,0,1024,432,1.0,431.9367209798729,0.9998535207867428,0.9998535207867428,0.00014647921325716684,0.012462867379155345,0.00014647921325815149,1.045513682678464,0.42187500000000044,0.0,0.0,0.0
n1024_m432_s0.141429_seed1.h5,432,0.14142857142857143,1,1024,432,1.0,431.9363715339714,0.999852711884193,0.999852711884193,0.0001472881158069983,0.012499744138764006,0.0001472881158078478,1.045141022224269,0.4218750000000004,0.0,0.0,0.0
n1024_m432_s0.161633_seed0.h5,432,0.16163265306122448,0,1024,432,1.0,431.92790035148937,0.9998331026654846,0.9998331026654846,0.00016689733451535904,0.013388564864635459,0.00016689733451618133,1.0518749960743816,0.42187500000000033,0.0,0.0,0.0
n1024_m432_s0.161633_seed1.h5,432,0.16163265306122448,1,1024,432,1.0,431.9283640115027,0.9998341759525525,0.9998341759525525,0.00016582404744747148,0.013336751538413565,0.00016582404744837248,1.0513200698454255,0.4218750000000004,0.0,0.0,0.0
n1024_m432_s0.181837_seed0.h5,432,0.18183673469387754,0,1024,432,1.0,431.9207629136872,0.9998165808187204,0.9998165808187204,0.00018341918127962042,0.014130151042986316,0.00018341918128059805,1.0582380844015973,0.42187500000000044,0.0,0.0,0.0
n1024_m432_s0.181837_seed1.h5,432,0.18183673469387754,1,1024,432,1.0,431.91943468859245,0.9998135062235937,0.9998135062235937,0.0001864937764063379,0.014253922378899171,0.00018649377640735362,1.0584391991399185,0.42187500000000044,0.0,0.0,0.0
n1024_m432_s0.202041_seed0.h5,432,0.2020408163265306,0,1024,432,1.0,431.914162139954,0.9998013012498935,0.9998013012498935,0.0001986987501064741,0.014823771419632514,0.00019869875010738148,1.0650888169369048,0.4218750000000004,0.0,0.0,0.0
n1024_m432_s0.202041_seed1.h5,432,0.2020408163265306,1,1024,432,1.0,431.91096614660637,0.9997939031171443,0.9997939031171443,0.0002060968828556664,0.015079776164288216,0.0002060968828564342,1.0652734310749963,0.42187500000000033,0.0,0.0,0.0
n1024_m432_s0.222245_seed0.h5,432,0.22224489795918367,0,1024,432,1.0,431.9030058483477,0.9997754765008048,0.9997754765008048,0.0002245234991952172,0.015858025363157727,0.00022452349919607604,1.0727312554597355,0.42187500000000033,0.0,0.0,0.0
n1024_m432_s0.222245_seed1.h5,432,0.22224489795918367,1,1024,432,1.0,431.8994908652094,0.9997673399657624,0.9997673399657624,0.0002326600342376084,0.016110945019807903,0.00023266003423860228,1.07262230619776,0.42187500000000044,0.0,0.0,0.0
n1024_m432_s0.242449_seed0.h5,432,0.24244897959183673,0,1024,432,1.0,431.89372971642297,0.9997540039732014,0.9997540039732014,0.00024599602679864496,0.016727714867708948,0.0002459960267994614,1.0805653777314466,0.42187500000000033,0.0,0.0,0.0
n1024_m432_s0.242449_seed1.h5,432,0.24244897959183673,1,1024,432,1.0,431.8881829633174,0.9997411642669384,0.9997411642669384,0.0002588357330616242,0.01712279657674493,0.0002588357330626977,1.080936914056922,0.42187500000000044,0.0,0.0,0.0
n1024_m432_s0.262653_seed0.h5,432,0.2626530612244898,0,1024,432,1.0,431.88049485544616,0.9997233677209402,0.9997233677209402,0.0002766322790598297,0.017882715322503823,0.00027663227906067926,1.089603033154699,0.4218750000000004,0.0,0.0,0.0
n1024_m432_s0.262653_seed1.h5,432,0.2626530612244898,1,1024,432,1.0,431.8788918948412,0.9997196571639843,0.9997196571639843,0.0002803428360157456,0.017983274180016225,0.0002803428360167356,1.0893510043307952,0.42187500000000044,0.0,0.0,0.0
n1024_m432_s0.282857_seed0.h5,432,0.28285714285714286,0,1024,432,1.0,431.8700240399485,0.999699129722103,0.999699129722103,0.00030087027789704734,0.018808229985534667,0.0003008702778981325,1.0986758197964477,0.42187500000000044,0.0,0.0,0.0
n1024_m432_s0.282857_seed1.h5,432,0.28285714285714286,1,1024,432,1.0,431.86717093874176,0.9996925253211615,0.9996925253211615,0.0003074746788385152,0.018995916979853533,0.0003074746788395914,1.0987625626151587,0.42187500000000044,0.0,0.0,0.0
n1024_m432_s0.303061_seed0.h5,432,0.3030612244897959,0,1024,432,1.0,431.8555454334564,0.9996656144292972,0.9996656144292972,0.00033438557070275543,0.01999855300101034,0.00033438557070360653,1.108384231488837,0.4218750000000004,0.0,0.0,0.0
n1024_m432_s0.303061_seed1.h5,432,0.3030612244897959,1,1024,432,1.0,431.85387643805007,0.9996617510140048,0.9996617510140048,0.00033824898599521536,0.020100787140461155,0.00033824898599638185,1.1082721800128015,0.4218750000000005,0.0,0.0,0.0
n1024_m432_s0.323265_seed0.h5,432,0.32326530612244897,0,1024,432,1.0,431.83998715443886,0.9996295998945344,0.9996295998945344,0.0003704001054656292,0.021262949155603075,0.00037040010546644564,1.119367691140145,0.42187500000000033,0.0,0.0,0.0
n1024_m432_s0.323265_seed1.h5,432,0.32326530612244897,1,1024,432,1.0,431.83774165688374,0.9996244019835272,0.9996244019835272,0.0003755980164728001,0.02138850763691682,0.0003755980164737964,1.1196515079346023,0.4218750000000004,0.0,0.0,0.0
n1024_m432_s0.343469_seed0.h5,432,0.34346938775510205,0,1024,432,1.0,431.8226996145386,0.9995895824410616,0.9995895824410616,0.00041041755893844734,0.022610790126528477,0.0004104175589392051,1.131731755300532,0.42187500000000033,0.0,0.0,0.0
n1024_m432_s0.343469_seed1.h5,432,0.34346938775510205,1,1024,432,1.0,431.8222282216302,0.9995884912537737,0.9995884912537737,0.00041150874622630784,0.022620020313757865,0.00041150874622734857,1.1315884278822936,0.42187500000000044,0.0,0.0,0.0
n1024_m432_s0.363673_seed0.h5,432,0.3636734693877551,0,1024,432,1.0,431.80444744430133,0.9995473320469939,0.9995473320469939,0.00045266795300613616,0.02405234190642279,0.00045266795300702943,1.1459656585051725,0.42187500000000033,0.0,0.0,0.0
n1024_m432_s0.363673_seed1.h5,432,0.3636734693877551,1,1024,432,1.0,431.80018882243894,0.999537474126016,0.999537474126016,0.0004625258739839877,0.02428916543407171,0.0004625258739848198,1.1464222704585043,0.42187500000000033,0.0,0.0,0.0
n1024_m432_s0.383878_seed0.h5,432,0.38387755102040816,0,1024,432,1.0,431.777529940533,0.999485023010493,0.999485023010493,0.0005149769895069767,0.026010189409261093,0.0005149769895077145,1.1624171775163985,0.42187500000000033,0.0,0.0,0.0
n1024_m432_s0.383878_seed1.h5,432,0.38387755102040816,1,1024,432,1.0,431.7745547112427,0.9994781359056544,0.9994781359056544,0.0005218640943456254,0.026151788260523372,0.0005218640943464785,1.1625336732705382,0.42187500000000033,0.0,0.0,0.0
n1024_m432_s0.404082_seed0.h5,432,0.4040816326530612,0,1024,432,1.0,431.7315658607695,0.9993786246777071,0.9993786246777071,0.0006213753222928942,0.02909035478851892,0.0006213753222936873,1.1832578578975945,0.42187500000000033,0.0,0.0,0.0
n1024_m432_s0.404082_seed1.h5,432,0.4040816326530612,1,1024,432,1.0,431.73488942850963,0.9993863181215501,0.9993863181215501,0.000613681878449901,0.028882008328107295,0.0006136818784507139,1.182997244788322,0.42187500000000033,0.0,0.0,0.0
n1024_m432_s0.424286_seed0.h5,432,0.42428571428571427,0,1024,432,1.0,431.4301460683346,0.9986808936767004,0.9986808936767004,0.0013191063232995681,0.05021860658467845,0.00131910632329998,1.5716785934693707,0.42187500000000017,0.005179483942356926,0.0,0.0
n1024_m432_s0.424286_seed1.h5,432,0.42428571428571427,1,1024,432,1.0,431.4769858948421,0.9987893192010233,0.9987893192010233,0.0012106807989766821,0.04887625424890248,0.0012106807989772069,1.5824746178862594,0.4218750000000002,0.0038255669279706837,0.0,0.0
n1024_m432_s0.444490_seed0.h5,432,0.44448979591836735,0,1024,432,1.0,431.49622788093984,0.9988338608355088,0.9988338608355088,0.0011661391644911534,0.05139968082917449,0.001166139164491483,1.680516166722618,0.42187500000000017,0.004084628981794204,0.004036601172899385,0.0
n1024_m432_s0.444490_seed1.h5,432,0.44448979591836735,1,1024,432,1.0,431.5105953309976,0.9988671188217537,0.9988671188217537,0.001132881178246281,0.05076540465893771,0.00113288117824667,1.6812670727982906,0.4218750000000002,0.004130350936423083,0.00403634940391608,0.0
n1024_m432_s0.464694_seed0.h5,432,0.4646938775510204,0,1024,432,1.0,431.4980074055493,0.9988379801054381,0.9988379801054381,0.0011620198945618831,0.05404451136363398,0.0011620198945621906,1.7586166915204202,0.4218750000000001,0.004196209265488562,0.004196209265488562,0.0
n1024_m432_s0.464694_seed1.h5,432,0.4646938775510204,1,1024,432,1.0,431.5037079777976,0.9988511758745315,0.9988511758745315,0.0011488241254684617,0.05366430611772026,0.0011488241254688507,1.7592579486608073,0.4218750000000001,0.0042109457038385645,0.0042109457038385645,0.0
n1024_m432_s0.484898_seed0.h5,432,0.48489795918367345,0,1024,432,1.0,431.46653538849205,0.998765128214102,0.998765128214102,0.001234871785897984,0.05690648499460307,0.0012348717858984214,1.821559749033495,0.42187500000000017,0.0040467245288879974,0.0040467245288879974,0.0
n1024_m432_s0.484898_seed1.h5,432,0.48489795918367345,1,1024,432,1.0,431.4632196567254,0.9987574529090866,0.9987574529090866,0.0012425470909134262,0.057062205035966776,0.0012425470909137874,1.8216818204963217,0.4218750000000002,0.004054316634461856,0.004054316634461856,0.0
n1024_m432_s0.505102_seed0.h5,432,0.5051020408163265,0,1024,432,1.0,431.4383928505704,0.9986999834503943,0.9986999834503943,0.0013000165496056537,0.05940003513807879,0.001300016549605884,1.8716988115439421,0.4218750000000001,0.0038932621130613083,0.0038932621130613083,0.0
n1024_m432_s0.505102_seed1.h5,432,0.5051020408163265,1,1024,432,1.0,431.4379828667734,0.9986990344138272,0.9986990344138272,0.0013009655861727643,0.059435783800492775,0.0013009655861730947,1.8717340956430943,0.42187500000000017,0.003902505407671023,0.003902505407671023,0.0
n1024_m432_s0.525306_seed0.h5,432,0.5253061224489796,0,1024,432,1.0,431.41427375841886,0.9986441522185622,0.9986441522185622,0.0013558477814378245,0.06155544402204907,0.0013558477814383223,1.9114028800940779,0.4218750000000002,0.003787086919774109,0.003787086919774109,0.0
n1024_m432_s0.525306_seed1.h5,432,0.5253061224489796,1,1024,432,1.0,431.4184741828358,0.9986538754232309,0.9986538754232309,0.001346124576769081,0.061371375878978236,0.0013461245767694562,1.9113123910470688,0.42187500000000017,0.003774275834236222,0.003774275834236222,0.0
n1024_m432_s0.545510_seed0.h5,432,0.5455102040816326,0,1024,432,1.0,431.40265040518716,0.9986172463083036,0.9986172463083036,0.0013827536916963812,0.06287736383988325,0.0013827536916967414,1.9428191652213853,0.42187500000000017,0.003707209863631214,0.003707209863631214,0.0033958861497281573
n1024_m432_s0.545510_seed1.h5,432,0.5455102040816326,1,1024,432,1.0,431.4073546282016,0.9986281357134296,0.9986281357134296,0.0013718642865704345,0.06261531909665759,0.0013718642865708146,1.9430036243788587,0.42187500000000017,0.003699339302939622,0.003699339302939622,0.0032285047281935225
n1024_m432_s0.565714_seed0.h5,432,0.5657142857142857,0,1024,432,1.0,431.3925968273543,0.9985939741373941,0.9985939741373941,0.001406025862605853,0.06409032061260517,0.0014060258626062948,1.9681671630945794,0.4218750000000002,0.003653029397514789,0.003653029397514789,0.0035031587623378557
n1024_m432_s0.565714_seed1.h5,432,0.5657142857142857,1,1024,432,1.0,431.4002551273443,0.9986117016836673,0.9986117016836673,0.0013882983163326923,0.06358581185072427,0.001388298316333162,1.968050052626492,0.4218750000000002,0.00363672780797409,0.00363672780797409,0.0035298386804434485
n1024_m432_s0.585918_seed0.h5,432,0.5859183673469388,0,1024,432,1.0,431.3884191410616,0.9985843035672722,0.9985843035672722,0.0014156964327277644,0.0647471895269892,0.0014156964327281768,1.9883913799508717,0.4218750000000001,0.003621853672790567,0.003621853672790567,0.003550482639794376
n1024_m432_s0.585918_seed1.h5,432,0.5859183673469388,1,1024,432,1.0,431.39297945518047,0.9985948598499548,0.9985948598499548,0.0014051401500452254,0.06450246852027526,0.0014051401500455453,1.9882336964674265,0.4218750000000001,0.0036061839039913863,0.003595303727440283,0.003453662559634846
n1024_m432_s0.606122_seed0.h5,432,0.6061224489795918,0,1024,432,1.0,431.37903045816347,0.9985625705050081,0.9985625705050081,0.0014374294949919264,0.06576875136683466,0.0014374294949923761,2.0048153682627503,0.42187500000000017,0.003612695266066953,0.003612695266066953,0.003508580373717215
n1024_m432_s0.606122_seed1.h5,432,0.6061224489795918,1,1024,432,1.0,431.38401941629127,0.9985741190191928,0.9985741190191928,0.0014258809808072037,0.06558062958945617,0.001425880980807741,2.0045994642288387,0.4218750000000002,0.0035898388385401667,0.0035898388385401667,0.003420210252382744
n1024_m432_s0.626327_seed0.h5,432,0.6263265306122449,0,1024,432,1.0,431.37344728270546,0.9985496464877441,0.9985496464877441,0.0014503535122558642,0.06657289109884479,0.0014503535122562844,2.0182928371110727,0.4218750000000002,0.00359973245831633,0.00359973245831633,0.0034779179110357005
n1024_m432_s0.626327_seed1.h5,432,0.6263265306122449,1,1024,432,1.0,431.37292254017666,0.9985484318059645,0.9985484318059645,0.0014515681940354686,0.06677027089934076,0.0014515681940359764,2.0178593661951636,0.4218750000000002,0.0035937484503242413,0.0035743664502362687,0.0033222418988373133
n1024_m432_s0.646531_seed0.h5,432,0.6465306122448979,0,1024,432,1.0,431.3623928965535,0.9985240576309109,0.9985240576309109,0.0014759423690891005,0.0676862954724681,0.001475942369089549,2.0290807391705235,0.42187500000000017,0.0036148075920425958,0.003596863682827553,0.0033730878410646475
n1024_m432_s0.646531_seed1.h5,432,0.6465306122448979,1,1024,432,1.0,431.3693678106647,0.9985402032654276,0.9985402032654276,0.001459796734572416,0.06748070354260247,0.001459796734572925,2.0290902453579798,0.4218750000000002,0.003613424211529514,0.0035843971334272706,0.0032523216208286965
n1024_m432_s0.666735_seed0.h5,432,0.666734693877551,0,1024,432,1.0,431.3493485148065,0.9984938623027928,0.9984938623027928,0.0015061376972071994,0.06895759354167083,0.0015061376972077282,2.0382618365933975,0.4218750000000002,0.003656045148907882,0.0036283170115285397,0.0032549562687501457
n1024_m432_s0.666735_seed1.h5,432,0.666734693877551,1,1024,432,1.0,431.3660709238611,0.9985325715830119,0.9985325715830119,0.0014674284169881036,0.06896449510783133,0.001467428416988679,2.0383885611664305,0.4218750000000002,0.0035750489845270575,0.0034617235244725425,0.0025849621184036325
n1024_m432_s0.686939_seed0.h5,432,0.6869387755102041,0,1024,432,1.0,431.33556177676655,0.99846194855733,0.99846194855733,0.001538051442670052,0.07027760984659485,0.0015380514426705087,2.0463860283386257,0.4218750000000002,0.0036967214585310803,0.0036152725416125444,0.0032370855769378267
n1024_m432_s0.686939_seed1.h5,432,0.6869387755102041,1,1024,432,1.0,431.3578546533827,0.9985135524383858,0.9985135524383858,0.0014864475616142014,0.06995170908143906,0.0014864475616145957,2.0461338247968937,0.42187500000000017,0.003654839161411889,0.0034442426378095423,0.002398527663242141
n1024_m432_s0.707143_seed0.h5,432,0.7071428571428571,0,1024,432,1.0,431.31851826328784,0.998422495979833,0.998422495979833,0.0015775040201669865,0.07206706003351017,0.0015775040201674874,2.053154494704023,0.4218750000000002,0.003725878282239575,0.003577751258842352,0.002937246555564212
n1024_m432_s0.707143_seed1.h5,432,0.7071428571428571,1,1024,432,1.0,431.4742982604075,0.9987830978250174,0.9987830978250174,0.0012169021749826037,0.07197268470376306,0.00121690217498316,2.0661309091919446,0.4218750000000003,0.0,0.0,0.0
n1024_m432_s0.727347_seed0.h5,432,0.7273469387755102,0,1024,432,1.0,431.36740396893583,0.9985356573354996,0.9985356573354996,0.001464342664500351,0.08194925261399622,0.0014643426645008766,2.1412319777588555,0.4218750000000002,0.0,0.0,0.0
n1024_m432_s0.727347_seed1.h5,432,0.7273469387755102,1,1024,432,1.0,431.37488854373805,0.9985529827401344,0.9985529827401344,0.001447017259865624,0.08136300330091473,0.0014470172598662107,2.1386473034363336,0.4218750000000002,0.0,0.0,0.0
n1024_m432_s0.747551_seed0.h5,432,0.7475510204081632,0,1024,432,1.0,431.24232315598056,0.9982461184166217,0.9982461184166217,0.0017538815833783028,0.09585535665270406,0.0017538815833789412,2.293061683026393,0.4218750000000002,0.0,0.0,0.0
n1024_m432_s0.747551_seed1.h5,432,0.7475510204081632,1,1024,432,1.0,431.25452612224035,0.9982743660237046,0.9982743660237046,0.0017256339762954376,0.09410989182611969,0.0017256339762960044,2.2688792330769316,0.4218750000000002,0.0,0.0,0.0
n1024_m432_s0.767755_seed0.h5,432,0.7677551020408163,0,1024,432,1.0,431.2236126079224,0.9982028069627833,0.9982028069627833,0.0017971930372167044,0.1038545029869239,0.001797193037217382,2.453817281120418,0.42187500000000033,0.0,0.0,0.0
n1024_m432_s0.767755_seed1.h5,432,0.7677551020408163,1,1024,432,1.0,431.2172831429634,0.9981881554235265,0.9981881554235265,0.0018118445764735425,0.10428824578348482,0.0018118445764743773,2.4535241861018515,0.42187500000000033,0.0,0.0,0.0
n1024_m432_s0.787959_seed0.h5,432,0.7879591836734694,0,1024,432,1.0,431.1642746203579,0.9980654505100878,0.9980654505100878,0.0019345494899122295,0.11229906241525411,0.0019345494899131637,2.5574181942925645,0.4218750000000004,0.0,0.0,0.0
n1024_m432_s0.787959_seed1.h5,432,0.7879591836734694,1,1024,432,1.0,431.1604096395895,0.998056503795346,0.998056503795346,0.0019434962046539495,0.11280572200428964,0.0019434962046547173,2.5628772657425283,0.42187500000000033,0.0,0.0,0.0
n1024_m432_s0.808163_seed0.h5,432,0.8081632653061224,0,1024,432,1.0,431.0991643667221,0.9979147323303752,0.9979147323303752,0.002085267669624802,0.11947983219990019,0.002085267669625576,2.620183262784071,0.42187500000000033,0.0,0.0,0.0
n1024_m432_s0.808163_seed1.h5,432,0.8081632653061224,1,1024,432,1.0,431.10985949635506,0.997939489574896,0.997939489574896,0.002060510425104023,0.11881933391719235,0.00206051042510502,2.6209447904463947,0.4218750000000004,0.0,0.0,0.0
n1024_m432_s0.828367_seed0.h5,432,0.8283673469387755,0,1024,432,1.0,431.0383568406105,0.9977739741680799,0.9977739741680799,0.0022260258319201087,0.12573083233646243,0.0022260258319210646,2.667543705154304,0.42187500000000044,0.0,0.0,0.0
n1024_m432_s0.828367_seed1.h5,432,0.8283673469387755,1,1024,432,1.0,431.0170138478279,0.9977245690921942,0.9977245690921942,0.0022754309078057977,0.12714502366647878,0.002275430907806701,2.6693969790626895,0.4218750000000004,0.0,0.0,0.0
n1024_m432_s0.848571_seed0.h5,432,0.8485714285714285,0,1024,432,1.0,430.97161516547203,0.9976194795497038,0.9976194795497038,0.002380520450296242,0.13242135901349986,0.0023805204502970762,2.7167477392196697,0.42187500000000033,0.0,0.0,0.0
n1024_m432_s0.848571_seed1.h5,432,0.8485714285714285,1,1024,432,1.0,430.9841192662716,0.9976484242274806,0.9976484242274806,0.002351575772519432,0.13162095923689626,0.0023515757725203496,2.7159062055945973,0.4218750000000004,0.0,0.0,0.0
n1024_m432_s0.868776_seed0.h5,432,0.8687755102040816,0,1024,432,1.0,430.8941128849983,0.9974400761226813,0.9974400761226813,0.002559923877318737,0.13953929260156336,0.0025599238773198465,2.7613337994630065,0.4218750000000005,0.0,0.0,0.0
n1024_m432_s0.868776_seed1.h5,432,0.8687755102040816,1,1024,432,1.0,430.87176817655563,0.9973883522605455,0.9973883522605455,0.002611647739454548,0.140879829162722,0.0026116477394555774,2.7582802834768034,0.42187500000000044,0.0,0.0,0.0
n1024_m432_s0.888980_seed0.h5,432,0.8889795918367347,0,1024,432,1.0,430.78584641218185,0.997189459287458,0.997189459287458,0.0028105407125420534,0.14812325370081716,0.0028105407125428895,2.7956653663209776,0.4218750000000004,0.0,0.0,0.0
n1024_m432_s0.888980_seed1.h5,432,0.8889795918367347,1,1024,432,1.0,430.7912440896034,0.997201953911119,0.997201953911119,0.002798046088881012,0.14788348965370476,0.0027980460888820252,2.8005607044588285,0.42187500000000044,0.0,0.0,0.0
n1024_m432_s0.909184_seed0.h5,432,0.9091836734693878,0,1024,432,1.0,430.6264373064041,0.9968204567277873,0.9968204567277873,0.0031795432722127037,0.15907140616083476,0.0031795432722138725,2.8251894568681712,0.4218750000000005,0.0,0.0,0.0
n1024_m432_s0.909184_seed1.h5,432,0.9091836734693878,1,1024,432,1.0,430.61745396256447,0.9967996619503807,0.9967996619503807,0.003200338049619278,0.15948183493691623,0.0032003380496202732,2.8238017010388146,0.4218750000000004,0.0,0.0,0.0
n1024_m432_s0.929388_seed0.h5,432,0.9293877551020407,0,1024,432,1.0,430.45899254083633,0.9964328531037878,0.9964328531037878,0.003567146896212181,0.16938582908371455,0.0035671468962132783,2.8437840861819605,0.42187500000000044,0.0,0.0,0.0
n1024_m432_s0.929388_seed1.h5,432,0.9293877551020407,1,1024,432,1.0,430.47279012203217,0.9964647919491485,0.9964647919491485,0.0035352080508515016,0.16862820186556346,0.0035352080508524713,2.843884663829952,0.42187500000000044,0.0,0.0,0.0
n1024_m432_s0.949592_seed0.h5,432,0.9495918367346938,0,1024,432,1.0,430.1446433663368,0.9957051929776315,0.9957051929776315,0.0042948070223685075,0.1855748497495277,0.0042948070223694495,2.8414827736966113,0.42187500000000044,0.0,0.0,0.0
n1024_m432_s0.949592_seed1.h5,432,0.9495918367346938,1,1024,432,1.0,430.14450615644455,0.9957048753621401,0.9957048753621401,0.0042951246378598595,0.1855626649756921,0.004295124637860796,2.8407301995704186,0.42187500000000044,0.0,0.0,0.0
n1024_m432_s0.969796_seed0.h5,432,0.9697959183673469,0,1024,432,1.0,429.6046962440014,0.9944553153796328,0.9944553153796328,0.0055446846203671685,0.20834137382150994,0.00554468462036812,2.808794833049938,0.42187500000000044,0.0,0.0,0.0
n1024_m432_s0.969796_seed1.h5,432,0.9697959183673469,1,1024,432,1.0,429.6153281927109,0.9944799263720159,0.9944799263720159,0.005520073627984123,0.20772689320143592,0.005520073627985115,2.8064393877885077,0.42187500000000044,0.0,0.0,0.0
n1024_m432_s0.990000_seed0.h5,432,0.99,0,1024,432,1.0,428.3945272862911,0.9916539983478961,0.9916539983478961,0.008346001652103863,0.24631781496771174,0.008346001652104924,2.709492270996798,0.42187500000000044,0.012757903887654574,0.0,0.0
n1024_m432_s0.990000_seed1.h5,432,0.99,1,1024,432,1.0,428.4102022945881,0.9916902830893243,0.9916902830893243,0.008309716910675724,0.24573733188203936,0.00830971691067676,2.7112983268031527,0.42187500000000044,0.016645233986088973,0.0,0.0
n1024_m448_s0.000000_seed0.h5,448,0.0,0,1024,448,1.0,447.9616761302241,0.9999144556478216,0.9999144556478216,8.554435217844603e-05,0.008923858662421624,8.554435217970919e-05,1.010437140693107,0.43750000000000056,0.0,0.0,0.0
n1024_m448_s0.000000_seed1.h5,448,0.0,1,1024,448,1.0,447.96040841532886,0.9999116259270734,0.9999116259270734,8.837407292661137e-05,0.00904724859832445,8.837407292792144e-05,1.0100910472142817,0.43750000000000056,0.0,0.0,0.0
n1024_m448_s0.020204_seed0.h5,448,0.02020408163265306,0,1024,448,1.0,447.9611530642942,0.9999132880899424,0.9999132880899424,8.671191005760193e-05,0.00909540649834292,8.671191005893804e-05,1.0135754945929325,0.43750000000000056,0.0,0.0,0.0
n1024_m448_s0.020204_seed1.h5,448,0.02020408163265306,1,1024,448,1.0,447.9639058970424,0.9999194328058982,0.9999194328058982,8.056719410176605e-05,0.008768267854730031,8.056719410301547e-05,1.013367195409743,0.43750000000000056,0.0,0.0,0.0
n1024_m448_s0.040408_seed0.h5,448,0.04040816326530612,0,1024,448,1.0,447.95966730838336,0.9999099716704986,0.9999099716704986,9.00283295014459e-05,0.009347696897335469,9.002832950266601e-05,1.0174639926578082,0.43750000000000056,0.0,0.0,0.0
n1024_m448_s0.040408_seed1.h5,448,0.04040816326530612,1,1024,448,1.0,447.9603816232848,0.9999115661234035,0.9999115661234035,8.843387659651647e-05,0.009271666318011742,8.843387659780221e-05,1.017330649617337,0.43750000000000056,0.0,0.0,0.0
n1024_m448_s0.060612_seed0.h5,448,0.06061224489795918,0,1024,448,1.0,447.9570913248972,0.9999042217073598,0.9999042217073598,9.577829264018067e-05,0.009751166116701366,9.577829264159703e-05,1.0221837636120732,0.4375000000000006,0.0,0.0,0.0
n1024_m448_s0.060612_seed1.h5,448,0.06061224489795918,1,1024,448,1.0,447.9577917493734,0.9999057851548514,0.9999057851548514,9.421484514859912e-05,0.009666296052513292,9.421484514978047e-05,1.0219479686919795,0.43750000000000056,0.0,0.0,0.0
n1024_m448_s0.080816_seed0.h5,448,0.08081632653061224,0,1024,448,1.0,447.94881454927963,0.9998857467617849,0.9998857467617849,0.0001142532382151229,0.010723919054131245,0.00011425323821628485,1.0275318574235823,0.4375000000000005,0.0,0.0,0.0
n1024_m448_s0.080816_seed1.h5,448,0.08081632653061224,1,1024,448,1.0,447.95429548803077,0.9998979810000687,0.9998979810000687,0.00010201899993134145,0.010174259186129785,0.0001020189999323736,1.0271327961577816,0.43750000000000044,0.0,0.0,0.0
n1024_m448_s0.101020_seed0.h5,448,0.1010204081632653,0,1024,448,1.0,447.94531940503657,0.9998779451005281,0.9998779451005281,0.00012205489947192394,0.01119681056478208,0.00012205489947295439,1.0330767406680417,0.43750000000000044,0.0,0.0,0.0
n1024_m448_s0.101020_seed1.h5,448,0.1010204081632653,1,1024,448,1.0,447.9468720652658,0.9998814108599683,0.9998814108599683,0.00011858914003171073,0.011042400454846665,0.0001185891400328016,1.033002540358799,0.43750000000000044,0.0,0.0,0.0
n1024_m448_s0.121224_seed0.h5,448,0.12122448979591836,0,1024,448,1.0,447.9397997764099,0.999865624500915,0.999865624500915,0.00013437549908501545,0.011843444362819738,0.00013437549908607377,1.0391121538590085,0.43750000000000044,0.0,0.0,0.0
n1024_m448_s0.121224_seed1.h5,448,0.12122448979591836,1,1024,448,1.0,447.9393958796718,0.999864722945696,0.999864722945696,0.00013527705430405046,0.011879703809474326,0.00013527705430514046,1.0392591564483915,0.43750000000000044,0.0,0.0,0.0
n1024_m448_s0.141429_seed0.h5,448,0.14142857142857143,0,1024,448,1.0,447.931268332286,0.9998465810988526,0.9998465810988526,0.0001534189011473952,0.012716773776125923,0.00015341890114849572,1.0452824395345401,0.4375000000000005,0.0,0.0,0.0
n1024_m448_s0.141429_seed1.h5,448,0.14142857142857143,1,1024,448,1.0,447.93079971908446,0.999845535087242,0.999845535087242,0.0001544649127579456,0.012739478023053129,0.0001544649127589288,1.044892446635244,0.43750000000000044,0.0,0.0,0.0
n1024_m448_s0.161633_seed0.h5,448,0.16163265306122448,0,1024,448,1.0,447.9201820427843,0.9998218349169292,0.9998218349169292,0.00017816508307078038,0.013759217402250256,0.00017816508307182897,1.0516778095673487,0.43750000000000044,0.0,0.0,0.0
n1024_m448_s0.161633_seed1.h5,448,0.16163265306122448,1,1024,448,1.0,447.9249259383432,0.9998324239695161,0.9998324239695161,0.0001675760304838958,0.013385836403735947,0.00016757603048502532,1.0513541260172918,0.4375000000000005,0.0,0.0,0.0
n1024_m448_s0.181837_seed0.h5,448,0.18183673469387754,0,1024,448,1.0,447.91198114208237,0.9998035293350053,0.9998035293350053,0.0001964706649947301,0.01453706964459377,0.00019647066499556948,1.0581133972597212,0.43750000000000033,0.0,0.0,0.0
n1024_m448_s0.181837_seed1.h5,448,0.18183673469387754,1,1024,448,1.0,447.91612868148513,0.9998127872354579,0.9998127872354579,0.00018721276454214397,0.014245477919456294,0.00018721276454313862,1.0579546609053345,0.43750000000000044,0.0,0.0,0.0
n1024_m448_s0.202041_seed0.h5,448,0.2020408163265306,0,1024,448,1.0,447.9068610792383,0.9997921006232998,0.9997921006232998,0.00020789937670018244,0.015129051982578454,0.00020789937670114892,1.0650913016782013,0.4375000000000004,0.0,0.0,0.0
n1024_m448_s0.202041_seed1.h5,448,0.2020408163265306,1,1024,448,1.0,447.9078398331767,0.9997942853419123,0.9997942853419123,0.00020571465808771894,0.015052387811339845,0.00020571465808867217,1.0649986615897173,0.4375000000000004,0.0,0.0,0.0
n1024_m448_s0.222245_seed0.h5,448,0.22224489795918367,0,1024,448,1.0,447.9003694922867,0.9997776104738543,0.9997776104738543,0.0002223895261457276,0.01579080922157038,0.0002223895261468658,1.072801823466141,0.43750000000000056,0.0,0.0,0.0
n1024_m448_s0.222245_seed1.h5,448,0.22224489795918367,1,1024,448,1.0,447.9004085940978,0.9997776977546826,0.9997776977546826,0.00022230224531738507,0.015787885968609673,0.00022230224531839905,1.0728050407748664,0.43750000000000044,0.0,0.0,0.0
n1024_m448_s0.242449_seed0.h5,448,0.24244897959183673,0,1024,448,1.0,447.8868384218222,0.9997474071915674,0.9997474071915674,0.0002525928084325946,0.016929070096036163,0.0002525928084337088,1.0805800192931223,0.43750000000000044,0.0,0.0,0.0
n1024_m448_s0.242449_seed1.h5,448,0.24244897959183673,1,1024,448,1.0,447.8882166747353,0.9997504836489627,0.9997504836489627,0.0002495163510373155,0.016854254119765894,0.000249516351038296,1.0808067441063631,0.43750000000000044,0.0,0.0,0.0
n1024_m448_s0.262653_seed0.h5,448,0.2626530612244898,0,1024,448,1.0,447.87357481337676,0.999717800922716,0.999717800922716,0.0002821990772839955,0.018048290891415988,0.0002821990772848626,1.0899618545471592,0.43750000000000033,0.0,0.0,0.0
n1024_m448_s0.262653_seed1.h5,448,0.2626530612244898,1,1024,448,1.0,447.87428408299456,0.9997193841138271,0.9997193841138271,0.0002806158861728969,0.01799624376012741,0.00028061588617388206,1.0893662740547763,0.43750000000000044,0.0,0.0,0.0
n1024_m448_s0.282857_seed0.h5,448,0.28285714285714286,0,1024,448,1.0,447.86279798728356,0.9996937455073294,0.9996937455073294,0.0003062544926706323,0.01898785218756502,0.00030625449267162165,1.098913229852189,0.43750000000000044,0.0,0.0,0.0
n1024_m448_s0.282857_seed1.h5,448,0.28285714285714286,1,1024,448,1.0,447.86062592042435,0.9996888971438044,0.9996888971438044,0.00031110285619562195,0.01912749424175845,0.0003111028561966293,1.0992419031692298,0.43750000000000044,0.0,0.0,0.0
n1024_m448_s0.303061_seed0.h5,448,0.3030612244897959,0,1024,448,1.0,447.84624047821853,0.9996567867817377,0.9996567867817377,0.0003432132182622505,0.02028948365028761,0.0003432132182631288,1.1095711579675798,0.43750000000000044,0.0,0.0,0.0
n1024_m448_s0.303061_seed1.h5,448,0.3030612244897959,1,1024,448,1.0,447.84452183423855,0.9996529505228539,0.9996529505228539,0.0003470494771461441,0.020388584486933398,0.0003470494771468348,1.1098738806105577,0.43750000000000033,0.0,0.0,0.0
n1024_m448_s0.323265_seed0.h5,448,0.32326530612244897,0,1024,448,1.0,447.82538761445903,0.9996102402108461,0.9996102402108461,0.0003897597891538984,0.02184366775011999,0.0003897597891548545,1.1220194830100019,0.4375000000000004,0.0,0.0,0.0
n1024_m448_s0.323265_seed1.h5,448,0.32326530612244897,1,1024,448,1.0,447.82523494650377,0.9996098994341602,0.9996098994341602,0.00039010056583976827,0.021852067518419976,0.0003901005658407083,1.122003386152792,0.43750000000000033,0.0,0.0,0.0
n1024_m448_s0.343469_seed0.h5,448,0.34346938775510205,0,1024,448,1.0,447.8047457305656,0.9995641645771555,0.9995641645771555,0.0004358354228445327,0.023392641310460306,0.00043583542284553417,1.1358246506954346,0.43750000000000044,0.0,0.0,0.0
n1024_m448_s0.343469_seed1.h5,448,0.34346938775510205,1,1024,448,1.0,447.80240654500085,0.9995589431808055,0.9995589431808055,0.00044105681919448525,0.023504938879641453,0.0004410568191953398,1.135985857633771,0.43750000000000033,0.0,0.0,0.0
n1024_m448_s0.363673_seed0.h5,448,0.3636734693877551,0,1024,448,1.0,447.7804932621657,0.9995100296030485,0.9995100296030485,0.0004899703969515334,0.025106527455683376,0.0004899703969523506,1.1506106757904642,0.43750000000000033,0.0,0.0,0.0
n1024_m448_s0.363673_seed1.h5,448,0.3636734693877551,1,1024,448,1.0,447.7765027456917,0.9995011222002047,0.9995011222002047,0.0004988777997952942,0.025307946391181918,0.0004988777997960988,1.1509220763674892,0.43750000000000033,0.0,0.0,0.0
n1024_m448_s0.383878_seed0.h5,448,0.38387755102040816,0,1024,448,1.0,447.7539442607085,0.9994507684390815,0.9994507684390815,0.0005492315609184617,0.0269856352706604,0.0005492315609192685,1.1674766156919127,0.43750000000000033,0.0,0.0,0.0
n1024_m448_s0.383878_seed1.h5,448,0.38387755102040816,1,1024,448,1.0,447.74612811394036,0.9994333216829026,0.9994333216829026,0.0005666783170974465,0.027354243007004984,0.0005666783170982525,1.1680549026522296,0.43750000000000033,0.0,0.0,0.0
n1024_m448_s0.404082_seed0.h5,448,0.4040816326530612,0,1024,448,1.0,447.6915829590871,0.9993115691051051,0.9993115691051051,0.0006884308948948981,0.030879818765878017,0.0006884308948955188,1.1915942072832089,0.43750000000000033,0.0,0.0,0.0
n1024_m448_s0.404082_seed1.h5,448,0.4040816326530612,1,1024,448,1.0,447.6621922420454,0.9992459648259943,0.9992459648259943,0.0007540351740057405,0.03246550227973748,0.0007540351740065508,1.1962333988339466,0.43750000000000033,9.824395414890833e-07,0.0,0.0
n1024_m448_s0.424286_seed0.h5,448,0.42428571428571427,0,1024,448,1.0,447.4634915161878,0.9988024364200621,0.9988024364200621,0.0011975635799379436,0.04935227860668583,0.0011975635799382892,1.5845478853119443,0.4375000000000001,0.0031073119002848026,4.6139895762751415e-05,0.0
n1024_m448_s0.424286_seed1.h5,448,0.42428571428571427,1,1024,448,1.0,447.4620719247032,0.9987992676890697,0.9987992676890697,0.0012007323109303192,0.049218768724147405,0.0012007323109307297,1.5857500870839256,0.43750000000000017,0.0032308276727767973,0.00047182695549801784,0.0
n1024_m448_s0.444490_seed0.h5,448,0.44448979591836735,0,1024,448,1.0,447.48315869644284,0.9988463363759885,0.9988463363759885,0.0011536636240114806,0.051837269045991605,0.0011536636240118564,1.6817769675986574,0.43750000000000017,0.0035582955552900053,0.0035582955552900053,0.0
n1024_m448_s0.444490_seed1.h5,448,0.44448979591836735,1,1024,448,1.0,447.49582570046186,0.9988746109385309,0.9988746109385309,0.0011253890614690842,0.05143694264924525,0.0011253890614692876,1.6817727042127086,0.4375000000000001,0.0036877280193893147,0.003564618857995114,0.0
n1024_m448_s0.464694_seed0.h5,448,0.4646938775510204,0,1024,448,1.0,447.48012707196176,0.9988395693570575,0.9988395693570575,0.0011604306429424671,0.054509888998721535,0.0011604306429428626,1.7593192421062145,0.43750000000000017,0.003720677729848253,0.003720677729848253,0.0
n1024_m448_s0.464694_seed1.h5,448,0.4646938775510204,1,1024,448,1.0,447.4774949969724,0.9988336941896705,0.9988336941896705,0.0011663058103295043,0.054547079985406664,0.001166305810329845,1.7601785950338051,0.4375000000000001,0.003788081122493522,0.003788081122493522,0.0
n1024_m448_s0.484898_seed0.h5,448,0.48489795918367345,0,1024,448,1.0,447.44256467185915,0.9987557247139713,0.9987557247139713,0.0012442752860286621,0.057792009569816165,0.0012442752860289592,1.8224214249746544,0.4375000000000001,0.00362564553997897,0.00362564553997897,0.0
n1024_m448_s0.484898_seed1.h5,448,0.48489795918367345,1,1024,448,1.0,447.43845479004085,0.9987465508706269,0.9987465508706269,0.0012534491293730854,0.057799481656643635,0.001253449129373545,1.8223251106972016,0.4375000000000002,0.0036221111712928787,0.0036221111712928787,0.0
n1024_m448_s0.505102_seed0.h5,448,0.5051020408163265,0,1024,448,1.0,447.4132460420951,0.9986902813439623,0.9986902813439623,0.001309718656037684,0.0603978925273365,0.0013097186560381262,1.8726099369903146,0.4375000000000002,0.003495570936497445,0.003495570936497445,0.0
n1024_m448_s0.505102_seed1.h5,448,0.5051020408163265,1,1024,448,1.0,447.41131421364844,0.9986859692268938,0.9986859692268938,0.0013140307731062117,0.06026988761845697,0.0013140307731065125,1.872464848063102,0.43750000000000017,0.0034628604812609433,0.0034628604812609433,0.0
n1024_m448_s0.525306_seed0.h5,448,0.5253061224489796,0,1024,448,1.0,447.39138567633927,0.9986414858846858,0.9986414858846858,0.00135851411531418,0.06235107195785567,0.0013585141153144758,1.9116379188307524,0.43750000000000017,0.003410159013535628,0.003410159013535628,0.0002817318154334394
n1024_m448_s0.525306_seed1.h5,448,0.5253061224489796,1,1024,448,1.0,447.3918429519981,0.9986425065892816,0.9986425065892816,0.0013574934107184466,0.06235295066981118,0.0013574934107188678,1.911757989307757,0.4375000000000001,0.003360915828077539,0.003360915828077539,0.0007586244553735631
n1024_m448_s0.545510_seed0.h5,448,0.5455102040816326,0,1024,448,1.0,447.3809832017869,0.9986182660754171,0.9986182660754171,0.0013817339245828508,0.06383159999109493,0.001381733924583314,1.9434087782772997,0.4375000000000002,0.003337135355067987,0.003337135355067987,0.0031675663334680038
n1024_m448_s0.545510_seed1.h5,448,0.5455102040816326,1,1024,448,1.0,447.3836028194055,0.998624113436173,0.998624113436173,0.0013758865638270334,0.06356114242095948,0.0013758865638274322,1.9434993633095967,0.4375000000000002,0.0033288343729510786,0.0033288343729510786,0.0031829476739655927
n1024_m448_s0.565714_seed0.h5,448,0.5657142857142857,0,1024,448,1.0,447.37702373135835,0.998609427971782,0.998609427971782,0.0013905720282180178,0.06460772249715234,0.0013905720282184222,1.9689886213956396,0.4375000000000002,0.0032951423602890187,0.0032951423602890187,0.0032283500259417384
n1024_m448_s0.565714_seed1.h5,448,0.5657142857142857,1,1024,448,1.0,447.38232001056895,0.9986212500235914,0.9986212500235914,0.001378749976408633,0.06465271824905053,0.0013787499764089113,1.9686777614942177,0.4375000000000001,0.0032543250878287566,0.0032261445905759573,0.0025627372783933434
n1024_m448_s0.585918_seed0.h5,448,0.5859183673469388,0,1024,448,1.0,447.36327099613845,0.9985787299020947,0.9985787299020947,0.0014212700979052695,0.06599260939007895,0.001421270097905719,1.9892035371213896,0.4375000000000002,0.0032695238745232536,0.0032695238745232536,0.0032099524825732347
n1024_m448_s0.585918_seed1.h5,448,0.5859183673469388,1,1024,448,1.0,447.37102001998574,0.9985960268303253,0.9985960268303253,0.001403973169674666,0.06560908031844902,0.0014039731696751743,1.9887365594981,0.4375000000000002,0.0032522659874339235,0.0032522659874339235,0.0030488618172304677
n1024_m448_s0.606122_seed0.h5,448,0.6061224489795918,0,1024,448,1.0,447.36438460601494,0.9985812156384262,0.9985812156384262,0.0014187843615738327,0.06637280252943588,0.0014187843615742547,2.0050982337977628,0.4375000000000002,0.003265217476294944,0.003265217476294944,0.0031127563207850044
n1024_m448_s0.606122_seed1.h5,448,0.6061224489795918,1,1024,448,1.0,447.3647659830749,0.9985820669265065,0.9985820669265065,0.0014179330734934714,0.0666229144084449,0.0014179330734938019,2.005152382445367,0.4375000000000001,0.003253669728389412,0.0032342526601585697,0.0027827793522797344
n1024_m448_s0.626327_seed0.h5,448,0.6263265306122449,0,1024,448,1.0,447.35891344724223,0.9985690032304514,0.9985690032304514,0.0014309967695486092,0.06729374201152355,0.0014309967695490316,2.018580167344465,0.4375000000000002,0.003250143968605241,0.003250143968605241,0.0030780726933990546
n1024_m448_s0.626327_seed1.h5,448,0.6263265306122449,1,1024,448,1.0,447.3767751939595,0.9986088732008024,0.9986088732008024,0.0013911267991976173,0.06717124153541826,0.0013911267991979506,2.0182031211952682,0.43750000000000017,0.003215936943229597,0.003154501423277987,0.0020312819976671735
n1024_m448_s0.646531_seed0.h5,448,0.6465306122448979,0,1024,448,1.0,447.3513770471327,0.9985521809087784,0.9985521809087784,0.0014478190912216027,0.06864673137683085,0.0014478190912221144,2.0294605747751246,0.4375000000000002,0.00326030153726029,0.003193664669918548,0.0023885135739297827
n1024_m448_s0.646531_seed1.h5,448,0.6465306122448979,1,1024,448,1.0,447.3629546959419,0.9985780238748703,0.9985780238748703,0.0014219761251297314,0.06833304778020292,0.0014219761251300935,2.029285044892231,0.4375000000000001,0.00321248174273303,0.0031132882403426218,0.0020279943666329696
n1024_m448_s0.666735_seed0.h5,448,0.666734693877551,0,1024,448,1.0,447.3468414549716,0.998542056819133,0.998542056819133,0.0014579431808670051,0.06979798100921561,0.001457943180867394,2.0384962263574216,0.4375000000000002,0.0032698706328915437,0.0031179415090510205,0.002107731569639511
n1024_m448_s0.666735_seed1.h5,448,0.666734693877551,1,1024,448,1.0,447.3561658754479,0.9985628702576962,0.9985628702576962,0.001437129742303811,0.06989120720602855,0.001437129742304349,2.03824626655454,0.4375000000000002,0.003246817264198656,0.002916376152123098,0.0017091071167040684
n1024_m448_s0.686939_seed0.h5,448,0.6869387755102041,0,1024,448,1.0,447.3389764800668,0.9985245010715776,0.9985245010715776,0.0014754989284223585,0.07063518415312188,0.001475498928422805,2.0458053183275777,0.4375000000000002,0.003276234852200208,0.003100808546900685,0.002297211957435413
n1024_m448_s0.686939_seed1.h5,448,0.6869387755102041,1,1024,448,1.0,447.3672762969509,0.998587670305694,0.998587670305694,0.001412329694306047,0.07072012895921122,0.0014123296943065122,2.0459557828009145,0.4375000000000002,0.003203141454675631,0.0025284388760691634,0.0012012082314563474
n1024_m448_s0.707143_seed0.h5,448,0.7071428571428571,0,1024,448,1.0,447.44220662955195,0.9987549255123928,0.9987549255123928,0.001245074487607245,0.0727928436398816,0.0012450744876077039,2.0655506308567197,0.4375000000000002,0.0,0.0,0.0
n1024_m448_s0.707143_seed1.h5,448,0.7071428571428571,1,1024,448,1.0,447.42530121910386,0.998717190221214,0.998717190221214,0.0012828097787860315,0.07146621942635381,0.0012828097787865398,2.05236421883185,0.4375000000000002,0.0016286184035740896,0.00098944506075674,0.0
n1024_m448_s0.727347_seed0.h5,448,0.7273469387755102,0,1024,448,1.0,447.35851004812866,0.9985681027860015,0.9985681027860015,0.001431897213998501,0.08000298243126491,0.0014318972139988697,2.1138444441735733,0.4375000000000001,0.0,0.0,0.0
n1024_m448_s0.727347_seed1.h5,448,0.7273469387755102,1,1024,448,1.0,447.37490363419056,0.9986046956120325,0.9986046956120325,0.001395304387967533,0.0785059032884777,0.0013953043879680765,2.1018015426836345,0.4375000000000002,0.0,0.0,0.0
n1024_m448_s0.747551_seed0.h5,448,0.7475510204081632,0,1024,448,1.0,447.1822896662634,0.998174753719338,0.998174753719338,0.0018252462806620517,0.09677646969660827,0.0018252462806627942,2.2690834651179235,0.43750000000000033,0.0,0.0,0.0
n1024_m448_s0.747551_seed1.h5,448,0.7475510204081632,1,1024,448,1.0,447.1972489054315,0.9982081448781953,0.9982081448781953,0.0017918551218046863,0.09610919102738907,0.001791855121805312,2.2746362374749123,0.4375000000000002,0.0,0.0,0.0
n1024_m448_s0.767755_seed0.h5,448,0.7677551020408163,0,1024,448,1.0,447.14492070046254,0.9980913408492468,0.9980913408492468,0.0019086591507532225,0.10428510189682115,0.0019086591507540226,2.3904331614446415,0.43750000000000033,0.0,0.0,0.0
n1024_m448_s0.767755_seed1.h5,448,0.7677551020408163,1,1024,448,1.0,447.163168863859,0.9981320733568282,0.9981320733568282,0.0018679266431718133,0.10381864426997449,0.0018679266431724639,2.4055056625311537,0.4375000000000003,0.0,0.0,0.0
n1024_m448_s0.787959_seed0.h5,448,0.7879591836734694,0,1024,448,1.0,447.0966192155611,0.9979835250347345,0.9979835250347345,0.002016474965265469,0.1114351528852369,0.0020164749652661993,2.48336433923011,0.43750000000000033,0.0,0.0,0.0
n1024_m448_s0.787959_seed1.h5,448,0.7879591836734694,1,1024,448,1.0,447.0778337419033,0.9979415931738913,0.9979415931738913,0.002058406826108694,0.11283293824332387,0.0020584068261093637,2.4885308911299373,0.4375000000000003,0.0,0.0,0.0
n1024_m448_s0.808163_seed0.h5,448,0.8081632653061224,0,1024,448,1.0,447.0310897529125,0.9978372539127511,0.9978372539127511,0.002162746087248868,0.11771318989678843,0.0021627460872495094,2.5321447283601275,0.4375000000000003,0.0,0.0,0.0
n1024_m448_s0.808163_seed1.h5,448,0.8081632653061224,1,1024,448,1.0,447.05438417196274,0.9978892503838453,0.9978892503838453,0.00211074961615465,0.11653389697766234,0.002110749616155487,2.5386304233383656,0.43750000000000044,0.0,0.0,0.0
n1024_m448_s0.828367_seed0.h5,448,0.8283673469387755,0,1024,448,1.0,446.9725660979748,0.997706620754408,0.997706620754408,0.002293379245592031,0.1231328957050676,0.002293379245592821,2.5718926978696035,0.43750000000000033,0.0,0.0,0.0
n1024_m448_s0.828367_seed1.h5,448,0.8283673469387755,1,1024,448,1.0,446.9709813296795,0.9977030833251774,0.9977030833251774,0.002296916674822569,0.12335350037177278,0.002296916674823518,2.57351449465342,0.43750000000000044,0.0,0.0,0.0
n1024_m448_s0.848571_seed0.h5,448,0.8485714285714285,0,1024,448,1.0,446.8993270099163,0.9975431406471346,0.9975431406471346,0.002456859352865437,0.12929449449921177,0.0024568593528662844,2.6080733187479797,0.4375000000000004,0.0,0.0,0.0
n1024_m448_s0.848571_seed1.h5,448,0.8485714285714285,1,1024,448,1.0,446.8905899822712,0.997523638353284,0.997523638353284,0.002476361646716052,0.12986900044957303,0.0024763616467169936,2.6079764788623807,0.43750000000000044,0.0,0.0,0.0
n1024_m448_s0.868776_seed0.h5,448,0.8687755102040816,0,1024,448,1.0,446.80476370453835,0.9973320618404874,0.9973320618404874,0.002667938159512606,0.13638963881304295,0.0026679381595135386,2.640982513650198,0.4375000000000004,0.0,0.0,0.0
n1024_m448_s0.868776_seed1.h5,448,0.8687755102040816,1,1024,448,1.0,446.80447912216187,0.9973314266119685,0.9973314266119685,0.0026685733880315032,0.13646055524751896,0.0026685733880324842,2.6402180555856285,0.43750000000000044,0.0,0.0,0.0
n1024_m448_s0.888980_seed0.h5,448,0.8889795918367347,0,1024,448,1.0,446.70240995287895,0.997103593644819,0.997103593644819,0.0028964063551809582,0.14363945374381423,0.002896406355181734,2.6705058161115884,0.4375000000000004,0.0,0.0,0.0
n1024_m448_s0.888980_seed1.h5,448,0.8889795918367347,1,1024,448,1.0,446.67400348186493,0.9970401863434485,0.9970401863434485,0.002959813656551513,0.14518769820552238,0.0029598136565524664,2.6677165115396884,0.43750000000000044,0.0,0.0,0.0
n1024_m448_s0.909184_seed0.h5,448,0.9091836734693878,0,1024,448,1.0,446.56314519047737,0.9967927348001727,0.9967927348001727,0.0032072651998272805,0.15196543089133546,0.003207265199828242,2.6894867377768463,0.4375000000000004,0.0,0.0,0.0
n1024_m448_s0.909184_seed1.h5,448,0.9091836734693878,1,1024,448,1.0,446.55588471889496,0.9967765283903905,0.9967765283903905,0.0032234716096094518,0.1523325603101994,0.003223471609610394,2.688654616695885,0.43750000000000044,0.0,0.0,0.0
n1024_m448_s0.929388_seed0.h5,448,0.9293877551020407,0,1024,448,1.0,446.37038174271584,0.9963624592471335,0.9963624592471335,0.003637540752866486,0.1622906059840379,0.003637540752867356,2.6989633868052114,0.43750000000000044,0.0,0.0,0.0
n1024_m448_s0.929388_seed1.h5,448,0.9293877551020407,1,1024,448,1.0,446.3667368888855,0.9963543234126908,0.9963543234126908,0.003645676587309188,0.16250640006188843,0.0036456765873101567,2.699795207491312,0.43750000000000044,0.0,0.0,0.0
n1024_m448_s0.949592_seed0.h5,448,0.9495918367346938,0,1024,448,1.0,446.04959467053413,0.9956464166752994,0.9956464166752994,0.004353583324700594,0.17713102376921494,0.0043535833247015975,2.6929532024156537,0.43750000000000044,0.0,0.0,0.0
n1024_m448_s0.949592_seed1.h5,448,0.9495918367346938,1,1024,448,1.0,446.05169954895973,0.9956511150646422,0.9956511150646422,0.0043488849353577885,0.17697018752913524,0.004348884935358594,2.6924245320434386,0.43750000000000033,0.0,0.0,0.0
n1024_m448_s0.969796_seed0.h5,448,0.9697959183673469,0,1024,448,1.0,445.5040857195854,0.9944287627669317,0.9944287627669317,0.0055712372330682935,0.1978554989544019,0.005571237233069248,2.661839316553653,0.43750000000000044,0.0,0.0,0.0
n1024_m448_s0.969796_seed1.h5,448,0.9697959183673469,1,1024,448,1.0,445.50569689273834,0.9944323591355767,0.9944323591355767,0.0055676408644232955,0.1978764838664903,0.0055676408644242835,2.662419283837862,0.43750000000000044,0.0,0.0,0.0
n1024_m448_s0.990000_seed0.h5,448,0.99,0,1024,448,1.0,444.41477781534195,0.9919972719092455,0.9919972719092455,0.00800272809075453,0.22909150334646836,0.008002728090755501,2.574546060884079,0.43750000000000044,0.006844102290390677,0.0,0.0
n1024_m448_s0.990000_seed1.h5,448,0.99,1,1024,448,1.0,444.3683950006962,0.9918937388408396,0.9918937388408396,0.008106261159160355,0.23084301996086729,0.008106261159161248,2.5778561538156977,0.4375000000000004,0.008810964399626352,0.0,0.0
n1024_m464_s0.000000_seed0.h5,464,0.0,0,1024,464,1.0,463.9580299168774,0.9999095472346496,0.9999095472346496,9.045276535035729e-05,0.009201285416624636,9.045276535175014e-05,1.0111500430542237,0.45312500000000067,0.0,0.0,0.0
n1024_m464_s0.000000_seed1.h5,464,0.0,1,1024,464,1.0,463.9557688216519,0.9999046741845945,0.9999046741845945,9.532581540550034e-05,0.009383133957424877,9.53258154069139e-05,1.0109182692958243,0.45312500000000067,0.0,0.0,0.0
n1024_m464_s0.020204_seed0.h5,464,0.02020408163265306,0,1024,464,1.0,463.9640611258401,0.9999225455298277,0.9999225455298277,7.745447017226681e-05,0.008638137175604039,7.745447017368196e-05,1.0145520500581913,0.45312500000000067,0.0,0.0,0.0
n1024_m464_s0.020204_seed1.h5,464,0.02020408163265306,1,1024,464,1.0,463.96106156576207,0.9999160809606941,0.9999160809606941,8.391903930593525e-05,0.008936271523256512,8.391903930730156e-05,1.0142103184443851,0.4531250000000006,0.0,0.0,0.0
n1024_m464_s0.040408_seed0.h5,464,0.04040816326530612,0,1024,464,1.0,463.959098733234,0.9999118507181767,0.9999118507181767,8.814928182332427e-05,0.0092765830722052,8.814928182464999e-05,1.0182936248627912,0.4531250000000006,0.0,0.0,0.0
n1024_m464_s0.040408_seed1.h5,464,0.04040816326530612,1,1024,464,1.0,463.9596170576806,0.9999129677967254,0.9999129677967254,8.703220327455075e-05,0.00919575770758916,8.703220327596225e-05,1.0180868972262118,0.4531250000000006,0.0,0.0,0.0
n1024_m464_s0.060612_seed0.h5,464,0.06061224489795918,0,1024,464,1.0,463.9552422371453,0.9999035393041924,0.9999035393041924,9.646069580759864e-05,0.009791826923667485,9.646069580880628e-05,1.0227692966539728,0.45312500000000056,0.0,0.0,0.0
n1024_m464_s0.060612_seed1.h5,464,0.06061224489795918,1,1024,464,1.0,463.95829362517543,0.9999101155714988,0.9999101155714988,8.988442850121903e-05,0.00946934884290874,8.988442850251729e-05,1.0226474306053916,0.45312500000000056,0.0,0.0,0.0
n1024_m464_s0.080816_seed0.h5,464,0.08081632653061224,0,1024,464,1.0,463.95110002534784,0.9998946121235945,0.9998946121235945,0.00010538787640546055,0.010322048339100665,0.00010538787640679589,1.027647807400654,0.45312500000000056,0.0,0.0,0.0
n1024_m464_s0.080816_seed1.h5,464,0.08081632653061224,1,1024,464,1.0,463.9521771647487,0.9998969335447171,0.9998969335447171,0.00010306645528290748,0.010212319171577227,0.00010306645528420508,1.0273928103142642,0.45312500000000056,0.0,0.0,0.0
n1024_m464_s0.101020_seed0.h5,464,0.1010204081632653,0,1024,464,1.0,463.94664006118546,0.9998850001318652,0.9998850001318652,0.0001149998681347908,0.010866872721744364,0.0001149998681359726,1.033156266959647,0.45312500000000056,0.0,0.0,0.0
n1024_m464_s0.101020_seed1.h5,464,0.1010204081632653,1,1024,464,1.0,463.94600822550274,0.9998836384170318,0.9998836384170318,0.00011636158296823851,0.010937943472241899,0.00011636158296949434,1.033213584519797,0.45312500000000056,0.0,0.0,0.0
n1024_m464_s0.121224_seed0.h5,464,0.12122448979591836,0,1024,464,1.0,463.94129296884785,0.9998734762259652,0.9998734762259652,0.00012652377403477022,0.011499617649505316,0.0001265237740361732,1.0388352386085615,0.4531250000000006,0.0,0.0,0.0
n1024_m464_s0.121224_seed1.h5,464,0.12122448979591836,1,1024,464,1.0,463.9374491361523,0.9998651921037764,0.9998651921037764,0.00013480789622355438,0.011831745822210518,0.00013480789622477964,1.0390328013165895,0.45312500000000056,0.0,0.0,0.0
n1024_m464_s0.141429_seed0.h5,464,0.14142857142857143,0,1024,464,1.0,463.934649906907,0.9998591592821271,0.9998591592821271,0.0001408407178729032,0.012228677474910514,0.00014084071787395542,1.045068024753004,0.45312500000000056,0.0,0.0,0.0
n1024_m464_s0.141429_seed1.h5,464,0.14142857142857143,1,1024,464,1.0,463.9303972644266,0.9998499941043676,0.9998499941043676,0.00015000589563241018,0.01258224912601199,0.00015000589563345977,1.0451129512297772,0.45312500000000044,0.0,0.0,0.0
n1024_m464_s0.161633_seed0.h5,464,0.16163265306122448,0,1024,464,1.0,463.92504575647763,0.9998384606820638,0.9998384606820638,0.00016153931793616572,0.01316864916557886,0.0001615393179372321,1.0514131944552183,0.45312500000000044,0.0,0.0,0.0
n1024_m464_s0.161633_seed1.h5,464,0.16163265306122448,1,1024,464,1.0,463.92256969237496,0.999833124337015,0.999833124337015,0.000166875662985011,0.013358393912572165,0.00016687566298614754,1.0512859165981994,0.45312500000000056,0.0,0.0,0.0
n1024_m464_s0.181837_seed0.h5,464,0.18183673469387754,0,1024,464,1.0,463.91453768466454,0.9998158139755702,0.9998158139755702,0.00018418602442982213,0.014140986308943983,0.0001841860244309751,1.0581069045941522,0.4531250000000005,0.0,0.0,0.0
n1024_m464_s0.181837_seed1.h5,464,0.18183673469387754,1,1024,464,1.0,463.90935948491096,0.9998046540623081,0.9998046540623081,0.00019534593769188202,0.014503671097298117,0.0001953459376929949,1.0579868125930396,0.4531250000000005,0.0,0.0,0.0
n1024_m464_s0.202041_seed0.h5,464,0.2020408163265306,0,1024,464,1.0,463.9066300290724,0.9997987716143801,0.9997987716143801,0.0002012283856198671,0.014910861773618882,0.0002012283856208084,1.0650862798414933,0.45312500000000044,0.0,0.0,0.0
n1024_m464_s0.202041_seed1.h5,464,0.2020408163265306,1,1024,464,1.0,463.8983711127803,0.9997809722258196,0.9997809722258196,0.00021902777418036923,0.015462763768306883,0.00021902777418148083,1.0653121967606893,0.4531250000000005,0.0,0.0,0.0
n1024_m464_s0.222245_seed0.h5,464,0.22224489795918367,0,1024,464,1.0,463.89266729146766,0.9997686795074734,0.9997686795074734,0.0002313204925266099,0.016089713496018922,0.00023132049252772718,1.0727960428912657,0.45312500000000056,0.0,0.0,0.0
n1024_m464_s0.222245_seed1.h5,464,0.22224489795918367,1,1024,464,1.0,463.8893130733777,0.9997614505891761,0.9997614505891761,0.00023854941082390724,0.016284547884306066,0.00023854941082496517,1.073249950567539,0.45312500000000044,0.0,0.0,0.0
n1024_m464_s0.242449_seed0.h5,464,0.24244897959183673,0,1024,464,1.0,463.8829374886991,0.999747710104955,0.999747710104955,0.0002522898950449992,0.016937230218831537,0.0002522898950461012,1.080992442393935,0.45312500000000044,0.0,0.0,0.0
n1024_m464_s0.242449_seed1.h5,464,0.24244897959183673,1,1024,464,1.0,463.8767842518864,0.9997344488187208,0.9997344488187208,0.0002655511812792444,0.017332437888385267,0.00026555118128033785,1.081355875297309,0.4531250000000005,0.0,0.0,0.0
n1024_m464_s0.262653_seed0.h5,464,0.2626530612244898,0,1024,464,1.0,463.86990287365916,0.9997196182621965,0.9997196182621965,0.0002803817378035367,0.018048843772933983,0.0002803817378046007,1.0907739522265536,0.45312500000000044,0.0,0.0,0.0
n1024_m464_s0.262653_seed1.h5,464,0.2626530612244898,1,1024,464,1.0,463.858365619657,0.9996947534906401,0.9996947534906401,0.00030524650935992437,0.01869451368312302,0.0003052465093610905,1.0907371108902513,0.4531250000000005,0.0,0.0,0.0
n1024_m464_s0.282857_seed0.h5,464,0.28285714285714286,0,1024,464,1.0,463.8526511739328,0.9996824378748552,0.9996824378748552,0.0003175621251447769,0.019383858747831297,0.0003175621251457901,1.1009099391152837,0.45312500000000044,0.0,0.0,0.0
n1024_m464_s0.282857_seed1.h5,464,0.28285714285714286,1,1024,464,1.0,463.84253844032355,0.9996606431903525,0.9996606431903525,0.00033935680964747306,0.01989785377820972,0.0003393568096485645,1.101360150550609,0.4531250000000005,0.0,0.0,0.0
n1024_m464_s0.303061_seed0.h5,464,0.3030612244897959,0,1024,464,1.0,463.8344250773225,0.9996431574942296,0.9996431574942296,0.0003568425057703939,0.02076788783624275,0.0003568425057714437,1.112952885066883,0.45312500000000044,0.0,0.0,0.0
n1024_m464_s0.303061_seed1.h5,464,0.3030612244897959,1,1024,464,1.0,463.82651316042757,0.9996261059491973,0.9996261059491973,0.0003738940508026811,0.021134532661702964,0.00037389405080369425,1.1129407824974187,0.45312500000000044,0.0,0.0,0.0
n1024_m464_s0.323265_seed0.h5,464,0.32326530612244897,0,1024,464,1.0,463.8116850601218,0.9995941488364695,0.9995941488364695,0.0004058511635305351,0.022402756350304538,0.00040585116353143567,1.1258307212457082,0.4531250000000004,0.0,0.0,0.0
n1024_m464_s0.323265_seed1.h5,464,0.32326530612244897,1,1024,464,1.0,463.8019112490583,0.9995730845884878,0.9995730845884878,0.00042691541151218537,0.022872799627598174,0.0004269154115131163,1.1260806145353184,0.4531250000000004,0.0,0.0,0.0
n1024_m464_s0.343469_seed0.h5,464,0.34346938775510205,0,1024,464,1.0,463.7867617282027,0.9995404347590575,0.9995404347590575,0.0004595652409424833,0.02413648537111294,0.0004595652409433703,1.1400168200680136,0.4531250000000004,0.0,0.0,0.0
n1024_m464_s0.343469_seed1.h5,464,0.34346938775510205,1,1024,464,1.0,463.778409866587,0.9995224350572997,0.9995224350572997,0.0004775649427003481,0.02452563807648487,0.00047756494270120517,1.1404165748004191,0.4531250000000004,0.0,0.0,0.0
n1024_m464_s0.363673_seed0.h5,464,0.3636734693877551,0,1024,464,1.0,463.7598572540155,0.9994824509784818,0.9994824509784818,0.0005175490215182377,0.02597066039957882,0.0005175490215191097,1.1553861536963588,0.45312500000000033,0.0,0.0,0.0
n1024_m464_s0.363673_seed1.h5,464,0.3636734693877551,1,1024,464,1.0,463.7443343458872,0.9994489964351017,0.9994489964351017,0.0005510035648983447,0.026562006880947252,0.0005510035648991738,1.1555892734052196,0.4531250000000004,1.8949075515861297e-06,0.0,0.0
n1024_m464_s0.383878_seed0.h5,464,0.38387755102040816,0,1024,464,1.0,463.7324777447502,0.9994234434154099,0.9994234434154099,0.0005765565845901044,0.027798092922004802,0.0005765565845907409,1.1722751860453786,0.45312500000000033,0.0,0.0,0.0
n1024_m464_s0.383878_seed1.h5,464,0.38387755102040816,1,1024,464,1.0,463.72314436227316,0.999403328366968,0.999403328366968,0.0005966716330320088,0.028189435329686215,0.0005966716330328681,1.1727286748403998,0.4531250000000004,0.0,0.0,0.0
n1024_m464_s0.404082_seed0.h5,464,0.4040816326530612,0,1024,464,1.0,463.62235500625684,0.9991861099272776,0.9991861099272776,0.0008138900727223675,0.03410701234505581,0.0008138900727230904,1.2053767974620366,0.45312500000000033,0.0,0.0,0.0
n1024_m464_s0.404082_seed1.h5,464,0.4040816326530612,1,1024,464,1.0,463.60298644020804,0.9991443673280346,0.9991443673280346,0.0008556326719654228,0.03505568422185887,0.0008556326719659852,1.2089809226430825,0.4531250000000002,1.911039292224595e-06,0.0,0.0
n1024_m464_s0.424286_seed0.h5,464,0.42428571428571427,0,1024,464,1.0,463.4500867384486,0.9988148421087254,0.9988148421087254,0.001185157891274602,0.04991570217372035,0.001185157891274717,1.585734682693322,0.45312500000000006,0.0023696757570913756,2.5152279179923563e-05,0.0
n1024_m464_s0.424286_seed1.h5,464,0.42428571428571427,1,1024,464,1.0,463.44068825786235,0.9987945867626343,0.9987945867626343,0.0012054132373656712,0.05012156001364521,0.0012054132373659613,1.5870959448911865,0.4531250000000001,0.0024398884741041707,0.0002835543602212267,0.0
n1024_m464_s0.444490_seed0.h5,464,0.44448979591836735,0,1024,464,1.0,463.4522077968577,0.9988194133552968,0.9988194133552968,0.0011805866447032187,0.052970997328228554,0.0011805866447036262,1.6828474517193082,0.4531250000000001,0.0028299781781150873,0.0028299781781150873,0.0
n1024_m464_s0.444490_seed1.h5,464,0.44448979591836735,1,1024,464,1.0,463.45979449589504,0.9988357639997738,0.9988357639997738,0.0011642360002261931,0.0526744946925817,0.0011642360002264785,1.6830278521047008,0.4531250000000001,0.002923104391113606,0.002923104391113606,0.0
n1024_m464_s0.464694_seed0.h5,464,0.4646938775510204,0,1024,464,1.0,463.4548917040229,0.9988251976379804,0.9988251976379804,0.0011748023620196113,0.055805225211767756,0.0011748023620198821,1.761301571034422,0.4531250000000001,0.0031928047356864836,0.0031928047356864836,0.0
n1024_m464_s0.464694_seed1.h5,464,0.4646938775510204,1,1024,464,1.0,463.45706406614045,0.9988298794528889,0.9988298794528889,0.0011701205471110754,0.05559927741648836,0.0011701205471113536,1.7607275648680447,0.4531250000000001,0.0032118543219618457,0.0032118543219618457,0.0
n1024_m464_s0.484898_seed0.h5,464,0.48489795918367345,0,1024,464,1.0,463.4232841236517,0.9987570778526976,0.9987570778526976,0.0012429221473023722,0.05872397570038297,0.001242922147302759,1.8233421027957823,0.4531250000000001,0.003181366407552417,0.003181366407552417,0.0
n1024_m464_s0.484898_seed1.h5,464,0.48489795918367345,1,1024,464,1.0,463.4258751915768,0.998762662050812,0.998762662050812,0.001237337949188011,0.05850308422604818,0.0012373379491883165,1.8234305316271788,0.4531250000000001,0.0031980287100546144,0.0031980287100546144,0.0
n1024_m464_s0.505102_seed0.h5,464,0.5051020408163265,0,1024,464,1.0,463.39902473427355,0.9987047946859344,0.9987047946859344,0.0012952053140655728,0.06106325023332696,0.0012952053140660273,1.8736289809973241,0.4531250000000002,0.0031080037529263305,0.0031080037529263305,0.0
n1024_m464_s0.505102_seed1.h5,464,0.5051020408163265,1,1024,464,1.0,463.3967201868072,0.9986998279888086,0.9986998279888086,0.0013001720111913695,0.061173010603375974,0.001300172011191658,1.8732062911166065,0.4531250000000001,0.003096738783508769,0.003096738783508769,0.0
n1024_m464_s0.525306_seed0.h5,464,0.5253061224489796,0,1024,464,1.0,463.3771113185212,0.9986575674968129,0.9986575674968129,0.0013424325031871076,0.06312280940183518,0.001342432503187459,1.9129149983564069,0.45312500000000017,0.0030382838875370596,0.0030382838875370596,0.0
n1024_m464_s0.525306_seed1.h5,464,0.5253061224489796,1,1024,464,1.0,463.3826505849138,0.9986695055709349,0.9986695055709349,0.0013304944290650766,0.06272654969387154,0.0013304944290654316,1.912593871282551,0.45312500000000017,0.0030222157312900042,0.0030222157312900042,0.0
n1024_m464_s0.545510_seed0.h5,464,0.5455102040816326,0,1024,464,1.0,463.3611004129052,0.9986230612347096,0.9986230612347096,0.0013769387652904364,0.0648724848264322,0.0013769387652908718,1.9444470803914147,0.45312500000000017,0.0029788664339267888,0.0029788664339267888,0.0021729679815860542
n1024_m464_s0.545510_seed1.h5,464,0.5455102040816326,1,1024,464,1.0,463.3626216822304,0.998626339832393,0.998626339832393,0.0013736601676069826,0.06465129894416242,0.0013736601676073406,1.9444445998556479,0.4531250000000002,0.002969030432407534,0.002969030432407534,0.00226194825423878
n1024_m464_s0.565714_seed0.h5,464,0.5657142857142857,0,1024,464,1.0,463.35904196836054,0.9986186249318115,0.9986186249318115,0.0013813750681884729,0.06556459545723936,0.0013813750681888571,1.9694670848875326,0.4531250000000002,0.002942612806107469,0.002942612806107469,0.0027549032066573604
n1024_m464_s0.565714_seed1.h5,464,0.5657142857142857,1,1024,464,1.0,463.3602913096547,0.9986213174777041,0.9986213174777041,0.0013786825222958932,0.06567324606292345,0.0013786825222963206,1.9691752716787527,0.4531250000000002,0.0029272128492062992,0.0029178398706314525,0.0021675395329945157
n1024_m464_s0.585918_seed0.h5,464,0.5859183673469388,0,1024,464,1.0,463.35071764560416,0.9986006845810435,0.9986006845810435,0.0013993154189565482,0.06662061162296098,0.0013993154189568763,1.9896475500458286,0.4531250000000001,0.0029341707542340943,0.0029341707542340943,0.0027879074994253184
n1024_m464_s0.585918_seed1.h5,464,0.5859183673469388,1,1024,464,1.0,463.3579846746288,0.9986163462815276,0.9986163462815276,0.0013836537184723774,0.06666926671834421,0.001383653718472836,1.9892283308069696,0.4531250000000002,0.0029107730805391237,0.002890003910478816,0.0018414590641385406
n1024_m464_s0.606122_seed0.h5,464,0.6061224489795918,0,1024,464,1.0,463.33917444664985,0.9985758069970901,0.9985758069970901,0.001424193002909857,0.06772610751196967,0.0014241930029101782,2.005766391710037,0.45312500000000017,0.0029233754936703596,0.0029233754936703596,0.0028346975859354735
n1024_m464_s0.606122_seed1.h5,464,0.6061224489795918,1,1024,464,1.0,463.362004566472,0.9986250098415346,0.9986250098415346,0.0013749901584654278,0.0674179589193879,0.0013749901584658914,2.005265388077404,0.4531250000000002,0.002922007085823824,0.002855067649490833,0.001554480314819112
n1024_m464_s0.626327_seed0.h5,464,0.6263265306122449,0,1024,464,1.0,463.3396679153666,0.9985768705072556,0.9985768705072556,0.0014231294927443683,0.06829802352289206,0.0014231294927447339,2.0188814834932023,0.4531250000000001,0.0029149092978389274,0.0029149092978389274,0.002548791645386578
n1024_m464_s0.626327_seed1.h5,464,0.6263265306122449,1,1024,464,1.0,463.3566148234531,0.9986133940160627,0.9986133940160627,0.0013866059839372502,0.06813748129936628,0.0013866059839375633,2.0186464935931143,0.4531250000000001,0.002900791124141717,0.0027963685783659003,0.001659607228556219
n1024_m464_s0.646531_seed0.h5,464,0.6465306122448979,0,1024,464,1.0,463.32797169452533,0.9985516631347529,0.9985516631347529,0.0014483368652471462,0.06945868165408436,0.0014483368652475218,2.0295446130911334,0.45312500000000017,0.00292428982703092,0.002915042246202895,0.002344807958890146
n1024_m464_s0.646531_seed1.h5,464,0.6465306122448979,1,1024,464,1.0,463.35074186581187,0.9986007367797669,0.9986007367797669,0.0013992632202330935,0.06911258052547155,0.0013992632202334924,2.029169286363797,0.45312500000000017,0.002877585468868931,0.0028490234308452926,0.0016220232791640484
n1024_m464_s0.666735_seed0.h5,464,0.666734693877551,0,1024,464,1.0,463.3291275347583,0.9985541541697377,0.9985541541697377,0.0014458458302623045,0.07050899462422329,0.001445845830262669,2.0382282057149053,0.45312500000000017,0.002928020411339572,0.0029026001161165647,0.0017558418133315577
n1024_m464_s0.666735_seed1.h5,464,0.666734693877551,1,1024,464,1.0,463.42271103616804,0.9987558427503621,0.9987558427503621,0.0012441572496378894,0.06973224529754901,0.001244157249638294,2.038282721360763,0.4531250000000002,0.0014629663960957057,0.0009940996209986252,0.0
n1024_m464_s0.686939_seed0.h5,464,0.6869387755102041,0,1024,464,1.0,463.4086872828193,0.9987256191440071,0.9987256191440071,0.0012743808559928516,0.07109093345781621,0.0012743808559933776,2.046147868822572,0.4531250000000002,0.001326536850470976,0.0010342476961826468,0.0
n1024_m464_s0.686939_seed1.h5,464,0.6869387755102041,1,1024,464,1.0,463.44401094829664,0.9988017477333979,0.9988017477333979,0.0011982522666020845,0.07073351729199093,0.001198252266602489,2.0477391170475903,0.45312500000000017,0.0,0.0,0.0
n1024_m464_s0.707143_seed0.h5,464,0.7071428571428571,0,1024,464,1.0,463.42509343498386,0.9987609772305687,0.9987609772305687,0.0012390227694313305,0.07217080386792554,0.0012390227694317382,2.0541611438397784,0.4531250000000002,0.0,0.0,0.0
n1024_m464_s0.707143_seed1.h5,464,0.7071428571428571,1,1024,464,1.0,463.4213111998979,0.9987528258618489,0.9987528258618489,0.0012471741381511192,0.07240248318943426,0.0012471741381515924,2.05400588630442,0.4531250000000002,0.0,0.0,0.0
n1024_m464_s0.727347_seed0.h5,464,0.7273469387755102,0,1024,464,1.0,463.3718231813982,0.9986461706495651,0.9986461706495651,0.001353829350434932,0.07615697635128801,0.0013538293504353437,2.0726066106313406,0.4531250000000002,0.0,0.0,0.0
n1024_m464_s0.727347_seed1.h5,464,0.7273469387755102,1,1024,464,1.0,463.34745646174997,0.9985936561675646,0.9985936561675646,0.0014063438324354305,0.07841140444020327,0.0014063438324357672,2.092319254935425,0.45312500000000017,0.0,0.0,0.0
n1024_m464_s0.747551_seed0.h5,464,0.7475510204081632,0,1024,464,1.0,463.1958032432012,0.9982668173344854,0.9982668173344854,0.0017331826655145877,0.09138979168920255,0.0017331826655152508,2.1952919476959085,0.4531250000000003,0.0,0.0,0.0
n1024_m464_s0.747551_seed1.h5,464,0.7475510204081632,1,1024,464,1.0,463.22185098566115,0.9983229547104766,0.9983229547104766,0.0016770452895233934,0.08885947165162505,0.0016770452895240131,2.1685434767205427,0.4531250000000003,0.0,0.0,0.0
n1024_m464_s0.767755_seed0.h5,464,0.7677551020408163,0,1024,464,1.0,463.07470378419384,0.9980058271211074,0.9980058271211074,0.001994172878892586,0.10458118534179585,0.0019941728788932292,2.3436368229604154,0.45312500000000033,0.0,0.0,0.0
n1024_m464_s0.767755_seed1.h5,464,0.7677551020408163,1,1024,464,1.0,463.0823254152201,0.9980222530500433,0.9980222530500433,0.0019777469499566713,0.10388826555546517,0.001977746949957427,2.3380521635400884,0.45312500000000033,0.0,0.0,0.0
n1024_m464_s0.787959_seed0.h5,464,0.7879591836734694,0,1024,464,1.0,463.02436262369156,0.9978973332407146,0.9978973332407146,0.0021026667592853876,0.11028866156504698,0.002102666759286193,2.404836222171254,0.45312500000000033,0.0,0.0,0.0
n1024_m464_s0.787959_seed1.h5,464,0.7879591836734694,1,1024,464,1.0,463.0276234447956,0.9979043608724043,0.9979043608724043,0.0020956391275956943,0.11013646103565906,0.0020956391275963626,2.406513680339054,0.45312500000000033,0.0,0.0,0.0
n1024_m464_s0.808163_seed0.h5,464,0.8081632653061224,0,1024,464,1.0,462.9731561243534,0.9977869744059341,0.9977869744059341,0.002213025594065887,0.11471134304866976,0.0022130255940667506,2.4375147166044187,0.4531250000000004,0.0,0.0,0.0
n1024_m464_s0.808163_seed1.h5,464,0.8081632653061224,1,1024,464,1.0,462.971500903368,0.9977834071193276,0.9977834071193276,0.002216592880672441,0.11473177973171798,0.0022165928806733336,2.435490160436164,0.45312500000000044,0.0,0.0,0.0
n1024_m464_s0.828367_seed0.h5,464,0.8283673469387755,0,1024,464,1.0,462.8932793736458,0.9976148262363056,0.9976148262363056,0.0023851737636944037,0.1205853499544472,0.0023851737636952437,2.4664095831662447,0.45312500000000033,0.0,0.0,0.0
n1024_m464_s0.828367_seed1.h5,464,0.8283673469387755,1,1024,464,1.0,462.9075281918049,0.9976455348961312,0.9976455348961312,0.0023544651038688302,0.11983897098833751,0.002354465103869652,2.467399124211442,0.4531250000000004,0.0,0.0,0.0
n1024_m464_s0.848571_seed0.h5,464,0.8485714285714285,0,1024,464,1.0,462.8296304345131,0.9974776517985195,0.9974776517985195,0.002522348201480451,0.12544342057008223,0.0025223482014813067,2.495685515167761,0.45312500000000044,0.0,0.0,0.0
n1024_m464_s0.848571_seed1.h5,464,0.8485714285714285,1,1024,464,1.0,462.81213504076004,0.9974399462085346,0.9974399462085346,0.0025600537914654,0.12629081805510148,0.002560053791466195,2.4898224394083996,0.45312500000000033,0.0,0.0,0.0
n1024_m464_s0.868776_seed0.h5,464,0.8687755102040816,0,1024,464,1.0,462.7460738122463,0.9972975728712206,0.9972975728712206,0.002702427128779439,0.13112343385522557,0.002702427128780356,2.5195819553266054,0.4531250000000004,0.0,0.0,0.0
n1024_m464_s0.868776_seed1.h5,464,0.8687755102040816,1,1024,464,1.0,462.74800676107407,0.9973017387092113,0.9973017387092113,0.0026982612907886505,0.1310093202843602,0.0026982612907894958,2.518338252026037,0.45312500000000033,0.0,0.0,0.0
n1024_m464_s0.888980_seed0.h5,464,0.8889795918367347,0,1024,464,1.0,462.6259752213955,0.9970387397012834,0.9970387397012834,0.0029612602987165726,0.13827133686405033,0.002961260298717369,2.540730737036117,0.45312500000000033,0.0,0.0,0.0
n1024_m464_s0.888980_seed1.h5,464,0.8889795918367347,1,1024,464,1.0,462.6415111720562,0.9970722223535694,0.9970722223535694,0.002927777646430596,0.1374508746132241,0.002927777646431454,2.5414455919357817,0.4531250000000004,0.0,0.0,0.0
n1024_m464_s0.909184_seed0.h5,464,0.9091836734693878,0,1024,464,1.0,462.50893929600716,0.9967865071034637,0.9967865071034637,0.003213492896536274,0.14446089565410083,0.003213492896537091,2.55475144619128,0.45312500000000033,0.0,0.0,0.0
n1024_m464_s0.909184_seed1.h5,464,0.9091836734693878,1,1024,464,1.0,462.5147447884083,0.9967990189405351,0.9967990189405351,0.003200981059464869,0.1441995395617448,0.003200981059465667,2.5556818739742306,0.45312500000000033,0.0,0.0,0.0
n1024_m464_s0.929388_seed0.h5,464,0.9293877551020407,0,1024,464,1.0,462.3012626171112,0.9963389280541189,0.9963389280541189,0.003661071945881056,0.15432218814600704,0.0036610719458818157,2.558450922649324,0.45312500000000033,0.0,0.0,0.0
n1024_m464_s0.929388_seed1.h5,464,0.9293877551020407,1,1024,464,1.0,462.30972999334335,0.9963571767097917,0.9963571767097917,0.0036428232902082636,0.15385362335027208,0.0036428232902091136,2.5571521750087682,0.4531250000000004,0.0,0.0,0.0
n1024_m464_s0.949592_seed0.h5,464,0.9495918367346938,0,1024,464,1.0,461.9953333735466,0.9956795977878159,0.9956795977878159,0.004320402212184105,0.16706575846232743,0.004320402212184961,2.5504987195325066,0.45312500000000044,0.0,0.0,0.0
n1024_m464_s0.949592_seed1.h5,464,0.9495918367346938,1,1024,464,1.0,461.99342504143715,0.9956754850030973,0.9956754850030973,0.004324514996902673,0.16699442004511833,0.0043245149969036315,2.548034734358553,0.45312500000000044,0.0,0.0,0.0
n1024_m464_s0.969796_seed0.h5,464,0.9697959183673469,0,1024,464,1.0,461.4442226588726,0.9944918591786047,0.9944918591786047,0.00550814082139528,0.18642582942049382,0.005508140821396193,2.5223836295233237,0.45312500000000044,0.0,0.0,0.0
n1024_m464_s0.969796_seed1.h5,464,0.9697959183673469,1,1024,464,1.0,461.4687553048134,0.9945447312603737,0.9945447312603737,0.005455268739626318,0.18551427766152245,0.005455268739627024,2.521750826512664,0.45312500000000033,0.0,0.0,0.0
n1024_m464_s0.990000_seed0.h5,464,0.99,0,1024,464,1.0,460.49564695358276,0.9924475149861698,0.9924475149861698,0.007552485013830212,0.21194085246033625,0.0075524850138311336,2.4505087633730613,0.45312500000000044,0.0009617116958089536,0.0,0.0
n1024_m464_s0.990000_seed1.h5,464,0.99,1,1024,464,1.0,460.4241328537464,0.9922933897710052,0.9922933897710052,0.00770661022899477,0.2140623332685195,0.007706610228995561,2.4513584110410345,0.45312500000000033,0.004896942374227855,0.0,0.0
n1024_m480_s0.000000_seed0.h5,480,0.0,0,1024,480,1.0,479.9566396021328,0.9999096658377766,0.9999096658377766,9.03341622233711e-05,0.009203140086915435,9.033416222476154e-05,1.0119999645919788,0.46875000000000067,0.0,0.0,0.0
n1024_m480_s0.000000_seed1.h5,480,0.0,1,1024,480,1.0,479.9540303810936,0.9999042299606117,0.9999042299606117,9.577003938832096e-05,0.009438655404308353,9.577003938958705e-05,1.0117496152712535,0.46875000000000056,0.0,0.0,0.0
n1024_m480_s0.020204_seed0.h5,480,0.02020408163265306,0,1024,480,1.0,479.9567943138027,0.9999099881537555,0.9999099881537555,9.001184624446434e-05,0.00928093303239153,9.001184624588328e-05,1.0152612638574505,0.46875000000000067,0.0,0.0,0.0
n1024_m480_s0.020204_seed1.h5,480,0.02020408163265306,1,1024,480,1.0,479.9576858834771,0.9999118455905773,0.9999118455905773,8.815440942266939e-05,0.00917409896163362,8.81544094241844e-05,1.01509336817481,0.46875000000000067,0.0,0.0,0.0
n1024_m480_s0.040408_seed0.h5,480,0.04040816326530612,0,1024,480,1.0,479.9554007866791,0.9999070849722481,0.9999070849722481,9.29150277518831e-05,0.009519244267630551,9.291502775320171e-05,1.0190946277095703,0.46875000000000067,0.0,0.0,0.0
n1024_m480_s0.040408_seed1.h5,480,0.04040816326530612,1,1024,480,1.0,479.95468053145305,0.9999055844405272,0.9999055844405272,9.441555947276026e-05,0.009569271083969788,9.441555947419264e-05,1.0187852191817668,0.46875000000000067,0.0,0.0,0.0
n1024_m480_s0.060612_seed0.h5,480,0.06061224489795918,0,1024,480,1.0,479.9525461366575,0.999901137784703,0.999901137784703,9.88622152969798e-05,0.009895925710433906,9.886221529831711e-05,1.0234886536764858,0.46875000000000067,0.0,0.0,0.0
n1024_m480_s0.060612_seed1.h5,480,0.06061224489795918,1,1024,480,1.0,479.95358756339556,0.9999033074237408,0.9999033074237408,9.669257625921635e-05,0.009790772017004283,9.669257626068635e-05,1.0232436511485294,0.4687500000000007,0.0,0.0,0.0
n1024_m480_s0.080816_seed0.h5,480,0.08081632653061224,0,1024,480,1.0,479.9496311285693,0.9998950648511861,0.9998950648511861,0.00010493514881393384,0.01028629749357477,0.00010493514881519535,1.0282410127531172,0.46875000000000056,0.0,0.0,0.0
n1024_m480_s0.080816_seed1.h5,480,0.08081632653061224,1,1024,480,1.0,479.9495775748437,0.9998949532809244,0.9998949532809244,0.0001050467190756299,0.010289567019288882,0.00010504671907683625,1.0278361803521432,0.46875000000000056,0.0,0.0,0.0
n1024_m480_s0.101020_seed0.h5,480,0.1010204081632653,0,1024,480,1.0,479.9448286091356,0.9998850596023658,0.9998850596023658,0.00011494039763415564,0.01085010111521513,0.00011494039763535527,1.0333569842883912,0.46875000000000056,0.0,0.0,0.0
n1024_m480_s0.101020_seed1.h5,480,0.1010204081632653,1,1024,480,1.0,479.94465282915917,0.9998846933940816,0.9998846933940816,0.00011530660591840824,0.010878061510333187,0.00011530660591950238,1.0334707352450034,0.4687500000000005,0.0,0.0,0.0
n1024_m480_s0.121224_seed0.h5,480,0.12122448979591836,0,1024,480,1.0,479.93584547595674,0.9998663447415765,0.9998663447415765,0.0001336552584234596,0.011774146979852932,0.0001336552584246563,1.0390391463432727,0.46875000000000056,0.0,0.0,0.0
n1024_m480_s0.121224_seed1.h5,480,0.12122448979591836,1,1024,480,1.0,479.9351429265953,0.9998648810970735,0.9998648810970735,0.00013511890292650097,0.01183173317465519,0.00013511890292762879,1.0390320460413367,0.46875000000000056,0.0,0.0,0.0
n1024_m480_s0.141429_seed0.h5,480,0.14142857142857143,0,1024,480,1.0,479.9283385921444,0.9998507054003009,0.9998507054003009,0.00014929459969914571,0.012544166837870793,0.00014929459970031798,1.0450816771389955,0.46875000000000056,0.0,0.0,0.0
n1024_m480_s0.141429_seed1.h5,480,0.14142857142857143,1,1024,480,1.0,479.92900849277794,0.9998521010266207,0.9998521010266207,0.00014789897337930125,0.012481104888314713,0.00014789897338054203,1.0450327263006376,0.46875000000000056,0.0,0.0,0.0
n1024_m480_s0.161633_seed0.h5,480,0.16163265306122448,0,1024,480,1.0,479.9206948713181,0.9998347809819127,0.9998347809819127,0.00016521901808730366,0.013306404427521854,0.00016521901808835574,1.0514865122956263,0.4687500000000005,0.0,0.0,0.0
n1024_m480_s0.161633_seed1.h5,480,0.16163265306122448,1,1024,480,1.0,479.92063157972734,0.999834649124432,0.999834649124432,0.00016535087556801553,0.013309452028158846,0.00016535087556913933,1.0516027395424228,0.4687500000000005,0.0,0.0,0.0
n1024_m480_s0.181837_seed0.h5,480,0.18183673469387754,0,1024,480,1.0,479.9127098216268,0.9998181454617224,0.9998181454617224,0.00018185453827757048,0.014070735923294128,0.00018185453827881528,1.0584230153849106,0.46875000000000056,0.0,0.0,0.0
n1024_m480_s0.181837_seed1.h5,480,0.18183673469387754,1,1024,480,1.0,479.9130200412692,0.9998187917526441,0.9998187917526441,0.0001812082473559018,0.014045777154718551,0.00018120824735696022,1.0581911881721224,0.46875000000000056,0.0,0.0,0.0
n1024_m480_s0.202041_seed0.h5,480,0.2020408163265306,0,1024,480,1.0,479.9002167017534,0.9997921181286529,0.9997921181286529,0.00020788187134712643,0.015157088016443113,0.00020788187134825213,1.0659746478416423,0.46875000000000056,0.0,0.0,0.0
n1024_m480_s0.202041_seed1.h5,480,0.2020408163265306,1,1024,480,1.0,479.900743297243,0.9997932152025897,0.9997932152025897,0.00020678479741031985,0.015099229410370217,0.00020678479741140885,1.0655607045061855,0.4687500000000005,0.0,0.0,0.0
n1024_m480_s0.222245_seed0.h5,480,0.22224489795918367,0,1024,480,1.0,479.8901336240233,0.9997711117167152,0.9997711117167152,0.0002288882832848227,0.016052530164237987,0.00022888828328594915,1.0741512694049458,0.46875000000000056,0.0,0.0,0.0
n1024_m480_s0.222245_seed1.h5,480,0.22224489795918367,1,1024,480,1.0,479.88227760855807,0.9997547450178293,0.9997547450178293,0.00024525498217065067,0.01651004199975125,0.00024525498217180865,1.0741893487403456,0.46875000000000056,0.0,0.0,0.0
n1024_m480_s0.242449_seed0.h5,480,0.24244897959183673,0,1024,480,1.0,479.87528977576585,0.9997401870328455,0.9997401870328455,0.00025981296715449353,0.017253457179590693,0.0002598129671555151,1.0833682722713522,0.46875000000000044,0.0,0.0,0.0
n1024_m480_s0.242449_seed1.h5,480,0.24244897959183673,1,1024,480,1.0,479.8665393074334,0.9997219568904863,0.9997219568904863,0.000278043109513737,0.01776289558324532,0.00027804310951474846,1.0837320846146927,0.46875000000000044,0.0,0.0,0.0
n1024_m480_s0.262653_seed0.h5,480,0.2626530612244898,0,1024,480,1.0,479.8552974470804,0.9996985363480841,0.9996985363480841,0.00030146365191585645,0.018757501768563205,0.0003014636519168283,1.0938048537769665,0.46875000000000044,0.0,0.0,0.0
n1024_m480_s0.262653_seed1.h5,480,0.2626530612244898,1,1024,480,1.0,479.85058485243644,0.9996887184425759,0.9996887184425759,0.00031128155742410346,0.019003022813819614,0.00031128155742496773,1.0937595191977563,0.46875000000000044,0.0,0.0,0.0
n1024_m480_s0.282857_seed0.h5,480,0.28285714285714286,0,1024,480,1.0,479.83636129196384,0.9996590860249247,0.9996590860249247,0.0003409139750752965,0.020157707446823114,0.0003409139750762876,1.1048546134541732,0.46875000000000044,0.0,0.0,0.0
n1024_m480_s0.282857_seed1.h5,480,0.28285714285714286,1,1024,480,1.0,479.8335128483741,0.999653151767446,0.999653151767446,0.0003468482325540423,0.02028391845622398,0.00034684823255501027,1.1048974986319409,0.46875000000000044,0.0,0.0,0.0
n1024_m480_s0.303061_seed0.h5,480,0.3030612244897959,0,1024,480,1.0,479.8172756425338,0.9996193242552788,0.9996193242552788,0.0003806757447212261,0.021536253102204805,0.0003806757447223663,1.1169901962818254,0.46875000000000056,0.0,0.0,0.0
n1024_m480_s0.303061_seed1.h5,480,0.3030612244897959,1,1024,480,1.0,479.81415765194106,0.9996128284415439,0.9996128284415439,0.00038717155845613416,0.02169440034742008,0.00038717155845709584,1.1170816194198754,0.46875000000000044,0.0,0.0,0.0
n1024_m480_s0.323265_seed0.h5,480,0.32326530612244897,0,1024,480,1.0,479.7939117405476,0.9995706494594743,0.9995706494594743,0.0004293505405257303,0.02314884842795986,0.00042935054052677514,1.129841254893877,0.46875000000000044,0.0,0.0,0.0
n1024_m480_s0.323265_seed1.h5,480,0.32326530612244897,1,1024,480,1.0,479.79091181524564,0.999564399615095,0.999564399615095,0.0004356003849049772,0.023278892292250438,0.00043560038490574824,1.1300612932405194,0.4687500000000004,0.0,0.0,0.0
n1024_m480_s0.343469_seed0.h5,480,0.34346938775510205,0,1024,480,1.0,479.7668688338599,0.9995143100705415,0.9995143100705415,0.0004856899294585215,0.024928200305578484,0.00048568992945938807,1.144391002448333,0.4687500000000004,0.0,0.0,0.0
n1024_m480_s0.343469_seed1.h5,480,0.34346938775510205,1,1024,480,1.0,479.76063949929085,0.9995013322901892,0.9995013322901892,0.0004986677098107739,0.025189210357945482,0.000498667709811435,1.1442560619399582,0.46875000000000033,0.0,0.0,0.0
n1024_m480_s0.363673_seed0.h5,480,0.3636734693877551,0,1024,480,1.0,479.73793222149834,0.9994540254614549,0.9994540254614549,0.000545974538545102,0.02678114311963521,0.0005459745385459627,1.159490547282309,0.46875000000000044,0.0,0.0,0.0
n1024_m480_s0.363673_seed1.h5,480,0.3636734693877551,1,1024,480,1.0,479.7316122567863,0.9994408588683048,0.9994408588683048,0.0005591411316951955,0.027037481948598233,0.0005591411316960262,1.1598715457542024,0.4687500000000004,0.0,0.0,0.0
n1024_m480_s0.383878_seed0.h5,480,0.38387755102040816,0,1024,480,1.0,479.70537665623124,0.9993862013671484,0.9993862013671484,0.0006137986328516032,0.02881762638858892,0.000613798632852239,1.1769162284721915,0.46875000000000033,0.0,0.0,0.0
n1024_m480_s0.383878_seed1.h5,480,0.38387755102040816,1,1024,480,1.0,479.696513693023,0.9993677368604647,0.9993677368604647,0.0006322631395353495,0.029145336583383707,0.0006322631395361711,1.1768675614840218,0.4687500000000004,0.0,0.0,0.0
n1024_m480_s0.404082_seed0.h5,480,0.4040816326530612,0,1024,480,1.0,479.46454762198846,0.998884474212476,0.998884474212476,0.001115525787524052,0.041426550158335095,0.0011155257875247295,1.2439729174135306,0.46875000000000033,9.881086991834208e-07,0.0,0.0
n1024_m480_s0.404082_seed1.h5,480,0.4040816326530612,1,1024,480,1.0,479.49126053851796,0.9989401261219124,0.9989401261219124,0.0010598738780875916,0.0398916956262219,0.0010598738780881636,1.232857506769634,0.4687500000000002,1.0691550556797708e-06,0.0,0.0
n1024_m480_s0.424286_seed0.h5,480,0.42428571428571427,0,1024,480,1.0,479.42290594405495,0.9987977207167812,0.9987977207167812,0.00120227928321881,0.05079815503561271,0.0012022792832190655,1.5866741090557603,0.4687500000000001,0.0016278370142805787,4.750304570200483e-05,0.0
n1024_m480_s0.424286_seed1.h5,480,0.42428571428571427,1,1024,480,1.0,479.40887243679026,0.998768484243313,0.998768484243313,0.0012315157566870072,0.05082045447659705,0.0012315157566873897,1.5880942225050523,0.46875000000000017,0.0016959857718788199,0.0013649019466627547,0.0
n1024_m480_s0.444490_seed0.h5,480,0.44448979591836735,0,1024,480,1.0,479.4153416985646,0.9987819618720095,0.9987819618720095,0.001218038127990484,0.05419057025254386,0.001218038127990555,1.6830251881768898,0.46875000000000006,0.002134873907944629,0.002134873907944629,0.0
n1024_m480_s0.444490_seed1.h5,480,0.44448979591836735,1,1024,480,1.0,479.43270463935914,0.9988181346653315,0.9988181346653315,0.0011818653346684638,0.05361065697744327,0.0011818653346687823,1.6847785129992474,0.4687500000000001,0.002350862798365263,0.002350862798365263,0.0
n1024_m480_s0.464694_seed0.h5,480,0.4646938775510204,0,1024,480,1.0,479.4391838219017,0.9988316329622952,0.9988316329622952,0.0011683670377048427,0.05647577535661112,0.001168367037705295,1.7619948329384778,0.4687500000000002,0.002669660818261905,0.002669660818261905,0.0
n1024_m480_s0.464694_seed1.h5,480,0.4646938775510204,1,1024,480,1.0,479.438280065835,0.9988297501371562,0.9988297501371562,0.001170249862843753,0.05645645587840353,0.001170249862844202,1.7620699760521552,0.4687500000000002,0.002741393978861395,0.002741393978861395,0.0
n1024_m480_s0.484898_seed0.h5,480,0.48489795918367345,0,1024,480,1.0,479.40731417108327,0.9987652378564235,0.9987652378564235,0.00123476214357654,0.05957330068092127,0.001234762143576854,1.8244267776891931,0.46875000000000017,0.0027506497706584984,0.0027506497706584984,0.0
n1024_m480_s0.484898_seed1.h5,480,0.48489795918367345,1,1024,480,1.0,479.41121952654794,0.9987733740136415,0.9987733740136415,0.001226625986358476,0.05923885719735476,0.0012266259863587682,1.82439112092466,0.4687500000000001,0.0027682179402009057,0.0027682179402009057,0.0
n1024_m480_s0.505102_seed0.h5,480,0.5051020408163265,0,1024,480,1.0,479.38481665216386,0.9987183680253414,0.9987183680253414,0.0012816319746585814,0.06191566497853105,0.001281631974658871,1.8744479156480762,0.4687500000000001,0.0027269276445496854,0.0027269276445496854,0.0
n1024_m480_s0.505102_seed1.h5,480,0.5051020408163265,1,1024,480,1.0,479.3849010859849,0.9987185439291352,0.9987185439291352,0.0012814560708648282,0.06176586351265848,0.001281456070865108,1.8739971202620038,0.46875000000000017,0.0026974006916266257,0.0026974006916266257,0.0
n1024_m480_s0.525306_seed0.h5,480,0.5253061224489796,0,1024,480,1.0,479.36461603455245,0.9986762834053177,0.9986762834053177,0.0013237165946823337,0.06398922157051828,0.0013237165946827104,1.9136847863885966,0.4687500000000001,0.0026726100267165384,0.0026726100267165384,0.0
n1024_m480_s0.525306_seed1.h5,480,0.5253061224489796,1,1024,480,1.0,479.3650215372327,0.998677128202568,0.998677128202568,0.001322871797431957,0.06382818257840968,0.0013228717974322055,1.9134769836798462,0.46875000000000017,0.002652572116726686,0.002652572116726686,0.0
n1024_m480_s0.545510_seed0.h5,480,0.5455102040816326,0,1024,480,1.0,479.35534316767007,0.998656964932646,0.998656964932646,0.0013430350673540037,0.06533798591920155,0.001343035067354346,1.944882426721199,0.4687500000000001,0.0026348829664048622,0.0026348829664048622,0.0002722163404811562
n1024_m480_s0.545510_seed1.h5,480,0.5455102040816326,1,1024,480,1.0,479.35330791398883,0.99865272482081,0.99865272482081,0.0013472751791899773,0.06539338854663437,0.00134727517919032,1.9447521166022217,0.4687500000000002,0.002630883249242823,0.002630883249242823,0.000607507103323557
n1024_m480_s0.565714_seed0.h5,480,0.5657142857142857,0,1024,480,1.0,479.34494889341295,0.9986353101946103,0.9986353101946103,0.0013646898053897294,0.0665651851909413,0.001364689805390087,1.9700601615788715,0.4687500000000002,0.0026172329431065383,0.0026172329431065383,0.0008837841688019485
n1024_m480_s0.565714_seed1.h5,480,0.5657142857142857,1,1024,480,1.0,479.3523038653657,0.9986506330528452,0.9986506330528452,0.0013493669471548175,0.06641659909815795,0.001349366947155211,1.9698849326728194,0.4687500000000002,0.0026015215529769328,0.0026015215529769328,0.0010007015689222883
n1024_m480_s0.585918_seed0.h5,480,0.5859183673469388,0,1024,480,1.0,479.3410497456789,0.9986271869701644,0.9986271869701644,0.0013728130298356067,0.06741767780824044,0.0013728130298360894,1.9898278717098987,0.4687500000000002,0.0026083587850191893,0.0026083587850191893,0.0011685160575483132
n1024_m480_s0.585918_seed1.h5,480,0.5859183673469388,1,1024,480,1.0,479.3529180092737,0.9986519125193202,0.9986519125193202,0.001348087480679827,0.06714745715413278,0.0013480874806802174,1.9897227122574543,0.4687500000000002,0.002586702351990282,0.002586702351990282,0.0009444781968756182
n1024_m480_s0.606122_seed0.h5,480,0.6061224489795918,0,1024,480,1.0,479.3408206733875,0.9986267097362239,0.9986267097362239,0.0013732902637760835,0.06829735819256412,0.0013732902637765448,2.0061324334532977,0.4687500000000002,0.002594160571536235,0.002583948216906356,0.0009205132260537523
n1024_m480_s0.606122_seed1.h5,480,0.6061224489795918,1,1024,480,1.0,479.3455933299847,0.9986366527708015,0.9986366527708015,0.0013633472291985083,0.06816987007843897,0.0013633472291988686,2.0056362196694293,0.46875000000000017,0.0025947177577118428,0.002586227440841562,0.0008910242073479924
n1024_m480_s0.626327_seed0.h5,480,0.6263265306122449,0,1024,480,1.0,479.3600012124516,0.9986666691926075,0.9986666691926075,0.0013333308073925076,0.0689342638374686,0.0013333308073929643,2.0191075078016008,0.4687500000000002,0.0025922264145155733,0.0019074787298088002,0.0007861725147252375
n1024_m480_s0.626327_seed1.h5,480,0.6263265306122449,1,1024,480,1.0,479.37628497718833,0.9987005937024757,0.9987005937024757,0.0012994062975243414,0.06862031932665132,0.0012994062975247597,2.0185681833415585,0.4687500000000002,0.002574636914585628,0.001928446622928227,0.00018427647870996073
n1024_m480_s0.646531_seed0.h5,480,0.6465306122448979,0,1024,480,1.0,479.37737126019783,0.9987028567920788,0.9987028567920788,0.0012971432079211809,0.06986356232165375,0.00129714320792146,2.0294866432164245,0.46875000000000017,0.002589271924951626,0.001338231395639859,0.0
n1024_m480_s0.646531_seed1.h5,480,0.6465306122448979,1,1024,480,1.0,479.4432911747135,0.9988401899473198,0.9988401899473198,0.001159810052680177,0.06893865324614884,0.001159810052680476,2.029925354262377,0.4687500000000001,0.0,0.0,0.0
n1024_m480_s0.666735_seed0.h5,480,0.666734693877551,0,1024,480,1.0,479.42731549055316,0.9988069072719857,0.9988069072719857,0.0011930927280142667,0.07032295721359301,0.0011930927280146481,2.0400249098890835,0.46875000000000017,0.0,0.0,0.0
n1024_m480_s0.666735_seed1.h5,480,0.666734693877551,1,1024,480,1.0,479.43160084751435,0.9988158350989882,0.9988158350989882,0.0011841649010118083,0.07005890769600481,0.0011841649010122693,2.0401207192913513,0.4687500000000002,0.0,0.0,0.0
n1024_m480_s0.686939_seed0.h5,480,0.6869387755102041,0,1024,480,1.0,479.4133251416497,0.9987777607117702,0.9987777607117702,0.0012222392882298427,0.07143160222170761,0.0012222392882303282,2.0474707119916253,0.4687500000000002,0.0,0.0,0.0
n1024_m480_s0.686939_seed1.h5,480,0.6869387755102041,1,1024,480,1.0,479.4098017043434,0.998770420217382,0.998770420217382,0.001229579782617951,0.07165621081653838,0.001229579782618175,2.0477880241930615,0.4687500000000001,0.0,0.0,0.0
n1024_m480_s0.707143_seed0.h5,480,0.7071428571428571,0,1024,480,1.0,479.39088361826725,0.9987310075380568,0.9987310075380568,0.0012689924619432302,0.0730005045233728,0.0012689924619438625,2.0537787932593043,0.46875000000000033,0.0,0.0,0.0
n1024_m480_s0.707143_seed1.h5,480,0.7071428571428571,1,1024,480,1.0,479.39140907651745,0.9987321022427447,0.9987321022427447,0.0012678977572553318,0.07297691595151584,0.0012678977572558067,2.053557965820611,0.4687500000000002,0.0,0.0,0.0
n1024_m480_s0.727347_seed0.h5,480,0.7273469387755102,0,1024,480,1.0,479.34536013845354,0.9986361669551116,0.9986361669551116,0.0013638330448884073,0.07612382972124535,0.0013638330448887807,2.064143428759206,0.4687500000000001,0.0,0.0,0.0
n1024_m480_s0.727347_seed1.h5,480,0.7273469387755102,1,1024,480,1.0,479.3386280883569,0.9986221418507436,0.9986221418507436,0.0013778581492563946,0.07685546738125286,0.0013778581492568283,2.0729644645909153,0.4687500000000002,0.0,0.0,0.0
n1024_m480_s0.747551_seed0.h5,480,0.7475510204081632,0,1024,480,1.0,479.19948537740856,0.9983322612029345,0.9983322612029345,0.0016677387970654989,0.08804293572070439,0.0016677387970659772,2.153489459677912,0.4687500000000002,0.0,0.0,0.0
n1024_m480_s0.747551_seed1.h5,480,0.7475510204081632,1,1024,480,1.0,479.19994106004015,0.9983332105417503,0.9983332105417503,0.0016667894582497178,0.08816426669417214,0.0016667894582502519,2.1575077534496185,0.4687500000000003,0.0,0.0,0.0
n1024_m480_s0.767755_seed0.h5,480,0.7677551020408163,0,1024,480,1.0,479.0284497789107,0.9979759370393974,0.9979759370393974,0.002024062960602646,0.1022560728127126,0.002024062960603246,2.274117926773635,0.4687500000000003,0.0,0.0,0.0
n1024_m480_s0.767755_seed1.h5,480,0.7677551020408163,1,1024,480,1.0,479.03963878331706,0.9979992474652438,0.9979992474652438,0.0020007525347561783,0.10119027455570423,0.0020007525347567378,2.2567606311740374,0.4687500000000003,0.0,0.0,0.0
n1024_m480_s0.787959_seed0.h5,480,0.7879591836734694,0,1024,480,1.0,478.97117561101913,0.9978566158562898,0.9978566158562898,0.002143384143710181,0.10690209428412768,0.0021433841437107043,2.307726958524896,0.4687500000000003,0.0,0.0,0.0
n1024_m480_s0.787959_seed1.h5,480,0.7879591836734694,1,1024,480,1.0,478.9570838212967,0.9978272579610348,0.9978272579610348,0.0021727420389652252,0.1073480793340693,0.0021727420389657656,2.298810737743762,0.4687500000000003,0.0,0.0,0.0
n1024_m480_s0.808163_seed0.h5,480,0.8081632653061224,0,1024,480,1.0,478.91324377059937,0.997735924522082,0.997735924522082,0.0022640754779179595,0.11119385119111416,0.0022640754779187883,2.334771405122864,0.4687500000000004,0.0,0.0,0.0
n1024_m480_s0.808163_seed1.h5,480,0.8081632653061224,1,1024,480,1.0,478.9159606695175,0.9977415847281615,0.9977415847281615,0.0022584152718384543,0.11092514335215188,0.0022584152718391833,2.3303168537988355,0.46875000000000033,0.0,0.0,0.0
n1024_m480_s0.828367_seed0.h5,480,0.8283673469387755,0,1024,480,1.0,478.84343987703323,0.9975904997438192,0.9975904997438192,0.0024095002561808077,0.11570997541465765,0.002409500256181395,2.352803548255316,0.46875000000000033,0.0,0.0,0.0
n1024_m480_s0.828367_seed1.h5,480,0.8283673469387755,1,1024,480,1.0,478.8554045557976,0.9976154261579117,0.9976154261579117,0.0023845738420883444,0.11515908381241562,0.002384573842089069,2.354505605223335,0.46875000000000033,0.0,0.0,0.0
n1024_m480_s0.848571_seed0.h5,480,0.8485714285714285,0,1024,480,1.0,478.76943346858025,0.9974363197262088,0.9974363197262088,0.002563680273791169,0.1203440181243656,0.0025636802737919267,2.37088821661942,0.46875000000000033,0.0,0.0,0.0
n1024_m480_s0.848571_seed1.h5,480,0.8485714285714285,1,1024,480,1.0,478.7768556177616,0.9974517825370034,0.9974517825370034,0.002548217462996605,0.12012747280395175,0.002548217462997335,2.3766567590574836,0.46875000000000033,0.0,0.0,0.0
n1024_m480_s0.868776_seed0.h5,480,0.8687755102040816,0,1024,480,1.0,478.67976385354996,0.9972495080282291,0.9972495080282291,0.0027504919717709075,0.1256781637761463,0.0027504919717716817,2.38987377931362,0.46875000000000033,0.0,0.0,0.0
n1024_m480_s0.868776_seed1.h5,480,0.8687755102040816,1,1024,480,1.0,478.6903596818447,0.9972715826705099,0.9972715826705099,0.0027284173294901404,0.12516187996540462,0.0027284173294907224,2.3930286806204837,0.4687500000000003,0.0,0.0,0.0
n1024_m480_s0.888980_seed0.h5,480,0.8889795918367347,0,1024,480,1.0,478.5816805064678,0.997045167721808,0.997045167721808,0.0029548322781920433,0.1307206670354534,0.0029548322781927415,2.4092583328713992,0.46875000000000033,0.0,0.0,0.0
n1024_m480_s0.888980_seed1.h5,480,0.8889795918367347,1,1024,480,1.0,478.5784960091114,0.9970385333523154,0.9970385333523154,0.0029614666476845963,0.13090385461727502,0.0029614666476852946,2.4094804472948037,0.46875000000000033,0.0,0.0,0.0
n1024_m480_s0.909184_seed0.h5,480,0.9091836734693878,0,1024,480,1.0,478.45133608579636,0.9967736168454091,0.9967736168454091,0.003226383154590895,0.1369478199936937,0.0032263831545915633,2.417593910841559,0.4687500000000003,0.0,0.0,0.0
n1024_m480_s0.909184_seed1.h5,480,0.9091836734693878,1,1024,480,1.0,478.4412330389023,0.9967525688310465,0.9967525688310465,0.0032474311689535407,0.13738184956782964,0.003247431168954343,2.4167171454121994,0.46875000000000033,0.0,0.0,0.0
n1024_m480_s0.929388_seed0.h5,480,0.9293877551020407,0,1024,480,1.0,478.2445864081383,0.9963428883502881,0.9963428883502881,0.0036571116497119416,0.14573956225986953,0.003657111649712596,2.4179735592845324,0.46875000000000033,0.0,0.0,0.0
n1024_m480_s0.929388_seed1.h5,480,0.9293877551020407,1,1024,480,1.0,478.26978892087936,0.9963953935851654,0.9963953935851654,0.0036046064148346213,0.14474203787262205,0.0036046064148353486,2.417685472048415,0.46875000000000033,0.0,0.0,0.0
n1024_m480_s0.949592_seed0.h5,480,0.9495918367346938,0,1024,480,1.0,477.94197592139244,0.9957124498362343,0.9957124498362343,0.0042875501637656965,0.15713948251440477,0.0042875501637665405,2.4086081817914415,0.4687500000000004,0.0,0.0,0.0
n1024_m480_s0.949592_seed1.h5,480,0.9495918367346938,1,1024,480,1.0,477.98016208410263,0.9957920043418805,0.9957920043418805,0.004207995658119468,0.15570930097002916,0.004207995658120246,2.408508796540134,0.46875000000000033,0.0,0.0,0.0
n1024_m480_s0.969796_seed0.h5,480,0.9697959183673469,0,1024,480,1.0,477.4976969063282,0.9947868685548504,0.9947868685548504,0.005213131445149566,0.17153396910191943,0.005213131445150418,2.3856101994655825,0.4687500000000004,0.0,0.0,0.0
n1024_m480_s0.969796_seed1.h5,480,0.9697959183673469,1,1024,480,1.0,477.48727825284004,0.9947651630267501,0.9947651630267501,0.00523483697324989,0.17186934406076979,0.005234836973250669,2.385447298519368,0.46875000000000033,0.0,0.0,0.0
n1024_m480_s0.990000_seed0.h5,480,0.99,0,1024,480,1.0,476.73838755488396,0.9932049740726749,0.9932049740726749,0.00679502592732506,0.19093068838107127,0.006795025927325648,2.3276339343448105,0.4687500000000002,0.0,0.0,0.0
n1024_m480_s0.990000_seed1.h5,480,0.99,1,1024,480,1.0,476.6426203250885,0.993005459010601,0.993005459010601,0.006994540989399001,0.19370735361477298,0.006994540989399875,2.3282132872046866,0.46875000000000044,0.0019769621638429944,0.0,0.0
n1024_m48_s0.000000_seed0.h5,48,0.0,0,1024,48,1.0,47.99843870587938,0.9999674730391538,0.9999674730391538,3.252696084621309e-05,0.005471118479564959,3.2526960846491876e-05,1.0005616712172207,0.046875000000000014,0.0,0.0,0.0
n1024_m48_s0.000000_seed1.h5,48,0.0,1,1024,48,1.0,47.99827763633948,0.9999641174237391,0.9999641174237391,3.5882576260859445e-05,0.0057492693907455,3.5882576260934e-05,1.0003450468343629,0.04687500000000001,0.0,0.0,0.0
n1024_m48_s0.020204_seed0.h5,48,0.02020408163265306,0,1024,48,1.0,47.99807942254847,0.9999599879697598,0.9999599879697598,4.001203024017741e-05,0.006100520947463627,4.001203024053258e-05,1.000483286705229,0.046875000000000014,0.0,0.0,0.0
n1024_m48_s0.020204_seed1.h5,48,0.02020408163265306,1,1024,48,1.0,47.99791773330071,0.9999566194437648,0.9999566194437648,4.3380556235206313e-05,0.006334438385233508,4.338055623542773e-05,1.0003697194514511,0.046875000000000014,0.0,0.0,0.0
n1024_m48_s0.040408_seed0.h5,48,0.04040816326530612,0,1024,48,1.0,47.99774832489493,0.9999530901019776,0.9999530901019776,4.690989802236256e-05,0.006594629765021886,4.690989802244349e-05,1.0009203703920577,0.046875,0.0,0.0,0.0
n1024_m48_s0.040408_seed1.h5,48,0.04040816326530612,1,1024,48,1.0,47.99767281615641,0.9999515170032586,0.9999515170032586,4.8482996741427975e-05,0.006734225055175556,4.848299674122596e-05,1.000630040748971,0.04687499999999999,0.0,0.0,0.0
n1024_m48_s0.060612_seed0.h5,48,0.06061224489795918,0,1024,48,1.0,47.99728577966016,0.99994345374292,0.99994345374292,5.6546257079959084e-05,0.007256519950477279,5.654625708032584e-05,1.0008140905107485,0.046875000000000014,0.0,0.0,0.0
n1024_m48_s0.060612_seed1.h5,48,0.06061224489795918,1,1024,48,1.0,47.99777452505805,0.9999536359387093,0.9999536359387093,4.6364061290660175e-05,0.006570461515485657,4.636406129089877e-05,1.0011059224911323,0.046875000000000014,0.0,0.0,0.0
n1024_m48_s0.080816_seed0.h5,48,0.08081632653061224,0,1024,48,1.0,47.996952978784975,0.9999365203913536,0.9999365203913536,6.347960864638846e-05,0.007690974549709056,6.347960864635525e-05,1.0013600323431289,0.046875,0.0,0.0,0.0
n1024_m48_s0.080816_seed1.h5,48,0.08081632653061224,1,1024,48,1.0,47.997365695104236,0.999945118648005,0.999945118648005,5.488135199505084e-05,0.007148731938320311,5.4881351995065066e-05,1.001231155921536,0.046875,0.0,0.0,0.0
n1024_m48_s0.101020_seed0.h5,48,0.1010204081632653,0,1024,48,1.0,47.99639877836307,0.9999249745492307,0.9999249745492307,7.50254507693171e-05,0.008342794266411028,7.50254507697213e-05,1.0014484728894741,0.046875000000000014,0.0,0.0,0.0
n1024_m48_s0.101020_seed1.h5,48,0.1010204081632653,1,1024,48,1.0,47.996627608066774,0.9999297418347245,0.9999297418347245,7.025816527550521e-05,0.008085725474438536,7.025816527595021e-05,1.001220640464782,0.04687500000000002,0.0,0.0,0.0
n1024_m48_s0.121224_seed0.h5,48,0.12122448979591836,0,1024,48,1.0,47.99567040239344,0.9999098000498634,0.9999098000498634,9.019995013659354e-05,0.00913372323807906,9.01999501367239e-05,1.0015292120423913,0.046875,0.0,0.0,0.0
n1024_m48_s0.121224_seed1.h5,48,0.12122448979591836,1,1024,48,1.0,47.99605531564521,0.9999178190759418,0.9999178190759418,8.21809240582061e-05,0.008724188459640677,8.21809240581886e-05,1.0014667020005665,0.046875,0.0,0.0,0.0
n1024_m48_s0.141429_seed0.h5,48,0.14142857142857143,0,1024,48,1.0,47.99506883956201,0.9998972674908752,0.9998972674908752,0.00010273250912484766,0.009722885747981956,0.00010273250912516854,1.0018116001369461,0.04687500000000002,0.0,0.0,0.0
n1024_m48_s0.141429_seed1.h5,48,0.14142857142857143,1,1024,48,1.0,47.9953955093406,0.9999040731112624,0.9999040731112624,9.592688873760746e-05,0.009397612581722857,9.59268887377426e-05,1.0018010563697117,0.046875000000000014,0.0,0.0,0.0
n1024_m48_s0.161633_seed0.h5,48,0.16163265306122448,0,1024,48,1.0,47.994229330353846,0.9998797777157051,0.9998797777157051,0.00012022228429486859,0.010491311308436559,0.0001202222842949267,1.0018829753255296,0.046875,0.0,0.0,0.0
n1024_m48_s0.161633_seed1.h5,48,0.16163265306122448,1,1024,48,1.0,47.994764904615295,0.9998909355128186,0.9998909355128186,0.00010906448718139838,0.009989480008451087,0.00010906448718180839,1.0019958821456765,0.04687500000000003,0.0,0.0,0.0
n1024_m48_s0.181837_seed0.h5,48,0.18183673469387754,0,1024,48,1.0,47.99350475295796,0.9998646823532908,0.9998646823532908,0.00013531764670915436,0.011100912569685784,0.0001353176467092055,1.0022180161452365,0.046875,0.0,0.0,0.0
n1024_m48_s0.181837_seed1.h5,48,0.18183673469387754,1,1024,48,1.0,47.994084695819765,0.9998767644962451,0.9998767644962451,0.00012323550375492598,0.010620261225094374,0.00012323550375490812,1.0020000716603532,0.046875,0.0,0.0,0.0
n1024_m48_s0.202041_seed0.h5,48,0.2020408163265306,0,1024,48,1.0,47.992477694344416,0.999843285298842,0.999843285298842,0.00015671470115796726,0.011924684464483205,0.00015671470115834348,1.0022750549331765,0.046875000000000014,0.0,0.0,0.0
n1024_m48_s0.202041_seed1.h5,48,0.2020408163265306,1,1024,48,1.0,47.99337225417548,0.9998619219619892,0.9998619219619892,0.00013807803801080265,0.011204731053382,0.00013807803801100187,1.0022951432183103,0.046875000000000014,0.0,0.0,0.0
n1024_m48_s0.222245_seed0.h5,48,0.22224489795918367,0,1024,48,1.0,47.99138376901101,0.9998204951877293,0.9998204951877293,0.00017950481227069215,0.01270603009830223,0.0001795048122706542,1.0024309581975468,0.046875,0.0,0.0,0.0
n1024_m48_s0.222245_seed1.h5,48,0.22224489795918367,1,1024,48,1.0,47.992684097232996,0.9998475853590207,0.9998475853590207,0.00015241464097925927,0.011751283244144196,0.00015241464097941578,1.0025705964041645,0.04687500000000001,0.0,0.0,0.0
n1024_m48_s0.242449_seed0.h5,48,0.24244897959183673,0,1024,48,1.0,47.99041419749847,0.9998002957812181,0.9998002957812181,0.00019970421878190425,0.013366331513761915,0.0001997042187822297,1.0027145088006393,0.046875000000000014,0.0,0.0,0.0
n1024_m48_s0.242449_seed1.h5,48,0.24244897959183673,1,1024,48,1.0,47.99209380924731,0.9998352876926523,0.9998352876926523,0.00016471230734771414,0.012206164296495256,0.00016471230734791962,1.002779381568188,0.046875000000000014,0.0,0.0,0.0
n1024_m48_s0.262653_seed0.h5,48,0.2626530612244898,0,1024,48,1.0,47.989643323897326,0.9997842359145276,0.9997842359145276,0.0002157640854724141,0.0138452609897945,0.00021576408547232758,1.0029672765324797,0.046875,0.0,0.0,0.0
n1024_m48_s0.262653_seed1.h5,48,0.2626530612244898,1,1024,48,1.0,47.99120451841736,0.9998167608003617,0.9998167608003617,0.00018323919963825208,0.012828963795168936,0.00018323919963817483,1.0030948700333624,0.04687499999999999,0.0,0.0,0.0
n1024_m48_s0.282857_seed0.h5,48,0.28285714285714286,0,1024,48,1.0,47.989055483318225,0.9997719892357964,0.9997719892357964,0.00022801076420364552,0.014231085500632276,0.00022801076420369304,1.0032493859481626,0.046875,0.0,0.0,0.0
n1024_m48_s0.282857_seed1.h5,48,0.28285714285714286,1,1024,48,1.0,47.9902917488871,0.9997977447684813,0.9997977447684813,0.00020225523151873315,0.013437500906319516,0.00020225523151896799,1.0032401635016457,0.046875000000000014,0.0,0.0,0.0
n1024_m48_s0.303061_seed0.h5,48,0.3030612244897959,0,1024,48,1.0,47.988370304323325,0.9997577146734026,0.9997577146734026,0.00024228532659742452,0.01464000290093556,0.00024228532659752066,1.0034158799861528,0.046875,0.0,0.0,0.0
n1024_m48_s0.303061_seed1.h5,48,0.3030612244897959,1,1024,48,1.0,47.98945320874191,0.9997802751821231,0.9997802751821231,0.00021972481787690956,0.013973982756369116,0.0002197248178768871,1.0034725366742954,0.046875,0.0,0.0,0.0
n1024_m48_s0.323265_seed0.h5,48,0.32326530612244897,0,1024,48,1.0,47.98744570092822,0.9997384521026712,0.9997384521026712,0.00026154789732879546,0.01516460576312708,0.00026154789732895566,1.003670489466953,0.04687500000000001,0.0,0.0,0.0
n1024_m48_s0.323265_seed1.h5,48,0.32326530612244897,1,1024,48,1.0,47.98848418403941,0.9997600871674877,0.9997600871674877,0.00023991283251234563,0.014578296413023896,0.00023991283251248964,1.0036704391963391,0.04687500000000001,0.0,0.0,0.0
n1024_m48_s0.343469_seed0.h5,48,0.34346938775510205,0,1024,48,1.0,47.984012666143826,0.999666930544663,0.999666930544663,0.000333069455336954,0.017212595800500278,0.00033306945533701095,1.0055457690574487,0.046875,0.0,0.0,0.0
n1024_m48_s0.343469_seed1.h5,48,0.34346938775510205,1,1024,48,1.0,47.982400081258675,0.9996333350262224,0.9996333350262224,0.0003666649737775751,0.01827314179823071,0.0003666649737777474,1.0075221567618662,0.04687500000000001,0.0,0.0,0.0
n1024_m48_s0.363673_seed0.h5,48,0.3636734693877551,0,1024,48,1.0,47.98275496853603,0.9996407285111673,0.9996407285111673,0.0003592714888327464,0.01785220084514533,0.00035927148883307995,1.0059781069911293,0.046875000000000014,0.0,0.0,0.0
n1024_m48_s0.363673_seed1.h5,48,0.3636734693877551,1,1024,48,1.0,47.97016723953129,0.9993784841569019,0.9993784841569019,0.0006215158430981083,0.024193748921311202,0.0006215158430979373,1.015263656204237,0.04687499999999999,0.0,0.0,0.0
n1024_m48_s0.383878_seed0.h5,48,0.38387755102040816,0,1024,48,1.0,47.962109171028715,0.9992106077297649,0.9992106077297649,0.0007893922702351119,0.027244360202211153,0.0007893922702350133,1.019912218009258,0.04687499999999999,0.0,0.0,0.0
n1024_m48_s0.383878_seed1.h5,48,0.38387755102040816,1,1024,48,1.0,47.96311536354915,0.9992315700739406,0.9992315700739406,0.0007684299260594107,0.027107505706590238,0.0007684299260591915,1.020006539205036,0.04687499999999999,0.0,0.0,0.0
n1024_m48_s0.404082_seed0.h5,48,0.4040816326530612,0,1024,48,1.0,47.9361004880775,0.9986687601682812,0.9986687601682812,0.001331239831718789,0.03541892781277475,0.0013312398317190113,1.042656748648728,0.046875000000000014,3.385578064114846e-05,0.0,0.0
n1024_m48_s0.404082_seed1.h5,48,0.4040816326530612,1,1024,48,1.0,47.94338331394829,0.998820485707256,0.998820485707256,0.0011795142927439883,0.0335640658591062,0.0011795142927443856,1.033525606759131,0.04687500000000002,0.0,0.0,0.0
n1024_m48_s0.424286_seed0.h5,48,0.42428571428571427,0,1024,48,1.0,47.907744632706454,0.9980780131813844,0.9980780131813844,0.0019219868186155509,0.044964976435708105,0.0019219868186157645,1.0937835773994269,0.046875000000000014,0.00040588603065036245,7.1594688318082566e-06,0.0
n1024_m48_s0.424286_seed1.h5,48,0.42428571428571427,1,1024,48,1.0,47.904574236315966,0.9980119632565826,0.9980119632565826,0.0019880367434174095,0.04680437240536702,0.001988036743417356,1.112592813290441,0.046875,0.0004642367234310996,2.4825912085569388e-05,0.0
n1024_m48_s0.444490_seed0.h5,48,0.44448979591836735,0,1024,48,1.0,47.869931289722444,0.9972902352025509,0.9972902352025509,0.00270976479744911,0.055666737871593076,0.002709764797449145,1.1961825701584516,0.046875,0.002342978121526291,0.00030143531367145493,0.0
n1024_m48_s0.444490_seed1.h5,48,0.44448979591836735,1,1024,48,1.0,47.870750011912605,0.9973072919148459,0.9973072919148459,0.002692708085154094,0.05603365067197896,0.002692708085154203,1.189611090562773,0.046875,0.0021751246520196996,0.0003041702806980238,0.0
n1024_m48_s0.464694_seed0.h5,48,0.4646938775510204,0,1024,48,1.0,47.84022308598651,0.9966713142913856,0.9966713142913856,0.003328685708614443,0.06170200925057623,0.003328685708614452,1.2959741334700585,0.046875,0.019497252210970675,0.000391992873950187,1.624555861246085e-05
n1024_m48_s0.464694_seed1.h5,48,0.4646938775510204,1,1024,48,1.0,47.84606455403991,0.9967930115424982,0.9967930115424982,0.0032069884575017804,0.06120148587322915,0.003206988457501993,1.2899142452146128,0.04687500000000001,0.012330989496410148,0.00042000116701500093,2.22291572155078e-05
n1024_m48_s0.484898_seed0.h5,48,0.48489795918367345,0,1024,48,1.0,47.81911149010557,0.9962314893771994,0.9962314893771994,0.0037685106228005916,0.06565348284740413,0.0037685106228007247,1.4066393577812137,0.04687500000000001,0.07869652403237719,0.0003814148245064821,0.00029622224416044366
n1024_m48_s0.484898_seed1.h5,48,0.48489795918367345,1,1024,48,1.0,47.814996732042346,0.9961457652508822,0.9961457652508822,0.0038542347491178353,0.06501157202496195,0.0038542347491178006,1.3844425605479547,0.046875,0.08168718223799448,0.0004104836299762837,0.0002690115852323368
n1024_m48_s0.505102_seed0.h5,48,0.5051020408163265,0,1024,48,1.0,47.80166125924734,0.9958679429009862,0.9958679429009862,0.004132057099013764,0.06828616430144512,0.004132057099013789,1.4683647008609995,0.046875,0.13306973177952944,0.0003810952234745922,0.0003576631582079997
n1024_m48_s0.505102_seed1.h5,48,0.5051020408163265,1,1024,48,1.0,47.79774099984206,0.995786270830043,0.995786270830043,0.004213729169956992,0.06688503102254038,0.00421372916995709,1.4734720503383645,0.046875,0.16386051981198033,0.0003823637802027158,0.00035248157488780633
n1024_m48_s0.525306_seed0.h5,48,0.5253061224489796,0,1024,48,1.0,47.783090547454776,0.9954810530719745,0.9954810530719745,0.004518946928025458,0.06784496442129151,0.004518946928025855,1.5349040856729086,0.046875000000000014,0.21419595187531795,0.000373340673769217,0.0003703051593523872
n1024_m48_s0.525306_seed1.h5,48,0.5253061224489796,1,1024,48,1.0,47.77337238910695,0.9952785914397282,0.9952785914397282,0.0047214085602718114,0.06760596933078519,0.004721408560271658,1.5878779983281304,0.04687499999999999,0.24957143786317793,0.00045792598691850333,0.0003737440206058528
n1024_m48_s0.545510_seed0.h5,48,0.5455102040816326,0,1024,48,1.0,47.769541998663044,0.9951987916388134,0.9951987916388134,0.004801208361186582,0.06924281252149547,0.004801208361186734,1.6237909671121344,0.04687500000000001,0.2389067152324442,0.00034715080301894085,0.00034715080301894085
n1024_m48_s0.545510_seed1.h5,48,0.5455102040816326,1,1024,48,1.0,47.76247470315138,0.9950515563156538,0.9950515563156538,0.004948443684346215,0.06845361611636955,0.004948443684346278,1.6429699042375145,0.04687500000000001,0.25237074257644115,0.00037353869361228054,0.0003711333325331459
n1024_m48_s0.565714_seed0.h5,48,0.5657142857142857,0,1024,48,1.0,47.75413125184423,0.9948777344134214,0.9948777344134214,0.005122265586578578,0.06764954376193609,0.005122265586578849,1.7018124664984011,0.046875000000000014,0.24882919833491124,0.001382105355943083,0.00034666689485192615
n1024_m48_s0.565714_seed1.h5,48,0.5657142857142857,1,1024,48,1.0,47.74916893394402,0.9947743527905004,0.9947743527905004,0.005225647209499584,0.06698387138973097,0.005225647209499366,1.7223095955318526,0.04687499999999999,0.234054907159303,0.0014847358907362877,0.00035372685252503983
n1024_m48_s0.585918_seed0.h5,48,0.5859183673469388,0,1024,48,1.0,47.74213113471342,0.9946277319731962,0.9946277319731962,0.005372268026803795,0.06584674491863864,0.005372268026803833,1.7588479824466468,0.046875,0.22247417415342705,0.0052709964810011105,0.0003380926768517005
n1024_m48_s0.585918_seed1.h5,48,0.5859183673469388,1,1024,48,1.0,47.738720182387624,0.9945566704664088,0.9945566704664088,0.005443329533591168,0.06171935565319412,0.005443329533591308,1.8048248016072843,0.046875000000000014,0.17788905204224345,0.013363076750324785,0.00039422749897387207
n1024_m48_s0.606122_seed0.h5,48,0.6061224489795918,0,1024,48,1.0,47.72852908479399,0.9943443559332081,0.9943443559332081,0.005655644066791865,0.0643259151790407,0.0056556440667921105,1.8145231171396095,0.046875000000000014,0.19067701076326116,0.012804353068034032,0.00031179116801569604
n1024_m48_s0.606122_seed1.h5,48,0.6061224489795918,1,1024,48,1.0,47.73088379197725,0.9943934123328594,0.9943934123328594,0.005606587667140617,0.06392504465902198,0.005606587667140567,1.8153542282364723,0.046875,0.1910969960494976,0.012408655167038199,0.0003478948142813778
n1024_m48_s0.626327_seed0.h5,48,0.6263265306122449,0,1024,48,1.0,47.722966432003886,0.9942284673334143,0.9942284673334143,0.005771532666585699,0.05875222574305051,0.005771532666585881,1.890656663662539,0.04687500000000001,0.13132018558816436,0.039070656354617456,0.0013063121223613628
n1024_m48_s0.626327_seed1.h5,48,0.6263265306122449,1,1024,48,1.0,47.72579476998362,0.9942873910413255,0.9942873910413255,0.0057126089586745366,0.06080001737334734,0.0057126089586747595,1.8705060290265414,0.046875000000000014,0.15193594465239602,0.030260960822038885,0.0008644228149856341
n1024_m48_s0.646531_seed0.h5,48,0.6465306122448979,0,1024,48,1.0,47.74939519504551,0.9947790665634481,0.9947790665634481,0.005220933436551944,0.049537726431627724,0.005220933436551725,1.9661799797707145,0.046874999999999986,0.06945856417109482,0.050370015279877965,0.016031366486578876
n1024_m48_s0.646531_seed1.h5,48,0.6465306122448979,1,1024,48,1.0,47.734478864163975,0.9944683096700828,0.9944683096700828,0.005531690329917183,0.05270056152600652,0.005531690329917187,1.9463331241998951,0.046875,0.09007319085749059,0.0510146281420343,0.008731147905467604
n1024_m48_s0.666735_seed0.h5,48,0.666734693877551,0,1024,48,1.0,47.72733706027793,0.9943195220891236,0.9943195220891236,0.005680477910876447,0.05393465828146629,0.0056804779108764565,1.9575646834192801,0.046875,0.09042508538009227,0.05489033825974102,0.009130496020555113
n1024_m48_s0.666735_seed1.h5,48,0.666734693877551,1,1024,48,1.0,47.726394404460734,0.9942998834262653,0.9942998834262653,0.005700116573734704,0.054782578209062606,0.005700116573734464,1.9575173739555358,0.04687499999999999,0.08978113125388516,0.055768354700191515,0.008269980329175043
n1024_m48_s0.686939_seed0.h5,48,0.6869387755102041,0,1024,48,1.0,47.78954368465929,0.9956154934304019,0.9956154934304019,0.004384506569598101,0.04502099077346956,0.0043845065695981575,2.009595996566598,0.04687500000000001,0.04931500093273037,0.04216997676474358,0.01813968607192173
n1024_m48_s0.686939_seed1.h5,48,0.6869387755102041,1,1024,48,1.0,47.773088908616046,0.9952726855961677,0.9952726855961677,0.004727314403832339,0.04561534528815859,0.004727314403832262,2.009538574592896,0.04687499999999999,0.04920657285027341,0.04561545660258424,0.02127077489407812
n1024_m48_s0.707143_seed0.h5,48,0.7071428571428571,0,1024,48,1.0,47.852423418473336,0.9969254878848611,0.9969254878848611,0.003074512115138872,0.03829414850154788,0.0030745121151387125,2.0395910382531435,0.046875,0.028586602078195373,0.026399223096885003,0.0178979921671014
n1024_m48_s0.707143_seed1.h5,48,0.7071428571428571,1,1024,48,1.0,47.83467241428298,0.9965556752975621,0.9965556752975621,0.0034443247024379398,0.03850689151863462,0.0034443247024381445,2.0403120629901714,0.046875000000000014,0.028689975988326732,0.027947068981782636,0.022097534119024927
n1024_m48_s0.727347_seed0.h5,48,0.7273469387755102,0,1024,48,1.0,47.86790538068453,0.9972480287642611,0.9972480287642611,0.0027519712357388926,0.038129649543481386,0.0027519712357389845,2.0616046927897567,0.046875,0.028613597445713134,0.023330357647625272,0.014273986330435714
n1024_m48_s0.727347_seed1.h5,48,0.7273469387755102,1,1024,48,1.0,47.83630592304689,0.9965897067301436,0.9965897067301436,0.0034102932698564237,0.040528955019085856,0.00341029326985638,2.061266121151663,0.046875,0.028914543013258895,0.027711921812976714,0.021373898952688365
n1024_m48_s0.747551_seed0.h5,48,0.7475510204081632,0,1024,48,1.0,47.88172185883013,0.9975358720589611,0.9975358720589611,0.002464127941038896,0.03875692549620403,0.0024641279410389087,2.0862545383780446,0.046875,0.028604163746286788,0.02077310172370546,0.011457288647331332
n1024_m48_s0.747551_seed1.h5,48,0.7475510204081632,1,1024,48,1.0,47.86798661710054,0.9972497211895947,0.9972497211895947,0.002750278810405349,0.03939852670924034,0.0027502788104053336,2.0861840379746766,0.046875,0.02886858081449799,0.023715074173841024,0.013600865948921634
n1024_m48_s0.767755_seed0.h5,48,0.7677551020408163,0,1024,48,1.0,47.98928488726233,0.9997767684846318,0.9997767684846318,0.00022323151536818298,0.03291010630870298,0.00022323151536813654,2.294844450359261,0.046875,0.0,0.0,0.0
n1024_m48_s0.767755_seed1.h5,48,0.7677551020408163,1,1024,48,1.0,47.98686069177347,0.9997262644119473,0.9997262644119473,0.0002737355880526593,0.03683401481799681,0.0002737355880523329,2.343178458445259,0.046874999999999986,0.0,0.0,0.0
n1024_m48_s0.787959_seed0.h5,48,0.7879591836734694,0,1024,48,1.0,47.98608133565722,0.999710027826192,0.999710027826192,0.0002899721738079952,0.039921176324312684,0.0002899721738080201,2.4773590305154665,0.046875,0.0,0.0,0.0
n1024_m48_s0.787959_seed1.h5,48,0.7879591836734694,1,1024,48,1.0,47.98020522433944,0.9995876088404051,0.9995876088404051,0.0004123911595949048,0.0486772898632322,0.000412391159594695,2.5784180918531163,0.046874999999999986,0.0,0.0,0.0
n1024_m48_s0.808163_seed0.h5,48,0.8081632653061224,0,1024,48,1.0,47.98367932576366,0.9996599859534095,0.9996599859534095,0.0003400140465904533,0.04700227744915382,0.0003400140465901902,2.6911039846525227,0.046874999999999986,0.0,0.0,0.0
n1024_m48_s0.808163_seed1.h5,48,0.8081632653061224,1,1024,48,1.0,47.97965954604297,0.9995762405425618,0.9995762405425618,0.00042375945743822196,0.05403145161927922,0.00042375945743834134,2.7473691713157926,0.04687500000000001,0.0,0.0,0.0
n1024_m48_s0.828367_seed0.h5,48,0.8283673469387755,0,1024,48,1.0,47.98500399052864,0.9996875831360134,0.9996875831360134,0.00031241686398664203,0.05179769602631021,0.00031241686398668643,2.971216576821066,0.046875,0.0,0.0,0.0
n1024_m48_s0.828367_seed1.h5,48,0.8283673469387755,1,1024,48,1.0,47.97496829670126,0.9994785061812763,0.9994785061812763,0.0005214938187236839,0.06445164482037094,0.0005214938187238859,2.9541309523688186,0.04687500000000001,0.0,0.0,0.0
n1024_m48_s0.848571_seed0.h5,48,0.8485714285714285,0,1024,48,1.0,47.97561466417392,0.99949197217029,0.99949197217029,0.0005080278297100449,0.07320877068171695,0.0005080278297102872,3.302466962651348,0.046875000000000014,0.0,0.0,0.0
n1024_m48_s0.848571_seed1.h5,48,0.8485714285714285,1,1024,48,1.0,47.97465076598746,0.9994718909580721,0.9994718909580721,0.0005281090419279044,0.07438331722080328,0.0005281090419278131,3.271831279463154,0.046875,0.0,0.0,0.0
n1024_m48_s0.868776_seed0.h5,48,0.8687755102040816,0,1024,48,1.0,47.971161812674836,0.9993992044307257,0.9993992044307257,0.0006007955692742817,0.08911094841304547,0.0006007955692747724,3.6868705255873717,0.04687500000000002,0.0,0.0,0.0
n1024_m48_s0.868776_seed1.h5,48,0.8687755102040816,1,1024,48,1.0,47.972494439192815,0.9994269674831836,0.9994269674831836,0.0005730325168163963,0.0859545355818138,0.0005730325168166776,3.6459150070676176,0.046875000000000014,0.0,0.0,0.0
n1024_m48_s0.888980_seed0.h5,48,0.8889795918367347,0,1024,48,1.0,47.95690134477627,0.9991021113495057,0.9991021113495057,0.0008978886504943384,0.12049336431920442,0.0008978886504941114,4.079033168266725,0.046874999999999986,0.0,0.0,0.0
n1024_m48_s0.888980_seed1.h5,48,0.8889795918367347,1,1024,48,1.0,47.94708115143294,0.9988975239881862,0.9988975239881862,0.001102476011813791,0.13432852295597786,0.0011024760118137041,4.124152905998597,0.046875,0.0,0.0,0.0
n1024_m48_s0.909184_seed0.h5,48,0.9091836734693878,0,1024,48,1.0,47.96296805030215,0.9992285010479615,0.9992285010479615,0.0007714989520385407,0.1310964863563475,0.0007714989520382166,4.766884257881186,0.046874999999999986,0.0,0.0,0.0
n1024_m48_s0.909184_seed1.h5,48,0.9091836734693878,1,1024,48,1.0,47.96221357090326,0.9992127827271512,0.9992127827271512,0.0007872172728488058,0.13287421749289802,0.000787217272848501,4.791797861958261,0.04687499999999999,0.0,0.0,0.0
n1024_m48_s0.929388_seed0.h5,48,0.9293877551020407,0,1024,48,1.0,47.97113200135209,0.9993985833615019,0.9993985833615019,0.000601416638498109,0.13978973702806521,0.0006014166384982128,5.726187115961033,0.046875,0.0,0.0,0.0
n1024_m48_s0.929388_seed1.h5,48,0.9293877551020407,1,1024,48,1.0,47.969672094277485,0.9993681686307809,0.9993681686307809,0.0006318313692190713,0.1427959012250991,0.0006318313692187182,5.713450681948287,0.046874999999999986,0.0,0.0,0.0
n1024_m48_s0.949592_seed0.h5,48,0.9495918367346938,0,1024,48,1.0,47.97641544894759,0.9995086551864082,0.9995086551864082,0.0004913448135918097,0.15967384810659987,0.0004913448135921104,7.254265811788609,0.046875000000000014,0.0,0.0,0.0
n1024_m48_s0.949592_seed1.h5,48,0.9495918367346938,1,1024,48,1.0,47.97514587645128,0.9994822057594016,0.9994822057594016,0.0005177942405983904,0.1648556650982765,0.0005177942405981132,7.279535427753325,0.046874999999999986,0.0,0.0,0.0
n1024_m48_s0.969796_seed0.h5,48,0.9697959183673469,0,1024,48,1.0,47.978777481655015,0.9995578642011461,0.9995578642011461,0.0004421357988538821,0.2261106332938788,0.00044213579885408306,10.81052645614406,0.046875000000000014,0.0,0.0,0.0
n1024_m48_s0.969796_seed1.h5,48,0.9697959183673469,1,1024,48,1.0,47.979731778123096,0.9995777453775645,0.9995777453775645,0.0004222546224355028,0.22027523203698676,0.00042225462243541067,10.771262276169212,0.04687499999999999,0.0,0.0,0.0
n1024_m48_s0.990000_seed0.h5,48,0.99,0,1024,48,1.0,47.97590088272409,0.9994979350567519,0.9994979350567519,0.000502064943248115,0.5827805022459167,0.0005020649432486663,26.157505598942592,0.04687500000000003,0.0,0.0,0.0
n1024_m48_s0.990000_seed1.h5,48,0.99,1,1024,48,1.0,47.972402759158285,0.9994250574824642,0.9994250574824642,0.0005749425175357592,0.6202097103966155,0.000574942517535937,25.994412276272733,0.046875000000000014,0.0,0.0,0.0
n1024_m496_s0.000000_seed0.h5,496,0.0,0,1024,496,1.0,495.9524294112889,0.9999040915550179,0.9999040915550179,9.590844498208462e-05,0.009494157419674604,9.590844498330638e-05,1.0126919375433754,0.4843750000000006,0.0,0.0,0.0
n1024_m496_s0.000000_seed1.h5,496,0.0,1,1024,496,1.0,495.95060281304904,0.9999004088972763,0.9999004088972763,9.95911027237284e-05,0.009645335852883496,9.959110272514004e-05,1.012411753342088,0.48437500000000067,0.0,0.0,0.0
n1024_m496_s0.020204_seed0.h5,496,0.02020408163265306,0,1024,496,1.0,495.95175617259156,0.9999027342189346,0.9999027342189346,9.726578106539208e-05,0.009632206861114887,9.726578106669888e-05,1.016097317117833,0.4843750000000006,0.0,0.0,0.0
n1024_m496_s0.020204_seed1.h5,496,0.02020408163265306,1,1024,496,1.0,495.95281143530883,0.9999048617647356,0.9999048617647356,9.513823526441367e-05,0.009545076305854607,9.513823526582685e-05,1.015763285461512,0.48437500000000067,0.0,0.0,0.0
n1024_m496_s0.040408_seed0.h5,496,0.04040816326530612,0,1024,496,1.0,495.9550922264971,0.9999094601340667,0.9999094601340667,9.053986593332564e-05,0.009411946291057235,9.05398659346089e-05,1.0199989447124627,0.48437500000000067,0.0,0.0,0.0
n1024_m496_s0.040408_seed1.h5,496,0.04040816326530612,1,1024,496,1.0,495.9487456029601,0.999896664522097,0.999896664522097,0.00010333547790297715,0.009996636368100125,0.0001033354779043582,1.0196519615381323,0.48437500000000067,0.0,0.0,0.0
n1024_m496_s0.060612_seed0.h5,496,0.06061224489795918,0,1024,496,1.0,495.94845720053854,0.9998960830656018,0.9998960830656018,0.00010391693439815164,0.010137760373995209,0.00010391693439939789,1.0243172104245526,0.4843750000000006,0.0,0.0,0.0
n1024_m496_s0.060612_seed1.h5,496,0.06061224489795918,1,1024,496,1.0,495.94797928370826,0.9998951195236053,0.9998951195236053,0.00010488047639467535,0.010189907773238771,0.0001048804763959065,1.024012147294412,0.4843750000000006,0.0,0.0,0.0
n1024_m496_s0.080816_seed0.h5,496,0.08081632653061224,0,1024,496,1.0,495.94570830094017,0.9998905409293148,0.9998905409293148,0.00010945907068515837,0.010498179036239978,0.0001094590706864787,1.0288936738934595,0.48437500000000067,0.0,0.0,0.0
n1024_m496_s0.080816_seed1.h5,496,0.08081632653061224,1,1024,496,1.0,495.94663695968484,0.9998924132251711,0.9998924132251711,0.0001075867748289161,0.010416865286358035,0.00010758677483022024,1.0286411587488413,0.4843750000000006,0.0,0.0,0.0
n1024_m496_s0.101020_seed0.h5,496,0.1010204081632653,0,1024,496,1.0,495.94054583008983,0.9998801327219553,0.9998801327219553,0.0001198672780446941,0.011076280783090791,0.00011986727804592154,1.0340438166646775,0.48437500000000056,0.0,0.0,0.0
n1024_m496_s0.101020_seed1.h5,496,0.1010204081632653,1,1024,496,1.0,495.9421478128279,0.9998833625258627,0.9998833625258627,0.00011663747413726,0.010944109738444584,0.00011663747413859792,1.0339321591809985,0.4843750000000006,0.0,0.0,0.0
n1024_m496_s0.121224_seed0.h5,496,0.12122448979591836,0,1024,496,1.0,495.93370528324886,0.9998663412968727,0.9998663412968727,0.0001336587031273151,0.011784301230415507,0.00013365870312848655,1.0398048166124227,0.48437500000000056,0.0,0.0,0.0
n1024_m496_s0.121224_seed1.h5,496,0.12122448979591836,1,1024,496,1.0,495.93342518093414,0.999865776574464,0.999865776574464,0.00013422342553603972,0.011803230251499947,0.00013422342553720323,1.0396276288037176,0.48437500000000056,0.0,0.0,0.0
n1024_m496_s0.141429_seed0.h5,496,0.14142857142857143,0,1024,496,1.0,495.92541932710446,0.99984963574013,0.99984963574013,0.00015036425987002833,0.012604910716760549,0.00015036425987127855,1.0459745376582048,0.48437500000000056,0.0,0.0,0.0
n1024_m496_s0.141429_seed1.h5,496,0.14142857142857143,1,1024,496,1.0,495.92578634191887,0.9998503756893525,0.9998503756893525,0.00014962431064746706,0.012561910569114817,0.00014962431064862803,1.0457612994531646,0.48437500000000056,0.0,0.0,0.0
n1024_m496_s0.161633_seed0.h5,496,0.16163265306122448,0,1024,496,1.0,495.91532462011673,0.9998292835082999,0.9998292835082999,0.00017071649170008474,0.013529188801902821,0.00017071649170116103,1.052626980386625,0.48437500000000056,0.0,0.0,0.0
n1024_m496_s0.161633_seed1.h5,496,0.16163265306122448,1,1024,496,1.0,495.91792736914067,0.9998345309861707,0.9998345309861707,0.00016546901382930024,0.01333697435672542,0.0001654690138304411,1.0524143123055805,0.48437500000000056,0.0,0.0,0.0
n1024_m496_s0.181837_seed0.h5,496,0.18183673469387754,0,1024,496,1.0,495.9049360595818,0.999808338829802,0.999808338829802,0.00019166117019797646,0.014466131755568084,0.00019166117019905172,1.0602175856569225,0.48437500000000056,0.0,0.0,0.0
n1024_m496_s0.181837_seed1.h5,496,0.18183673469387754,1,1024,496,1.0,495.90689550573006,0.9998122893260687,0.9998122893260687,0.00018771067393130725,0.014318463191716287,0.00018771067393252527,1.0598738733291606,0.48437500000000056,0.0,0.0,0.0
n1024_m496_s0.202041_seed0.h5,496,0.2020408163265306,0,1024,496,1.0,495.8853541340941,0.9997688591413187,0.9997688591413187,0.00023114085868125578,0.015938796778030416,0.00023114085868232112,1.068053966126091,0.4843750000000005,0.0,0.0,0.0
n1024_m496_s0.202041_seed1.h5,496,0.2020408163265306,1,1024,496,1.0,495.8919968322007,0.999782251677824,0.999782251677824,0.0002177483221760257,0.015536402774425341,0.00021774832217717036,1.0679473530587638,0.48437500000000056,0.0,0.0,0.0
n1024_m496_s0.222245_seed0.h5,496,0.22224489795918367,0,1024,496,1.0,495.87593961818493,0.9997498782624696,0.9997498782624696,0.00025012173753036215,0.016789540125748972,0.00025012173753137155,1.0768020743685889,0.48437500000000044,0.0,0.0,0.0
n1024_m496_s0.222245_seed1.h5,496,0.22224489795918367,1,1024,496,1.0,495.87717352918116,0.9997523659862524,0.9997523659862524,0.00024763401374761074,0.016709441429649054,0.0002476340137487859,1.0768147167750128,0.48437500000000056,0.0,0.0,0.0
n1024_m496_s0.242449_seed0.h5,496,0.24244897959183673,0,1024,496,1.0,495.85996388160856,0.9997176691161463,0.9997176691161463,0.00028233088385365424,0.01801171055375867,0.00028233088385468737,1.0865241983073433,0.4843750000000005,0.0,0.0,0.0
n1024_m496_s0.242449_seed1.h5,496,0.24244897959183673,1,1024,496,1.0,495.8620567656908,0.9997218886405056,0.9997218886405056,0.000278111359494404,0.017902302372222612,0.00027811135949536256,1.0864441111136696,0.48437500000000044,0.0,0.0,0.0
n1024_m496_s0.262653_seed0.h5,496,0.2626530612244898,0,1024,496,1.0,495.8418735204905,0.9996811966138921,0.9996811966138921,0.00031880338610790204,0.019347320172979944,0.00031880338610886134,1.097129040674228,0.48437500000000044,0.0,0.0,0.0
n1024_m496_s0.262653_seed1.h5,496,0.2626530612244898,1,1024,496,1.0,495.843181858756,0.9996838343926532,0.9996838343926532,0.00031616560734681887,0.01927923187800985,0.0003161656073478091,1.0967957018259258,0.4843750000000005,0.0,0.0,0.0
n1024_m496_s0.282857_seed0.h5,496,0.28285714285714286,0,1024,496,1.0,495.8226501254103,0.9996424397689724,0.9996424397689724,0.00035756023102762047,0.0207222749343643,0.00035756023102869247,1.10811576438304,0.48437500000000056,0.0,0.0,0.0
n1024_m496_s0.282857_seed1.h5,496,0.28285714285714286,1,1024,496,1.0,495.8232287412684,0.9996436063332024,0.9996436063332024,0.0003563936667976275,0.020677051771283705,0.0003563936667984543,1.1078658086853157,0.48437500000000044,0.0,0.0,0.0
n1024_m496_s0.303061_seed0.h5,496,0.3030612244897959,0,1024,496,1.0,495.79882326153165,0.999594401736959,0.999594401736959,0.0004055982630409849,0.022311680050536707,0.00040559826304198654,1.1205240322144854,0.48437500000000044,0.0,0.0,0.0
n1024_m496_s0.303061_seed1.h5,496,0.3030612244897959,1,1024,496,1.0,495.7988814034761,0.9995945189586212,0.9995945189586212,0.0004054810413788301,0.02230605961462647,0.00040548104137974063,1.1203049709957482,0.48437500000000044,0.0,0.0,0.0
n1024_m496_s0.323265_seed0.h5,496,0.32326530612244897,0,1024,496,1.0,495.7732056909299,0.9995427534091329,0.9995427534091329,0.00045724659086709973,0.023977520710192542,0.00045724659086801946,1.1339888292905793,0.48437500000000044,0.0,0.0,0.0
n1024_m496_s0.323265_seed1.h5,496,0.32326530612244897,1,1024,496,1.0,495.7754604267102,0.9995472992473996,0.9995472992473996,0.000452700752600399,0.023863752900113503,0.00045270075260133027,1.1336590186734516,0.48437500000000044,0.0,0.0,0.0
n1024_m496_s0.343469_seed0.h5,496,0.34346938775510205,0,1024,496,1.0,495.7451998880133,0.999486290096801,0.999486290096801,0.0005137099031989889,0.025734535275674826,0.0005137099031998091,1.148283967533182,0.4843750000000004,0.0,0.0,0.0
n1024_m496_s0.343469_seed1.h5,496,0.34346938775510205,1,1024,496,1.0,495.74427758768434,0.9994844306203313,0.9994844306203313,0.0005155693796686789,0.025768841175266396,0.0005155693796695156,1.1480940430324655,0.4843750000000004,0.0,0.0,0.0
n1024_m496_s0.363673_seed0.h5,496,0.3636734693877551,0,1024,496,1.0,495.71269759212737,0.9994207612744503,0.9994207612744503,0.0005792387255496578,0.027677809420083785,0.0005792387255502837,1.1634645871546887,0.48437500000000033,0.0,0.0,0.0
n1024_m496_s0.363673_seed1.h5,496,0.3636734693877551,1,1024,496,1.0,495.7126216258912,0.9994206081167161,0.9994206081167161,0.0005793918832839307,0.02767979270385254,0.000579391883284708,1.1637070770550082,0.4843750000000004,0.0,0.0,0.0
n1024_m496_s0.383878_seed0.h5,496,0.38387755102040816,0,1024,496,1.0,495.6739444595296,0.999342629958729,0.999342629958729,0.0006573700412709771,0.029932103414380667,0.000657370041271761,1.1811713927684915,0.4843750000000004,0.0,0.0,0.0
n1024_m496_s0.383878_seed1.h5,496,0.38387755102040816,1,1024,496,1.0,495.66900684303255,0.9993326750867592,0.9993326750867592,0.000667324913240841,0.030128367774684823,0.0006673249132416084,1.1815040313533272,0.4843750000000004,0.0,0.0,0.0
n1024_m496_s0.404082_seed0.h5,496,0.4040816326530612,0,1024,496,1.0,495.2983720219927,0.9985854274636949,0.9985854274636949,0.0014145725363050587,0.04837439040871776,0.001414572536305469,1.3021638045330628,0.4843750000000002,2.181162512457048e-06,0.0,0.0
n1024_m496_s0.404082_seed1.h5,496,0.4040816326530612,1,1024,496,1.0,495.26706241385546,0.9985223032537408,0.9985223032537408,0.001477696746259194,0.05065517370338225,0.0014776967462595827,1.365025431754809,0.4843750000000002,5.135391906683662e-05,0.0,0.0
n1024_m496_s0.424286_seed0.h5,496,0.42428571428571427,0,1024,496,1.0,495.39987535006367,0.9987900712702896,0.9987900712702896,0.0012099287297103745,0.05153229391131911,0.0012099287297105523,1.5874343168522485,0.4843750000000001,0.0008358783687129694,8.123348210266595e-05,0.0
n1024_m496_s0.424286_seed1.h5,496,0.42428571428571427,1,1024,496,1.0,495.4007511921227,0.9987918370808926,0.9987918370808926,0.001208162919107414,0.051494542994201434,0.0012081629191078391,1.5883693587942977,0.4843750000000001,0.0008530190676789391,2.76942071575449e-05,0.0
n1024_m496_s0.444490_seed0.h5,496,0.44448979591836735,0,1024,496,1.0,495.3671249652398,0.9987240422686285,0.9987240422686285,0.0012759577313714576,0.05563841005582639,0.001275957731371736,1.683268962175954,0.48437500000000017,0.0012274420479064178,0.0012263102434527612,0.0
n1024_m496_s0.444490_seed1.h5,496,0.44448979591836735,1,1024,496,1.0,495.3681564105791,0.9987261217955223,0.9987261217955223,0.001273878204477663,0.0555751490429678,0.0012738782044779797,1.6834962491506484,0.4843750000000001,0.0012280445656025038,0.0012280445656025038,0.0
n1024_m496_s0.464694_seed0.h5,496,0.4646938775510204,0,1024,496,1.0,495.419734594936,0.9988301100704355,0.9988301100704355,0.0011698899295644605,0.05761823620169339,0.0011698899295647144,1.7629061372371533,0.4843750000000001,0.002005614450540642,0.00021352427159009976,0.0
n1024_m496_s0.464694_seed1.h5,496,0.4646938775510204,1,1024,496,1.0,495.4184338581981,0.9988274876173349,0.9988274876173349,0.0011725123826651362,0.057643639277309235,0.0011725123826653702,1.7627476580581747,0.4843750000000001,0.0020055968537121514,0.00030927950840521016,0.0
n1024_m496_s0.484898_seed0.h5,496,0.48489795918367345,0,1024,496,1.0,495.40707880136324,0.9988045943575872,0.9988045943575872,0.0011954056424128279,0.06018179173502628,0.0011954056424129836,1.8252628252604546,0.484375,0.0022630997633682147,0.0017653342095093293,0.0
n1024_m496_s0.484898_seed1.h5,496,0.48489795918367345,1,1024,496,1.0,495.4069429561496,0.998804320476108,0.998804320476108,0.0011956795238919904,0.0600848563271649,0.001195679523892359,1.8254602219373577,0.4843750000000002,0.002293001713455158,0.001973301158830208,0.0
n1024_m496_s0.505102_seed0.h5,496,0.5051020408163265,0,1024,496,1.0,495.38049290142953,0.9987509937528821,0.9987509937528821,0.0012490062471178787,0.06282713442345979,0.0012490062471182482,1.8750660288109617,0.48437500000000017,0.002331973375116429,0.002331973375116429,0.0
n1024_m496_s0.505102_seed1.h5,496,0.5051020408163265,1,1024,496,1.0,495.3826711550355,0.9987553853932167,0.9987553853932167,0.0012446146067832675,0.06264151615921468,0.0012446146067836212,1.8743055715642387,0.48437500000000017,0.002335470605342221,0.002335470605342221,0.0
n1024_m496_s0.525306_seed0.h5,496,0.5253061224489796,0,1024,496,1.0,495.36499232426286,0.9987197425892397,0.9987197425892397,0.0012802574107603215,0.06470445773802745,0.0012802574107606708,1.914406741646005,0.4843750000000001,0.0023186226449754426,0.0023186226449754426,0.0
n1024_m496_s0.525306_seed1.h5,496,0.5253061224489796,1,1024,496,1.0,495.37071385234594,0.9987312779281168,0.9987312779281168,0.0012687220718832215,0.06438705857609568,0.0012687220718835181,1.91428417031182,0.48437500000000017,0.0023154279651128175,0.0023154279651128175,0.0
n1024_m496_s0.545510_seed0.h5,496,0.5455102040816326,0,1024,496,1.0,495.3565481323749,0.9987027180088204,0.9987027180088204,0.0012972819911796218,0.06615689388966445,0.0012972819911799738,1.9457287939226824,0.48437500000000017,0.0022921653054201034,0.0022921653054201034,0.0
n1024_m496_s0.545510_seed1.h5,496,0.5455102040816326,1,1024,496,1.0,495.3608658174053,0.9987114230189623,0.9987114230189623,0.0012885769810376813,0.06584105286296595,0.0012885769810382424,1.9455753679657632,0.4843750000000002,0.0022888911573590762,0.0021633486869933175,0.0
n1024_m496_s0.565714_seed0.h5,496,0.5657142857142857,0,1024,496,1.0,495.35426029283553,0.9986981054291039,0.9986981054291039,0.0013018945708961338,0.06723314989646885,0.0013018945708964337,1.9705050094147532,0.48437500000000017,0.002273976930347346,0.0020599551298391685,8.226347700507556e-05
n1024_m496_s0.565714_seed1.h5,496,0.5657142857142857,1,1024,496,1.0,495.3734906530008,0.9987368763165339,0.9987368763165339,0.0012631236834661497,0.06694768547111886,0.0012631236834665276,1.9702835199843165,0.48437500000000017,0.002281888475976371,0.001438417169395258,0.0
n1024_m496_s0.585918_seed0.h5,496,0.5859183673469388,0,1024,496,1.0,495.35528791788965,0.9987001772538098,0.9987001772538098,0.0012998227461902268,0.06804229600521111,0.0012998227461908022,1.99026371213455,0.4843750000000003,0.002275933195309928,0.0015737483513922064,0.00015069680231722594
n1024_m496_s0.585918_seed1.h5,496,0.5859183673469388,1,1024,496,1.0,495.4058643002063,0.9988021457665449,0.9988021457665449,0.0011978542334550868,0.06748056304760364,0.0011978542334554608,1.9906719641238249,0.4843750000000002,0.0007800348833198867,0.0007800348833198867,0.0
n1024_m496_s0.606122_seed0.h5,496,0.6061224489795918,0,1024,496,1.0,495.40005782060325,0.998790439154442,0.998790439154442,0.001209560845558011,0.0683592485011981,0.0012095608455583442,2.0066071265496195,0.48437500000000017,0.0007846646450525717,0.0007727396409974853,0.0
n1024_m496_s0.606122_seed1.h5,496,0.6061224489795918,1,1024,496,1.0,495.4023837046698,0.9987951284368343,0.9987951284368343,0.0012048715631657325,0.06832736174507009,0.0012048715631661228,2.006460625394975,0.48437500000000017,0.0007626182503764887,0.0006552681931484317,0.0
n1024_m496_s0.626327_seed0.h5,496,0.6263265306122449,0,1024,496,1.0,495.3904447397217,0.9987710579429874,0.9987710579429874,0.0012289420570126275,0.06939903002561565,0.0012289420570130076,2.0195291292168887,0.4843750000000002,0.0007749978660197222,0.0007643540596941931,0.0
n1024_m496_s0.626327_seed1.h5,496,0.6263265306122449,1,1024,496,1.0,495.4256018716842,0.9988419392574278,0.9988419392574278,0.0011580607425721867,0.06861567606798741,0.001158060742572615,2.0208126184948654,0.4843750000000002,0.0,0.0,0.0
n1024_m496_s0.646531_seed0.h5,496,0.6465306122448979,0,1024,496,1.0,495.37831090483814,0.998746594566206,0.998746594566206,0.0012534054337940415,0.07038755768092152,0.0012534054337943613,2.029685767771622,0.4843750000000001,0.0007913199380201222,0.0007710669539211937,0.0
n1024_m496_s0.646531_seed1.h5,496,0.6465306122448979,1,1024,496,1.0,495.4163065352477,0.9988231986597736,0.9988231986597736,0.0011768013402263522,0.06954107719691208,0.0011768013402268893,2.031383361575898,0.4843750000000002,0.0,0.0,0.0
n1024_m496_s0.666735_seed0.h5,496,0.666734693877551,0,1024,496,1.0,495.3971752417274,0.9987846275034826,0.9987846275034826,0.0012153724965173751,0.07096240088226889,0.0012153724965176917,2.0401690153015366,0.48437500000000017,0.0,0.0,0.0
n1024_m496_s0.666735_seed1.h5,496,0.666734693877551,1,1024,496,1.0,495.372571492102,0.9987350231695605,0.9987350231695605,0.0012649768304394682,0.07112021940493878,0.0012649768304400133,2.0383469511460546,0.4843750000000002,0.0008015327873916768,0.0007574084346415442,0.0
n1024_m496_s0.686939_seed0.h5,496,0.6869387755102041,0,1024,496,1.0,495.3773101642728,0.9987445769440984,0.9987445769440984,0.00125542305590165,0.07239384382102863,0.0012554230559020958,2.04750703119812,0.4843750000000002,0.0,0.0,0.0
n1024_m496_s0.686939_seed1.h5,496,0.6869387755102041,1,1024,496,1.0,495.38308717799373,0.9987562241491809,0.9987562241491809,0.0012437758508191399,0.0720463041255483,0.0012437758508194597,2.0471245794269386,0.48437500000000017,0.0,0.0,0.0
n1024_m496_s0.707143_seed0.h5,496,0.7071428571428571,0,1024,496,1.0,495.34634516364895,0.9986821475073567,0.9986821475073567,0.0013178524926432678,0.07458075402874709,0.0013178524926437242,2.058219279678113,0.4843750000000002,0.0,0.0,0.0
n1024_m496_s0.707143_seed1.h5,496,0.7071428571428571,1,1024,496,1.0,495.36257450073026,0.9987148679450207,0.9987148679450207,0.0012851320549792655,0.07346225603237262,0.001285132054979847,2.053156810292546,0.48437500000000033,0.0,0.0,0.0
n1024_m496_s0.727347_seed0.h5,496,0.7273469387755102,0,1024,496,1.0,495.2811855794862,0.9985507773779964,0.9985507773779964,0.001449222622003643,0.07940125545677242,0.001449222622004016,2.086615849036573,0.48437500000000017,0.0,0.0,0.0
n1024_m496_s0.727347_seed1.h5,496,0.7273469387755102,1,1024,496,1.0,495.31017871387303,0.9986092312779699,0.9986092312779699,0.0013907687220301446,0.07688593651806107,0.0013907687220306095,2.064756837889686,0.4843750000000002,0.0,0.0,0.0
n1024_m496_s0.747551_seed0.h5,496,0.7475510204081632,0,1024,496,1.0,495.25193071272224,0.9984917957917787,0.9984917957917787,0.0015082042082212865,0.08113843362978722,0.0015082042082216764,2.089907549685531,0.4843750000000002,0.0,0.0,0.0
n1024_m496_s0.747551_seed1.h5,496,0.7475510204081632,1,1024,496,1.0,495.2363700293936,0.998460423446358,0.998460423446358,0.001539576553642008,0.0823948363169326,0.001539576553642441,2.0986783946937173,0.4843750000000002,0.0,0.0,0.0
n1024_m496_s0.767755_seed0.h5,496,0.7677551020408163,0,1024,496,1.0,495.119994207751,0.9982257947736916,0.9982257947736916,0.0017742052263084451,0.0910496876735995,0.0017742052263089226,2.1546863914325574,0.4843750000000002,0.0,0.0,0.0
n1024_m496_s0.767755_seed1.h5,496,0.7677551020408163,1,1024,496,1.0,495.12454563518986,0.9982349710386892,0.9982349710386892,0.0017650289613108106,0.09072612033185617,0.0017650289613112265,2.1510453947458936,0.4843750000000002,0.0,0.0,0.0
n1024_m496_s0.787959_seed0.h5,496,0.7879591836734694,0,1024,496,1.0,495.0534436404705,0.9980916202428841,0.9980916202428841,0.0019083797571158856,0.09532814659968497,0.0019083797571163982,2.173649457793377,0.4843750000000002,0.0,0.0,0.0
n1024_m496_s0.787959_seed1.h5,496,0.7879591836734694,1,1024,496,1.0,495.05033484101295,0.9980853525020422,0.9980853525020422,0.0019146474979577777,0.09557672225433533,0.0019146474979581782,2.175101453568183,0.4843750000000002,0.0,0.0,0.0
n1024_m496_s0.808163_seed0.h5,496,0.8081632653061224,0,1024,496,1.0,494.97109496593475,0.9979255946893846,0.9979255946893846,0.0020744053106154237,0.1004147936337712,0.0020744053106159523,2.196159208912194,0.4843750000000003,0.0,0.0,0.0
n1024_m496_s0.808163_seed1.h5,496,0.8081632653061224,1,1024,496,1.0,494.96732416749,0.9979179922731654,0.9979179922731654,0.002082007726834645,0.10091370327390749,0.0020820077268352568,2.2056540128584197,0.4843750000000003,0.0,0.0,0.0
n1024_m496_s0.828367_seed0.h5,496,0.8283673469387755,0,1024,496,1.0,494.8518550992012,0.9976851917322604,0.9976851917322604,0.0023148082677395543,0.10736479004222722,0.0023148082677399893,2.229115245978628,0.4843750000000002,0.0,0.0,0.0
n1024_m496_s0.828367_seed1.h5,496,0.8283673469387755,1,1024,496,1.0,494.857666015625,0.9976969072895665,0.9976969072895665,0.0023030927104334964,0.10715654369376598,0.002303092710434092,2.228994866694358,0.48437500000000033,0.0,0.0,0.0
n1024_m496_s0.848571_seed0.h5,496,0.8485714285714285,0,1024,496,1.0,494.7818676531315,0.9975440880103458,0.9975440880103458,0.0024559119896542247,0.11112500440804124,0.0024559119896549442,2.234508440322931,0.48437500000000033,0.0,0.0,0.0
n1024_m496_s0.848571_seed1.h5,496,0.8485714285714285,1,1024,496,1.0,494.7807646691799,0.9975418642523789,0.9975418642523789,0.002458135747621104,0.11116866727643085,0.0024581357476218535,2.2347563597365094,0.48437500000000033,0.0,0.0,0.0
n1024_m496_s0.868776_seed0.h5,496,0.8687755102040816,0,1024,496,1.0,494.66995918750763,0.997318466103846,0.997318466103846,0.002681533896153998,0.11685054181206773,0.0026815338961544786,2.2507429995190873,0.4843750000000002,0.0,0.0,0.0
n1024_m496_s0.868776_seed1.h5,496,0.8687755102040816,1,1024,496,1.0,494.6825135946274,0.997343777408523,0.997343777408523,0.00265622259147702,0.11641523740270755,0.0026562225914776414,2.2573601443989277,0.4843750000000003,0.0,0.0,0.0
n1024_m496_s0.888980_seed0.h5,496,0.8889795918367347,0,1024,496,1.0,494.5650798678398,0.9971070158625802,0.9971070158625802,0.002892984137419785,0.1216883162126441,0.002892984137420375,2.2683252413005945,0.48437500000000033,0.0,0.0,0.0
n1024_m496_s0.888980_seed1.h5,496,0.8889795918367347,1,1024,496,1.0,494.57872346043587,0.9971345231057175,0.9971345231057175,0.002865476894282515,0.12116186928869487,0.002865476894283102,2.269642726703425,0.4843750000000003,0.0,0.0,0.0
n1024_m496_s0.909184_seed0.h5,496,0.9091836734693878,0,1024,496,1.0,494.42853051424026,0.9968317147464522,0.9968317147464522,0.0031682852535478423,0.12759761380417414,0.003168285253548508,2.2721546203444323,0.48437500000000033,0.0,0.0,0.0
n1024_m496_s0.909184_seed1.h5,496,0.9091836734693878,1,1024,496,1.0,494.45258113741875,0.9968802039060862,0.9968802039060862,0.0031197960939137737,0.1266053958816765,0.003119796093914409,2.2725732291668215,0.48437500000000033,0.0,0.0,0.0
n1024_m496_s0.929388_seed0.h5,496,0.9293877551020407,0,1024,496,1.0,494.2599710226059,0.9964918770617054,0.9964918770617054,0.003508122938294611,0.134081437646914,0.003508122938295248,2.2703604656135297,0.48437500000000033,0.0,0.0,0.0
n1024_m496_s0.929388_seed1.h5,496,0.9293877551020407,1,1024,496,1.0,494.25688323378563,0.9964856516810194,0.9964856516810194,0.0035143483189805647,0.13423249975475451,0.003514348318981249,2.2709775370548426,0.48437500000000033,0.0,0.0,0.0
n1024_m496_s0.949592_seed0.h5,496,0.9495918367346938,0,1024,496,1.0,493.959725946188,0.9958865442463467,0.9958865442463467,0.0041134557536532945,0.14474884288786266,0.004113455753653947,2.2648488052706255,0.48437500000000033,0.0,0.0,0.0
n1024_m496_s0.949592_seed1.h5,496,0.9495918367346938,1,1024,496,1.0,494.02086341381073,0.9960098052697797,0.9960098052697797,0.003990194730220331,0.14246167235035348,0.003990194730221009,2.263498855759599,0.48437500000000033,0.0,0.0,0.0
n1024_m496_s0.969796_seed0.h5,496,0.9697959183673469,0,1024,496,1.0,493.5502829551697,0.9950610543451002,0.9950610543451002,0.004938945654899829,0.15719177015903593,0.004938945654900364,2.2467319133315575,0.4843750000000002,0.0,0.0,0.0
n1024_m496_s0.969796_seed1.h5,496,0.9697959183673469,1,1024,496,1.0,493.61997681856155,0.9952015661664547,0.9952015661664547,0.004798433833545279,0.15499947179528514,0.004798433833545906,2.2468002213908647,0.48437500000000033,0.0,0.0,0.0
n1024_m496_s0.990000_seed0.h5,496,0.99,0,1024,496,1.0,493.22526466846466,0.9944057755412594,0.9944057755412594,0.005594224458740582,0.16405172348983144,0.00559422445874111,2.2052547420378548,0.4843750000000003,0.0,0.0,0.0
n1024_m496_s0.990000_seed1.h5,496,0.99,1,1024,496,1.0,493.24356293678284,0.9944426672112557,0.9944426672112557,0.0055573327887442625,0.16357664451862527,0.0055573327887449165,2.2064645940041805,0.48437500000000033,0.0,0.0,0.0
n1024_m512_s0.000000_seed0.h5,512,0.0,0,1024,512,1.0,511.94405809823365,0.9998907384731126,0.9998907384731126,0.00010926152688739421,0.010093364043238025,0.00010926152688874915,1.0135489239599411,0.5000000000000007,0.0,0.0,0.0
n1024_m512_s0.000000_seed1.h5,512,0.0,1,1024,512,1.0,511.94772446383286,0.9998978993434235,0.9998978993434235,0.00010210065657645373,0.009762972648410164,0.00010210065657782278,1.013312247303638,0.5000000000000007,0.0,0.0,0.0
n1024_m512_s0.020204_seed0.h5,512,0.02020408163265306,0,1024,512,1.0,511.94871791401965,0.9998998396758196,0.9998998396758196,0.00010016032418036502,0.0097887398166893,0.00010016032418167604,1.017059185294121,0.5000000000000007,0.0,0.0,0.0
n1024_m512_s0.020204_seed1.h5,512,0.02020408163265306,1,1024,512,1.0,511.95123868165683,0.999904763050111,0.999904763050111,9.523694988899933e-05,0.009530705535755218,9.523694989038054e-05,1.0168268636845872,0.5000000000000007,0.0,0.0,0.0
n1024_m512_s0.040408_seed0.h5,512,0.04040816326530612,0,1024,512,1.0,511.9462720973752,0.9998950626901859,0.9998950626901859,0.00010493730981409044,0.010102397109776437,0.0001049373098155452,1.0209677854278973,0.5000000000000007,0.0,0.0,0.0
n1024_m512_s0.040408_seed1.h5,512,0.04040816326530612,1,1024,512,1.0,511.94801897318393,0.9998984745569999,0.9998984745569999,0.00010152544300012778,0.009935505521312143,0.00010152544300144387,1.020607688895233,0.5000000000000007,0.0,0.0,0.0
n1024_m512_s0.060612_seed0.h5,512,0.06061224489795918,0,1024,512,1.0,511.9442303944088,0.9998910749890797,0.9998910749890797,0.00010892501092030216,0.01037434669158921,0.00010892501092171608,1.0253327637501255,0.5000000000000007,0.0,0.0,0.0
n1024_m512_s0.060612_seed1.h5,512,0.06061224489795918,1,1024,512,1.0,511.9447479730952,0.9998920858849516,0.9998920858849516,0.00010791411504840198,0.010349344128597875,0.00010791411504972488,1.0250532633235896,0.5000000000000007,0.0,0.0,0.0
n1024_m512_s0.080816_seed0.h5,512,0.08081632653061224,0,1024,512,1.0,511.9417996989432,0.9998863275369985,0.9998863275369985,0.0001136724630015351,0.010712253293556169,0.00011367246300280913,1.0301409821314524,0.5000000000000007,0.0,0.0,0.0
n1024_m512_s0.080816_seed1.h5,512,0.08081632653061224,1,1024,512,1.0,511.94018140055414,0.9998831667979573,0.9998831667979573,0.00011683320204269876,0.010857904700998962,0.00011683320204391174,1.0298561193415134,0.5000000000000006,0.0,0.0,0.0
n1024_m512_s0.101020_seed0.h5,512,0.1010204081632653,0,1024,512,1.0,511.93615065072663,0.9998752942397005,0.9998752942397005,0.00012470576029954827,0.011308839169308143,0.00012470576030074626,1.0354226484054205,0.5000000000000007,0.0,0.0,0.0
n1024_m512_s0.101020_seed1.h5,512,0.1010204081632653,1,1024,512,1.0,511.9343240652888,0.9998717266900172,0.9998717266900172,0.00012827330998277375,0.011451961552995356,0.0001282733099838714,1.0351488487681166,0.5000000000000006,0.0,0.0,0.0
n1024_m512_s0.121224_seed0.h5,512,0.12122448979591836,0,1024,512,1.0,511.9295748194054,0.9998624508191511,0.9998624508191511,0.00013754918084885048,0.01197883015892837,0.00013754918084999768,1.0411863232583174,0.5000000000000006,0.0,0.0,0.0
n1024_m512_s0.121224_seed1.h5,512,0.12122448979591836,1,1024,512,1.0,511.9299674211652,0.9998632176194633,0.9998632176194633,0.0001367823805367152,0.011944179251311998,0.00013678238053806626,1.0410816341702238,0.5000000000000007,0.0,0.0,0.0
n1024_m512_s0.141429_seed0.h5,512,0.14142857142857143,0,1024,512,1.0,511.91985022750305,0.9998434574755919,0.9998434574755919,0.00015654252440810978,0.01288339696239112,0.00015654252440931916,1.0476436258255348,0.5000000000000007,0.0,0.0,0.0
n1024_m512_s0.141429_seed1.h5,512,0.14142857142857143,1,1024,512,1.0,511.91806949432066,0.999839979481095,0.999839979481095,0.0001600205189049575,0.013001566564493207,0.00016002051890615587,1.0472980900361906,0.5000000000000007,0.0,0.0,0.0
n1024_m512_s0.161633_seed0.h5,512,0.16163265306122448,0,1024,512,1.0,511.9063634900958,0.9998171161915934,0.9998171161915934,0.00018288380840658647,0.014014299905356782,0.0001828838084076911,1.0543936267384746,0.5000000000000006,0.0,0.0,0.0
n1024_m512_s0.161633_seed1.h5,512,0.16163265306122448,1,1024,512,1.0,511.9066179577203,0.9998176131986725,0.9998176131986725,0.0001823868013275387,0.013976968268743109,0.0001823868013287571,1.0544086707093627,0.5000000000000007,0.0,0.0,0.0
n1024_m512_s0.181837_seed0.h5,512,0.18183673469387754,0,1024,512,1.0,511.892824724433,0.9997906732899082,0.9997906732899082,0.00020932671009177284,0.015103569933622132,0.0002093267100928228,1.0621088699106143,0.5000000000000006,0.0,0.0,0.0
n1024_m512_s0.181837_seed1.h5,512,0.18183673469387754,1,1024,512,1.0,511.8948192822136,0.9997945689105734,0.9997945689105734,0.00020543108942661092,0.014986514802572333,0.0002054310894278133,1.0621326409971277,0.5000000000000006,0.0,0.0,0.0
n1024_m512_s0.202041_seed0.h5,512,0.2020408163265306,0,1024,512,1.0,511.87955672810494,0.99976475923458,0.99976475923458,0.00023524076542003058,0.016168419613492625,0.00023524076542119076,1.0704527595704876,0.5000000000000006,0.0,0.0,0.0
n1024_m512_s0.202041_seed1.h5,512,0.2020408163265306,1,1024,512,1.0,511.8799227558775,0.9997654741325732,0.9997654741325732,0.0002345258674267825,0.01613321718944561,0.00023452586742784268,1.0701958859361596,0.5000000000000004,0.0,0.0,0.0
n1024_m512_s0.222245_seed0.h5,512,0.22224489795918367,0,1024,512,1.0,511.86280318036734,0.999732037461655,0.999732037461655,0.0002679625383450457,0.01741156648375119,0.0002679625383460848,1.079425120128703,0.5000000000000004,0.0,0.0,0.0
n1024_m512_s0.222245_seed1.h5,512,0.22224489795918367,1,1024,512,1.0,511.865262696796,0.9997368412046796,0.9997368412046796,0.0002631587953203507,0.01727894124670867,0.0002631587953214981,1.0795574402528563,0.5000000000000007,0.0,0.0,0.0
n1024_m512_s0.242449_seed0.h5,512,0.24244897959183673,0,1024,512,1.0,511.84541212784825,0.9996980705622036,0.9996980705622036,0.0003019294377963888,0.01868525204783479,0.0003019294377974638,1.0893169366362412,0.5000000000000006,0.0,0.0,0.0
n1024_m512_s0.242449_seed1.h5,512,0.24244897959183673,1,1024,512,1.0,511.85001374072453,0.9997070580873526,0.9997070580873526,0.0002929419126473931,0.018440018587879744,0.00029294191264843617,1.0892700452098305,0.5000000000000004,0.0,0.0,0.0
n1024_m512_s0.262653_seed0.h5,512,0.2626530612244898,0,1024,512,1.0,511.8263253098994,0.9996607916208973,0.9996607916208973,0.00033920837910272894,0.020015110516687216,0.0003392083791036802,1.1001336688720147,0.5000000000000004,0.0,0.0,0.0
n1024_m512_s0.262653_seed1.h5,512,0.2626530612244898,1,1024,512,1.0,511.82821832448826,0.9996644889150161,0.9996644889150161,0.00033551108498386384,0.019905069284619128,0.0003355110849848814,1.0996131019799775,0.5000000000000004,0.0,0.0,0.0
n1024_m512_s0.282857_seed0.h5,512,0.28285714285714286,0,1024,512,1.0,511.80532964278245,0.9996197844585595,0.9996197844585595,0.0003802155414405206,0.0214291075028905,0.00038021554144144684,1.111319445584908,0.5000000000000004,0.0,0.0,0.0
n1024_m512_s0.282857_seed1.h5,512,0.28285714285714286,1,1024,512,1.0,511.80795962011325,0.9996249211330337,0.9996249211330337,0.0003750788669663052,0.021299885949492694,0.0003750788669672342,1.1111548830254543,0.5000000000000004,0.0,0.0,0.0
n1024_m512_s0.303061_seed0.h5,512,0.3030612244897959,0,1024,512,1.0,511.7803986622457,0.9995710911371987,0.9995710911371987,0.000428908862801336,0.02300719191149231,0.00042890886280230327,1.1235285026912831,0.5000000000000004,0.0,0.0,0.0
n1024_m512_s0.303061_seed1.h5,512,0.3030612244897959,1,1024,512,1.0,511.78372835027403,0.999577594434129,0.999577594434129,0.0004224055658710313,0.0228683367829728,0.00042240556587189165,1.1236776635766395,0.5000000000000004,0.0,0.0,0.0
n1024_m512_s0.323265_seed0.h5,512,0.32326530612244897,0,1024,512,1.0,511.75147510311217,0.999514599810766,0.999514599810766,0.00048540018923404205,0.024763840547724625,0.00048540018923499365,1.1368629295234187,0.5000000000000004,0.0,0.0,0.0
n1024_m512_s0.323265_seed1.h5,512,0.32326530612244897,1,1024,512,1.0,511.7516170225572,0.999514876997182,0.999514876997182,0.0004851230028179998,0.024767515433337245,0.0004851230028189305,1.1370295552909662,0.5000000000000004,0.0,0.0,0.0
n1024_m512_s0.343469_seed0.h5,512,0.34346938775510205,0,1024,512,1.0,511.7205598037981,0.9994542183667932,0.9994542183667932,0.0005457816332068433,0.02658833142729229,0.000545781633207775,1.1514629129567735,0.5000000000000004,0.0,0.0,0.0
n1024_m512_s0.343469_seed1.h5,512,0.34346938775510205,1,1024,512,1.0,511.72196800852544,0.9994569687666512,0.9994569687666512,0.0005430312333487564,0.02653285705865907,0.000543031233349495,1.1514540218912674,0.5000000000000003,0.0,0.0,0.0
n1024_m512_s0.363673_seed0.h5,512,0.3636734693877551,0,1024,512,1.0,511.68361536986777,0.999382061269273,0.999382061269273,0.000617938730727019,0.028659750456044422,0.0006179387307278494,1.1669778454120128,0.5000000000000004,0.0,0.0,0.0
n1024_m512_s0.363673_seed1.h5,512,0.3636734693877551,1,1024,512,1.0,511.6862666954694,0.9993872396395886,0.9993872396395886,0.0006127603604113574,0.02857321336143787,0.0006127603604122268,1.1671484817271902,0.5000000000000004,0.0,0.0,0.0
n1024_m512_s0.383878_seed0.h5,512,0.38387755102040816,0,1024,512,1.0,511.64176422773744,0.9993003207572997,0.9993003207572997,0.0006996792427003129,0.030992701608885502,0.0006996792427009975,1.1853533981643545,0.5000000000000003,0.0,0.0,0.0
n1024_m512_s0.383878_seed1.h5,512,0.38387755102040816,1,1024,512,1.0,511.6468960036,0.9993103437570312,0.9993103437570312,0.0006896562429687947,0.030737896595745023,0.0006896562429694797,1.184609381359184,0.5000000000000003,0.0,0.0,0.0
n1024_m512_s0.404082_seed0.h5,512,0.4040816326530612,0,1024,512,1.0,511.2930609966279,0.9986192597590389,0.9986192597590389,0.0013807402409611313,0.05009535030302112,0.0013807402409614898,1.4178200961140541,0.5000000000000002,3.834644176367958e-06,0.0,0.0
n1024_m512_s0.404082_seed1.h5,512,0.4040816326530612,1,1024,512,1.0,511.36564010340953,0.9987610158269717,0.9987610158269717,0.001238984173028257,0.04831619587589823,0.0012389841730286886,1.4557549140267854,0.5000000000000002,3.0674163231047514e-06,3.0674163231047514e-06,0.0
n1024_m512_s0.424286_seed0.h5,512,0.42428571428571427,0,1024,512,1.0,511.3672528829775,0.9987641657870654,0.9987641657870654,0.0012358342129346056,0.052548140770013005,0.001235834212934856,1.588311450057261,0.5000000000000001,2.3920472978512436e-06,0.0,0.0
n1024_m512_s0.424286_seed1.h5,512,0.42428571428571427,1,1024,512,1.0,511.3452880157274,0.9987212656557176,0.9987212656557176,0.001278734344282384,0.05292330294146615,0.001278734344282632,1.5887207233733267,0.5000000000000001,3.2211350135430424e-06,3.2211350135430424e-06,0.0
n1024_m512_s0.444490_seed0.h5,512,0.44448979591836735,0,1024,512,1.0,511.27897583221784,0.9985917496723005,0.9985917496723005,0.001408250327699534,0.058312217471043454,0.0014082503276998473,1.6824513138200072,0.5000000000000001,2.31745984080782e-06,0.0,0.0
n1024_m512_s0.444490_seed1.h5,512,0.44448979591836735,1,1024,512,1.0,511.2557041940745,0.9985462972540518,0.9985462972540518,0.0014537027459482488,0.05853702064692132,0.0014537027459484572,1.6828628092857343,0.5000000000000002,3.059958106870012e-06,3.059958106870012e-06,0.0
n1024_m512_s0.464694_seed0.h5,512,0.4646938775510204,0,1024,512,1.0,511.19156806421233,0.9984210313754147,0.9984210313754147,0.0015789686245852863,0.06325770777602602,0.0015789686245855819,1.7608943770615184,0.5000000000000002,2.377048682552294e-06,0.0,0.0
n1024_m512_s0.464694_seed1.h5,512,0.4646938775510204,1,1024,512,1.0,511.20252338662976,0.9984424284895113,0.9984424284895113,0.0015575715104887422,0.06268265211813971,0.0015575715104889191,1.7607734266133475,0.5000000000000001,0.00016887721921091312,0.00016887721921091312,0.0
n1024_m512_s0.484898_seed0.h5,512,0.48489795918367345,0,1024,512,1.0,511.2632686114521,0.9985610715067423,0.9985610715067423,0.001438928493257663,0.06459303299372952,0.0014389284932580153,1.8250073358958088,0.5000000000000001,0.0006466333745192347,0.0,0.0
n1024_m512_s0.484898_seed1.h5,512,0.48489795918367345,1,1024,512,1.0,511.3182441678946,0.9986684456404191,0.9986684456404191,0.0013315543595808776,0.06358855782832509,0.0013315543595812352,1.8257161223426617,0.5000000000000002,0.0,0.0,0.0
n1024_m512_s0.505102_seed0.h5,512,0.5051020408163265,0,1024,512,1.0,511.4015439748764,0.9988311405759305,0.9988311405759305,0.0011688594240695238,0.0636459109579682,0.0011688594240698712,1.876270366364475,0.5000000000000002,0.0,0.0,0.0
n1024_m512_s0.505102_seed1.h5,512,0.5051020408163265,1,1024,512,1.0,511.4126370549202,0.998852806747891,0.998852806747891,0.0011471932521089911,0.06302518659748337,0.0011471932521092585,1.8756330217844992,0.5000000000000001,0.0,0.0,0.0
n1024_m512_s0.525306_seed0.h5,512,0.5253061224489796,0,1024,512,1.0,511.4077528119087,0.9988432672107592,0.9988432672107592,0.0011567327892407775,0.06489259981283008,0.001156732789241177,1.9156503694189728,0.5000000000000002,0.00030630663704760684,0.0,0.0
n1024_m512_s0.525306_seed1.h5,512,0.5253061224489796,1,1024,512,1.0,511.4022138565779,0.9988324489386287,0.9988324489386287,0.0011675510613713413,0.06514657339788096,0.0011675510613717386,1.9151767664749202,0.5000000000000002,0.0,0.0,0.0
n1024_m512_s0.545510_seed0.h5,512,0.5455102040816326,0,1024,512,1.0,511.4013324081898,0.9988307273597457,0.9988307273597457,0.0011692726402543485,0.06627089625466218,0.0011692726402547054,1.946390660523567,0.5000000000000002,0.00028198503734095276,0.0,0.0
n1024_m512_s0.545510_seed1.h5,512,0.5455102040816326,1,1024,512,1.0,511.402081400156,0.9988321902346797,0.9988321902346797,0.0011678097653202713,0.06622792841016206,0.0011678097653206514,1.946364444245477,0.5000000000000002,0.0002963337726919427,0.0,0.0
n1024_m512_s0.565714_seed0.h5,512,0.5657142857142857,0,1024,512,1.0,511.39146342873573,0.9988114520092495,0.9988114520092495,0.0011885479907505214,0.06765862229958325,0.001188547990750788,1.9711650513491068,0.5000000000000001,0.0002821940958294908,0.0,0.0
n1024_m512_s0.565714_seed1.h5,512,0.5657142857142857,1,1024,512,1.0,511.3953556269407,0.9988190539588686,0.9988190539588686,0.0011809460411313921,0.06741804923044745,0.001180946041131855,1.971013830830707,0.5000000000000002,0.00029135975645520906,0.0,0.0
n1024_m512_s0.585918_seed0.h5,512,0.5859183673469388,0,1024,512,1.0,511.39220532774925,0.9988129010307603,0.9988129010307603,0.0011870989692397416,0.06832358345923092,0.0011870989692401878,1.9909934354343428,0.5000000000000002,0.00029191255009832954,0.0,0.0
n1024_m512_s0.585918_seed1.h5,512,0.5859183673469388,1,1024,512,1.0,511.39239151775837,0.9988132646831218,0.9988132646831218,0.0011867353168781847,0.06827745164535877,0.0011867353168785832,1.9905922407402616,0.5000000000000002,0.00028877379654722383,0.0,0.0
n1024_m512_s0.606122_seed0.h5,512,0.6061224489795918,0,1024,512,1.0,511.3881743103266,0.9988050279498566,0.9988050279498566,0.0011949720501434058,0.06910793660531481,0.00119497205014373,2.0068544277661244,0.5000000000000002,0.0003069955622806385,0.0,0.0
n1024_m512_s0.606122_seed1.h5,512,0.6061224489795918,1,1024,512,1.0,511.3862956315279,0.9988013586553279,0.9988013586553279,0.001198641344672069,0.06917244340973445,0.0011986413446724066,2.0066147599076904,0.5000000000000001,0.000269055585666007,0.0,0.0
n1024_m512_s0.626327_seed0.h5,512,0.6263265306122449,0,1024,512,1.0,511.3832813054323,0.9987954712996725,0.9987954712996725,0.0012045287003275007,0.06982662135102169,0.0012045287003277444,2.019562254628921,0.5000000000000002,0.00028910651364534053,0.0,0.0
n1024_m512_s0.626327_seed1.h5,512,0.6263265306122449,1,1024,512,1.0,511.38264960050583,0.998794237500988,0.998794237500988,0.001205762499012053,0.06981286676217917,0.0012057624990124483,2.0192550634095876,0.5000000000000002,0.00029230512309850706,0.0,0.0
n1024_m512_s0.646531_seed0.h5,512,0.6465306122448979,0,1024,512,1.0,511.36907535791397,0.9987677253084257,0.9987677253084257,0.0012322746915742755,0.0709758359147766,0.0012322746915746547,2.0296225127624696,0.5000000000000002,0.0002823756646965254,0.0,0.0
n1024_m512_s0.646531_seed1.h5,512,0.6465306122448979,1,1024,512,1.0,511.3749225884676,0.9987791456806008,0.9987791456806008,0.0012208543193992227,0.07063945139105722,0.0012208543193996323,2.0294242462780963,0.5000000000000002,0.00029697224458317435,0.0,0.0
n1024_m512_s0.666735_seed0.h5,512,0.666734693877551,0,1024,512,1.0,511.35711920261383,0.9987443734426051,0.9987443734426051,0.0012556265573948622,0.07194664645934043,0.0012556265573951434,2.0382691811132334,0.5000000000000002,0.00030754279528399513,0.0,0.0
n1024_m512_s0.666735_seed1.h5,512,0.666734693877551,1,1024,512,1.0,511.359634950757,0.9987492870131973,0.9987492870131973,0.0012507129868026823,0.07180856596632922,0.0012507129868029982,2.038092933873531,0.5000000000000001,0.00029426838349112615,0.0,0.0
n1024_m512_s0.686939_seed0.h5,512,0.6869387755102041,0,1024,512,1.0,511.3342868089676,0.9986997789237648,0.9986997789237648,0.0013002210762351751,0.07344534031998222,0.0013002210762356684,2.045462263288967,0.5000000000000002,0.00030712716443558405,0.0,0.0
n1024_m512_s0.686939_seed1.h5,512,0.6869387755102041,1,1024,512,1.0,511.33756923675537,0.9987061899155378,0.9987061899155378,0.0012938100844621658,0.07326449328797378,0.0012938100844625802,2.0453710388729682,0.5000000000000002,0.0002954816285969849,0.0,0.0
n1024_m512_s0.707143_seed0.h5,512,0.7071428571428571,0,1024,512,1.0,511.31835159659386,0.9986686554620974,0.9986686554620974,0.0013313445379026234,0.07474109388082309,0.0013313445379029725,2.052857730121175,0.5000000000000002,0.0,0.0,0.0
n1024_m512_s0.707143_seed1.h5,512,0.7071428571428571,1,1024,512,1.0,511.3273515701294,0.998686233535409,0.998686233535409,0.0013137664645910263,0.07424995424857327,0.001313766464591419,2.0526744522754914,0.5000000000000002,0.0,0.0,0.0
n1024_m512_s0.727347_seed0.h5,512,0.7273469387755102,0,1024,512,1.0,511.2891381829977,0.9986115980136674,0.9986115980136674,0.0013884019863326102,0.07630367949771782,0.0013884019863330118,2.0563522338715394,0.5000000000000002,0.0003221139660308666,0.0,0.0
n1024_m512_s0.727347_seed1.h5,512,0.7273469387755102,1,1024,512,1.0,511.2939455807209,0.9986209874623455,0.9986209874623455,0.0013790125376544893,0.07623490997462788,0.0013790125376549219,2.057652335848587,0.5000000000000002,0.0,0.0,0.0
n1024_m512_s0.747551_seed0.h5,512,0.7475510204081632,0,1024,512,1.0,511.25635147094727,0.9985475614666939,0.9985475614666939,0.0014524385333061218,0.07843034000898723,0.001452438533306643,2.0623078643728716,0.5000000000000002,0.0,0.0,0.0
n1024_m512_s0.747551_seed1.h5,512,0.7475510204081632,1,1024,512,1.0,511.26149103045464,0.9985575996688567,0.9985575996688567,0.0014424003311432898,0.07817158909253344,0.0014424003311436725,2.062228675025244,0.5000000000000002,0.0,0.0,0.0
n1024_m512_s0.767755_seed0.h5,512,0.7677551020408163,0,1024,512,1.0,511.2095333635807,0.9984561198507436,0.9984561198507436,0.001543880149256438,0.08104263157982727,0.001543880149256822,2.0664892976199383,0.5000000000000002,0.0,0.0,0.0
n1024_m512_s0.767755_seed1.h5,512,0.7677551020408163,1,1024,512,1.0,511.2125445306301,0.9984620010363869,0.9984620010363869,0.001537998963613063,0.08089035683793515,0.001537998963613559,2.0665927378187927,0.5000000000000002,0.0,0.0,0.0
n1024_m512_s0.787959_seed0.h5,512,0.7879591836734694,0,1024,512,1.0,511.15989232063293,0.9983591646887362,0.9983591646887362,0.0016408353112637997,0.08367263977590965,0.0016408353112642186,2.069985865739247,0.5000000000000002,0.0,0.0,0.0
n1024_m512_s0.787959_seed1.h5,512,0.7879591836734694,1,1024,512,1.0,511.16574704647064,0.998370599700138,0.998370599700138,0.0016294002998620272,0.08338081396274413,0.00162940029986251,2.0702518333477817,0.5000000000000002,0.0,0.0,0.0
n1024_m512_s0.808163_seed0.h5,512,0.8081632653061224,0,1024,512,1.0,511.10035356879234,0.9982428780640475,0.9982428780640475,0.0017571219359524548,0.08674165690341222,0.00175712193595295,2.0736644242148103,0.5000000000000002,0.0,0.0,0.0
n1024_m512_s0.808163_seed1.h5,512,0.8081632653061224,1,1024,512,1.0,511.1096939444542,0.9982611209852621,0.9982611209852621,0.001738879014737904,0.08630660237649243,0.0017388790147384535,2.073783654847294,0.5000000000000002,0.0,0.0,0.0
n1024_m512_s0.828367_seed0.h5,512,0.8283673469387755,0,1024,512,1.0,511.03669479489326,0.9981185445212759,0.9981185445212759,0.0018814554787240922,0.08988530038096347,0.0018814554787246053,2.076678106604042,0.5000000000000002,0.0,0.0,0.0
n1024_m512_s0.828367_seed1.h5,512,0.8283673469387755,1,1024,512,1.0,511.04392299056053,0.9981326620909385,0.9981326620909385,0.0018673379090614617,0.0895624183075049,0.0018673379090618854,2.0769064537517625,0.5000000000000002,0.0,0.0,0.0
n1024_m512_s0.848571_seed0.h5,512,0.8485714285714285,0,1024,512,1.0,510.9627274274826,0.997974077006802,0.997974077006802,0.002025922993198037,0.09340803851036437,0.0020259229931984682,2.07967105731504,0.5000000000000002,0.0,0.0,0.0
n1024_m512_s0.848571_seed1.h5,512,0.8485714285714285,1,1024,512,1.0,510.96088922023773,0.9979704867582768,0.9979704867582768,0.00202951324172318,0.09347908766647292,0.002029513241723596,2.0795242265868903,0.5000000000000002,0.0,0.0,0.0
n1024_m512_s0.868776_seed0.h5,512,0.8687755102040816,0,1024,512,1.0,510.8689886331558,0.9977909934241325,0.9977909934241325,0.0022090065758675337,0.09764410585761556,0.0022090065758679535,2.0824516940876254,0.5000000000000002,0.0,0.0,0.0
n1024_m512_s0.868776_seed1.h5,512,0.8687755102040816,1,1024,512,1.0,510.8772442936897,0.9978071177611127,0.9978071177611127,0.0021928822388872504,0.09730210876857882,0.002192882238887711,2.082395297790237,0.5000000000000002,0.0,0.0,0.0
n1024_m512_s0.888980_seed0.h5,512,0.8889795918367347,0,1024,512,1.0,510.76948696374893,0.9975966542260721,0.9975966542260721,0.0024033457739278674,0.10196661383390751,0.002403345773928492,2.0852616474383927,0.5000000000000002,0.0,0.0,0.0
n1024_m512_s0.888980_seed1.h5,512,0.8889795918367347,1,1024,512,1.0,510.76021057367325,0.9975785362767056,0.9975785362767056,0.002421463723294437,0.1023358098476884,0.0024214637232947904,2.0847940982553244,0.5000000000000002,0.0,0.0,0.0
n1024_m512_s0.909184_seed0.h5,512,0.9091836734693878,0,1024,512,1.0,510.6235026419163,0.9973115285974927,0.9973115285974927,0.0026884714025072753,0.10793770819514965,0.0026884714025076895,2.087086825804809,0.5000000000000002,0.0,0.0,0.0
n1024_m512_s0.909184_seed1.h5,512,0.9091836734693878,1,1024,512,1.0,510.63071101903915,0.9973256074590608,0.9973256074590608,0.0026743925409391522,0.10762376484805596,0.002674392540939576,2.086847975885349,0.5000000000000002,0.0,0.0,0.0
n1024_m512_s0.929388_seed0.h5,512,0.9293877551020407,0,1024,512,1.0,510.4705730676651,0.9970128380227834,0.9970128380227834,0.0029871619772166014,0.11381626729144702,0.002987161977217014,2.088569288760394,0.5000000000000002,0.0,0.0,0.0
n1024_m512_s0.929388_seed1.h5,512,0.9293877551020407,1,1024,512,1.0,510.4567138850689,0.9969857693067752,0.9969857693067752,0.0030142306932248175,0.11430335979633452,0.0030142306932252785,2.088044518843015,0.5000000000000002,0.0,0.0,0.0
n1024_m512_s0.949592_seed0.h5,512,0.9495918367346938,0,1024,512,1.0,510.2191339433193,0.9965217459830455,0.9965217459830455,0.003478254016954452,0.12279048686930824,0.003478254016954824,2.0890006151474223,0.5000000000000002,0.0,0.0,0.0
n1024_m512_s0.949592_seed1.h5,512,0.9495918367346938,1,1024,512,1.0,510.2383209168911,0.9965592205408029,0.9965592205408029,0.003440779459197074,0.12209737719905414,0.0034407794591976367,2.088672669807396,0.5000000000000002,0.0,0.0,0.0
n1024_m512_s0.969796_seed0.h5,512,0.9697959183673469,0,1024,512,1.0,509.916227042675,0.9959301309427246,0.9959301309427246,0.004069869057275355,0.13244325286145323,0.0040698690572757955,2.0858817833803127,0.5000000000000002,0.0,0.0,0.0
n1024_m512_s0.969796_seed1.h5,512,0.9697959183673469,1,1024,512,1.0,509.92635574936867,0.9959499135729857,0.9959499135729857,0.004050086427014321,0.13216007574175181,0.004050086427014722,2.086116317409995,0.5000000000000002,0.0,0.0,0.0
n1024_m512_s0.990000_seed0.h5,512,0.99,0,1024,512,1.0,510.39128851890564,0.9968579853884876,0.9968579853884876,0.0031420146115124226,0.11475439311018129,0.0031420146115128072,2.064794655773031,0.5000000000000002,0.0,0.0,0.0
n1024_m512_s0.990000_seed1.h5,512,0.99,1,1024,512,1.0,510.3133479952812,0.9967057578032836,0.9967057578032836,0.003294242196716368,0.11754053517543275,0.003294242196716719,2.0663548575527555,0.5000000000000002,0.0,0.0,0.0
n1024_m64_s0.000000_seed0.h5,64,0.0,0,1024,64,1.0,63.996014970718534,0.9999377339174771,0.9999377339174771,6.226608252291044e-05,0.007498197677640899,6.226608252293735e-05,1.000352186229926,0.0625,0.0,0.0,0.0
n1024_m64_s0.000000_seed1.h5,64,0.0,1,1024,64,1.0,63.99818440925446,0.999971631394601,0.999971631394601,2.836860539900954e-05,0.005159517691773942,2.8368605399179264e-05,1.0005963340963457,0.06250000000000001,0.0,0.0,0.0
n1024_m64_s0.020204_seed0.h5,64,0.02020408163265306,0,1024,64,1.0,63.997786541396636,0.9999654147093224,0.9999654147093224,3.458529067756899e-05,0.005679009343438199,3.458529067783179e-05,1.0008209347783246,0.06250000000000001,0.0,0.0,0.0
n1024_m64_s0.020204_seed1.h5,64,0.02020408163265306,1,1024,64,1.0,63.99782604662323,0.999966031978488,0.999966031978488,3.396802151200973e-05,0.005609287545485916,3.39680215122886e-05,1.000813855371758,0.06250000000000001,0.0,0.0,0.0
n1024_m64_s0.040408_seed0.h5,64,0.04040816326530612,0,1024,64,1.0,63.994509130949154,0.9999142051710805,0.9999142051710805,8.5794828919461e-05,0.00866332653218324,8.579482891933532e-05,1.0008245017094868,0.06249999999999999,0.0,0.0,0.0
n1024_m64_s0.040408_seed1.h5,64,0.04040816326530612,1,1024,64,1.0,63.99765517214837,0.9999633620648183,0.9999633620648183,3.6637935181715875e-05,0.005849508743273348,3.6637935182032875e-05,1.0011675091063268,0.06250000000000001,0.0,0.0,0.0
n1024_m64_s0.060612_seed0.h5,64,0.06061224489795918,0,1024,64,1.0,63.993483601698244,0.9998981812765351,0.9998981812765351,0.00010181872346493037,0.009468788082984148,0.00010181872346490558,1.0009224620519768,0.0625,0.0,0.0,0.0
n1024_m64_s0.060612_seed1.h5,64,0.06061224489795918,1,1024,64,1.0,63.996416252186464,0.9999440039404135,0.9999440039404135,5.5996059586505e-05,0.007210646358276927,5.599605958663815e-05,1.0010203307777896,0.0625,0.0,0.0,0.0
n1024_m64_s0.080816_seed0.h5,64,0.08081632653061224,0,1024,64,1.0,63.99286517070141,0.9998885182922095,0.9998885182922095,0.00011148170779051725,0.009906958451914498,0.00011148170779077903,1.0011673038085824,0.06250000000000003,0.0,0.0,0.0
n1024_m64_s0.080816_seed1.h5,64,0.08081632653061224,1,1024,64,1.0,63.996241699074744,0.9999412765480429,0.9999412765480429,5.872345195712114e-05,0.007355115306397448,5.872345195688976e-05,1.0015774045460717,0.062499999999999986,0.0,0.0,0.0
n1024_m64_s0.101020_seed0.h5,64,0.1010204081632653,0,1024,64,1.0,63.99374055270164,0.9999021961359631,0.9999021961359631,9.7803864036905e-05,0.009438183208935256,9.780386403714005e-05,1.0013969444930126,0.06250000000000001,0.0,0.0,0.0
n1024_m64_s0.101020_seed1.h5,64,0.1010204081632653,1,1024,64,1.0,63.99579067539162,0.999934229302994,0.999934229302994,6.577069700597349e-05,0.007804145396955986,6.57706970062402e-05,1.001631687532577,0.06250000000000003,0.0,0.0,0.0
n1024_m64_s0.121224_seed0.h5,64,0.12122448979591836,0,1024,64,1.0,63.9930449352978,0.9998913271140282,0.9998913271140282,0.00010867288597182778,0.009927591687740196,0.00010867288597223818,1.0017528755353118,0.06250000000000003,0.0,0.0,0.0
n1024_m64_s0.121224_seed1.h5,64,0.12122448979591836,1,1024,64,1.0,63.99540038982377,0.9999281310909964,0.9999281310909964,7.186890900356957e-05,0.0081512452354872,7.186890900375823e-05,1.0019272611350318,0.06250000000000001,0.0,0.0,0.0
n1024_m64_s0.141429_seed0.h5,64,0.14142857142857143,0,1024,64,1.0,63.98848538802122,0.9998200841878315,0.9998200841878315,0.00017991581216847408,0.01256570477145493,0.00017991581216882295,1.0017132402227662,0.06250000000000003,0.0,0.0,0.0
n1024_m64_s0.141429_seed1.h5,64,0.14142857142857143,1,1024,64,1.0,63.99477097887575,0.9999182965449336,0.9999182965449336,8.170345506641752e-05,0.008684999923746706,8.170345506672328e-05,1.0020732414929285,0.06250000000000003,0.0,0.0,0.0
n1024_m64_s0.161633_seed0.h5,64,0.16163265306122448,0,1024,64,1.0,63.98973473042861,0.999839605162947,0.999839605162947,0.00016039483705299062,0.011936775960897759,0.00016039483705332713,1.0020295407004387,0.06250000000000003,0.0,0.0,0.0
n1024_m64_s0.161633_seed1.h5,64,0.16163265306122448,1,1024,64,1.0,63.99403687501763,0.9999068261721504,0.9999068261721504,9.317382784956862e-05,0.009260655631742332,9.317382784967126e-05,1.0022604784138753,0.0625,0.0,0.0,0.0
n1024_m64_s0.181837_seed0.h5,64,0.18183673469387754,0,1024,64,1.0,63.9887915684958,0.9998248682577469,0.9998248682577469,0.00017513174225314287,0.01248805704192677,0.00017513174225344176,1.0022342559261304,0.06250000000000001,0.0,0.0,0.0
n1024_m64_s0.181837_seed1.h5,64,0.18183673469387754,1,1024,64,1.0,63.9931992410784,0.99989373814185,0.99989373814185,0.0001062618581499919,0.009837547775864553,0.00010626185815027109,1.0026504128896752,0.06250000000000001,0.0,0.0,0.0
n1024_m64_s0.202041_seed0.h5,64,0.2020408163265306,0,1024,64,1.0,63.98507245501969,0.9997667571096827,0.9997667571096827,0.00023324289031734224,0.014221152823982638,0.00023324289031764663,1.002440879383919,0.06250000000000003,0.0,0.0,0.0
n1024_m64_s0.202041_seed1.h5,64,0.2020408163265306,1,1024,64,1.0,63.99251387355616,0.999883029274315,0.999883029274315,0.0001169707256849506,0.010313098173927636,0.0001169707256849329,1.0028280922731165,0.0625,0.0,0.0,0.0
n1024_m64_s0.222245_seed0.h5,64,0.22224489795918367,0,1024,64,1.0,63.9868737396464,0.999794902181975,0.999794902181975,0.00020509781802502403,0.013408910676153884,0.00020509781802532644,1.002789813214251,0.06250000000000003,0.0,0.0,0.0
n1024_m64_s0.222245_seed1.h5,64,0.22224489795918367,1,1024,64,1.0,63.99158242726844,0.9998684754260694,0.9998684754260694,0.00013152457393061923,0.010907040269355342,0.00013152457393094172,1.003055124565188,0.06250000000000001,0.0,0.0,0.0
n1024_m64_s0.242449_seed0.h5,64,0.24244897959183673,0,1024,64,1.0,63.983027323978604,0.9997348019371657,0.9997348019371657,0.00026519806283431535,0.015112160409430926,0.0002651980628342797,1.0030082780840461,0.0625,0.0,0.0,0.0
n1024_m64_s0.242449_seed1.h5,64,0.24244897959183673,1,1024,64,1.0,63.990413747793355,0.9998502148092712,0.9998502148092712,0.000149785190728835,0.0115922931121894,0.00014978519072893903,1.003514576282511,0.0625,0.0,0.0,0.0
n1024_m64_s0.262653_seed0.h5,64,0.2626530612244898,0,1024,64,1.0,63.98758532734064,0.9998060207396975,0.9998060207396975,0.00019397926030251256,0.013088950930203205,0.00019397926030262136,1.003548597322744,0.0625,0.0,0.0,0.0
n1024_m64_s0.262653_seed1.h5,64,0.2626530612244898,1,1024,64,1.0,63.98949217482004,0.9998358152315632,0.9998358152315632,0.00016418476843682583,0.012105983643315535,0.00016418476843732167,1.0037745240316622,0.06250000000000003,0.0,0.0,0.0
n1024_m64_s0.282857_seed0.h5,64,0.28285714285714286,0,1024,64,1.0,63.98400090467476,0.9997500141355431,0.9997500141355431,0.0002499858644569031,0.01503280071119378,0.0002499858644571602,1.005961752669378,0.06250000000000001,0.0,0.0,0.0
n1024_m64_s0.282857_seed1.h5,64,0.28285714285714286,1,1024,64,1.0,63.985392699854856,0.9997717609352321,0.9997717609352321,0.0002282390647678767,0.0144397272484828,0.00022823906476810349,1.006126368107773,0.06250000000000001,0.0,0.0,0.0
n1024_m64_s0.303061_seed0.h5,64,0.3030612244897959,0,1024,64,1.0,63.979160082220915,0.9996743762847018,0.9996743762847018,0.00032562371529820666,0.017347439243965004,0.00032562371529836935,1.0087607017190678,0.06250000000000001,0.0,0.0,0.0
n1024_m64_s0.303061_seed1.h5,64,0.3030612244897959,1,1024,64,1.0,63.98057968662761,0.9996965576035564,0.9996965576035564,0.0003034423964436428,0.016814485706382956,0.0003034423964435713,1.0088219432763843,0.06249999999999999,0.0,0.0,0.0
n1024_m64_s0.323265_seed0.h5,64,0.32326530612244897,0,1024,64,1.0,63.96342399199784,0.9994284998749663,0.9994284998749663,0.0005715001250337082,0.02325263696436408,0.0005715001250340245,1.0185583005991112,0.06250000000000003,0.0,0.0,0.0
n1024_m64_s0.323265_seed1.h5,64,0.32326530612244897,1,1024,64,1.0,63.96085926477099,0.9993884260120467,0.9993884260120467,0.0006115739879533066,0.024091795612215056,0.0006115739879531467,1.021048038679343,0.06249999999999999,0.0,0.0,0.0
n1024_m64_s0.343469_seed0.h5,64,0.34346938775510205,0,1024,64,1.0,63.9404816246024,0.9990700253844125,0.9990700253844125,0.0009299746155875255,0.029256265606160334,0.0009299746155878484,1.0307504359282678,0.06250000000000001,0.0,0.0,0.0
n1024_m64_s0.343469_seed1.h5,64,0.34346938775510205,1,1024,64,1.0,63.942019941423496,0.9990940615847421,0.9990940615847421,0.0009059384152578787,0.02919405042838817,0.0009059384152580602,1.0328961478733365,0.06250000000000001,0.0,0.0,0.0
n1024_m64_s0.363673_seed0.h5,64,0.3636734693877551,0,1024,64,1.0,63.918617141782306,0.9987283928403485,0.9987283928403485,0.0012716071596514666,0.03411513641929283,0.0012716071596518119,1.0489649668434458,0.06250000000000003,0.0,0.0,0.0
n1024_m64_s0.363673_seed1.h5,64,0.3636734693877551,1,1024,64,1.0,63.92545543212327,0.9988352411269261,0.9988352411269261,0.001164758873073879,0.03292803418155362,0.001164758873074245,1.043508888152337,0.06250000000000003,0.0,0.0,0.0
n1024_m64_s0.383878_seed0.h5,64,0.38387755102040816,0,1024,64,1.0,63.89926518555876,0.9984260185243556,0.9984260185243556,0.0015739814756443593,0.038078741539681514,0.001573981475644618,1.0663544582776971,0.06250000000000001,0.00014048789385168628,0.0,0.0
n1024_m64_s0.383878_seed1.h5,64,0.38387755102040816,1,1024,64,1.0,63.90305092664494,0.9984851707288271,0.9984851707288271,0.0015148292711728573,0.03750111241691773,0.0015148292711729876,1.0628523889494932,0.06250000000000001,4.843779797224573e-05,0.0,0.0
n1024_m64_s0.404082_seed0.h5,64,0.4040816326530612,0,1024,64,1.0,63.86530386850063,0.9978953729453224,0.9978953729453224,0.0021046270546776213,0.04455444691651681,0.0021046270546774696,1.1052084416951078,0.06249999999999999,0.00035899844620593534,0.0,0.0
n1024_m64_s0.404082_seed1.h5,64,0.4040816326530612,1,1024,64,1.0,63.86643122781243,0.9979129879345692,0.9979129879345692,0.0020870120654308266,0.04406217390302632,0.0020870120654309927,1.1052526433077923,0.06250000000000001,0.0003179515795975648,0.0,0.0
n1024_m64_s0.424286_seed0.h5,64,0.42428571428571427,0,1024,64,1.0,63.82000782095565,0.9971876222024321,0.9971876222024321,0.002812377797567933,0.05522693018127788,0.0028123777975678802,1.2211809937695262,0.0625,0.005104934671967773,0.00024524399920588375,0.0
n1024_m64_s0.424286_seed1.h5,64,0.42428571428571427,1,1024,64,1.0,63.82494371755456,0.99726474558679,0.99726474558679,0.0027352544132099865,0.0535255287054143,0.002735254413210034,1.2029053780061605,0.0625,0.0013057260190613834,0.0001361936872546001,0.0
n1024_m64_s0.444490_seed0.h5,64,0.44448979591836735,0,1024,64,1.0,63.78319075014588,0.9966123554710293,0.9966123554710293,0.003387644528970668,0.05951552420973439,0.0033876445289704373,1.3234749242789237,0.062499999999999986,0.044209189184285055,0.00031486085269806226,0.0
n1024_m64_s0.444490_seed1.h5,64,0.44448979591836735,1,1024,64,1.0,63.79403464705683,0.996781791360263,0.996781791360263,0.003218208639736986,0.05892387437047464,0.003218208639737169,1.3043737667793487,0.06250000000000001,0.01825101088793619,0.00027625275383417526,0.0
n1024_m64_s0.464694_seed0.h5,64,0.4646938775510204,0,1024,64,1.0,63.75656240756507,0.9961962876182042,0.9961962876182042,0.0038037123817957763,0.06279448182451142,0.0038037123817959272,1.4275432541956083,0.0625,0.12690594221639045,0.0002909080738838224,3.227414698314351e-05
n1024_m64_s0.464694_seed1.h5,64,0.4646938775510204,1,1024,64,1.0,63.75661313239107,0.9961970801936104,0.9961970801936104,0.003802919806389582,0.0634172231807546,0.0038029198063895603,1.432270112248655,0.0625,0.11849657533714467,0.00026789405078160057,7.622574885181381e-05
n1024_m64_s0.484898_seed0.h5,64,0.48489795918367345,0,1024,64,1.0,63.72492073306785,0.9957018864541851,0.9957018864541851,0.004298113545814886,0.06634642514571837,0.0042981135458153375,1.5212065369300258,0.06250000000000003,0.21277130213333267,0.0002857324891436508,0.0002857324891436508
n1024_m64_s0.484898_seed1.h5,64,0.48489795918367345,1,1024,64,1.0,63.7351514359616,0.9958617411869,0.9958617411869,0.0041382588131000375,0.0651434202482004,0.004138258813100295,1.511142396012787,0.06250000000000001,0.1953226915782859,0.00026230931117070754,0.00025645344188947913
n1024_m64_s0.505102_seed0.h5,64,0.5051020408163265,0,1024,64,1.0,63.7065197353877,0.9954143708654328,0.9954143708654328,0.004585629134567171,0.06675332231676395,0.004585629134567269,1.584814862433965,0.0625,0.24817910333658855,0.0002895290899118636,0.00028603238505644796
n1024_m64_s0.505102_seed1.h5,64,0.5051020408163265,1,1024,64,1.0,63.717057124311395,0.9955790175673656,0.9955790175673656,0.004420982432634446,0.06723413865394665,0.004420982432634204,1.580513564754586,0.062499999999999986,0.23018854604522027,0.000253885227106904,0.000253885227106904
n1024_m64_s0.525306_seed0.h5,64,0.5253061224489796,0,1024,64,1.0,63.68236988205899,0.9950370294071718,0.9950370294071718,0.004962970592828242,0.06632706103755236,0.004962970592828217,1.6792964022866943,0.0625,0.23159841717680732,0.0008141744399308454,0.00027404260839251817
n1024_m64_s0.525306_seed1.h5,64,0.5253061224489796,1,1024,64,1.0,63.69147832778981,0.9951793488717158,0.9951793488717158,0.004820651128284226,0.06625743008561602,0.004820651128284241,1.6660533731719498,0.0625,0.2384857869071929,0.00036282860448473813,0.00025311391957240814
n1024_m64_s0.545510_seed0.h5,64,0.5455102040816326,0,1024,64,1.0,63.66568343875406,0.9947763037305322,0.9947763037305322,0.005223696269467837,0.06436167690564479,0.005223696269468023,1.76090528442736,0.06250000000000001,0.19001817449648406,0.006247651818689745,0.0002463609488166261
n1024_m64_s0.545510_seed1.h5,64,0.5455102040816326,1,1024,64,1.0,63.67692441579857,0.9949519439968526,0.9949519439968526,0.005048056003147394,0.06493587736524246,0.005048056003147387,1.721999622531403,0.0625,0.21430429303061593,0.002215436806630158,0.0002529886016867491
n1024_m64_s0.565714_seed0.h5,64,0.5657142857142857,0,1024,64,1.0,63.66037099518144,0.99469329679971,0.99469329679971,0.0053067032002900305,0.06198414510646105,0.00530670320029018,1.8134482058101578,0.0625,0.16095366255649243,0.013448238101702198,0.0003433210067038214
n1024_m64_s0.565714_seed1.h5,64,0.5657142857142857,1,1024,64,1.0,63.66472242830059,0.9947612879421968,0.9947612879421968,0.005238712057803241,0.06377316696238544,0.005238712057803037,1.7825881384274556,0.06249999999999999,0.19165601742939808,0.006276178177260482,0.000238990590628711
n1024_m64_s0.585918_seed0.h5,64,0.5859183673469388,0,1024,64,1.0,63.65526162840979,0.994613462943903,0.994613462943903,0.0053865370560970405,0.05960982765091652,0.005386537056096942,1.8619084007786664,0.0625,0.13113614721527572,0.02921972568390603,0.0006978613955568723
n1024_m64_s0.585918_seed1.h5,64,0.5859183673469388,1,1024,64,1.0,63.66008420026628,0.9946888156291607,0.9946888156291607,0.005311184370839328,0.057888867785436934,0.005311184370839446,1.8647897015434867,0.0625,0.12058802938722005,0.03346851562793669,0.0007539273567077013
n1024_m64_s0.606122_seed0.h5,64,0.6061224489795918,0,1024,64,1.0,63.64921281180432,0.9945189501844425,0.9945189501844425,0.005481049815557526,0.05831678769458739,0.005481049815557532,1.8939503930381179,0.0625,0.11566744478606572,0.039419851951732865,0.0016119191931420512
n1024_m64_s0.606122_seed1.h5,64,0.6061224489795918,1,1024,64,1.0,63.64700088248355,0.9944843887888055,0.9944843887888055,0.005515611211194482,0.057876677027217396,0.005515611211194139,1.9089968265051023,0.06249999999999998,0.09990722052894381,0.04809423563803749,0.004186233337417044
n1024_m64_s0.626327_seed0.h5,64,0.6263265306122449,0,1024,64,1.0,63.6755414010986,0.9949303343921656,0.9949303343921656,0.005069665607834395,0.05231980747135594,0.0050696656078345215,1.9548911108713327,0.0625,0.06915515402642322,0.051157923512785995,0.010546325171652104
n1024_m64_s0.626327_seed1.h5,64,0.6263265306122449,1,1024,64,1.0,63.67199644980428,0.9948749445281919,0.9948749445281919,0.005125055471808082,0.052280647184428826,0.005125055471807603,1.9555815694538103,0.06249999999999996,0.0691098362021399,0.05198096100820313,0.010806424463093085
n1024_m64_s0.646531_seed0.h5,64,0.6465306122448979,0,1024,64,1.0,63.79468583106063,0.9967919661103224,0.9967919661103224,0.0032080338896776084,0.03937160351864792,0.0032080338896775767,2.0141731421941986,0.06249999999999999,0.02273446242581577,0.02259409750323001,0.021419418900110978
n1024_m64_s0.646531_seed1.h5,64,0.6465306122448979,1,1024,64,1.0,63.694418991261045,0.9952252967384538,0.9952252967384538,0.004774703261546165,0.048564645347572044,0.0047747032615459714,1.9838333423951504,0.062499999999999986,0.053836682231042016,0.04708934089537137,0.018095017940604134
n1024_m64_s0.666735_seed0.h5,64,0.666734693877551,0,1024,64,1.0,63.7965382117618,0.9968209095587781,0.9968209095587781,0.003179090441221888,0.040027414201924634,0.0031790904412216936,2.0256888436939646,0.062499999999999986,0.022839257905203653,0.022614078269303867,0.021444214252312223
n1024_m64_s0.666735_seed1.h5,64,0.666734693877551,1,1024,64,1.0,63.73442707355571,0.9958504230243079,0.9958504230243079,0.004149576975692071,0.046499831689156355,0.0041495769756921845,2.01057973195329,0.0625,0.038543185973219346,0.03622161982542833,0.022110536574633417
n1024_m64_s0.686939_seed0.h5,64,0.6869387755102041,0,1024,64,1.0,63.72942539933865,0.9957722718646664,0.9957722718646664,0.004227728135333564,0.04637166414646895,0.004227728135333675,2.0206002710344095,0.0625,0.03886568253368418,0.03786991064805338,0.023162454931357455
n1024_m64_s0.686939_seed1.h5,64,0.6869387755102041,1,1024,64,1.0,63.80802511908405,0.9970003924856883,0.9970003924856883,0.0029996075143117196,0.04013446878316168,0.002999607514311553,2.035345935683326,0.062499999999999986,0.02307218314510783,0.02251403536884576,0.019622664138942272
n1024_m64_s0.707143_seed0.h5,64,0.7071428571428571,0,1024,64,1.0,63.80693192554463,0.9969833113366349,0.9969833113366349,0.00301668866336513,0.04092777501034033,0.0030166886633651233,2.04452699196451,0.0625,0.02342539394394722,0.022725089300722475,0.019878201776771375
n1024_m64_s0.707143_seed1.h5,64,0.7071428571428571,1,1024,64,1.0,63.80388851821772,0.9969357580971518,0.9969357580971518,0.0030642419028481527,0.04176618468117174,0.0030642419028480425,2.045699583509778,0.062499999999999986,0.023319911401928087,0.022893522648408965,0.019727102415136318
n1024_m64_s0.727347_seed0.h5,64,0.7273469387755102,0,1024,64,1.0,63.82190439972328,0.9972172562456763,0.9972172562456763,0.0027827437543237465,0.04155762526200707,0.0027827437543235835,2.0626316145289505,0.062499999999999986,0.0234360982716163,0.022024753304482236,0.016992595040410636
n1024_m64_s0.727347_seed1.h5,64,0.7273469387755102,1,1024,64,1.0,63.98633281041111,0.9997864501626736,0.9997864501626736,0.00021354983732635446,0.030129166688182687,0.00021354983732587763,2.0756782680244172,0.062499999999999965,0.0,0.0,0.0
n1024_m64_s0.747551_seed0.h5,64,0.7475510204081632,0,1024,64,1.0,63.823543822494685,0.9972428722264794,0.9972428722264794,0.0027571277735205513,0.043563861156408014,0.0027571277735204194,2.0957012865421976,0.06249999999999999,0.02355138156572249,0.020935926475526036,0.016288971767804715
n1024_m64_s0.747551_seed1.h5,64,0.7475510204081632,1,1024,64,1.0,63.98359867542604,0.9997437293035318,0.9997437293035318,0.0002562706964681638,0.034316045126913615,0.00025627069646796925,2.1765310523753603,0.062499999999999986,0.0,0.0,0.0
n1024_m64_s0.767755_seed0.h5,64,0.7677551020408163,0,1024,64,1.0,63.98125591404096,0.99970712365689,0.99970712365689,0.00029287634311003785,0.03982963368609154,0.0002928763431099765,2.343713347142553,0.0625,0.0,0.0,0.0
n1024_m64_s0.767755_seed1.h5,64,0.7677551020408163,1,1024,64,1.0,63.97886310277681,0.9996697359808877,0.9996697359808877,0.00033026401911229186,0.04308345800587474,0.0003302640191122228,2.418738076750265,0.0625,0.0,0.0,0.0
n1024_m64_s0.787959_seed0.h5,64,0.7879591836734694,0,1024,64,1.0,63.97245471687347,0.999569604951148,0.999569604951148,0.00043039504885200586,0.05099508849498641,0.00043039504885170396,2.563421493954748,0.06249999999999998,0.0,0.0,0.0
n1024_m64_s0.787959_seed1.h5,64,0.7879591836734694,1,1024,64,1.0,63.98321994680737,0.9997378116688651,0.9997378116688651,0.0002621883311348938,0.041907551971403584,0.0002621883311349065,2.601411715180965,0.0625,0.0,0.0,0.0
n1024_m64_s0.808163_seed0.h5,64,0.8081632653061224,0,1024,64,1.0,63.976413714306545,0.9996314642860398,0.9996314642860398,0.00036853571396022744,0.052050144284136235,0.0003685357139603208,2.7598190035923267,0.0625,0.0,0.0,0.0
n1024_m64_s0.808163_seed1.h5,64,0.8081632653061224,1,1024,64,1.0,63.97072896566533,0.9995426400885208,0.9995426400885208,0.00045735991147921595,0.05733839837662247,0.0004573599114792886,2.786586437958016,0.0625,0.0,0.0,0.0
n1024_m64_s0.828367_seed0.h5,64,0.8283673469387755,0,1024,64,1.0,63.97200686990982,0.9995626073423409,0.9995626073423409,0.00043739265765907476,0.06185406114680235,0.0004373926576591706,3.021132151915781,0.06250000000000001,0.0,0.0,0.0
n1024_m64_s0.828367_seed1.h5,64,0.8283673469387755,1,1024,64,1.0,63.973084117722465,0.9995794393394135,0.9995794393394135,0.00042056066058648867,0.06097771945695751,0.00042056066058614476,3.035199454545611,0.06249999999999997,0.0,0.0,0.0
n1024_m64_s0.848571_seed0.h5,64,0.8485714285714285,0,1024,64,1.0,63.97172442864394,0.9995581941975615,0.9995581941975615,0.00044180580243846634,0.0687840724583658,0.00044180580243826674,3.329340501950387,0.062499999999999986,0.0,0.0,0.0
n1024_m64_s0.848571_seed1.h5,64,0.8485714285714285,1,1024,64,1.0,63.96999975919607,0.9995312462374386,0.9995312462374386,0.00046875376256139134,0.07066918000251574,0.0004687537625614495,3.3031809703469204,0.0625,0.0,0.0,0.0
n1024_m64_s0.868776_seed0.h5,64,0.8687755102040816,0,1024,64,1.0,63.95684719410201,0.9993257374078439,0.9993257374078439,0.000674262592156083,0.09393810228651545,0.0006742625921559353,3.6535790819309706,0.062499999999999986,0.0,0.0,0.0
n1024_m64_s0.868776_seed1.h5,64,0.8687755102040816,1,1024,64,1.0,63.96738688850019,0.9994904201328154,0.9994904201328154,0.0005095798671845841,0.08222129448624638,0.0005095798671845337,3.6605178890024717,0.06249999999999999,0.0,0.0,0.0
n1024_m64_s0.888980_seed0.h5,64,0.8889795918367347,0,1024,64,1.0,63.95859281414596,0.9993530127210306,0.9993530127210306,0.0006469872789693909,0.1053795938605657,0.0006469872789693752,4.168088950154824,0.0625,0.0,0.0,0.0
n1024_m64_s0.888980_seed1.h5,64,0.8889795918367347,1,1024,64,1.0,63.95130521507235,0.9992391439855055,0.9992391439855055,0.0007608560144944931,0.1158596385835007,0.00076085601449451,4.229988641522891,0.0625,0.0,0.0,0.0
n1024_m64_s0.909184_seed0.h5,64,0.9091836734693878,0,1024,64,1.0,63.956483880516316,0.9993200606330674,0.9993200606330674,0.0006799393669325582,0.1269694714615121,0.0006799393669321886,4.89180875829099,0.06249999999999997,0.0,0.0,0.0
n1024_m64_s0.909184_seed1.h5,64,0.9091836734693878,1,1024,64,1.0,63.95463767385081,0.9992912136539189,0.9992912136539189,0.0007087863460810695,0.12754592588520614,0.0007087863460809729,4.821426016983044,0.0625,0.0,0.0,0.0
n1024_m64_s0.929388_seed0.h5,64,0.9293877551020407,0,1024,64,1.0,63.957206867718924,0.9993313573081082,0.9993313573081082,0.0006686426918918187,0.1484701731266138,0.0006686426918917274,5.761211418908017,0.0625,0.0,0.0,0.0
n1024_m64_s0.929388_seed1.h5,64,0.9293877551020407,1,1024,64,1.0,63.959885493732145,0.9993732108395648,0.9993732108395648,0.0006267891604352371,0.1455821326256087,0.0006267891604353308,5.842141041550172,0.0625,0.0,0.0,0.0
n1024_m64_s0.949592_seed0.h5,64,0.9495918367346938,0,1024,64,1.0,63.96246033289208,0.9994134427014387,0.9994134427014387,0.0005865572985612744,0.18182545673789655,0.0005865572985608823,7.530918490091411,0.06249999999999997,0.0,0.0,0.0
n1024_m64_s0.949592_seed1.h5,64,0.9495918367346938,1,1024,64,1.0,63.96508636373255,0.9994544744333211,0.9994544744333211,0.0005455255666788617,0.17551840601789206,0.0005455255666791294,7.54767350401808,0.06250000000000003,0.0,0.0,0.0
n1024_m64_s0.969796_seed0.h5,64,0.9697959183673469,0,1024,64,1.0,63.96555800506758,0.9994618438291809,0.9994618438291809,0.000538156170819093,0.2643148338847132,0.0005381561708193445,11.44046731884628,0.06250000000000003,0.0,0.0,0.0
n1024_m64_s0.969796_seed1.h5,64,0.9697959183673469,1,1024,64,1.0,63.96558995799933,0.9994623430937395,0.9994623430937395,0.0005376569062605085,0.2651284414821893,0.0005376569062605812,11.483839693390973,0.0625,0.0,0.0,0.0
n1024_m64_s0.990000_seed0.h5,64,0.99,0,1024,64,1.0,63.955129373818636,0.9992988964659162,0.9992988964659162,0.0007011035340838134,0.6217173539425698,0.0007011035340843368,23.58657069981731,0.06250000000000003,0.0,0.0,0.0
n1024_m64_s0.990000_seed1.h5,64,0.99,1,1024,64,1.0,63.95724160422105,0.999331900065954,0.999331900065954,0.0006680999340460403,0.607212137594906,0.0006680999340463817,23.58958356930783,0.06250000000000003,0.0,0.0,0.0
n1024_m80_s0.000000_seed0.h5,80,0.0,0,1024,80,1.0,79.99790705345367,0.9999738381681709,0.9999738381681709,2.6161831829130122e-05,0.004906303083693124,2.616183182929521e-05,1.0009886165713546,0.07812500000000001,0.0,0.0,0.0
n1024_m80_s0.000000_seed1.h5,80,0.0,1,1024,80,1.0,79.99701316932624,0.999962664616578,0.999962664616578,3.7335383421988055e-05,0.005870129279162193,3.7335383422595805e-05,1.0007459080286791,0.07812500000000004,0.0,0.0,0.0
n1024_m80_s0.020204_seed0.h5,80,0.02020408163265306,0,1024,80,1.0,79.99672120667674,0.9999590150834592,0.9999590150834592,4.098491654080938e-05,0.006126303541290616,4.098491654109368e-05,1.0008511135485691,0.07812500000000003,0.0,0.0,0.0
n1024_m80_s0.020204_seed1.h5,80,0.02020408163265306,1,1024,80,1.0,79.99601616572909,0.9999502020716136,0.9999502020716136,4.979792838644137e-05,0.006725950583655273,4.9797928386684143e-05,1.0008328041694745,0.07812500000000001,0.0,0.0,0.0
n1024_m80_s0.040408_seed0.h5,80,0.04040816326530612,0,1024,80,1.0,79.99649805601803,0.9999562257002254,0.9999562257002254,4.3774299774645975e-05,0.006363791154386128,4.377429977515538e-05,1.001067845581733,0.07812500000000004,0.0,0.0,0.0
n1024_m80_s0.040408_seed1.h5,80,0.04040816326530612,1,1024,80,1.0,79.99563944074907,0.9999454930093634,0.9999454930093634,5.4506990636582486e-05,0.007060257021369128,5.4506990636839476e-05,1.0009483456883295,0.07812500000000003,0.0,0.0,0.0
n1024_m80_s0.060612_seed0.h5,80,0.06061224489795918,0,1024,80,1.0,79.9961180292521,0.9999514753656513,0.9999514753656513,4.852463434867893e-05,0.006694609197071797,4.8524634349165296e-05,1.0013713865705172,0.07812500000000003,0.0,0.0,0.0
n1024_m80_s0.060612_seed1.h5,80,0.06061224489795918,1,1024,80,1.0,79.99478655024723,0.9999348318780903,0.9999348318780903,6.516812190970889e-05,0.0076895760794929826,6.516812191028509e-05,1.001264552875018,0.07812500000000004,0.0,0.0,0.0
n1024_m80_s0.080816_seed0.h5,80,0.08081632653061224,0,1024,80,1.0,79.99555860912369,0.9999444826140461,0.9999444826140461,5.551738595388489e-05,0.007147235268887137,5.551738595453225e-05,1.0016249895801217,0.07812500000000006,0.0,0.0,0.0
n1024_m80_s0.080816_seed1.h5,80,0.08081632653061224,1,1024,80,1.0,79.99545039358782,0.9999431299198477,0.9999431299198477,5.687008015231587e-05,0.007290069883455404,5.687008015251955e-05,1.0014699138463663,0.07812500000000003,0.0,0.0,0.0
n1024_m80_s0.101020_seed0.h5,80,0.1010204081632653,0,1024,80,1.0,79.99523909443087,0.9999404886803859,0.9999404886803859,5.9511319614125036e-05,0.007418638448834472,5.951131961472198e-05,1.0019025798357937,0.07812500000000006,0.0,0.0,0.0
n1024_m80_s0.101020_seed1.h5,80,0.1010204081632653,1,1024,80,1.0,79.99498963718361,0.9999373704647951,0.9999373704647951,6.262953520486114e-05,0.0076259236091569624,6.262953520538137e-05,1.001721159379253,0.07812500000000003,0.0,0.0,0.0
n1024_m80_s0.121224_seed0.h5,80,0.12122448979591836,0,1024,80,1.0,79.99420967486367,0.9999276209357959,0.9999276209357959,7.237906420409779e-05,0.008166043261189507,7.237906420467035e-05,1.0021476883204288,0.07812500000000004,0.0,0.0,0.0
n1024_m80_s0.121224_seed1.h5,80,0.12122448979591836,1,1024,80,1.0,79.99376421524357,0.9999220526905447,0.9999220526905447,7.794730945531736e-05,0.008459145827319638,7.794730945584458e-05,1.0019993729667367,0.07812500000000003,0.0,0.0,0.0
n1024_m80_s0.141429_seed0.h5,80,0.14142857142857143,0,1024,80,1.0,79.99214248676435,0.9999017810845544,0.9999017810845544,9.821891544559147e-05,0.009462898175521628,9.821891544606825e-05,1.002153951270143,0.07812500000000004,0.0,0.0,0.0
n1024_m80_s0.141429_seed1.h5,80,0.14142857142857143,1,1024,80,1.0,79.9925866486301,0.9999073331078762,0.9999073331078762,9.266689212383827e-05,0.009210307455460552,9.2666892124361e-05,1.0021832959280839,0.07812500000000004,0.0,0.0,0.0
n1024_m80_s0.161633_seed0.h5,80,0.16163265306122448,0,1024,80,1.0,79.9917786516744,0.9998972331459299,0.9998972331459299,0.0001027668540700688,0.009649160329745669,0.00010276685407021863,1.0025726898847716,0.07812500000000001,0.0,0.0,0.0
n1024_m80_s0.161633_seed1.h5,80,0.16163265306122448,1,1024,80,1.0,79.99139214717434,0.9998924018396792,0.9998924018396792,0.00010759816032079872,0.009868774281348063,0.00010759816032125979,1.002591497254,0.07812500000000003,0.0,0.0,0.0
n1024_m80_s0.181837_seed0.h5,80,0.18183673469387754,0,1024,80,1.0,79.98996895621531,0.9998746119526913,0.9998746119526913,0.00012538804730866104,0.01063268352463652,0.00012538804730895492,1.0026857592010114,0.07812500000000003,0.0,0.0,0.0
n1024_m80_s0.181837_seed1.h5,80,0.18183673469387754,1,1024,80,1.0,79.9896449965454,0.9998705624568174,0.9998705624568174,0.00012943754318262002,0.010768352743541541,0.00012943754318296797,1.0027970126576728,0.07812500000000003,0.0,0.0,0.0
n1024_m80_s0.202041_seed0.h5,80,0.2020408163265306,0,1024,80,1.0,79.98754805667704,0.999844350708463,0.999844350708463,0.0001556492915369967,0.011721244767235095,0.0001556492915374087,1.003104911167018,0.07812500000000004,0.0,0.0,0.0
n1024_m80_s0.202041_seed1.h5,80,0.2020408163265306,1,1024,80,1.0,79.98782521484827,0.9998478151856034,0.9998478151856034,0.00015218481439660536,0.011619496463284909,0.000152184814396751,1.0030557657494734,0.078125,0.0,0.0,0.0
n1024_m80_s0.222245_seed0.h5,80,0.22224489795918367,0,1024,80,1.0,79.98834080119559,0.9998542600149449,0.9998542600149449,0.00014573998505507113,0.01138816588167023,0.00014573998505548145,1.0035857503549521,0.07812500000000003,0.0,0.0,0.0
n1024_m80_s0.222245_seed1.h5,80,0.22224489795918367,1,1024,80,1.0,79.98523888236377,0.9998154860295472,0.9998154860295472,0.00018451397045282647,0.012717208541940982,0.00018451397045351456,1.0034255573973654,0.07812500000000006,0.0,0.0,0.0
n1024_m80_s0.242449_seed0.h5,80,0.24244897959183673,0,1024,80,1.0,79.9805932813324,0.999757416016655,0.999757416016655,0.00024258398334497944,0.014727790336259478,0.0002425839833452231,1.0062382602055648,0.07812500000000003,0.0,0.0,0.0
n1024_m80_s0.242449_seed1.h5,80,0.24244897959183673,1,1024,80,1.0,79.98332105739246,0.9997915132174058,0.9997915132174058,0.00020848678259421938,0.013663934638798437,0.00020848678259459495,1.005187252409718,0.07812500000000003,0.0,0.0,0.0
n1024_m80_s0.262653_seed0.h5,80,0.2626530612244898,0,1024,80,1.0,79.96662157882383,0.9995827697352979,0.9995827697352979,0.00041723026470208424,0.019401595113469613,0.0004172302647025203,1.0115248462816946,0.07812500000000003,0.0,0.0,0.0
n1024_m80_s0.262653_seed1.h5,80,0.2626530612244898,1,1024,80,1.0,79.9683144483206,0.9996039306040074,0.9996039306040074,0.00039606939599257096,0.019188741292986405,0.0003960693959929881,1.0135511053878408,0.07812500000000004,0.0,0.0,0.0
n1024_m80_s0.282857_seed0.h5,80,0.28285714285714286,0,1024,80,1.0,79.95452762414061,0.9994315953017576,0.9994315953017576,0.0005684046982423752,0.023079219448962716,0.0005684046982427844,1.0229527246339454,0.07812500000000003,0.0,0.0,0.0
n1024_m80_s0.282857_seed1.h5,80,0.28285714285714286,1,1024,80,1.0,79.93849737169512,0.999231217146189,0.999231217146189,0.0007687828538109898,0.02612798715169418,0.0007687828538115023,1.0243447676276305,0.07812500000000003,0.0,0.0,0.0
n1024_m80_s0.303061_seed0.h5,80,0.3030612244897959,0,1024,80,1.0,79.93195968664077,0.9991494960830096,0.9991494960830096,0.000850503916990375,0.02778534594639185,0.0008505039169907684,1.0324660405915949,0.07812500000000003,0.0,0.0,0.0
n1024_m80_s0.303061_seed1.h5,80,0.3030612244897959,1,1024,80,1.0,79.93543680386938,0.9991929600483672,0.9991929600483672,0.000807039951632782,0.027430202922514052,0.0008070399516328696,1.0327927397020222,0.078125,0.0,0.0,0.0
n1024_m80_s0.323265_seed0.h5,80,0.32326530612244897,0,1024,80,1.0,79.9190798847485,0.9989884985593562,0.9989884985593562,0.0010115014406437695,0.030375736086277482,0.001011501440644338,1.045670159154829,0.07812500000000004,0.0,0.0,0.0
n1024_m80_s0.323265_seed1.h5,80,0.32326530612244897,1,1024,80,1.0,79.91570115571085,0.9989462644463856,0.9989462644463856,0.0010537355536144322,0.030857414124319953,0.0010537355536149775,1.0438973753710492,0.07812500000000006,0.0,0.0,0.0
n1024_m80_s0.343469_seed0.h5,80,0.34346938775510205,0,1024,80,1.0,79.90674143197248,0.998834267899656,0.998834267899656,0.0011657321003439858,0.032614954257607943,0.001165732100344252,1.0572353642924277,0.07812500000000003,0.0,0.0,0.0
n1024_m80_s0.343469_seed1.h5,80,0.34346938775510205,1,1024,80,1.0,79.90158071586484,0.9987697589483104,0.9987697589483104,0.0012302410516895623,0.03328520313950796,0.001230241051689872,1.057481765473747,0.07812500000000003,1.675656237643745e-06,0.0,0.0
n1024_m80_s0.363673_seed0.h5,80,0.3636734693877551,0,1024,80,1.0,79.89081948758394,0.9986352435947993,0.9986352435947993,0.0013647564052007288,0.035456022431038355,0.001364756405201072,1.070071949032805,0.07812500000000003,1.609251402372407e-05,0.0,0.0
n1024_m80_s0.363673_seed1.h5,80,0.3636734693877551,1,1024,80,1.0,79.8850440526221,0.9985630506577763,0.9985630506577763,0.0014369493422237145,0.03585966025559023,0.0014369493422241486,1.07868688668975,0.07812500000000004,0.0001202682566225766,0.0,0.0
n1024_m80_s0.383878_seed0.h5,80,0.38387755102040816,0,1024,80,1.0,79.85154390340176,0.998144298792522,0.998144298792522,0.0018557012074780221,0.04021491476727726,0.0018557012074781499,1.1075411334932312,0.07812500000000003,0.00024779858061554124,0.0,0.0
n1024_m80_s0.383878_seed1.h5,80,0.38387755102040816,1,1024,80,1.0,79.84660147179966,0.9980825183974957,0.9980825183974957,0.0019174816025042674,0.04113065007741102,0.0019174816025045698,1.1026470006020523,0.07812500000000003,0.0002644689742637494,0.0,0.0
n1024_m80_s0.404082_seed0.h5,80,0.4040816326530612,0,1024,80,1.0,79.80366612823855,0.9975458266029819,0.9975458266029819,0.0024541733970181445,0.0465071406485104,0.0024541733970184455,1.1596592863405433,0.07812500000000003,0.00023582831104908302,0.0,0.0
n1024_m80_s0.404082_seed1.h5,80,0.4040816326530612,1,1024,80,1.0,79.7897618240604,0.9973720228007551,0.9973720228007551,0.002627977199244902,0.04838369107868504,0.0026279771992451617,1.1769142276818096,0.07812500000000003,0.001993997479877918,0.0,0.0
n1024_m80_s0.424286_seed0.h5,80,0.42428571428571427,0,1024,80,1.0,79.74229016510071,0.9967786270637589,0.9967786270637589,0.0032213729362411403,0.056352202583221184,0.0032213729362416243,1.2940762098054024,0.07812500000000004,0.04370744202176849,0.0002127193211254935,0.0
n1024_m80_s0.424286_seed1.h5,80,0.42428571428571427,1,1024,80,1.0,79.7470869134122,0.9968385864176526,0.9968385864176526,0.00316141358234745,0.05404626697809332,0.0031614135823477443,1.2762789325286483,0.07812500000000003,0.05314835593941446,0.00024379396398993246,0.0
n1024_m80_s0.444490_seed0.h5,80,0.44448979591836735,0,1024,80,1.0,79.69273188005172,0.9961591485006466,0.9961591485006466,0.003840851499353426,0.0609895728293508,0.0038408514993538145,1.392931671833624,0.07812500000000003,0.16081779504026777,0.00019997165025424315,0.0
n1024_m80_s0.444490_seed1.h5,80,0.44448979591836735,1,1024,80,1.0,79.70142781457253,0.9962678476821566,0.9962678476821566,0.003732152317843407,0.0601203725563656,0.003732152317843729,1.4120970041205039,0.07812500000000003,0.16557712293894325,0.00021654811018402103,0.0
n1024_m80_s0.464694_seed0.h5,80,0.4646938775510204,0,1024,80,1.0,79.66467203752109,0.9958084004690135,0.9958084004690135,0.004191599530986467,0.06232883518790124,0.004191599530986836,1.5133723807000217,0.07812500000000003,0.23053822898833287,0.00018159181036500363,0.0
n1024_m80_s0.464694_seed1.h5,80,0.4646938775510204,1,1024,80,1.0,79.6654180150581,0.9958177251882262,0.9958177251882262,0.004182274811773801,0.0627391995853035,0.004182274811773685,1.5249833820658873,0.078125,0.2336839302970267,0.0002094823561088228,0.0
n1024_m80_s0.484898_seed0.h5,80,0.48489795918367345,0,1024,80,1.0,79.6360450751381,0.9954505634392262,0.9954505634392262,0.0045494365607737786,0.06319429217964011,0.004549436560773593,1.6095654948237548,0.07812499999999999,0.2369674712107909,0.00028858995657713403,9.036919836920858e-05
n1024_m80_s0.484898_seed1.h5,80,0.48489795918367345,1,1024,80,1.0,79.63877631547075,0.9954847039433844,0.9954847039433844,0.004515296056615603,0.06446229223942476,0.004515296056615682,1.6000974950412867,0.078125,0.2354577993568719,0.00021198934413131583,0.00014348151777306964
n1024_m80_s0.505102_seed0.h5,80,0.5051020408163265,0,1024,80,1.0,79.61798407357128,0.9952248009196409,0.9952248009196409,0.0047751990803590605,0.06341783702249756,0.004775199080358764,1.6796768576233132,0.07812499999999997,0.20798653076479753,0.0007873235142274804,0.00012721221311493892
n1024_m80_s0.505102_seed1.h5,80,0.5051020408163265,1,1024,80,1.0,79.61075732444442,0.9951344665555553,0.9951344665555553,0.004865533444444736,0.0647213997680833,0.00486553344444496,1.6822352570758463,0.07812500000000003,0.19934822089170504,0.0014440902018368143,0.00017107577746465648
n1024_m80_s0.525306_seed0.h5,80,0.5253061224489796,0,1024,80,1.0,79.60423230196466,0.9950529037745582,0.9950529037745582,0.0049470962254417605,0.061703445321248995,0.0049470962254418525,1.7488472027578195,0.07812500000000001,0.16424649100664532,0.005298902327590163,0.00014057562705205233
n1024_m80_s0.525306_seed1.h5,80,0.5253061224489796,1,1024,80,1.0,79.60049307396548,0.9950061634245685,0.9950061634245685,0.0049938365754315095,0.06433632664280763,0.004993836575431449,1.7455193733403624,0.078125,0.17938576066738943,0.0027774091238268813,0.00020454914684339757
n1024_m80_s0.545510_seed0.h5,80,0.5455102040816326,0,1024,80,1.0,79.59302208667214,0.9949127760834017,0.9949127760834017,0.005087223916598327,0.05977956431511646,0.0050872239165981525,1.8197879006135462,0.07812499999999999,0.13126183228375224,0.019527700911208017,0.00022434433215010545
n1024_m80_s0.545510_seed1.h5,80,0.5455102040816326,1,1024,80,1.0,79.5939070382592,0.99492383797824,0.99492383797824,0.005076162021759978,0.06251834343365703,0.0050761620217600716,1.7962995220167304,0.078125,0.15595834449027207,0.009472692508468428,0.0001938528178321249
n1024_m80_s0.565714_seed0.h5,80,0.5657142857142857,0,1024,80,1.0,79.5986248965055,0.9949828112063187,0.9949828112063187,0.005017188793681293,0.0562862371583676,0.005017188793681077,1.8683343292940597,0.07812499999999999,0.09794160006144102,0.039954069355120865,0.0012042569080290277
n1024_m80_s0.565714_seed1.h5,80,0.5657142857142857,1,1024,80,1.0,79.59949174568465,0.9949936468210581,0.9949936468210581,0.005006353178941936,0.056483079461930166,0.005006353178941903,1.878679270638867,0.078125,0.09375237001719545,0.04069655721363704,0.0012134277710730804
n1024_m80_s0.585918_seed0.h5,80,0.5859183673469388,0,1024,80,1.0,79.61429383960058,0.9951786729950072,0.9951786729950072,0.004821327004992826,0.052700738392071844,0.004821327004992596,1.92386483855548,0.07812499999999999,0.06898443867360712,0.048449319226242814,0.007171070876073504
n1024_m80_s0.585918_seed1.h5,80,0.5859183673469388,1,1024,80,1.0,79.59323717667576,0.9949154647084469,0.9949154647084469,0.005084535291553061,0.05636715003447886,0.005084535291552912,1.8988929164475519,0.07812499999999999,0.0936837143694976,0.044795573128665736,0.0017100866013257919
n1024_m80_s0.606122_seed0.h5,80,0.6061224489795918,0,1024,80,1.0,79.66248931672453,0.9957811164590566,0.9957811164590566,0.004218883540943352,0.047424903961243214,0.004218883540943512,1.9654031448541367,0.078125,0.04414195696990212,0.04029936872104267,0.01767438168084486
n1024_m80_s0.606122_seed1.h5,80,0.6061224489795918,1,1024,80,1.0,79.62221704974218,0.9952777131217772,0.9952777131217772,0.004722286878222848,0.05228827378758786,0.004722286878222836,1.953624255665527,0.078125,0.056333935241032654,0.04723693149777568,0.013391956455947518
n1024_m80_s0.626327_seed0.h5,80,0.6263265306122449,0,1024,80,1.0,79.7044051294215,0.9963050641177688,0.9963050641177688,0.003694935882231243,0.04511250127648689,0.0036949358822312645,1.9923144593037807,0.07812500000000001,0.03180187615737916,0.030715372313060273,0.021030961661072416
n1024_m80_s0.626327_seed1.h5,80,0.6263265306122449,1,1024,80,1.0,79.70871705184254,0.9963589631480317,0.9963589631480317,0.00364103685196826,0.044071446221537754,0.003641036851968068,1.9922519458266081,0.07812499999999999,0.03171208206174741,0.031376580345358875,0.019997769870591958
n1024_m80_s0.646531_seed0.h5,80,0.6465306122448979,0,1024,80,1.0,79.70126703316055,0.9962658379145068,0.9962658379145068,0.0037341620854931534,0.04596710593796224,0.003734162085493011,2.0060048042863214,0.078125,0.03195445926528979,0.031287421446643815,0.021461902210487212
n1024_m80_s0.646531_seed1.h5,80,0.6465306122448979,1,1024,80,1.0,79.78212778249144,0.997276597281143,0.997276597281143,0.00272340271885696,0.040482218081307586,0.0027234027188569204,2.0176192121649326,0.078125,0.01928933078160687,0.018993365145885236,0.017635315501886822
n1024_m80_s0.666735_seed0.h5,80,0.666734693877551,0,1024,80,1.0,79.77181277389172,0.9971476596736466,0.9971476596736466,0.0028523403263533975,0.04173591457703867,0.0028523403263531746,2.029223595320063,0.07812499999999997,0.01975268488342006,0.019516646837555347,0.01844867221092498
n1024_m80_s0.666735_seed1.h5,80,0.666734693877551,1,1024,80,1.0,79.77918585921725,0.9972398232402157,0.9972398232402157,0.0027601767597843496,0.041310900927027314,0.002760176759784018,2.028483499754421,0.07812499999999997,0.019576010718539726,0.019263738216775857,0.017580446736752343
n1024_m80_s0.686939_seed0.h5,80,0.6869387755102041,0,1024,80,1.0,79.77750728635874,0.9972188410794842,0.9972188410794842,0.0027811589205157805,0.042098273073754036,0.0027811589205155238,2.0394158749713798,0.07812499999999999,0.01991956031914526,0.019423033053712364,0.018067759172966963
n1024_m80_s0.686939_seed1.h5,80,0.6869387755102041,1,1024,80,1.0,79.77798753840034,0.9972248442300042,0.9972248442300042,0.002775155769995763,0.04261694503262349,0.002775155769995807,2.0393880299802283,0.078125,0.019850590169849136,0.019416142039968453,0.017676993193015494
n1024_m80_s0.707143_seed0.h5,80,0.7071428571428571,0,1024,80,1.0,79.78677437825536,0.997334679728192,0.997334679728192,0.0026653202718079916,0.04262663064174247,0.0026653202718078263,2.0491049337930782,0.078125,0.020120896348176848,0.019411723922670144,0.01663510820099943
n1024_m80_s0.707143_seed1.h5,80,0.7071428571428571,1,1024,80,1.0,79.8331084746751,0.9979138559334387,0.9979138559334387,0.0020861440665612685,0.04064098909776545,0.0020861440665609753,2.0474573512977834,0.07812499999999997,0.01933587796755207,0.01697650462158924,0.01110235932121324
n1024_m80_s0.727347_seed0.h5,80,0.7273469387755102,0,1024,80,1.0,79.79116825870005,0.9973896032337507,0.9973896032337507,0.002610396766249301,0.043642554248779684,0.002610396766249281,2.064741929531049,0.078125,0.02024280614517148,0.019192932052380346,0.0160585396105521
n1024_m80_s0.727347_seed1.h5,80,0.7273469387755102,1,1024,80,1.0,79.83924703024968,0.997990587878121,0.997990587878121,0.002009412121878995,0.0417550857091522,0.002009412121878773,2.0642813734421663,0.07812499999999997,0.01946640567898786,0.016605889182225213,0.009918213330732364
n1024_m80_s0.747551_seed0.h5,80,0.7475510204081632,0,1024,80,1.0,79.97707272796833,0.9997134090996042,0.9997134090996042,0.00028659090039584445,0.035401036931095,0.0002865909003956473,2.110191147104067,0.07812499999999999,0.0,0.0,0.0
n1024_m80_s0.747551_seed1.h5,80,0.7475510204081632,1,1024,80,1.0,79.97662587708328,0.999707823463541,0.999707823463541,0.0002921765364589657,0.03545267691051235,0.00029217653645890497,2.0840010328871097,0.078125,0.0,0.0,0.0
n1024_m80_s0.767755_seed0.h5,80,0.7677551020408163,0,1024,80,1.0,79.97174478524539,0.9996468098155674,0.9996468098155674,0.00035319018443258354,0.04377047019899528,0.0003531901844325069,2.3484028164953354,0.078125,0.0,0.0,0.0
n1024_m80_s0.767755_seed1.h5,80,0.7677551020408163,1,1024,80,1.0,79.96970659233921,0.9996213324042401,0.9996213324042401,0.00037866759575988507,0.0450630780413106,0.0003786675957597802,2.3496935298203283,0.07812499999999999,0.0,0.0,0.0
n1024_m80_s0.787959_seed0.h5,80,0.7879591836734694,0,1024,80,1.0,79.96733119158307,0.9995916398947884,0.9995916398947884,0.0004083601052116137,0.050921074521231416,0.0004083601052115517,2.571496082252728,0.078125,0.0,0.0,0.0
n1024_m80_s0.787959_seed1.h5,80,0.7879591836734694,1,1024,80,1.0,79.96525855976506,0.9995657319970632,0.9995657319970632,0.00043426800293677736,0.052834902616504274,0.00043426800293647254,2.585196341522586,0.07812499999999997,0.0,0.0,0.0
n1024_m80_s0.808163_seed0.h5,80,0.8081632653061224,0,1024,80,1.0,79.96527097116632,0.999565887139579,0.999565887139579,0.00043411286042105424,0.05701909685776581,0.0004341128604211112,2.771857602171477,0.078125,0.0,0.0,0.0
n1024_m80_s0.808163_seed1.h5,80,0.8081632653061224,1,1024,80,1.0,79.96527618041728,0.9995659522552159,0.9995659522552159,0.0004340477447840607,0.0564630250526601,0.0004340477447837776,2.760382481645103,0.07812499999999997,0.0,0.0,0.0
n1024_m80_s0.828367_seed0.h5,80,0.8283673469387755,0,1024,80,1.0,79.96659696116694,0.9995824620145868,0.9995824620145868,0.00041753798541321885,0.06156666597427973,0.0004175379854129777,3.0376235382514687,0.07812499999999997,0.0,0.0,0.0
n1024_m80_s0.828367_seed1.h5,80,0.8283673469387755,1,1024,80,1.0,79.96562688745325,0.9995703360931657,0.9995703360931657,0.0004296639068342989,0.06197439920550739,0.0004296639068338115,3.0120982211074443,0.07812499999999996,0.0,0.0,0.0
n1024_m80_s0.848571_seed0.h5,80,0.8485714285714285,0,1024,80,1.0,79.96143848255451,0.9995179810319315,0.9995179810319315,0.0004820189680685427,0.07271143915285815,0.0004820189680688423,3.330149707750327,0.07812500000000003,0.0,0.0,0.0
n1024_m80_s0.848571_seed1.h5,80,0.8485714285714285,1,1024,80,1.0,79.95943872495263,0.9994929840619079,0.9994929840619079,0.0005070159380921035,0.07393798622928058,0.0005070159380921846,3.3041167529825395,0.078125,0.0,0.0,0.0
n1024_m80_s0.868776_seed0.h5,80,0.8687755102040816,0,1024,80,1.0,79.95637220663775,0.999454652582972,0.999454652582972,0.0005453474170280526,0.08607674636413015,0.0005453474170280325,3.7018575456145215,0.078125,0.0,0.0,0.0
n1024_m80_s0.868776_seed1.h5,80,0.8687755102040816,1,1024,80,1.0,79.95266562634788,0.9994083203293485,0.9994083203293485,0.0005916796706515459,0.08910849032477414,0.0005916796706516263,3.6890128451497772,0.07812500000000001,0.0,0.0,0.0
n1024_m80_s0.888980_seed0.h5,80,0.8889795918367347,0,1024,80,1.0,79.94670817824954,0.9993338522281192,0.9993338522281192,0.0006661477718807873,0.10871470479795645,0.0006661477718806624,4.231352042118232,0.078125,0.0,0.0,0.0
n1024_m80_s0.888980_seed1.h5,80,0.8889795918367347,1,1024,80,1.0,79.95146063710854,0.9993932579638567,0.9993932579638567,0.000606742036143304,0.10348918533183984,0.0006067420361432666,4.215742214146757,0.078125,0.0,0.0,0.0
n1024_m80_s0.909184_seed0.h5,80,0.9091836734693878,0,1024,80,1.0,79.9409090278059,0.9992613628475737,0.9992613628475737,0.0007386371524262803,0.13269646571596716,0.0007386371524260424,4.89775374457138,0.078125,0.0,0.0,0.0
n1024_m80_s0.909184_seed1.h5,80,0.9091836734693878,1,1024,80,1.0,79.94303359975311,0.9992879199969138,0.9992879199969138,0.0007120800030862018,0.1296232184890341,0.0007120800030864744,4.876376788696533,0.07812500000000003,0.0,0.0,0.0
n1024_m80_s0.929388_seed0.h5,80,0.9293877551020407,0,1024,80,1.0,79.94504605966358,0.9993130757457948,0.9993130757457948,0.0006869242542052456,0.15458396990986353,0.0006869242542051539,5.916631719787534,0.07812499999999999,0.0,0.0,0.0
n1024_m80_s0.929388_seed1.h5,80,0.9293877551020407,1,1024,80,1.0,79.94505168589967,0.9993131460737459,0.9993131460737459,0.0006868539262541162,0.15635041544229517,0.0006868539262540818,5.9842440588892405,0.078125,0.0,0.0,0.0
n1024_m80_s0.949592_seed0.h5,80,0.9495918367346938,0,1024,80,1.0,79.95130366868034,0.9993912958585043,0.9993912958585043,0.0006087041414957195,0.19192472385668846,0.0006087041414958573,7.805866519741447,0.078125,0.0,0.0,0.0
n1024_m80_s0.949592_seed1.h5,80,0.9495918367346938,1,1024,80,1.0,79.94933615901391,0.9993667019876739,0.9993667019876739,0.0006332980123261445,0.1964157917503767,0.0006332980123262352,7.833107519170854,0.07812500000000001,0.0,0.0,0.0
n1024_m80_s0.969796_seed0.h5,80,0.9697959183673469,0,1024,80,1.0,79.94809394927142,0.9993511743658928,0.9993511743658928,0.0006488256341071752,0.30487976916660203,0.0006488256341074315,12.007715632929953,0.07812500000000003,0.0,0.0,0.0
n1024_m80_s0.969796_seed1.h5,80,0.9697959183673469,1,1024,80,1.0,79.95288156241622,0.9994110195302028,0.9994110195302028,0.0005889804697971623,0.29060587042060165,0.0005889804697976099,12.0149714228497,0.07812500000000003,0.0,0.0,0.0
n1024_m80_s0.990000_seed0.h5,80,0.99,0,1024,80,1.0,79.93005158007145,0.9991256447508932,0.9991256447508932,0.0008743552491068396,0.5722269179047371,0.0008743552491077105,19.42934994124563,0.07812500000000006,0.0,0.0,0.0
n1024_m80_s0.990000_seed1.h5,80,0.99,1,1024,80,1.0,79.92861837893724,0.9991077297367156,0.9991077297367156,0.0008922702632844226,0.5773305204219557,0.0008922702632854098,19.410572936133516,0.07812500000000008,0.0,0.0,0.0
n1024_m96_s0.000000_seed0.h5,96,0.0,0,1024,96,1.0,95.99695455318579,0.9999682765956853,0.9999682765956853,3.172340431467635e-05,0.005435215070470283,3.172340431536164e-05,1.0007383778796988,0.09375000000000006,0.0,0.0,0.0
n1024_m96_s0.000000_seed1.h5,96,0.0,1,1024,96,1.0,95.99572687043838,0.999955488233733,0.999955488233733,4.4511766266963626e-05,0.006348918697320174,4.4511766267366306e-05,1.0007831597943266,0.09375000000000003,0.0,0.0,0.0
n1024_m96_s0.020204_seed0.h5,96,0.02020408163265306,0,1024,96,1.0,95.99647177822771,0.999963247689872,0.999963247689872,3.6752310128007615e-05,0.005843862507163222,3.675231012829154e-05,1.0009274612010863,0.09375000000000003,0.0,0.0,0.0
n1024_m96_s0.020204_seed1.h5,96,0.02020408163265306,1,1024,96,1.0,95.99543336263014,0.9999524308607306,0.9999524308607306,4.7569139269398875e-05,0.006583884223991454,4.756913926998594e-05,1.0009871657346432,0.09375000000000006,0.0,0.0,0.0
n1024_m96_s0.040408_seed0.h5,96,0.04040816326530612,0,1024,96,1.0,95.99650940400898,0.9999636396250935,0.9999636396250935,3.6360374906507786e-05,0.00583451016934627,3.636037490694572e-05,1.001287472086778,0.09375000000000003,0.0,0.0,0.0
n1024_m96_s0.040408_seed1.h5,96,0.04040816326530612,1,1024,96,1.0,95.9945914005657,0.9999436604225593,0.9999436604225593,5.63395774406672e-05,0.0071875921680619355,5.6339577441041425e-05,1.0010156188445147,0.09375000000000004,0.0,0.0,0.0
n1024_m96_s0.060612_seed0.h5,96,0.06061224489795918,0,1024,96,1.0,95.99610896282684,0.9999594683627796,0.9999594683627796,4.0531637220397876e-05,0.0061584501263082896,4.053163722104136e-05,1.0014979256652037,0.09375000000000006,0.0,0.0,0.0
n1024_m96_s0.060612_seed1.h5,96,0.06061224489795918,1,1024,96,1.0,95.99292094604607,0.9999262598546466,0.9999262598546466,7.374014535344031e-05,0.00803112958300956,7.374014535385692e-05,1.0014129594795598,0.09375000000000004,0.0,0.0,0.0
n1024_m96_s0.080816_seed0.h5,96,0.08081632653061224,0,1024,96,1.0,95.99547794247337,0.9999528952340976,0.9999528952340976,4.710476590241708e-05,0.006611449119810867,4.7104765902868926e-05,1.001783321832512,0.09375000000000004,0.0,0.0,0.0
n1024_m96_s0.080816_seed1.h5,96,0.08081632653061224,1,1024,96,1.0,95.99203819350078,0.9999170645156331,0.9999170645156331,8.293548436688614e-05,0.008651655467106915,8.293548436735336e-05,1.001535475298488,0.09375000000000004,0.0,0.0,0.0
n1024_m96_s0.101020_seed0.h5,96,0.1010204081632653,0,1024,96,1.0,95.99444115316146,0.9999420953454319,0.9999420953454319,5.790465456811944e-05,0.00732424523094154,5.790465456852538e-05,1.0020044554886074,0.09375000000000004,0.0,0.0,0.0
n1024_m96_s0.101020_seed1.h5,96,0.1010204081632653,1,1024,96,1.0,95.9927111687357,0.9999240746743302,0.9999240746743302,7.592532566980115e-05,0.008300764802068407,7.592532567018205e-05,1.001814162971719,0.09375000000000003,0.0,0.0,0.0
n1024_m96_s0.121224_seed0.h5,96,0.12122448979591836,0,1024,96,1.0,95.99337739665498,0.9999310145484893,0.9999310145484893,6.898545151068358e-05,0.007959531191306744,6.898545151145011e-05,1.0022028647541925,0.09375000000000007,0.0,0.0,0.0
n1024_m96_s0.121224_seed1.h5,96,0.12122448979591836,1,1024,96,1.0,95.99285685442737,0.9999255922336184,0.9999255922336184,7.440776638156787e-05,0.008261951661337414,7.440776638194667e-05,1.0021998688728913,0.09375000000000004,0.0,0.0,0.0
n1024_m96_s0.141429_seed0.h5,96,0.14142857142857143,0,1024,96,1.0,95.99025869065372,0.9998985280276429,0.9998985280276429,0.00010147197235710337,0.009486323998339694,0.00010147197235723174,1.0024582673317584,0.09375,0.0,0.0,0.0
n1024_m96_s0.141429_seed1.h5,96,0.14142857142857143,1,1024,96,1.0,95.99183713675302,0.9999149701745106,0.9999149701745106,8.502982548941329e-05,0.008804925663661535,8.50298254894817e-05,1.0024814228558885,0.09375,0.0,0.0,0.0
n1024_m96_s0.161633_seed0.h5,96,0.16163265306122448,0,1024,96,1.0,95.99140693259687,0.9999104888812175,0.9999104888812175,8.951111878252593e-05,0.009016482337723015,8.951111878320441e-05,1.0029428509409175,0.09375000000000006,0.0,0.0,0.0
n1024_m96_s0.161633_seed1.h5,96,0.16163265306122448,1,1024,96,1.0,95.98872077971464,0.9998825081220275,0.9998825081220275,0.0001174918779724976,0.0102858986671977,0.00011749187797290238,1.0030567346891595,0.09375000000000004,0.0,0.0,0.0
n1024_m96_s0.181837_seed0.h5,96,0.18183673469387754,0,1024,96,1.0,95.99076821462222,0.9999038355689814,0.9999038355689814,9.616443101856387e-05,0.009338618040993108,9.61644310188156e-05,1.0033415627310862,0.09375000000000003,0.0,0.0,0.0
n1024_m96_s0.181837_seed1.h5,96,0.18183673469387754,1,1024,96,1.0,95.9876794424199,0.9998716608585406,0.9998716608585406,0.00012833914145937708,0.01076709726395313,0.00012833914145971625,1.0041593474989794,0.09375000000000003,0.0,0.0,0.0
n1024_m96_s0.202041_seed0.h5,96,0.2020408163265306,0,1024,96,1.0,95.98620808192209,0.9998563341866884,0.9998563341866884,0.00014366581331159978,0.011550599050853283,0.0001436658133121469,1.0059916296324483,0.09375000000000006,0.0,0.0,0.0
n1024_m96_s0.202041_seed1.h5,96,0.2020408163265306,1,1024,96,1.0,95.97771902904788,0.9997679065525821,0.9997679065525821,0.00023209344741792481,0.014445053935288055,0.00023209344741824723,1.0072982874267238,0.09375000000000003,0.0,0.0,0.0
n1024_m96_s0.222245_seed0.h5,96,0.22224489795918367,0,1024,96,1.0,95.97603650359088,0.9997503802457383,0.9997503802457383,0.0002496197542617429,0.015378176661808069,0.00024961975426230243,1.01182572980951,0.09375000000000006,0.0,0.0,0.0
n1024_m96_s0.222245_seed1.h5,96,0.22224489795918367,1,1024,96,1.0,95.96945574917481,0.9996818307205709,0.9996818307205709,0.00031816927942907025,0.01720800256046338,0.00031816927942949705,1.0132202636893541,0.09375000000000004,0.0,0.0,0.0
n1024_m96_s0.242449_seed0.h5,96,0.24244897959183673,0,1024,96,1.0,95.9618897681139,0.9996030184178532,0.9996030184178532,0.0003969815821468492,0.01940702952469919,0.00039698158214736094,1.0195179734078215,0.09375000000000006,0.0,0.0,0.0
n1024_m96_s0.242449_seed1.h5,96,0.24244897959183673,1,1024,96,1.0,95.95886754202365,0.9995715368960797,0.9995715368960797,0.00042846310392030684,0.020093225088856758,0.0004284631039203641,1.0201668354668552,0.09375,0.0,0.0,0.0
n1024_m96_s0.262653_seed0.h5,96,0.2626530612244898,0,1024,96,1.0,95.94480648015451,0.9994250675016095,0.9994250675016095,0.000574932498390468,0.02321408656744406,0.0005749324983909206,1.0287774104837677,0.09375000000000004,0.0,0.0,0.0
n1024_m96_s0.262653_seed1.h5,96,0.2626530612244898,1,1024,96,1.0,95.94046512511704,0.9993798450533026,0.9993798450533026,0.0006201549466974265,0.023995206265251524,0.0006201549466978929,1.030713411518603,0.09375000000000006,0.0,0.0,0.0
n1024_m96_s0.282857_seed0.h5,96,0.28285714285714286,0,1024,96,1.0,95.93028407336533,0.9992737924308889,0.9992737924308889,0.0007262075691111258,0.02599959420206597,0.0007262075691115951,1.0376149105362746,0.09375000000000004,0.0,0.0,0.0
n1024_m96_s0.282857_seed1.h5,96,0.28285714285714286,1,1024,96,1.0,95.92495003683143,0.9992182295503275,0.9992182295503275,0.0007817704496725364,0.026910058481535732,0.0007817704496729342,1.041525945873089,0.09375000000000004,0.0,0.0,0.0
n1024_m96_s0.303061_seed0.h5,96,0.3030612244897959,0,1024,96,1.0,95.91245267132035,0.999088048659587,0.999088048659587,0.0009119513404129975,0.02881199988635374,0.0009119513404134914,1.0525289788258085,0.09375000000000006,0.0,0.0,0.0
n1024_m96_s0.303061_seed1.h5,96,0.3030612244897959,1,1024,96,1.0,95.91225648228283,0.9990860050237794,0.9990860050237794,0.0009139949762205779,0.02885743313137238,0.000913994976220865,1.0516117148268613,0.09375000000000003,0.0,0.0,0.0
n1024_m96_s0.323265_seed0.h5,96,0.32326530612244897,0,1024,96,1.0,95.90416783459659,0.9990017482770478,0.9990017482770478,0.0009982517229522037,0.030118469859314875,0.0009982517229523392,1.0652445145921698,0.09375000000000001,0.0,0.0,0.0
n1024_m96_s0.323265_seed1.h5,96,0.32326530612244897,1,1024,96,1.0,95.90413090672519,0.9990013636117206,0.9990013636117206,0.0009986363882793503,0.03013589824524941,0.0009986363882795765,1.0667099700412233,0.09375000000000003,0.0,0.0,0.0
n1024_m96_s0.343469_seed0.h5,96,0.34346938775510205,0,1024,96,1.0,95.89310503006709,0.9988865107298656,0.9988865107298656,0.0011134892701344379,0.03215665880793413,0.0011134892701349457,1.0735659155640136,0.09375000000000004,7.349513247769715e-06,0.0,0.0
n1024_m96_s0.343469_seed1.h5,96,0.34346938775510205,1,1024,96,1.0,95.89404112810007,0.9988962617510424,0.9988962617510424,0.0011037382489575975,0.03179335268766515,0.0011037382489581047,1.0801020042287954,0.09375000000000004,4.67235406062266e-05,0.0,0.0
n1024_m96_s0.363673_seed0.h5,96,0.3636734693877551,0,1024,96,1.0,95.86995559709612,0.9986453708030846,0.9986453708030846,0.0013546291969154245,0.034871437172502635,0.0013546291969154783,1.0991350902823596,0.09375,0.0001754676262886965,0.0,0.0
n1024_m96_s0.363673_seed1.h5,96,0.3636734693877551,1,1024,96,1.0,95.85440509450564,0.9984833864011003,0.9984833864011003,0.001516613598899652,0.035956012696881215,0.001516613598900078,1.103976962938218,0.09375000000000004,0.00021537057083057649,0.0,0.0
n1024_m96_s0.383878_seed0.h5,96,0.38387755102040816,0,1024,96,1.0,95.8131133091083,0.9980532636365448,0.9980532636365448,0.0019467363634552148,0.03923475284180168,0.0019467363634555694,1.1422130849761114,0.09375000000000003,0.00018040143862130143,0.0,0.0
n1024_m96_s0.383878_seed1.h5,96,0.38387755102040816,1,1024,96,1.0,95.80624817806529,0.9979817518548467,0.9979817518548467,0.0020182481451532785,0.03975955351824015,0.0020182481451536875,1.1448510240038112,0.09375000000000004,0.00022623777058334085,0.0,0.0
n1024_m96_s0.404082_seed0.h5,96,0.4040816326530612,0,1024,96,1.0,95.75253835103649,0.9974222744899635,0.9974222744899635,0.0025777255100365437,0.04583101521574855,0.002577725510036779,1.1841046961272046,0.09375000000000003,0.0061244853379032555,0.0,0.0
n1024_m96_s0.404082_seed1.h5,96,0.4040816326530612,1,1024,96,1.0,95.73351087895571,0.9972240716557886,0.9972240716557886,0.0027759283442113647,0.04843486739699103,0.0027759283442116206,1.2214326420088253,0.09375000000000003,0.04024707845941613,0.0,0.0
n1024_m96_s0.424286_seed0.h5,96,0.42428571428571427,0,1024,96,1.0,95.67998943620478,0.9966665566271331,0.9966665566271331,0.0033334433728668955,0.05396314177467257,0.003333443372866947,1.312188606880628,0.09375,0.15133106880342737,0.00015390740771252447,0.0
n1024_m96_s0.424286_seed1.h5,96,0.42428571428571427,1,1024,96,1.0,95.6774530315306,0.9966401357451105,0.9966401357451105,0.003359864254889544,0.05458990766984172,0.0033598642548897965,1.3207656129447591,0.09375000000000003,0.1421195345190138,0.00018780790325524698,0.0
n1024_m96_s0.444490_seed0.h5,96,0.44448979591836735,0,1024,96,1.0,95.6329300821526,0.9961763550224229,0.9961763550224229,0.0038236449775771453,0.05836593511133722,0.0038236449775774506,1.4370400472962757,0.09375000000000003,0.2223146580280502,0.00013979323091589533,0.0
n1024_m96_s0.444490_seed1.h5,96,0.44448979591836735,1,1024,96,1.0,95.62538228935591,0.9960977321807908,0.9960977321807908,0.0039022678192092153,0.05883286373735275,0.0039022678192095505,1.4662232492690908,0.09375000000000003,0.21943871351270672,0.00016209830863070046,0.0
n1024_m96_s0.464694_seed0.h5,96,0.4646938775510204,0,1024,96,1.0,95.59142482637981,0.995744008608123,0.995744008608123,0.004255991391877045,0.061339405286592374,0.004255991391877317,1.5610975789008077,0.09375000000000003,0.23047098612823982,0.00012352238543814222,0.0
n1024_m96_s0.464694_seed1.h5,96,0.4646938775510204,1,1024,96,1.0,95.58374868877581,0.9956640488414147,0.9956640488414147,0.004335951158585316,0.06364246656979194,0.004335951158585322,1.559821862307064,0.09375,0.2216184402986731,0.00018518603299842447,0.0
n1024_m96_s0.484898_seed0.h5,96,0.48489795918367345,0,1024,96,1.0,95.56413451346452,0.9954597345152555,0.9954597345152555,0.00454026548474451,0.06126111219083722,0.004540265484744326,1.6526177233309949,0.09374999999999997,0.18902256209906734,0.0004743290237858729,1.0197936700015793e-05
n1024_m96_s0.484898_seed1.h5,96,0.48489795918367345,1,1024,96,1.0,95.55977147490921,0.9954142861969709,0.9954142861969709,0.004585713803029079,0.061766824546563605,0.004585713803029101,1.6672842160714236,0.09375,0.17688084365329368,0.001021849901342009,4.805832209321484e-05
n1024_m96_s0.505102_seed0.h5,96,0.5051020408163265,0,1024,96,1.0,95.54753498353966,0.9952868227452049,0.9952868227452049,0.004713177254795142,0.061004659907575,0.004713177254795173,1.7287861531182498,0.09375,0.1557287283623977,0.00392158926249966,3.278397810291925e-05
n1024_m96_s0.505102_seed1.h5,96,0.5051020408163265,1,1024,96,1.0,95.55306444573216,0.99534442130971,0.99534442130971,0.004655578690289985,0.05939329072901365,0.004655578690290028,1.7454319676469119,0.09375,0.14198648221208196,0.007427205021556788,5.0460408194597265e-05
n1024_m96_s0.525306_seed0.h5,96,0.5253061224489796,0,1024,96,1.0,95.53747253086476,0.9951820055298413,0.9951820055298413,0.004817994470158737,0.059469523732557705,0.004817994470158749,1.7920458051368306,0.09375,0.12439420479278168,0.01655827036320356,4.738987643137835e-05
n1024_m96_s0.525306_seed1.h5,96,0.5253061224489796,1,1024,96,1.0,95.55412089212041,0.9953554259595876,0.9953554259595876,0.004644574040412408,0.05619926733420506,0.004644574040412144,1.818547703044406,0.09374999999999997,0.10024054229299777,0.027747786499014715,0.00013510798387724986
n1024_m96_s0.545510_seed0.h5,96,0.5455102040816326,0,1024,96,1.0,95.5554326603451,0.9953690902119282,0.9953690902119282,0.004630909788071791,0.05457012328119306,0.004630909788071756,1.8677236422153916,0.09375,0.07935017832802287,0.0425000776326959,0.0013967195243421125
n1024_m96_s0.545510_seed1.h5,96,0.5455102040816326,1,1024,96,1.0,95.56172948125459,0.995434682096402,0.995434682096402,0.004565317903598043,0.05479340510187342,0.004565317903597868,1.8604302776678436,0.09374999999999999,0.08261033385566016,0.040434228399616266,0.0006878066663637009
n1024_m96_s0.565714_seed0.h5,96,0.5657142857142857,0,1024,96,1.0,95.574573639773,0.9955684754143022,0.9955684754143022,0.004431524585697844,0.052416437761832545,0.004431524585697714,1.9133700034182048,0.09375,0.05852640184964971,0.04817886200549367,0.007016836041770953
n1024_m96_s0.565714_seed1.h5,96,0.5657142857142857,1,1024,96,1.0,95.58737659481994,0.9957018395293744,0.9957018395293744,0.004298160470625589,0.05107964989762092,0.004298160470625547,1.9127963420928744,0.09375,0.058305312144337006,0.04517411785091029,0.006227286760969654
n1024_m96_s0.585918_seed0.h5,96,0.5859183673469388,0,1024,96,1.0,95.75824833160732,0.997481753454243,0.997481753454243,0.0025182465457570524,0.04080107697506702,0.0025182465457570923,1.972219981672256,0.09375,0.017065980929777076,0.017044272093049626,0.01634508400933764
n1024_m96_s0.585918_seed1.h5,96,0.5859183673469388,1,1024,96,1.0,95.62787117715925,0.9961236580954088,0.9961236580954088,0.003876341904591185,0.04865915479922758,0.003876341904590975,1.9527528878269378,0.09374999999999999,0.03735278656081189,0.03534816128182144,0.017394267113455354
n1024_m96_s0.606122_seed0.h5,96,0.6061224489795918,0,1024,96,1.0,95.75500170863234,0.9974479344649202,0.9974479344649202,0.002552065535079806,0.041475806682804775,0.002552065535079374,1.990644687495866,0.09374999999999994,0.017071430590492688,0.016995004429119193,0.015993384344640645
n1024_m96_s0.606122_seed1.h5,96,0.6061224489795918,1,1024,96,1.0,95.76014342188137,0.9975014939779309,0.9975014939779309,0.0024985060220691357,0.04081192518699066,0.0024985060220690247,1.9901631874999755,0.09374999999999999,0.01681067762410855,0.016780445070818047,0.015964311918233078
n1024_m96_s0.626327_seed0.h5,96,0.6263265306122449,0,1024,96,1.0,95.75791866073268,0.9974783193826321,0.9974783193826321,0.002521680617367905,0.04260399120488588,0.002521680617368003,2.0060026541869207,0.09375000000000001,0.017019786384700836,0.01678996503835224,0.015417379172173723
n1024_m96_s0.626327_seed1.h5,96,0.6263265306122449,1,1024,96,1.0,95.75503568194108,0.9974482883535529,0.9974482883535529,0.0025517116464470746,0.04139759254074436,0.0025517116464471054,2.006489650653769,0.09375,0.016940044691285863,0.01688096145851668,0.016226520108498028
n1024_m96_s0.646531_seed0.h5,96,0.6465306122448979,0,1024,96,1.0,95.75172724378353,0.9974138254560785,0.9974138254560785,0.0025861745439215156,0.042672778084598094,0.0025861745439213686,2.019302861859405,0.09375,0.01729621174617145,0.0171988892909759,0.016166605469448057
n1024_m96_s0.646531_seed1.h5,96,0.6465306122448979,1,1024,96,1.0,95.75831509039563,0.9974824488582877,0.9974824488582877,0.00251755114171226,0.04249475573370323,0.0025175511417123795,2.0189275832071973,0.09375000000000003,0.017060916182088368,0.01678174028642394,0.01536795612492934
n1024_m96_s0.666735_seed0.h5,96,0.666734693877551,0,1024,96,1.0,95.75127741075994,0.997409139695416,0.997409139695416,0.0025908603045839973,0.043467954991927474,0.002590860304583776,2.031341745011742,0.09374999999999997,0.017476894724429023,0.017284834656882228,0.01599925423191584
n1024_m96_s0.666735_seed1.h5,96,0.666734693877551,1,1024,96,1.0,95.75590390471916,0.9974573323408246,0.9974573323408246,0.002542667659175435,0.04363156217660924,0.0025426676591750034,2.031426576026105,0.09374999999999996,0.01735438796122628,0.01706084706869428,0.015600627194180233
n1024_m96_s0.686939_seed0.h5,96,0.6869387755102041,0,1024,96,1.0,95.75221189111471,0.9974188738657782,0.9974188738657782,0.0025811261342217895,0.04418069914823912,0.002581126134221503,2.0419736291411645,0.09374999999999997,0.0176985199333423,0.017462913018125432,0.01607349666103311
n1024_m96_s0.686939_seed1.h5,96,0.6869387755102041,1,1024,96,1.0,95.7558745094575,0.9974570261401823,0.9974570261401823,0.002542973859817721,0.044053780667000865,0.0025429738598175644,2.041472816757181,0.09374999999999997,0.01760875062611257,0.017294686401232544,0.015528277312842823
n1024_m96_s0.707143_seed0.h5,96,0.7071428571428571,0,1024,96,1.0,95.76495643692033,0.9975516295512534,0.9975516295512534,0.002448370448746573,0.0448228320873515,0.002448370448746377,2.0509487927995385,0.09374999999999999,0.01780750830327178,0.01719309425858182,0.014486711578701737
n1024_m96_s0.707143_seed1.h5,96,0.7071428571428571,1,1024,96,1.0,95.754164431346,0.9974392128265208,0.9974392128265208,0.0025607871734791843,0.04446839124157937,0.0025607871734790394,2.0505096846632163,0.09375,0.017914160452014608,0.01753571031579676,0.015645130778167687
n1024_m96_s0.727347_seed0.h5,96,0.7273469387755102,0,1024,96,1.0,95.77150486255414,0.9976198423182723,0.9976198423182723,0.0023801576817277237,0.04571189859569816,0.0023801576817276235,2.059342290308435,0.09374999999999999,0.017993606297859496,0.016885068942839837,0.01401320783060848
n1024_m96_s0.727347_seed1.h5,96,0.7273469387755102,1,1024,96,1.0,95.75878234591801,0.9974873161033125,0.9974873161033125,0.002512683896687462,0.04525236335644724,0.0025126838966875974,2.0588333205795437,0.09375000000000001,0.018209052634299023,0.017408381510619273,0.014991105677266525
n1024_m96_s0.747551_seed0.h5,96,0.7475510204081632,0,1024,96,1.0,95.9647403540439,0.9996327120212906,0.9996327120212906,0.00036728797870944074,0.04026793188433912,0.0003672879787090627,2.119386270309716,0.09374999999999997,0.0,0.0,0.0
n1024_m96_s0.747551_seed1.h5,96,0.7475510204081632,1,1024,96,1.0,95.96719097446476,0.9996582393173412,0.9996582393173412,0.0003417606826587871,0.038515949537468744,0.00034176068265857575,2.097794237030955,0.09374999999999997,0.0,0.0,0.0
n1024_m96_s0.767755_seed0.h5,96,0.7677551020408163,0,1024,96,1.0,95.96170038517448,0.9996010456789008,0.9996010456789008,0.0003989543210991542,0.047809646677838734,0.00039895432109900196,2.3994786728149258,0.09374999999999997,0.0,0.0,0.0
n1024_m96_s0.767755_seed1.h5,96,0.7677551020408163,1,1024,96,1.0,95.95732823600702,0.9995555024584064,0.9995555024584064,0.00044449754159359145,0.04900693146353745,0.0004444975415935535,2.3459546942528884,0.09374999999999999,0.0,0.0,0.0
n1024_m96_s0.787959_seed0.h5,96,0.7879591836734694,0,1024,96,1.0,95.95951428257104,0.9995782737767817,0.9995782737767817,0.00042172622321834385,0.051926852901291634,0.00042172622321796503,2.5342235873343055,0.09374999999999997,0.0,0.0,0.0
n1024_m96_s0.787959_seed1.h5,96,0.7879591836734694,1,1024,96,1.0,95.95843271329068,0.9995670074301112,0.9995670074301112,0.00043299256988882373,0.052861522217679334,0.00043299256988870317,2.5638088562806556,0.09375,0.0,0.0,0.0
n1024_m96_s0.808163_seed0.h5,96,0.8081632653061224,0,1024,96,1.0,95.95123953231086,0.9994920784615715,0.9994920784615715,0.0005079215384284907,0.06252108808904976,0.0005079215384286617,2.8128094601006546,0.09375,0.0,0.0,0.0
n1024_m96_s0.808163_seed1.h5,96,0.8081632653061224,1,1024,96,1.0,95.9566266060283,0.9995481938127947,0.9995481938127947,0.00045180618720530585,0.05918174218336341,0.00045180618720505947,2.798300481361898,0.09374999999999999,0.0,0.0,0.0
n1024_m96_s0.828367_seed0.h5,96,0.8283673469387755,0,1024,96,1.0,95.95580821571639,0.9995396689137124,0.9995396689137124,0.0004603310862876242,0.06503924098236301,0.0004603310862876472,3.0494544735598743,0.09375,0.0,0.0,0.0
n1024_m96_s0.828367_seed1.h5,96,0.8283673469387755,1,1024,96,1.0,95.95098606389365,0.9994894381655589,0.9994894381655589,0.0005105618344410923,0.06817128970650703,0.0005105618344412558,3.034780132433711,0.09375,0.0,0.0,0.0
n1024_m96_s0.848571_seed0.h5,96,0.8485714285714285,0,1024,96,1.0,95.94619819590298,0.9994395645406561,0.9994395645406561,0.000560435459343922,0.07844253374638721,0.0005604354593437077,3.326319684581942,0.09374999999999999,0.0,0.0,0.0
n1024_m96_s0.848571_seed1.h5,96,0.8485714285714285,1,1024,96,1.0,95.9486813909607,0.9994654311558406,0.9994654311558406,0.0005345688441593666,0.0766040755983135,0.0005345688441592888,3.3299373583513048,0.09375,0.0,0.0,0.0
n1024_m96_s0.868776_seed0.h5,96,0.8687755102040816,0,1024,96,1.0,95.94240183768852,0.9994000191425888,0.9994000191425888,0.0005999808574111976,0.09072622900926035,0.0005999808574112236,3.717991468985616,0.09375,0.0,0.0,0.0
n1024_m96_s0.868776_seed1.h5,96,0.8687755102040816,1,1024,96,1.0,95.94133510904794,0.999388907385916,0.999388907385916,0.0006110926140839856,0.09118746044036627,0.0006110926140837846,3.6990953446745514,0.09374999999999999,0.0,0.0,0.0
n1024_m96_s0.888980_seed0.h5,96,0.8889795918367347,0,1024,96,1.0,95.9284717066621,0.9992549136110634,0.9992549136110634,0.0007450863889365555,0.11463869195059766,0.0007450863889367422,4.217247972844576,0.09375000000000003,0.0,0.0,0.0
n1024_m96_s0.888980_seed1.h5,96,0.8889795918367347,1,1024,96,1.0,95.93018242163816,0.9992727335587309,0.9992727335587309,0.000727266441269081,0.11381317537283396,0.0007272664412690436,4.236215168262862,0.09375,0.0,0.0,0.0
n1024_m96_s0.909184_seed0.h5,96,0.9091836734693878,0,1024,96,1.0,95.92777942154498,0.9992477023077603,0.9992477023077603,0.0007522976922397229,0.1350562527762532,0.0007522976922397156,4.938127382441907,0.09375,0.0,0.0,0.0
n1024_m96_s0.909184_seed1.h5,96,0.9091836734693878,1,1024,96,1.0,95.93286166965845,0.9993006423922756,0.9993006423922756,0.0006993576077244379,0.13098011577138693,0.0006993576077245213,4.97241899719173,0.09375,0.0,0.0,0.0
n1024_m96_s0.929388_seed0.h5,96,0.9293877551020407,0,1024,96,1.0,95.93049509180128,0.9992759905395966,0.9992759905395966,0.0007240094604034075,0.1615600598749509,0.0007240094604032606,6.0211668258935,0.09374999999999999,0.0,0.0,0.0
n1024_m96_s0.929388_seed1.h5,96,0.9293877551020407,1,1024,96,1.0,95.9295400523115,0.9992660422115781,0.9992660422115781,0.0007339577884218906,0.16370708245077403,0.0007339577884220622,6.061549750666528,0.09375000000000001,0.0,0.0,0.0
n1024_m96_s0.949592_seed0.h5,96,0.9495918367346938,0,1024,96,1.0,95.93225552129297,0.9992943283468018,0.9992943283468018,0.0007056716531982365,0.21275332470071007,0.0007056716531984402,8.031798190770282,0.09375000000000003,0.0,0.0,0.0
n1024_m96_s0.949592_seed1.h5,96,0.9495918367346938,1,1024,96,1.0,95.93363378589493,0.9993086852697388,0.9993086852697388,0.0006913147302611833,0.21195076652098557,0.0006913147302612625,8.082194079921159,0.09375,0.0,0.0,0.0
n1024_m96_s0.969796_seed0.h5,96,0.9697959183673469,0,1024,96,1.0,95.93309828601195,0.9993031071459578,0.9993031071459578,0.0006968928540421748,0.31889999638659455,0.0006968928540426364,12.112836124604593,0.09375000000000004,0.0,0.0,0.0
n1024_m96_s0.969796_seed1.h5,96,0.9697959183673469,1,1024,96,1.0,95.93141811064925,0.999285605319263,0.999285605319263,0.0007143946807369739,0.3223856109516164,0.0007143946807374206,12.10172113496531,0.09375000000000004,0.0,0.0,0.0
n1024_m96_s0.990000_seed0.h5,96,0.99,0,1024,96,1.0,95.89150232821703,0.9988698159189274,0.9988698159189274,0.0011301840810725716,0.5376995712126055,0.0011301840810733277,16.045043878761287,0.09375000000000007,0.0,0.0,0.0
n1024_m96_s0.990000_seed1.h5,96,0.99,1,1024,96,1.0,95.89128451794386,0.9988675470619152,0.9988675470619152,0.001132452938084838,0.537776959737047,0.0011324529380854014,16.040707072291397,0.09375000000000006,0.0,0.0,0.0
