file,m,seed,n,exp_type,mean_sparsity,min_sparsity,max_sparsity,rank,rank_ratio,sumD,rho_m,rho_r,slack_run,mean_resid,mean_sigma,mean_kappa,mean_leverage,tail_mass_001,tail_mass_005,tail_mass_010
n1024_m256_nonuniform_seed0.h5,256,0,1024,linear_nonuniform,0.49951171875,0.0,0.9990234375,256,1.0,255.64815428367,0.998625602670586,0.998625602670586,0.0013743973294140233,0.04470947532697187,0.0013743973294145656,1.4723008678617722,0.2500000000000001,0.01573156986382264,0.0037246025959346172,0.0
n1024_m256_nonuniform_seed1.h5,256,1,1024,linear_nonuniform,0.49951171875,0.0,0.9990234375,256,1.0,255.63746930968773,0.9985838644909677,0.9985838644909677,0.0014161355090323013,0.045830713405337974,0.001416135509032731,1.4888471517932456,0.2500000000000001,0.015003640768355761,0.004230493398897778,0.0
n1024_m256_nonuniform_seed10.h5,256,10,1024,linear_nonuniform,0.49951171875,0.0,0.9990234375,256,1.0,255.6473475861858,0.9986224515085382,0.9986224515085382,0.0013775484914617664,0.0450137174151076,0.0013775484914621944,1.4823682913854712,0.2500000000000001,0.015505596124360829,0.0041645655513577835,0.0
n1024_m256_nonuniform_seed100.h5,256,100,1024,linear_nonuniform,0.49951171875,0.0,0.9990234375,256,1.0,255.6379484594945,0.9985857361699004,0.9985857361699004,0.0014142638300995714,0.04550790351180682,0.0014142638301002318,1.4796345328551412,0.25000000000000017,0.015482112573752524,0.0037154809057281385,0.0
n1024_m256_nonuniform_seed101.h5,256,101,1024,linear_nonuniform,0.49951171875,0.0,0.9990234375,256,1.0,255.6506161870493,0.9986352194806614,0.9986352194806614,0.0013647805193386375,0.04522125621744144,0.0013647805193391183,1.488386847882542,0.2500000000000001,0.0143650587045419,0.003942651559593006,0.0
n1024_m256_nonuniform_seed102.h5,256,102,1024,linear_nonuniform,0.49951171875,0.0,0.9990234375,256,1.0,255.64094249605841,0.9985974316252282,0.9985974316252282,0.0014025683747718176,0.045527760018128936,0.00140256837477245,1.4881133675331706,0.2500000000000001,0.016132130164318328,0.004004173211977893,0.0
n1024_m256_nonuniform_seed103.h5,256,103,1024,linear_nonuniform,0.49951171875,0.0,0.9990234375,256,1.0,255.6395421903435,0.9985919616810293,0.9985919616810293,0.001408038318970739,0.045611030108073415,0.0014080383189711027,1.4935116574995793,0.2500000000000001,0.014660422326606849,0.004413682419148243,0.0
n1024_m256_nonuniform_seed104.h5,256,104,1024,linear_nonuniform,0.49951171875,0.0,0.9990234375,256,1.0,255.6384360534721,0.9985876408338754,0.9985876408338754,0.0014123591661245882,0.04566861163814933,0.0014123591661249057,1.4917156578934192,0.25000000000000006,0.015370399515260091,0.0043829702241060834,0.0
n1024_m256_nonuniform_seed105.h5,256,105,1024,linear_nonuniform,0.49951171875,0.0,0.9990234375,256,1.0,255.643869178748,0.9986088639794843,0.9986088639794843,0.0013911360205156598,0.045382919247159634,0.0013911360205161748,1.4823393150817437,0.2500000000000001,0.015004849615658135,0.0038088864199577258,0.0
n1024_m256_nonuniform_seed106.h5,256,106,1024,linear_nonuniform,0.49951171875,0.0,0.9990234375,256,1.0,255.63946314921486,0.9985916529266206,0.9985916529266206,0.0014083470733794456,0.04560597965776906,0.0014083470733797763,1.4899383541878577,0.25000000000000006,0.015416631115226245,0.0041701827668921,0.0
n1024_m256_nonuniform_seed107.h5,256,107,1024,linear_nonuniform,0.49951171875,0.0,0.9990234375,256,1.0,255.6409609240509,0.9985975036095738,0.9985975036095738,0.0014024963904262222,0.045514044623901684,0.00140249639042674,1.486889775470337,0.2500000000000001,0.015558753396478619,0.004180831345377708,0.0
n1024_m256_nonuniform_seed108.h5,256,108,1024,linear_nonuniform,0.49951171875,0.0,0.9990234375,256,1.0,255.64580906218907,0.9986164416491761,0.9986164416491761,0.0013835583508239324,0.04501886709403317,0.0013835583508243524,1.4852656550488756,0.2500000000000001,0.014912929394025588,0.004032815310167909,0.0
n1024_m256_nonuniform_seed109.h5,256,109,1024,linear_nonuniform,0.49951171875,0.0,0.9990234375,256,1.0,255.64070952015754,0.9985965215631154,0.9985965215631154,0.0014034784368845976,0.04566806050732377,0.0014034784368849886,1.4920051651427366,0.2500000000000001,0.014779429678770873,0.004340468960865326,0.0
n1024_m256_nonuniform_seed11.h5,256,11,1024,linear_nonuniform,0.49951171875,0.0,0.9990234375,256,1.0,255.64668339503987,0.9986198570118745,0.9986198570118745,0.001380142988125499,0.04515850013670052,0.0013801429881259823,1.4866892806631846,0.2500000000000001,0.015093832676315817,0.003946871005943907,0.0
n1024_m256_nonuniform_seed110.h5,256,110,1024,linear_nonuniform,0.49951171875,0.0,0.9990234375,256,1.0,255.63384158472763,0.9985696936903423,0.9985696936903423,0.0014303063096576807,0.04577394461685068,0.0014303063096579775,1.4797211590263484,0.25000000000000006,0.015957377809454637,0.0037344662425176246,1.4260451116656356e-06
n1024_m256_nonuniform_seed111.h5,256,111,1024,linear_nonuniform,0.49951171875,0.0,0.9990234375,256,1.0,255.64526902225043,0.9986143321181657,0.9986143321181657,0.0013856678818342516,0.04526147107254357,0.0013856678818345424,1.4908170129364875,0.25000000000000006,0.01569557181374768,0.004156992816810142,0.0
n1024_m256_nonuniform_seed112.h5,256,112,1024,linear_nonuniform,0.49951171875,0.0,0.9990234375,256,1.0,255.63792046671733,0.9985856268231146,0.9985856268231146,0.0014143731768854195,0.04549462979374108,0.0014143731768857853,1.4814114302526007,0.2500000000000001,0.016504554235260524,0.003829292005065984,0.0
n1024_m256_nonuniform_seed113.h5,256,113,1024,linear_nonuniform,0.49951171875,0.0,0.9990234375,256,1.0,255.63878223666688,0.99858899311198,0.99858899311198,0.0014110068880199833,0.04553933941014444,0.0014110068880203244,1.4820255582418251,0.2500000000000001,0.01555272463690099,0.0037584477217208513,0.0
n1024_m256_nonuniform_seed114.h5,256,114,1024,linear_nonuniform,0.49951171875,0.0,0.9990234375,256,1.0,255.64361156887026,0.9986078576908994,0.9986078576908994,0.0013921423091005636,0.0451789230713567,0.0013921423091010534,1.4771629863555524,0.2500000000000001,0.015512224178137841,0.003617376020519347,0.0
n1024_m256_nonuniform_seed115.h5,256,115,1024,linear_nonuniform,0.49951171875,0.0,0.9990234375,256,1.0,255.64907494728686,0.9986291990128393,0.9986291990128393,0.0013708009871606919,0.045071297490694794,0.0013708009871610928,1.4941183272927658,0.2500000000000001,0.01479037859592195,0.004498884193224628,0.0
n1024_m256_nonuniform_seed116.h5,256,116,1024,linear_nonuniform,0.49951171875,0.0,0.9990234375,256,1.0,255.64559732940688,0.9986156145679956,0.9986156145679956,0.0013843854320043647,0.04481088766910145,0.001384385432005073,1.4793000992784688,0.25000000000000017,0.015369933109583452,0.0035394492470016505,0.0
n1024_m256_nonuniform_seed117.h5,256,117,1024,linear_nonuniform,0.49951171875,0.0,0.9990234375,256,1.0,255.63197913955082,0.9985624185138704,0.9985624185138704,0.0014375814861296021,0.04567612938360865,0.0014375814861298938,1.4686867715631033,0.2500000000000001,0.016614891600627457,0.0034994296271151455,0.0
n1024_m256_nonuniform_seed118.h5,256,118,1024,linear_nonuniform,0.49951171875,0.0,0.9990234375,256,1.0,255.64479419628333,0.9986124773292318,0.9986124773292318,0.0013875226707682486,0.04553281318529063,0.001387522670768708,1.486559890906191,0.2500000000000001,0.014682043923195078,0.003982339800420307,0.0
n1024_m256_nonuniform_seed119.h5,256,119,1024,linear_nonuniform,0.49951171875,0.0,0.9990234375,256,1.0,255.6375872559729,0.9985843252186442,0.9985843252186442,0.0014156747813558468,0.04568617895329296,0.0014156747813561825,1.4851471116839479,0.2500000000000001,0.015027863070498786,0.003901420863306001,0.0
n1024_m256_nonuniform_seed12.h5,256,12,1024,linear_nonuniform,0.49951171875,0.0,0.9990234375,256,1.0,255.63966207111662,0.9985924299652993,0.9985924299652993,0.0014075700347007114,0.045346538793531614,0.0014075700347012713,1.4734764941228757,0.25000000000000017,0.01609626684992716,0.0032746414086857103,0.0
n1024_m256_nonuniform_seed120.h5,256,120,1024,linear_nonuniform,0.49951171875,0.0,0.9990234375,256,1.0,255.64373004171648,0.998608320475455,0.998608320475455,0.0013916795245449975,0.04517009766449709,0.0013916795245453892,1.4843070117216952,0.2500000000000001,0.015942955605078406,0.003928923775665857,0.0
n1024_m256_nonuniform_seed121.h5,256,121,1024,linear_nonuniform,0.49951171875,0.0,0.9990234375,256,1.0,255.64507292673807,0.9986135661200706,0.9986135661200706,0.0013864338799294273,0.045605889707854314,0.0013864338799298313,1.5010186000449959,0.2500000000000001,0.014074776947023703,0.00468044501220602,0.0
n1024_m256_nonuniform_seed122.h5,256,122,1024,linear_nonuniform,0.49951171875,0.0,0.9990234375,256,1.0,255.64255130935635,0.9986037160521732,0.9986037160521732,0.0013962839478267597,0.04519660926293968,0.0013962839478271036,1.4822502801478377,0.2500000000000001,0.015917819212297978,0.003861274464646231,0.0
n1024_m256_nonuniform_seed123.h5,256,123,1024,linear_nonuniform,0.49951171875,0.0,0.9990234375,256,1.0,255.63873895622964,0.998588824047772,0.998588824047772,0.00141117595222795,0.045206863959865166,0.0014111759522284298,1.4776252274147086,0.2500000000000001,0.01546667694731621,0.004328817563267015,0.0
n1024_m256_nonuniform_seed124.h5,256,124,1024,linear_nonuniform,0.49951171875,0.0,0.9990234375,256,1.0,255.64737840302405,0.9986225718868127,0.9986225718868127,0.0013774281131873067,0.0452010059823,0.00137742811318793,1.4884014731240833,0.25000000000000017,0.015051688089572152,0.004143616618063582,0.0
n1024_m256_nonuniform_seed125.h5,256,125,1024,linear_nonuniform,0.49951171875,0.0,0.9990234375,256,1.0,255.64275214110967,0.9986045005512096,0.9986045005512096,0.0013954994487903605,0.045326461725546954,0.0013954994487908586,1.4941597164512936,0.2500000000000001,0.014932789118185595,0.004562903057459306,0.0
n1024_m256_nonuniform_seed126.h5,256,126,1024,linear_nonuniform,0.49951171875,0.0,0.9990234375,256,1.0,255.6472788836254,0.9986221831391617,0.9986221831391617,0.0013778168608382657,0.04518063876802725,0.001377816860838818,1.4803350772451882,0.25000000000000017,0.01489857792532656,0.003933544203957611,0.0
n1024_m256_nonuniform_seed127.h5,256,127,1024,linear_nonuniform,0.49951171875,0.0,0.9990234375,256,1.0,255.64082767161017,0.9985969830922272,0.9985969830922272,0.0014030169077727805,0.04530007479430918,0.0014030169077732075,1.4760384536814313,0.2500000000000001,0.01652484474034744,0.003767805182125185,0.0
n1024_m256_nonuniform_seed128.h5,256,128,1024,linear_nonuniform,0.49951171875,0.0,0.9990234375,256,1.0,255.6321837091964,0.9985632176140484,0.9985632176140484,0.0014367823859515738,0.04601649852348193,0.0014367823859518407,1.4863130085733265,0.2500000000000001,0.015351984265382016,0.004389938452951346,0.0
n1024_m256_nonuniform_seed129.h5,256,129,1024,linear_nonuniform,0.49951171875,0.0,0.9990234375,256,1.0,255.63502031069947,0.9985742980886698,0.9985742980886698,0.0014257019113301794,0.045789309898707824,0.0014257019113306025,1.4929891230231174,0.2500000000000001,0.014851435760514411,0.004589471594852797,0.0
n1024_m256_nonuniform_seed13.h5,256,13,1024,linear_nonuniform,0.49951171875,0.0,0.9990234375,256,1.0,255.6407267674076,0.998596588935186,0.998596588935186,0.0014034110648140086,0.04527179648779419,0.0014034110648143293,1.4809328157928057,0.25000000000000006,0.015583310420195286,0.0043590527198547144,1.8978182009041389e-06
n1024_m256_nonuniform_seed130.h5,256,130,1024,linear_nonuniform,0.49951171875,0.0,0.9990234375,256,1.0,255.6335207765369,0.9985684405333473,0.9985684405333473,0.0014315594666527431,0.04605937000367652,0.0014315594666531825,1.4810518316924874,0.2500000000000001,0.015513716367849335,0.0039918089004757126,0.0
n1024_m256_nonuniform_seed131.h5,256,131,1024,linear_nonuniform,0.49951171875,0.0,0.9990234375,256,1.0,255.64175926374446,0.9986006221240018,0.9986006221240018,0.0013993778759981979,0.045673884616155055,0.001399377875998525,1.4889384281755789,0.2500000000000001,0.015048724884573287,0.004185101650473826,0.0
n1024_m256_nonuniform_seed132.h5,256,132,1024,linear_nonuniform,0.49951171875,0.0,0.9990234375,256,1.0,255.64686273432744,0.9986205575559666,0.9986205575559666,0.0013794424440334296,0.04509512792107884,0.001379442444033812,1.4835312987051232,0.2500000000000001,0.014785068055313258,0.003881060608957491,0.0
n1024_m256_nonuniform_seed133.h5,256,133,1024,linear_nonuniform,0.49951171875,0.0,0.9990234375,256,1.0,255.64406090628472,0.9986096129151747,0.9986096129151747,0.0013903870848253064,0.045233987852895646,0.0013903870848258246,1.4799211159551564,0.2500000000000001,0.01521194939886781,0.003931296497941726,0.0
n1024_m256_nonuniform_seed134.h5,256,134,1024,linear_nonuniform,0.49951171875,0.0,0.9990234375,256,1.0,255.64849463340943,0.9986269321617556,0.9986269321617556,0.001373067838244424,0.04498107884026502,0.0013730678382448743,1.479348470386593,0.2500000000000001,0.015492840228568255,0.0034620262522644307,0.0
n1024_m256_nonuniform_seed135.h5,256,135,1024,linear_nonuniform,0.49951171875,0.0,0.9990234375,256,1.0,255.64324972631584,0.9986064442434213,0.9986064442434213,0.0013935557565787349,0.045307664969514994,0.0013935557565792796,1.4859110249118928,0.25000000000000017,0.015391158916736203,0.003870520314229525,0.0
n1024_m256_nonuniform_seed136.h5,256,136,1024,linear_nonuniform,0.49951171875,0.0,0.9990234375,256,1.0,255.6396718648175,0.9985924682219434,0.9985924682219434,0.0014075317780566365,0.04564324207658691,0.001407531778056813,1.4939704284745428,0.25000000000000006,0.01518036571702995,0.004309962701556402,0.0
n1024_m256_nonuniform_seed137.h5,256,137,1024,linear_nonuniform,0.49951171875,0.0,0.9990234375,256,1.0,255.64067203001468,0.9985963751172449,0.9985963751172449,0.001403624882755139,0.045745683994857185,0.0014036248827555165,1.4863250549158449,0.2500000000000001,0.014570273967808838,0.004175731548592715,0.0
n1024_m256_nonuniform_seed138.h5,256,138,1024,linear_nonuniform,0.49951171875,0.0,0.9990234375,256,1.0,255.6463426026603,0.9986185257916418,0.9986185257916418,0.0013814742083582132,0.04524143909417445,0.0013814742083585309,1.4849835973955676,0.2500000000000001,0.01569854363981903,0.004080106866735832,0.0
n1024_m256_nonuniform_seed139.h5,256,139,1024,linear_nonuniform,0.49951171875,0.0,0.9990234375,256,1.0,255.6475324905041,0.9986231737910316,0.9986231737910316,0.0013768262089683958,0.045016670342740914,0.0013768262089687727,1.480143793859379,0.25000000000000006,0.01586799855925656,0.003433933692402038,0.0
n1024_m256_nonuniform_seed14.h5,256,14,1024,linear_nonuniform,0.49951171875,0.0,0.9990234375,256,1.0,255.63334078766638,0.9985677374518218,0.9985677374518218,0.001432262548178187,0.045881735720782434,0.0014322625481787428,1.4839106687618788,0.2500000000000001,0.01511544761796656,0.00402194522984139,0.0
n1024_m256_nonuniform_seed140.h5,256,140,1024,linear_nonuniform,0.49951171875,0.0,0.9990234375,256,1.0,255.64585716278816,0.9986166295421413,0.9986166295421413,0.0013833704578587458,0.0450888609971484,0.001383370457859216,1.4856259246200152,0.2500000000000001,0.015846936487377103,0.004092196634502159,0.0
n1024_m256_nonuniform_seed141.h5,256,141,1024,linear_nonuniform,0.49951171875,0.0,0.9990234375,256,1.0,255.64044208583073,0.9985954768977763,0.9985954768977763,0.0014045231022237203,0.04556633579934357,0.0014045231022243427,1.4861942985491128,0.25000000000000017,0.015180893224837382,0.003898619444723835,0.0
n1024_m256_nonuniform_seed142.h5,256,142,1024,linear_nonuniform,0.49951171875,0.0,0.9990234375,256,1.0,255.64565441693412,0.9986158375661489,0.9986158375661489,0.0013841624338510883,0.045234812705399814,0.0013841624338515426,1.4797029183618264,0.2500000000000001,0.015596366605266603,0.004162239534499686,0.0
n1024_m256_nonuniform_seed143.h5,256,143,1024,linear_nonuniform,0.49951171875,0.0,0.9990234375,256,1.0,255.64370922776288,0.9986082391709488,0.9986082391709488,0.0013917608290512362,0.045311837493091714,0.001391760829051632,1.4754276706492644,0.2500000000000001,0.0156111171396349,0.0035879627198453484,0.0
n1024_m256_nonuniform_seed144.h5,256,144,1024,linear_nonuniform,0.49951171875,0.0,0.9990234375,256,1.0,255.6375119593722,0.9985840310912977,0.9985840310912977,0.0014159689087023253,0.04536653950475728,0.0014159689087029307,1.4757772970978802,0.2500000000000001,0.015743668427249398,0.003710890158834963,0.0
n1024_m256_nonuniform_seed145.h5,256,145,1024,linear_nonuniform,0.49951171875,0.0,0.9990234375,256,1.0,255.65008183223836,0.9986331321571811,0.9986331321571811,0.0013668678428189196,0.04505550745672312,0.0013668678428193923,1.493546502777064,0.2500000000000001,0.01494959521035592,0.004128377146874911,0.0
n1024_m256_nonuniform_seed146.h5,256,146,1024,linear_nonuniform,0.49951171875,0.0,0.9990234375,256,1.0,255.63707664614776,0.9985823306490147,0.9985823306490147,0.0014176693509853067,0.04530683075965978,0.0014176693509857406,1.4869349082111432,0.2500000000000001,0.01585154345599041,0.004622456209923992,0.0
n1024_m256_nonuniform_seed147.h5,256,147,1024,linear_nonuniform,0.49951171875,0.0,0.9990234375,256,1.0,255.6416758573614,0.998600296317818,0.998600296317818,0.0013997036821820075,0.04539389154814024,0.0013997036821824162,1.4824708810961849,0.2500000000000001,0.014983909279659566,0.0037314400427168205,0.0
n1024_m256_nonuniform_seed148.h5,256,148,1024,linear_nonuniform,0.49951171875,0.0,0.9990234375,256,1.0,255.6449578958418,0.998613116780632,0.998613116780632,0.0013868832193679737,0.04553675761256188,0.0013868832193684466,1.4902788474549742,0.2500000000000001,0.014507025528114939,0.004017492305409647,0.0
n1024_m256_nonuniform_seed149.h5,256,149,1024,linear_nonuniform,0.49951171875,0.0,0.9990234375,256,1.0,255.6439527839393,0.9986091905622629,0.9986091905622629,0.0013908094377370617,0.04527615090556865,0.0013908094377373629,1.481603281329947,0.25000000000000006,0.01568208161215176,0.003616365799086863,0.0
n1024_m256_nonuniform_seed15.h5,256,15,1024,linear_nonuniform,0.49951171875,0.0,0.9990234375,256,1.0,255.6459847563383,0.9986171279544465,0.9986171279544465,0.0013828720455535404,0.04535804738579835,0.0013828720455540983,1.4935281702637488,0.2500000000000001,0.014630582996578661,0.0043169884817424575,0.0
n1024_m256_nonuniform_seed150.h5,256,150,1024,linear_nonuniform,0.49951171875,0.0,0.9990234375,256,1.0,255.6371981731354,0.9985828053638102,0.9985828053638102,0.0014171946361898335,0.04592494679385883,0.001417194636190322,1.487002688529391,0.2500000000000001,0.015104767383920296,0.00395449771210149,0.0
n1024_m256_nonuniform_seed151.h5,256,151,1024,linear_nonuniform,0.49951171875,0.0,0.9990234375,256,1.0,255.64197204353695,0.9986014532950662,0.9986014532950662,0.0013985467049337785,0.045402231488076074,0.0013985467049342523,1.4897516968026128,0.2500000000000001,0.016072434895408702,0.0043697213231814035,0.0
n1024_m256_nonuniform_seed152.h5,256,152,1024,linear_nonuniform,0.49951171875,0.0,0.9990234375,256,1.0,255.64526004205982,0.9986142970392962,0.9986142970392962,0.0013857029607038385,0.04547628595370661,0.0013857029607043877,1.4864317861902576,0.2500000000000001,0.014837709080936012,0.0040498310926475765,0.0
n1024_m256_nonuniform_seed153.h5,256,153,1024,linear_nonuniform,0.49951171875,0.0,0.9990234375,256,1.0,255.64148176839808,0.998599538157805,0.998599538157805,0.001400461842195,0.045346648211814916,0.0014004618421957441,1.4835897155041702,0.25000000000000017,0.01574949254590243,0.0038595894550131093,0.0
n1024_m256_nonuniform_seed154.h5,256,154,1024,linear_nonuniform,0.49951171875,0.0,0.9990234375,256,1.0,255.64841097145109,0.9986266053572308,0.9986266053572308,0.001373394642769199,0.04516924532845385,0.0013733946427696446,1.4894326114720695,0.2500000000000001,0.014678722499211653,0.004048872297995036,0.0
n1024_m256_nonuniform_seed155.h5,256,155,1024,linear_nonuniform,0.49951171875,0.0,0.9990234375,256,1.0,255.64607370537124,0.9986174754116064,0.9986174754116064,0.0013825245883936077,0.044758116032230136,0.0013825245883940182,1.4755714197048306,0.2500000000000001,0.016123775329924303,0.00342589787789852,0.0
n1024_m256_nonuniform_seed156.h5,256,156,1024,linear_nonuniform,0.49951171875,0.0,0.9990234375,256,1.0,255.64349580806447,0.9986074055002518,0.9986074055002518,0.0013925944997481565,0.044981057042188244,0.0013925944997485132,1.4734967548222937,0.2500000000000001,0.01670987601366844,0.003686962587147249,0.0
n1024_m256_nonuniform_seed157.h5,256,157,1024,linear_nonuniform,0.49951171875,0.0,0.9990234375,256,1.0,255.64583890397626,0.9986165582186572,0.9986165582186572,0.0013834417813427535,0.04504373564565279,0.001383441781343301,1.481951510253679,0.2500000000000001,0.015069357130464648,0.0037932842882630134,0.0
n1024_m256_nonuniform_seed158.h5,256,158,1024,linear_nonuniform,0.49951171875,0.0,0.9990234375,256,1.0,255.63851088150113,0.9985879331308638,0.9985879331308638,0.001412066869136197,0.04530392322658971,0.0014120668691366184,1.4774020122574847,0.2500000000000001,0.015770074086346595,0.0036871343211345286,0.0
n1024_m256_nonuniform_seed159.h5,256,159,1024,linear_nonuniform,0.49951171875,0.0,0.9990234375,256,1.0,255.63515880603518,0.9985748390860749,0.9985748390860749,0.0014251609139250832,0.04604854788958101,0.0014251609139255452,1.4818709655616449,0.2500000000000001,0.015602301869309831,0.0036523410610788177,0.0
n1024_m256_nonuniform_seed16.h5,256,16,1024,linear_nonuniform,0.49951171875,0.0,0.9990234375,256,1.0,255.64550400321605,0.9986152500125627,0.9986152500125627,0.001384749987437317,0.045302258765306004,0.0013847499874376275,1.4769618199973467,0.2500000000000001,0.015138775633509821,0.003576177225650797,0.0
n1024_m256_nonuniform_seed160.h5,256,160,1024,linear_nonuniform,0.49951171875,0.0,0.9990234375,256,1.0,255.6476020844857,0.9986234456425223,0.9986234456425223,0.001376554357477744,0.045046776297133176,0.0013765543574783517,1.4877377716874034,0.25000000000000017,0.01501371848138428,0.004084249743503151,0.0
n1024_m256_nonuniform_seed161.h5,256,161,1024,linear_nonuniform,0.49951171875,0.0,0.9990234375,256,1.0,255.64294331675046,0.9986052473310565,0.9986052473310565,0.0013947526689435108,0.04536393089492646,0.0013947526689438718,1.4830405534465185,0.2500000000000001,0.015051144615936167,0.0037405034281383304,0.0
n1024_m256_nonuniform_seed162.h5,256,162,1024,linear_nonuniform,0.49951171875,0.0,0.9990234375,256,1.0,255.63706514728256,0.9985822857315725,0.9985822857315725,0.0014177142684275168,0.045477592557142066,0.0014177142684280051,1.4803947680553353,0.2500000000000001,0.016401500008218668,0.003940481005843641,0.0
n1024_m256_nonuniform_seed163.h5,256,163,1024,linear_nonuniform,0.49951171875,0.0,0.9990234375,256,1.0,255.63197388339904,0.9985623979820275,0.9985623979820275,0.0014376020179724947,0.04608743367851721,0.0014376020179729808,1.4833252672209882,0.2500000000000001,0.015824359405333954,0.004081764358673766,0.0
n1024_m256_nonuniform_seed164.h5,256,164,1024,linear_nonuniform,0.49951171875,0.0,0.9990234375,256,1.0,255.6448803911626,0.9986128140279789,0.9986128140279789,0.0013871859720211432,0.04514835757110234,0.0013871859720214273,1.478549427964045,0.25000000000000006,0.015156335087606214,0.0037790323029593797,0.0
n1024_m256_nonuniform_seed165.h5,256,165,1024,linear_nonuniform,0.49951171875,0.0,0.9990234375,256,1.0,255.6468082278443,0.9986203446400168,0.9986203446400168,0.0013796553599831896,0.045154025715728095,0.0013796553599836098,1.4730128099410837,0.2500000000000001,0.015219903817171768,0.0033222672710200426,0.0
n1024_m256_nonuniform_seed166.h5,256,166,1024,linear_nonuniform,0.49951171875,0.0,0.9990234375,256,1.0,255.64783137881022,0.9986243413234774,0.9986243413234774,0.001375658676522562,0.045354722565218934,0.0013756586765229176,1.4958225132083667,0.2500000000000001,0.01438001982673061,0.0039154306784892155,0.0
n1024_m256_nonuniform_seed167.h5,256,167,1024,linear_nonuniform,0.49951171875,0.0,0.9990234375,256,1.0,255.6472274189,0.9986219821050781,0.9986219821050781,0.001378017894921868,0.04512719464934891,0.001378017894922046,1.4907805612622218,0.25000000000000006,0.0143958551442484,0.004167835514902416,0.0
n1024_m256_nonuniform_seed168.h5,256,168,1024,linear_nonuniform,0.49951171875,0.0,0.9990234375,256,1.0,255.64400170079898,0.998609381643746,0.998609381643746,0.001390618356253981,0.044850752405601484,0.0013906183562545531,1.4812337392569779,0.25000000000000017,0.015593966328439188,0.0043710868086797375,0.0
n1024_m256_nonuniform_seed169.h5,256,169,1024,linear_nonuniform,0.49951171875,0.0,0.9990234375,256,1.0,255.63634221923712,0.998579461793895,0.998579461793895,0.0014205382061049932,0.04526906187082925,0.0014205382061053767,1.4782603244057808,0.2500000000000001,0.01621088053258296,0.004176874448563388,0.0
n1024_m256_nonuniform_seed17.h5,256,17,1024,linear_nonuniform,0.49951171875,0.0,0.9990234375,256,1.0,255.63406189485977,0.998570554276796,0.998570554276796,0.0014294457232040259,0.04550317060623529,0.0014294457232045914,1.4796858676293005,0.2500000000000001,0.01598668732617693,0.004307560497773843,0.0
n1024_m256_nonuniform_seed170.h5,256,170,1024,linear_nonuniform,0.49951171875,0.0,0.9990234375,256,1.0,255.63759026154003,0.9985843369591407,0.9985843369591407,0.0014156630408592719,0.04559632935551706,0.0014156630408598038,1.4803481243522945,0.2500000000000001,0.015707916458159624,0.0034632162053735045,0.0
n1024_m256_nonuniform_seed171.h5,256,171,1024,linear_nonuniform,0.49951171875,0.0,0.9990234375,256,1.0,255.63983411881782,0.9985931020266321,0.9985931020266321,0.0014068979733679043,0.04551345553072739,0.0014068979733684224,1.4804802134013209,0.2500000000000001,0.015310198208825877,0.003577477216121848,0.0
n1024_m256_nonuniform_seed172.h5,256,172,1024,linear_nonuniform,0.49951171875,0.0,0.9990234375,256,1.0,255.62816421178286,0.9985475164522768,0.9985475164522768,0.0014524835477232045,0.04612519603799887,0.0014524835477235732,1.4879270443785055,0.2500000000000001,0.015357031147678814,0.0038640481020795676,0.0
n1024_m256_nonuniform_seed173.h5,256,173,1024,linear_nonuniform,0.49951171875,0.0,0.9990234375,256,1.0,255.64535495483142,0.9986146677923102,0.9986146677923102,0.0013853322076897712,0.044954463464564096,0.001385332207690186,1.4913111437753896,0.2500000000000001,0.01583783923353435,0.004751394648255892,0.0
n1024_m256_nonuniform_seed174.h5,256,174,1024,linear_nonuniform,0.49951171875,0.0,0.9990234375,256,1.0,255.6463192303636,0.9986184344936078,0.9986184344936078,0.001381565506392235,0.04553195269662887,0.0013815655063926524,1.4941355366699112,0.2500000000000001,0.014189753078621952,0.004365610372006181,0.0
n1024_m256_nonuniform_seed175.h5,256,175,1024,linear_nonuniform,0.49951171875,0.0,0.9990234375,256,1.0,255.63587876787642,0.9985776514370173,0.9985776514370173,0.0014223485629827337,0.04555246985698646,0.0014223485629831667,1.477747851555214,0.2500000000000001,0.01530585728154089,0.0037516394620986234,0.0
n1024_m256_nonuniform_seed176.h5,256,176,1024,linear_nonuniform,0.49951171875,0.0,0.9990234375,256,1.0,255.64778762616334,0.9986241704147005,0.9986241704147005,0.0013758295852994706,0.0452799650116378,0.0013758295852998503,1.4915880451070997,0.2500000000000001,0.01423257100589381,0.004273941171604557,0.0
n1024_m256_nonuniform_seed177.h5,256,177,1024,linear_nonuniform,0.49951171875,0.0,0.9990234375,256,1.0,255.64163497826667,0.9986001366338542,0.9986001366338542,0.001399863366145837,0.045347566822236535,0.0013998633661463792,1.4846588761322355,0.25000000000000017,0.01502559785100801,0.004416908918758854,0.0
n1024_m256_nonuniform_seed178.h5,256,178,1024,linear_nonuniform,0.49951171875,0.0,0.9990234375,256,1.0,255.6463456589554,0.9986185377302945,0.9986185377302945,0.0013814622697054801,0.045063421803327015,0.001381462269706073,1.4802957423580154,0.25000000000000017,0.015601782252435935,0.003969726419936001,0.0
n1024_m256_nonuniform_seed179.h5,256,179,1024,linear_nonuniform,0.49951171875,0.0,0.9990234375,256,1.0,255.63993263134034,0.9985934868411732,0.9985934868411732,0.0014065131588267832,0.045355802629125246,0.0014065131588271494,1.4760257889625328,0.2500000000000001,0.016185962457635334,0.00363288097682268,0.0
n1024_m256_nonuniform_seed18.h5,256,18,1024,linear_nonuniform,0.49951171875,0.0,0.9990234375,256,1.0,255.6443184821983,0.9986106190710871,0.9986106190710871,0.0013893809289129422,0.045281369446602986,0.001389380928913441,1.483541353921175,0.2500000000000001,0.015339371835467165,0.004097053613823439,0.0
n1024_m256_nonuniform_seed180.h5,256,180,1024,linear_nonuniform,0.49951171875,0.0,0.9990234375,256,1.0,255.6456513417943,0.998615825553884,0.998615825553884,0.0013841744461160488,0.04501599325868646,0.0013841744461165078,1.4791764128082459,0.2500000000000001,0.01565997825892742,0.003556182061947642,0.0
n1024_m256_nonuniform_seed181.h5,256,181,1024,linear_nonuniform,0.49951171875,0.0,0.9990234375,256,1.0,255.63727315120923,0.998583098246911,0.998583098246911,0.0014169017530889505,0.04541470011487016,0.0014169017530895492,1.4851071194838679,0.2500000000000001,0.015394875798554173,0.004017188803220431,0.0
n1024_m256_nonuniform_seed182.h5,256,182,1024,linear_nonuniform,0.49951171875,0.0,0.9990234375,256,1.0,255.64588428571005,0.9986167354910549,0.9986167354910549,0.0013832645089451034,0.04567730702012084,0.001383264508945532,1.489302807257818,0.2500000000000001,0.014441843868832816,0.0038525147118727175,0.0
n1024_m256_nonuniform_seed183.h5,256,183,1024,linear_nonuniform,0.49951171875,0.0,0.9990234375,256,1.0,255.64937066320272,0.9986303541531356,0.9986303541531356,0.0013696458468643868,0.04500502781537685,0.0013696458468648559,1.4820425974694285,0.25000000000000017,0.0147873569131093,0.0037806745654477346,0.0
n1024_m256_nonuniform_seed184.h5,256,184,1024,linear_nonuniform,0.49951171875,0.0,0.9990234375,256,1.0,255.64180259757268,0.9986007913967683,0.9986007913967683,0.0013992086032317275,0.045483857477747226,0.0013992086032320907,1.4902528822655168,0.2500000000000001,0.014473460465311835,0.0038756769200139476,0.0
n1024_m256_nonuniform_seed185.h5,256,185,1024,linear_nonuniform,0.49951171875,0.0,0.9990234375,256,1.0,255.64253895005095,0.9986036677736365,0.9986036677736365,0.0013963322263634836,0.04561649195647103,0.0013963322263638863,1.493556003967693,0.2500000000000001,0.015210330322467443,0.004034988948636648,0.0
n1024_m256_nonuniform_seed186.h5,256,186,1024,linear_nonuniform,0.49951171875,0.0,0.9990234375,256,1.0,255.6469229714421,0.9986207928571957,0.9986207928571957,0.0013792071428042618,0.04521890267061978,0.001379207142804641,1.4898967972569352,0.2500000000000001,0.015248809833078159,0.004423309416360394,0.0
n1024_m256_nonuniform_seed187.h5,256,187,1024,linear_nonuniform,0.49951171875,0.0,0.9990234375,256,1.0,255.64262883564516,0.9986040188892389,0.9986040188892389,0.001395981110761113,0.045263652233032074,0.0013959811107615721,1.4779169362453202,0.2500000000000001,0.01580501868156726,0.0036701546097428137,0.0
n1024_m256_nonuniform_seed188.h5,256,188,1024,linear_nonuniform,0.49951171875,0.0,0.9990234375,256,1.0,255.64369085422368,0.9986081673993112,0.9986081673993112,0.0013918326006887582,0.04556168575289539,0.001391832600689046,1.4901488195724975,0.2500000000000001,0.014938297008973095,0.004116801257983523,0.0
n1024_m256_nonuniform_seed189.h5,256,189,1024,linear_nonuniform,0.49951171875,0.0,0.9990234375,256,1.0,255.64138377782365,0.9985991553821236,0.9985991553821236,0.0014008446178763734,0.04580756814716196,0.0014008446178768957,1.4901592400326187,0.2500000000000001,0.014669173689819355,0.0037387315933245058,0.0
n1024_m256_nonuniform_seed19.h5,256,19,1024,linear_nonuniform,0.49951171875,0.0,0.9990234375,256,1.0,255.64587294661033,0.9986166911976966,0.9986166911976966,0.001383308802303418,0.04546652204654239,0.0013833088023038705,1.497364226069736,0.2500000000000001,0.014825665529793829,0.004488212618348588,0.0
n1024_m256_nonuniform_seed190.h5,256,190,1024,linear_nonuniform,0.49951171875,0.0,0.9990234375,256,1.0,255.6490917935007,0.9986292648183621,0.9986292648183621,0.0013707351816378832,0.04511041575078054,0.001370735181638435,1.49062850485633,0.2500000000000001,0.014518329891397693,0.004026928523317645,0.0
n1024_m256_nonuniform_seed191.h5,256,191,1024,linear_nonuniform,0.49951171875,0.0,0.9990234375,256,1.0,255.63901130430168,0.9985898879074284,0.9985898879074284,0.0014101120925715804,0.04581228837865102,0.001410112092572158,1.49140544595328,0.25000000000000017,0.016139114832932518,0.004315806273076407,0.0
n1024_m256_nonuniform_seed192.h5,256,192,1024,linear_nonuniform,0.49951171875,0.0,0.9990234375,256,1.0,255.63610309752403,0.9985785277247032,0.9985785277247032,0.0014214722752967646,0.04565787080821595,0.0014214722752970098,1.4677378921373496,0.25000000000000006,0.015499399289077686,0.003131740425187883,0.0
n1024_m256_nonuniform_seed193.h5,256,193,1024,linear_nonuniform,0.49951171875,0.0,0.9990234375,256,1.0,255.64772728279058,0.9986239346984007,0.9986239346984007,0.001376065301599283,0.045111055332191737,0.0013760653015996336,1.4819061204905977,0.2500000000000001,0.015204348271996068,0.0038506557013983497,0.0
n1024_m256_nonuniform_seed194.h5,256,194,1024,linear_nonuniform,0.49951171875,0.0,0.9990234375,256,1.0,255.63700710088597,0.9985820589878358,0.9985820589878358,0.0014179410121641922,0.0458737716274123,0.0014179410121646183,1.4905069560936088,0.2500000000000001,0.014932515669683871,0.003867186973868548,0.0
n1024_m256_nonuniform_seed195.h5,256,195,1024,linear_nonuniform,0.49951171875,0.0,0.9990234375,256,1.0,255.64415157251642,0.9986099670801423,0.9986099670801423,0.001390032919857731,0.04546826367309098,0.0013900329198580869,1.4924436756284145,0.2500000000000001,0.014770004699489966,0.004272613452343725,0.0
n1024_m256_nonuniform_seed196.h5,256,196,1024,linear_nonuniform,0.49951171875,0.0,0.9990234375,256,1.0,255.6449427180196,0.998613057492264,0.998613057492264,0.0013869425077359665,0.04545558297795436,0.0013869425077365292,1.4875825337401314,0.2500000000000001,0.014314903372438154,0.0038009359500963606,0.0
n1024_m256_nonuniform_seed197.h5,256,197,1024,linear_nonuniform,0.49951171875,0.0,0.9990234375,256,1.0,255.64469663685304,0.9986120962377072,0.9986120962377072,0.001387903762292808,0.0453734034139834,0.0013879037622932606,1.4884974427911204,0.2500000000000001,0.014389058626697985,0.0040623638638520925,0.0
n1024_m256_nonuniform_seed198.h5,256,198,1024,linear_nonuniform,0.49951171875,0.0,0.9990234375,256,1.0,255.63967842853162,0.9985924938614517,0.9985924938614517,0.0014075061385483423,0.04542383947629116,0.0014075061385487575,1.4819856362635144,0.2500000000000001,0.01678315865026627,0.004110548635831974,0.0
n1024_m256_nonuniform_seed199.h5,256,199,1024,linear_nonuniform,0.49951171875,0.0,0.9990234375,256,1.0,255.63887782971142,0.9985893665223102,0.9985893665223102,0.001410633477689771,0.045503833191033495,0.0014106334776902015,1.474867647417278,0.2500000000000001,0.01573303344572257,0.0035857069672974424,0.0
n1024_m256_nonuniform_seed2.h5,256,2,1024,linear_nonuniform,0.49951171875,0.0,0.9990234375,256,1.0,255.64127302807174,0.9985987227659052,0.9985987227659052,0.0014012772340947777,0.045329149381312904,0.0014012772340952627,1.4802619918536435,0.2500000000000001,0.015629769865021424,0.003793235901161217,0.0
n1024_m256_nonuniform_seed20.h5,256,20,1024,linear_nonuniform,0.49951171875,0.0,0.9990234375,256,1.0,255.64063300704584,0.9985962226837728,0.9985962226837728,0.001403777316227206,0.04549343888657696,0.0014037773162276289,1.4844959784006364,0.2500000000000001,0.015341416564705267,0.004087500842044573,0.0
n1024_m256_nonuniform_seed200.h5,256,200,1024,linear_nonuniform,0.49951171875,0.0,0.9990234375,256,1.0,255.6386952058965,0.9985886531480332,0.9985886531480332,0.001411346851966755,0.0455738266823255,0.0014113468519672075,1.476078868511953,0.2500000000000001,0.01602872110820222,0.0033108987758051255,0.0
n1024_m256_nonuniform_seed201.h5,256,201,1024,linear_nonuniform,0.49951171875,0.0,0.9990234375,256,1.0,255.6410352155508,0.9985977938107453,0.9985977938107453,0.0014022061892546844,0.04541177561253736,0.0014022061892550507,1.4919841607888158,0.2500000000000001,0.01566518264593936,0.004797207756212429,0.0
n1024_m256_nonuniform_seed202.h5,256,202,1024,linear_nonuniform,0.49951171875,0.0,0.9990234375,256,1.0,255.63719404338917,0.998582789231989,0.998582789231989,0.0014172107680110457,0.04577007069590774,0.0014172107680114445,1.4771038430334797,0.2500000000000001,0.015168085258330997,0.0034193905543943165,0.0
n1024_m256_nonuniform_seed203.h5,256,203,1024,linear_nonuniform,0.49951171875,0.0,0.9990234375,256,1.0,255.64653302180523,0.9986192696164267,0.9986192696164267,0.0013807303835733364,0.04549551285913957,0.0013807303835739419,1.4960996537613294,0.25000000000000017,0.014060128270404454,0.004423782098618535,0.0
n1024_m256_nonuniform_seed204.h5,256,204,1024,linear_nonuniform,0.49951171875,0.0,0.9990234375,256,1.0,255.6401136041095,0.9985941937660527,0.9985941937660527,0.00140580623394726,0.04538542750140035,0.0014058062339476738,1.4795603328269988,0.2500000000000001,0.016363795020878313,0.0039694838740150385,0.0
n1024_m256_nonuniform_seed205.h5,256,205,1024,linear_nonuniform,0.49951171875,0.0,0.9990234375,256,1.0,255.6423309387901,0.9986028552296489,0.9986028552296489,0.001397144770351133,0.04501880457277437,0.0013971447703513423,1.4756960727489703,0.25000000000000006,0.015926121895789895,0.0037512973682072544,0.0
n1024_m256_nonuniform_seed206.h5,256,206,1024,linear_nonuniform,0.49951171875,0.0,0.9990234375,256,1.0,255.645043817829,0.9986134524133945,0.9986134524133945,0.0013865475866055021,0.044972353204725146,0.001386547586605852,1.4745710977470017,0.2500000000000001,0.01696419890365258,0.0033336757442153082,0.0
n1024_m256_nonuniform_seed207.h5,256,207,1024,linear_nonuniform,0.49951171875,0.0,0.9990234375,256,1.0,255.64951601687062,0.9986309219409009,0.9986309219409009,0.001369078059099138,0.044958477289363044,0.0013690780590996873,1.4832035197186628,0.2500000000000001,0.015512541575693815,0.00406435330675272,0.0
n1024_m256_nonuniform_seed208.h5,256,208,1024,linear_nonuniform,0.49951171875,0.0,0.9990234375,256,1.0,255.64102623288636,0.9985977587222123,0.9985977587222123,0.0014022412777876525,0.045661824203452106,0.0014022412777881022,1.4905704228090983,0.2500000000000001,0.015431068628792125,0.004069735015670893,0.0
n1024_m256_nonuniform_seed209.h5,256,209,1024,linear_nonuniform,0.49951171875,0.0,0.9990234375,256,1.0,255.63892529600707,0.9985895519375276,0.9985895519375276,0.0014104480624723692,0.04555335722695055,0.0014104480624727628,1.4754886563348686,0.2500000000000001,0.015952791987139683,0.003441246439156877,0.0
n1024_m256_nonuniform_seed21.h5,256,21,1024,linear_nonuniform,0.49951171875,0.0,0.9990234375,256,1.0,255.63522664744232,0.9985751040915716,0.9985751040915716,0.0014248959084284252,0.04558753355058523,0.0014248959084288862,1.483611591384826,0.2500000000000001,0.015440564930569726,0.004292028728822672,1.2399588236014313e-06
n1024_m256_nonuniform_seed210.h5,256,210,1024,linear_nonuniform,0.49951171875,0.0,0.9990234375,256,1.0,255.64087647388806,0.9985971737261252,0.9985971737261252,0.0014028262738747799,0.04552826725019042,0.0014028262738754473,1.4877350905902096,0.25000000000000017,0.015337751414280272,0.004191328205371957,0.0
n1024_m256_nonuniform_seed211.h5,256,211,1024,linear_nonuniform,0.49951171875,0.0,0.9990234375,256,1.0,255.63113759022963,0.9985591312118345,0.9985591312118345,0.0014408687881655169,0.04588031368821322,0.0014408687881660616,1.479138933985685,0.2500000000000001,0.017401781165941464,0.003970978382292441,0.0
n1024_m256_nonuniform_seed212.h5,256,212,1024,linear_nonuniform,0.49951171875,0.0,0.9990234375,256,1.0,255.64455286551674,0.9986115346309248,0.9986115346309248,0.0013884653690752202,0.04542764065247799,0.0013884653690755552,1.4837775505954867,0.2500000000000001,0.014558038924026621,0.003875049390829239,0.0
n1024_m256_nonuniform_seed213.h5,256,213,1024,linear_nonuniform,0.49951171875,0.0,0.9990234375,256,1.0,255.64472892851336,0.9986122223770053,0.9986122223770053,0.0013877776229946903,0.045205266383086806,0.001387777622995165,1.4847722392724136,0.2500000000000001,0.014774047048788538,0.0039840951976216,0.0
n1024_m256_nonuniform_seed214.h5,256,214,1024,linear_nonuniform,0.49951171875,0.0,0.9990234375,256,1.0,255.6463629931095,0.998618605441834,0.998618605441834,0.0013813945581659937,0.04552136527904946,0.0013813945581664178,1.490088295385863,0.2500000000000001,0.014689398207014405,0.003833638346135845,0.0
n1024_m256_nonuniform_seed215.h5,256,215,1024,linear_nonuniform,0.49951171875,0.0,0.9990234375,256,1.0,255.64551586772723,0.9986152963583095,0.9986152963583095,0.0013847036416905212,0.04525588035690061,0.0013847036416910084,1.4800798964337687,0.2500000000000001,0.01547819996492818,0.0037010996389260646,0.0
n1024_m256_nonuniform_seed216.h5,256,216,1024,linear_nonuniform,0.49951171875,0.0,0.9990234375,256,1.0,255.64340372181323,0.9986070457883329,0.9986070457883329,0.0013929542116670746,0.04524138143474953,0.0013929542116676256,1.4790956814222882,0.2500000000000001,0.015750359838423354,0.0036384309108125745,0.0
n1024_m256_nonuniform_seed217.h5,256,217,1024,linear_nonuniform,0.49951171875,0.0,0.9990234375,256,1.0,255.64195614197524,0.9986013911795908,0.9986013911795908,0.0013986088204092084,0.0455117169367955,0.0013986088204096532,1.47812640024145,0.2500000000000001,0.014374949145416977,0.0036071147266149807,0.0
n1024_m256_nonuniform_seed218.h5,256,218,1024,linear_nonuniform,0.49951171875,0.0,0.9990234375,256,1.0,255.6328322879126,0.9985657511246586,0.9985657511246586,0.0014342488753413818,0.04563409621126251,0.0014342488753418122,1.4891803233213468,0.2500000000000001,0.0158699042718638,0.004484079248747858,2.8596726554996553e-06
n1024_m256_nonuniform_seed219.h5,256,219,1024,linear_nonuniform,0.49951171875,0.0,0.9990234375,256,1.0,255.64460590988165,0.9986117418354752,0.9986117418354752,0.0013882581645248138,0.04512743224471594,0.0013882581645252789,1.476601817656219,0.2500000000000001,0.01574213722056636,0.003646294140832716,0.0
n1024_m256_nonuniform_seed22.h5,256,22,1024,linear_nonuniform,0.49951171875,0.0,0.9990234375,256,1.0,255.64274461158493,0.9986044711390036,0.9986044711390036,0.0013955288609963645,0.04553325054768991,0.0013955288609968704,1.4872285329191028,0.2500000000000001,0.015789306328143154,0.004125817197787781,0.0
n1024_m256_nonuniform_seed220.h5,256,220,1024,linear_nonuniform,0.49951171875,0.0,0.9990234375,256,1.0,255.63841376175696,0.9985875537568631,0.9985875537568631,0.0014124462431368556,0.045315257910191795,0.0014124462431373975,1.473242306196141,0.2500000000000001,0.014966361422388299,0.004200603263696952,0.0
n1024_m256_nonuniform_seed221.h5,256,221,1024,linear_nonuniform,0.49951171875,0.0,0.9990234375,256,1.0,255.6386508975993,0.9985884800687472,0.9985884800687472,0.0014115199312527693,0.04533654867126924,0.001411519931253025,1.4802509292950001,0.25000000000000006,0.015076026352963096,0.003983430637260005,0.0
n1024_m256_nonuniform_seed222.h5,256,222,1024,linear_nonuniform,0.49951171875,0.0,0.9990234375,256,1.0,255.6450652000931,0.9986135359378636,0.9986135359378636,0.0013864640621363833,0.045243638680461294,0.001386464062136887,1.4830543173454502,0.2500000000000001,0.015446698262582267,0.0039541133470183554,0.0
n1024_m256_nonuniform_seed223.h5,256,223,1024,linear_nonuniform,0.49951171875,0.0,0.9990234375,256,1.0,255.6461036880064,0.998617592531275,0.998617592531275,0.0013824074687249777,0.04513134035129183,0.0013824074687253738,1.4844288769407379,0.2500000000000001,0.015200964747640502,0.0043286265648714625,0.0
n1024_m256_nonuniform_seed224.h5,256,224,1024,linear_nonuniform,0.49951171875,0.0,0.9990234375,256,1.0,255.6414527600282,0.9985994248438601,0.9985994248438601,0.0014005751561398938,0.04540961279827652,0.0014005751561404006,1.4909504079542444,0.2500000000000001,0.014694244035368197,0.004347331433733075,0.0
n1024_m256_nonuniform_seed225.h5,256,225,1024,linear_nonuniform,0.49951171875,0.0,0.9990234375,256,1.0,255.6424829857715,0.9986034491631699,0.9986034491631699,0.0013965508368301016,0.04533186828255606,0.0013965508368307697,1.4771711432901915,0.25000000000000017,0.015745199548623558,0.003542203299426785,0.0
n1024_m256_nonuniform_seed226.h5,256,226,1024,linear_nonuniform,0.49951171875,0.0,0.9990234375,256,1.0,255.63279180369864,0.9985655929831978,0.9985655929831978,0.0014344070168021972,0.04572431611273758,0.0014344070168026662,1.4831034666109066,0.2500000000000001,0.015968202913560277,0.003659041684937899,0.0
n1024_m256_nonuniform_seed227.h5,256,227,1024,linear_nonuniform,0.49951171875,0.0,0.9990234375,256,1.0,255.63909065863118,0.998590197885278,0.998590197885278,0.0014098021147219697,0.04519261190743192,0.0014098021147225621,1.4868800982031949,0.2500000000000001,0.015805387852693937,0.004298514659661185,0.0
n1024_m256_nonuniform_seed228.h5,256,228,1024,linear_nonuniform,0.49951171875,0.0,0.9990234375,256,1.0,255.64166172863042,0.9986002411274626,0.9986002411274626,0.0013997588725374044,0.04555407574625419,0.0013997588725378582,1.4810164678744018,0.2500000000000001,0.015188821413587551,0.0034779646286811064,0.0
n1024_m256_nonuniform_seed229.h5,256,229,1024,linear_nonuniform,0.49951171875,0.0,0.9990234375,256,1.0,255.64364908792777,0.9986080042497179,0.9986080042497179,0.001391995750282149,0.04518850039367824,0.0013919957502825815,1.4832805125313595,0.2500000000000001,0.015287384599131586,0.0038980775462662356,0.0
n1024_m256_nonuniform_seed23.h5,256,23,1024,linear_nonuniform,0.49951171875,0.0,0.9990234375,256,1.0,255.6433687890385,0.9986069093321817,0.9986069093321817,0.001393090667818342,0.045524002560366,0.0013930906678187981,1.486502722453445,0.25000000000000017,0.014859920587518111,0.003922905046562364,0.0
n1024_m256_nonuniform_seed230.h5,256,230,1024,linear_nonuniform,0.49951171875,0.0,0.9990234375,256,1.0,255.64173179946374,0.9986005148416552,0.9986005148416552,0.0013994851583447598,0.04529623997735699,0.0013994851583451178,1.4840187335802857,0.2500000000000001,0.015352363754301109,0.0037785961763198697,0.0
n1024_m256_nonuniform_seed231.h5,256,231,1024,linear_nonuniform,0.49951171875,0.0,0.9990234375,256,1.0,255.64391506636457,0.9986090432279866,0.9986090432279866,0.0013909567720133964,0.04532547958423578,0.0013909567720138238,1.4885579862173095,0.2500000000000001,0.014700431620069513,0.004301046209416538,0.0
n1024_m256_nonuniform_seed232.h5,256,232,1024,linear_nonuniform,0.49951171875,0.0,0.9990234375,256,1.0,255.6329725527321,0.9985662990341098,0.9985662990341098,0.0014337009658902389,0.046154157491187744,0.0014337009658908029,1.4839414559866533,0.2500000000000001,0.014900663959621323,0.00394060710999528,0.0
n1024_m256_nonuniform_seed233.h5,256,233,1024,linear_nonuniform,0.49951171875,0.0,0.9990234375,256,1.0,255.64886979888252,0.9986283976518848,0.9986283976518848,0.0013716023481151751,0.045143839990096794,0.0013716023481156077,1.4927545197171062,0.2500000000000001,0.014722035697155357,0.004321710090451309,0.0
n1024_m256_nonuniform_seed234.h5,256,234,1024,linear_nonuniform,0.49951171875,0.0,0.9990234375,256,1.0,255.64541118616762,0.9986148874459673,0.9986148874459673,0.0013851125540327303,0.04541173570270104,0.0013851125540330054,1.4852008071336493,0.2500000000000001,0.014664612023764494,0.003753505078293344,0.0
n1024_m256_nonuniform_seed235.h5,256,235,1024,linear_nonuniform,0.49951171875,0.0,0.9990234375,256,1.0,255.64298680562933,0.9986054172094896,0.9986054172094896,0.0013945827905104125,0.045155575137905864,0.0013945827905110248,1.4895207782920086,0.2500000000000001,0.0156873734199193,0.004839171495312814,0.0
n1024_m256_nonuniform_seed236.h5,256,236,1024,linear_nonuniform,0.49951171875,0.0,0.9990234375,256,1.0,255.64161779731512,0.9986000695207622,0.9986000695207622,0.0013999304792378098,0.04553562010363272,0.001399930479238133,1.482152337239427,0.2500000000000001,0.014949541338311285,0.0037296408654610195,0.0
n1024_m256_nonuniform_seed237.h5,256,237,1024,linear_nonuniform,0.49951171875,0.0,0.9990234375,256,1.0,255.64102921033918,0.9985977703528874,0.9985977703528874,0.0014022296471125628,0.04561308847624208,0.00140222964711302,1.4877746004985823,0.2500000000000001,0.014886311064590306,0.004183573971285345,0.0
n1024_m256_nonuniform_seed238.h5,256,238,1024,linear_nonuniform,0.49951171875,0.0,0.9990234375,256,1.0,255.6417630421638,0.9986006368834524,0.9986006368834524,0.0013993631165476472,0.04525164378135001,0.0013993631165481748,1.4788474065050956,0.2500000000000001,0.015875692074691763,0.0037881768600823585,0.0
n1024_m256_nonuniform_seed239.h5,256,239,1024,linear_nonuniform,0.49951171875,0.0,0.9990234375,256,1.0,255.64331696102454,0.9986067068790021,0.9986067068790021,0.001393293120997896,0.0453251152337937,0.0013932931209983917,1.4814146336101504,0.2500000000000001,0.014972980175751424,0.003884461762619731,0.0
n1024_m256_nonuniform_seed24.h5,256,24,1024,linear_nonuniform,0.49951171875,0.0,0.9990234375,256,1.0,255.6426458742062,0.998604085446118,0.998604085446118,0.001395914553881994,0.04499819239170725,0.0013959145538824577,1.483134572893808,0.2500000000000001,0.015911808896069007,0.0042888736253868295,0.0
n1024_m256_nonuniform_seed240.h5,256,240,1024,linear_nonuniform,0.49951171875,0.0,0.9990234375,256,1.0,255.65399812681426,0.9986484301828682,0.9986484301828682,0.0013515698171318036,0.04456164926411852,0.0013515698171320519,1.481731794114862,0.25000000000000006,0.014954451597689301,0.0040721812812102385,0.0
n1024_m256_nonuniform_seed241.h5,256,241,1024,linear_nonuniform,0.49951171875,0.0,0.9990234375,256,1.0,255.6404830444808,0.9985956368925031,0.9985956368925031,0.0014043631074969198,0.04554566672298755,0.0014043631074974773,1.4942861967240981,0.25000000000000017,0.015002739259150726,0.0047096182230337725,0.0
n1024_m256_nonuniform_seed242.h5,256,242,1024,linear_nonuniform,0.49951171875,0.0,0.9990234375,256,1.0,255.6366907406482,0.998580823205657,0.998580823205657,0.0014191767943430023,0.04545205531164268,0.0014191767943435598,1.4908427298687719,0.2500000000000001,0.015160692920263645,0.004536547753018551,0.0
n1024_m256_nonuniform_seed243.h5,256,243,1024,linear_nonuniform,0.49951171875,0.0,0.9990234375,256,1.0,255.6432683805324,0.9986065171114547,0.9986065171114547,0.0013934828885453499,0.045267452911709825,0.0013934828885457235,1.4922616988848219,0.2500000000000001,0.015567180482624964,0.00451329820961125,0.0
n1024_m256_nonuniform_seed244.h5,256,244,1024,linear_nonuniform,0.49951171875,0.0,0.9990234375,256,1.0,255.64686005032854,0.9986205470715959,0.9986205470715959,0.0013794529284041346,0.04536084031974438,0.0013794529284045693,1.4916108159913155,0.2500000000000001,0.014847533646842211,0.00430068866902561,0.0
n1024_m256_nonuniform_seed245.h5,256,245,1024,linear_nonuniform,0.49951171875,0.0,0.9990234375,256,1.0,255.64510901051108,0.9986137070723089,0.9986137070723089,0.0013862929276911018,0.04513771221220765,0.0013862929276914895,1.4858126170420995,0.2500000000000001,0.014654589233716604,0.004083540109059269,0.0
n1024_m256_nonuniform_seed246.h5,256,246,1024,linear_nonuniform,0.49951171875,0.0,0.9990234375,256,1.0,255.64312724884076,0.9986059658157842,0.9986059658157842,0.0013940341842157977,0.04503126111707109,0.0013940341842161401,1.472001795985745,0.2500000000000001,0.015976565699365796,0.0035044312823051377,0.0
n1024_m256_nonuniform_seed247.h5,256,247,1024,linear_nonuniform,0.49951171875,0.0,0.9990234375,256,1.0,255.6444932843442,0.9986113018919696,0.9986113018919696,0.0013886981080304395,0.04511988316158512,0.0013886981080308586,1.4715026937103286,0.2500000000000001,0.016059931973047312,0.0033644500244461176,0.0
n1024_m256_nonuniform_seed248.h5,256,248,1024,linear_nonuniform,0.49951171875,0.0,0.9990234375,256,1.0,255.64949345737114,0.998630833817856,0.998630833817856,0.0013691661821439993,0.04548017329504606,0.001369166182144555,1.4930008606488987,0.2500000000000001,0.013750479323716858,0.004149278617952532,0.0
n1024_m256_nonuniform_seed249.h5,256,249,1024,linear_nonuniform,0.49951171875,0.0,0.9990234375,256,1.0,255.6380754103884,0.9985862320718297,0.9985862320718297,0.001413767928170273,0.045501709916417186,0.001413767928170699,1.4687835558628355,0.2500000000000001,0.015497863891548481,0.003396543232851131,0.0
n1024_m256_nonuniform_seed25.h5,256,25,1024,linear_nonuniform,0.49951171875,0.0,0.9990234375,256,1.0,255.6440688535804,0.9986096439592984,0.9986096439592984,0.0013903560407015902,0.04516109153552084,0.0013903560407018752,1.4831526534201285,0.25000000000000006,0.015392896219869265,0.0041777991741552235,0.0
n1024_m256_nonuniform_seed250.h5,256,250,1024,linear_nonuniform,0.49951171875,0.0,0.9990234375,256,1.0,255.64687575671996,0.9986206084246874,0.9986206084246874,0.0013793915753126385,0.045539205208871364,0.0013793915753131543,1.4942813780700481,0.2500000000000001,0.014566666375480975,0.003957184968851234,0.0
n1024_m256_nonuniform_seed251.h5,256,251,1024,linear_nonuniform,0.49951171875,0.0,0.9990234375,256,1.0,255.64372613700107,0.9986083052226604,0.9986083052226604,0.0013916947773395805,0.04557466061644447,0.0013916947773400519,1.493490171734077,0.2500000000000001,0.014664122499839099,0.004502104931061743,0.0
n1024_m256_nonuniform_seed252.h5,256,252,1024,linear_nonuniform,0.49951171875,0.0,0.9990234375,256,1.0,255.64325131630176,0.9986064504543037,0.9986064504543037,0.0013935495456962599,0.045291193853302394,0.0013935495456968167,1.4932941343403505,0.25000000000000017,0.015398022941839598,0.0043819856215111756,0.0
n1024_m256_nonuniform_seed253.h5,256,253,1024,linear_nonuniform,0.49951171875,0.0,0.9990234375,256,1.0,255.64521298889304,0.9986141132378634,0.9986141132378634,0.001385886762136579,0.04529696561259689,0.0013858867621370631,1.4933130417727036,0.2500000000000001,0.014489807037415583,0.004684871867955986,0.0
n1024_m256_nonuniform_seed254.h5,256,254,1024,linear_nonuniform,0.49951171875,0.0,0.9990234375,256,1.0,255.64118576164765,0.9985983818814361,0.9985983818814361,0.0014016181185638743,0.04572088013483135,0.0014016181185644513,1.4905791927484158,0.25000000000000017,0.014556261182807288,0.004147259937239354,0.0
n1024_m256_nonuniform_seed255.h5,256,255,1024,linear_nonuniform,0.49951171875,0.0,0.9990234375,256,1.0,255.64045890088892,0.9985955425815973,0.9985955425815973,0.0014044574184026715,0.045508388522892594,0.0014044574184032628,1.484222963894952,0.2500000000000001,0.015634045595683477,0.0037838125912424553,0.0
n1024_m256_nonuniform_seed256.h5,256,256,1024,linear_nonuniform,0.49951171875,0.0,0.9990234375,256,1.0,255.63962973518937,0.9985923036530835,0.9985923036530835,0.0014076963469165094,0.04542419488054504,0.0014076963469168069,1.4739722151218253,0.25000000000000006,0.015675787740171254,0.0036126182434154585,0.0
n1024_m256_nonuniform_seed257.h5,256,257,1024,linear_nonuniform,0.49951171875,0.0,0.9990234375,256,1.0,255.64479401896824,0.9986124766365947,0.9986124766365947,0.0013875233634053075,0.045197192600785994,0.0013875233634057737,1.4858154474399845,0.2500000000000001,0.016040174393312304,0.004199931967800507,0.0
n1024_m256_nonuniform_seed258.h5,256,258,1024,linear_nonuniform,0.49951171875,0.0,0.9990234375,256,1.0,255.63454930215084,0.9985724582115267,0.9985724582115267,0.0014275417884732633,0.045886673505653376,0.001427541788473817,1.4896022878783006,0.25000000000000017,0.01447408577548473,0.004556024929689078,0.0
n1024_m256_nonuniform_seed259.h5,256,259,1024,linear_nonuniform,0.49951171875,0.0,0.9990234375,256,1.0,255.64511062354723,0.9986137133732313,0.9986137133732313,0.0013862866267686513,0.04496467049342146,0.001386286626769119,1.4805812650184482,0.2500000000000001,0.015752520759296097,0.0037760978875835344,0.0
n1024_m256_nonuniform_seed26.h5,256,26,1024,linear_nonuniform,0.49951171875,0.0,0.9990234375,256,1.0,255.63878171268152,0.9985889910651622,0.9985889910651622,0.0014110089348378096,0.045343589971130666,0.0014110089348382102,1.4805407557255437,0.2500000000000001,0.015090916958006446,0.0035149504812708697,0.0
n1024_m256_nonuniform_seed260.h5,256,260,1024,linear_nonuniform,0.49951171875,0.0,0.9990234375,256,1.0,255.64483680939884,0.9986126437867142,0.9986126437867142,0.0013873562132857842,0.04550305710024647,0.0013873562132862044,1.4912959341311438,0.2500000000000001,0.014577992671150257,0.004410550672982039,0.0
n1024_m256_nonuniform_seed261.h5,256,261,1024,linear_nonuniform,0.49951171875,0.0,0.9990234375,256,1.0,255.64789876203577,0.9986246045392022,0.9986246045392022,0.0013753954607977903,0.04522407888847475,0.0013753954607984386,1.48393482494552,0.25000000000000017,0.015023226987662237,0.003932689704812948,0.0
n1024_m256_nonuniform_seed262.h5,256,262,1024,linear_nonuniform,0.49951171875,0.0,0.9990234375,256,1.0,255.6366944098554,0.9985808375384977,0.9985808375384977,0.0014191624615023102,0.04557824535805008,0.0014191624615028705,1.4824436232162006,0.25000000000000017,0.015448608686015613,0.0038796826356640585,0.0
n1024_m256_nonuniform_seed263.h5,256,263,1024,linear_nonuniform,0.49951171875,0.0,0.9990234375,256,1.0,255.63254931764095,0.998564645772035,0.998564645772035,0.0014353542279650355,0.046007160399594925,0.0014353542279655922,1.484249900496529,0.2500000000000001,0.015385302268279315,0.0036993273328124326,0.0
n1024_m256_nonuniform_seed264.h5,256,264,1024,linear_nonuniform,0.49951171875,0.0,0.9990234375,256,1.0,255.63604175082583,0.9985782880891634,0.9985782880891634,0.0014217119108366205,0.04564385992222053,0.001421711910837186,1.478732135125863,0.2500000000000001,0.01618259387021661,0.0038485267927698356,0.0
n1024_m256_nonuniform_seed265.h5,256,265,1024,linear_nonuniform,0.49951171875,0.0,0.9990234375,256,1.0,255.6404286458128,0.9985954243977062,0.9985954243977062,0.0014045756022937894,0.045340385701435254,0.00140457560229419,1.482163836103487,0.2500000000000001,0.014918606095063278,0.0040713549507411136,0.0
n1024_m256_nonuniform_seed266.h5,256,266,1024,linear_nonuniform,0.49951171875,0.0,0.9990234375,256,1.0,255.64464541649795,0.9986118961581951,0.9986118961581951,0.0013881038418048774,0.04534113766033338,0.0013881038418052632,1.480050711826112,0.2500000000000001,0.015340370524604968,0.0036021750298776117,0.0
n1024_m256_nonuniform_seed267.h5,256,267,1024,linear_nonuniform,0.49951171875,0.0,0.9990234375,256,1.0,255.64393063628813,0.9986091040480005,0.9986091040480005,0.0013908959519994823,0.045169226694669794,0.0013908959519999362,1.4814546739522103,0.2500000000000001,0.01525333293448819,0.0038588979337606842,0.0
n1024_m256_nonuniform_seed268.h5,256,268,1024,linear_nonuniform,0.49951171875,0.0,0.9990234375,256,1.0,255.6480155250174,0.9986250606445992,0.9986250606445992,0.0013749393554007838,0.04515064753487439,0.0013749393554012082,1.4888039294141964,0.2500000000000001,0.014892867861777948,0.003857099776214938,0.0
n1024_m256_nonuniform_seed269.h5,256,269,1024,linear_nonuniform,0.49951171875,0.0,0.9990234375,256,1.0,255.63721559438272,0.9985828734155575,0.9985828734155575,0.0014171265844424852,0.045902364263131955,0.0014171265844429,1.4888114380510564,0.2500000000000001,0.014800607646328024,0.004356002361167142,0.0
n1024_m256_nonuniform_seed27.h5,256,27,1024,linear_nonuniform,0.49951171875,0.0,0.9990234375,256,1.0,255.64439484570175,0.9986109173660225,0.9986109173660225,0.001389082633977523,0.04521315258213104,0.0013890826339779795,1.4865943983092254,0.2500000000000001,0.01612066265768057,0.00408152597316077,0.0
n1024_m256_nonuniform_seed270.h5,256,270,1024,linear_nonuniform,0.49951171875,0.0,0.9990234375,256,1.0,255.63650532126485,0.9985800989111908,0.9985800989111908,0.0014199010888091834,0.04598108660357391,0.0014199010888095592,1.4880787057486395,0.2500000000000001,0.014851045458167471,0.004244440330436623,0.0
n1024_m256_nonuniform_seed271.h5,256,271,1024,linear_nonuniform,0.49951171875,0.0,0.9990234375,256,1.0,255.643260699886,0.9986064871089297,0.9986064871089297,0.0013935128910702588,0.045741508269899415,0.0013935128910706083,1.4857908549387913,0.2500000000000001,0.014274689956020948,0.0037233969760137294,0.0
n1024_m256_nonuniform_seed272.h5,256,272,1024,linear_nonuniform,0.49951171875,0.0,0.9990234375,256,1.0,255.64345663849963,0.9986072524941392,0.9986072524941392,0.0013927475058608252,0.04514132753063605,0.0013927475058611394,1.4794569609285528,0.2500000000000001,0.015813706020064378,0.003822337179620728,0.0
n1024_m256_nonuniform_seed273.h5,256,273,1024,linear_nonuniform,0.49951171875,0.0,0.9990234375,256,1.0,255.64677580098214,0.9986202179725865,0.9986202179725865,0.001379782027413512,0.04536873125785429,0.0013797820274138034,1.4893587024005808,0.25000000000000006,0.014593636707104066,0.004245520010620953,0.0
n1024_m256_nonuniform_seed274.h5,256,274,1024,linear_nonuniform,0.49951171875,0.0,0.9990234375,256,1.0,255.64168543476262,0.9986003337295415,0.9986003337295415,0.0013996662704585106,0.04544711975625231,0.0013996662704589351,1.4853231119910941,0.2500000000000001,0.015392054911826998,0.00395203285780646,0.0
n1024_m256_nonuniform_seed275.h5,256,275,1024,linear_nonuniform,0.49951171875,0.0,0.9990234375,256,1.0,255.6450839793688,0.9986136092944093,0.9986136092944093,0.0013863907055906566,0.0449695095534689,0.0013863907055910645,1.480666453004282,0.2500000000000001,0.01564265321537284,0.003910124068968368,0.0
n1024_m256_nonuniform_seed276.h5,256,276,1024,linear_nonuniform,0.49951171875,0.0,0.9990234375,256,1.0,255.6424036440294,0.9986031392344898,0.9986031392344898,0.001396860765510155,0.04540316346149235,0.0013968607655105796,1.480245532548468,0.2500000000000001,0.015098926980499465,0.0035361173162086856,0.0
n1024_m256_nonuniform_seed277.h5,256,277,1024,linear_nonuniform,0.49951171875,0.0,0.9990234375,256,1.0,255.64436525861674,0.9986108017914717,0.9986108017914717,0.0013891982085283416,0.04543933963530529,0.001389198208528805,1.4870957267674199,0.2500000000000001,0.014662547379564343,0.003923662659464172,0.0
n1024_m256_nonuniform_seed278.h5,256,278,1024,linear_nonuniform,0.49951171875,0.0,0.9990234375,256,1.0,255.654575736291,0.9986506864698868,0.9986506864698868,0.0013493135301132497,0.044822340920489166,0.001349313530113763,1.4809530435201597,0.2500000000000001,0.014677386532940942,0.0038388996186952224,0.0
n1024_m256_nonuniform_seed279.h5,256,279,1024,linear_nonuniform,0.49951171875,0.0,0.9990234375,256,1.0,255.64631969366746,0.9986184363033885,0.9986184363033885,0.0013815636966114653,0.04545659086458276,0.0013815636966119271,1.4899692642038043,0.2500000000000001,0.014734496488314448,0.003953803005793666,0.0
n1024_m256_nonuniform_seed28.h5,256,28,1024,linear_nonuniform,0.49951171875,0.0,0.9990234375,256,1.0,255.65270256370422,0.9986433693894696,0.9986433693894696,0.0013566306105303738,0.044905259279198584,0.0013566306105307522,1.4858266836051142,0.2500000000000001,0.014919645294954067,0.0040000632998688085,0.0
n1024_m256_nonuniform_seed280.h5,256,280,1024,linear_nonuniform,0.49951171875,0.0,0.9990234375,256,1.0,255.6400425871252,0.9985939163559578,0.9985939163559578,0.0014060836440421554,0.045498263353590314,0.0014060836440426127,1.4804411591592033,0.2500000000000001,0.015619766669353444,0.0037295713925768023,0.0
n1024_m256_nonuniform_seed281.h5,256,281,1024,linear_nonuniform,0.49951171875,0.0,0.9990234375,256,1.0,255.6433934027591,0.9986070054795277,0.9986070054795277,0.0013929945204722571,0.045709107926453045,0.0013929945204727747,1.4874847908295996,0.2500000000000001,0.014079705992891808,0.0035421230955201286,0.0
n1024_m256_nonuniform_seed282.h5,256,282,1024,linear_nonuniform,0.49951171875,0.0,0.9990234375,256,1.0,255.631556649314,0.9985607681613828,0.9985607681613828,0.001439231838617161,0.045916302574593754,0.0014392318386179021,1.4908869179380324,0.2500000000000002,0.014750125987674157,0.0043829881358000995,1.175935344947885e-06
n1024_m256_nonuniform_seed283.h5,256,283,1024,linear_nonuniform,0.49951171875,0.0,0.9990234375,256,1.0,255.64138068871398,0.998599143315289,0.998599143315289,0.001400856684711016,0.0457930312894612,0.00140085668471143,1.4967108316313806,0.2500000000000001,0.014573057118768907,0.0042175813930728015,0.0
n1024_m256_nonuniform_seed284.h5,256,284,1024,linear_nonuniform,0.49951171875,0.0,0.9990234375,256,1.0,255.6484875579772,0.9986269045233485,0.9986269045233485,0.0013730954766515424,0.04501868134091528,0.0013730954766520915,1.4835569182319184,0.2500000000000001,0.014887841607286744,0.0037100969257169727,0.0
n1024_m256_nonuniform_seed285.h5,256,285,1024,linear_nonuniform,0.49951171875,0.0,0.9990234375,256,1.0,255.64326759503456,0.9986065140431037,0.9986065140431037,0.0013934859568962565,0.04541365387975754,0.0013934859568967902,1.4841424157264778,0.2500000000000001,0.014896105740029125,0.004097270779275137,0.0
n1024_m256_nonuniform_seed286.h5,256,286,1024,linear_nonuniform,0.49951171875,0.0,0.9990234375,256,1.0,255.64694751215575,0.9986208887193584,0.9986208887193584,0.0013791112806416095,0.04513129298451067,0.0013791112806417326,1.4874742330467257,0.25,0.015696854158146215,0.0040042308098658524,0.0
n1024_m256_nonuniform_seed287.h5,256,287,1024,linear_nonuniform,0.49951171875,0.0,0.9990234375,256,1.0,255.63779739690654,0.9985851460816662,0.9985851460816662,0.001414853918333847,0.045743014158097846,0.001414853918334309,1.48546447966624,0.2500000000000001,0.015220216689753601,0.0040188172944259455,0.0
n1024_m256_nonuniform_seed288.h5,256,288,1024,linear_nonuniform,0.49951171875,0.0,0.9990234375,256,1.0,255.63786879998224,0.9985854249999306,0.9985854249999306,0.0014145750000693624,0.04580080747151956,0.0014145750000698002,1.48796141670146,0.2500000000000001,0.01542707393165365,0.0038215749244057792,0.0
n1024_m256_nonuniform_seed289.h5,256,289,1024,linear_nonuniform,0.49951171875,0.0,0.9990234375,256,1.0,255.6396006316936,0.9985921899675532,0.9985921899675532,0.0014078100324468323,0.045511842132400664,0.0014078100324473018,1.4861992466594587,0.2500000000000001,0.015215785254358703,0.004320805472313685,0.0
n1024_m256_nonuniform_seed29.h5,256,29,1024,linear_nonuniform,0.49951171875,0.0,0.9990234375,256,1.0,255.6438119146187,0.9986086402914793,0.9986086402914793,0.0013913597085206675,0.045501908934653244,0.0013913597085211005,1.4964832855221342,0.2500000000000001,0.014343345452754386,0.0042437307629577,0.0
n1024_m256_nonuniform_seed290.h5,256,290,1024,linear_nonuniform,0.49951171875,0.0,0.9990234375,256,1.0,255.64436558206216,0.9986108030549303,0.9986108030549303,0.0013891969450696706,0.04535983109330607,0.0013891969450699991,1.4872056322272769,0.25000000000000006,0.014917654970665608,0.004283448266928605,0.0
n1024_m256_nonuniform_seed291.h5,256,291,1024,linear_nonuniform,0.49951171875,0.0,0.9990234375,256,1.0,255.646073160402,0.9986174732828204,0.9986174732828204,0.001382526717179644,0.04510334421688837,0.0013825267171801135,1.4748071806508853,0.2500000000000001,0.015534962863129984,0.0036568511057052905,0.0
n1024_m256_nonuniform_seed292.h5,256,292,1024,linear_nonuniform,0.49951171875,0.0,0.9990234375,256,1.0,255.63481275120284,0.9985734873093861,0.9985734873093861,0.0014265126906138903,0.04558591033216117,0.0014265126906144398,1.476363516183429,0.2500000000000001,0.016298059965602872,0.0037871551117529922,0.0
n1024_m256_nonuniform_seed293.h5,256,293,1024,linear_nonuniform,0.49951171875,0.0,0.9990234375,256,1.0,255.64542772507411,0.9986149520510708,0.9986149520510708,0.001385047948929241,0.04514298882603623,0.0013850479489296845,1.4873696234767906,0.2500000000000001,0.015514201009160976,0.0043539779795913796,0.0
n1024_m256_nonuniform_seed294.h5,256,294,1024,linear_nonuniform,0.49951171875,0.0,0.9990234375,256,1.0,255.6486006766063,0.9986273463929933,0.9986273463929933,0.0013726536070066686,0.045187404848234976,0.0013726536070071606,1.494639254502739,0.2500000000000001,0.014720614085071766,0.004417876912567248,0.0
n1024_m256_nonuniform_seed295.h5,256,295,1024,linear_nonuniform,0.49951171875,0.0,0.9990234375,256,1.0,255.6400790681655,0.9985940588600215,0.9985940588600215,0.001405941139978495,0.04567068628359441,0.0014059411399788783,1.4889397595705023,0.2500000000000001,0.014709347410177364,0.004329413199617948,0.0
n1024_m256_nonuniform_seed296.h5,256,296,1024,linear_nonuniform,0.49951171875,0.0,0.9990234375,256,1.0,255.64495945320232,0.9986131228640716,0.9986131228640716,0.0013868771359284437,0.045164073278332585,0.001386877135928827,1.4847392181766423,0.2500000000000001,0.015512383240410474,0.003543358794727119,0.0
n1024_m256_nonuniform_seed297.h5,256,297,1024,linear_nonuniform,0.49951171875,0.0,0.9990234375,256,1.0,255.65183199435705,0.9986399687279572,0.9986399687279572,0.001360031272042761,0.04483198074114445,0.0013600312720434015,1.4920698216659378,0.25000000000000017,0.014625068734386626,0.0042919194073326415,0.0
n1024_m256_nonuniform_seed298.h5,256,298,1024,linear_nonuniform,0.49951171875,0.0,0.9990234375,256,1.0,255.64377397982753,0.9986084921087013,0.9986084921087013,0.0013915078912987155,0.04502713215996782,0.0013915078912992535,1.4774886996972076,0.2500000000000001,0.016028676852533324,0.0039023722099971524,0.0
n1024_m256_nonuniform_seed299.h5,256,299,1024,linear_nonuniform,0.49951171875,0.0,0.9990234375,256,1.0,255.6433612886758,0.9986068800338899,0.9986068800338899,0.0013931199661101346,0.045349325985816036,0.0013931199661106647,1.4861492147952842,0.2500000000000001,0.015324290673311657,0.0040478842163828065,0.0
n1024_m256_nonuniform_seed3.h5,256,3,1024,linear_nonuniform,0.49951171875,0.0,0.9990234375,256,1.0,255.63452139603032,0.9985723492032434,0.9985723492032434,0.0014276507967565522,0.04576179454145012,0.001427650796756903,1.4814238334116399,0.2500000000000001,0.016663815080668925,0.004049516045599277,0.0
n1024_m256_nonuniform_seed30.h5,256,30,1024,linear_nonuniform,0.49951171875,0.0,0.9990234375,256,1.0,255.64238697613473,0.9986030741255263,0.9986030741255263,0.001396925874473709,0.04550367774134303,0.0013969258744744603,1.4896448922883496,0.2500000000000002,0.014854465864102634,0.004129803432271219,0.0
n1024_m256_nonuniform_seed300.h5,256,300,1024,linear_nonuniform,0.49951171875,0.0,0.9990234375,256,1.0,255.6460957362724,0.9986175614698141,0.9986175614698141,0.0013824385301859365,0.045255201992272044,0.0013824385301862572,1.4903420628751471,0.25000000000000006,0.014950951873823887,0.004274969080897809,0.0
n1024_m256_nonuniform_seed301.h5,256,301,1024,linear_nonuniform,0.49951171875,0.0,0.9990234375,256,1.0,255.639844659323,0.9985931432004804,0.9985931432004804,0.0014068567995195735,0.04566714449352341,0.0014068567995197102,1.4939481257026386,0.25,0.015073135163580024,0.004469929974348584,0.0
n1024_m256_nonuniform_seed302.h5,256,302,1024,linear_nonuniform,0.49951171875,0.0,0.9990234375,256,1.0,255.63832568351063,0.9985872097012134,0.9985872097012134,0.0014127902987866037,0.04554506673736506,0.0014127902987871694,1.4894645350680908,0.2500000000000001,0.014926266525069152,0.004250749596606921,0.0
n1024_m256_nonuniform_seed303.h5,256,303,1024,linear_nonuniform,0.49951171875,0.0,0.9990234375,256,1.0,255.63770992726495,0.9985848044033787,0.9985848044033787,0.0014151955966212881,0.04536338471338281,0.0014151955966216511,1.4721548847168906,0.2500000000000001,0.016102637357114154,0.003505062541788703,0.0
n1024_m256_nonuniform_seed304.h5,256,304,1024,linear_nonuniform,0.49951171875,0.0,0.9990234375,256,1.0,255.63251174983452,0.9985644990227911,0.9985644990227911,0.0014355009772089034,0.045802069275528066,0.0014355009772095164,1.4876494024742781,0.2500000000000001,0.015047324643390089,0.004517729559953311,0.0
n1024_m256_nonuniform_seed305.h5,256,305,1024,linear_nonuniform,0.49951171875,0.0,0.9990234375,256,1.0,255.64886747709534,0.9986283885824037,0.9986283885824037,0.0013716114175963412,0.04495048833244802,0.0013716114175966498,1.4809856161765642,0.2500000000000001,0.015286822129408472,0.0038098242545384093,0.0
n1024_m256_nonuniform_seed306.h5,256,306,1024,linear_nonuniform,0.49951171875,0.0,0.9990234375,256,1.0,255.64089812274324,0.9985972582919658,0.9985972582919658,0.0014027417080342275,0.04524669332541372,0.0014027417080344083,1.480137721784649,0.25,0.015807481456700346,0.003776643963244959,0.0
n1024_m256_nonuniform_seed307.h5,256,307,1024,linear_nonuniform,0.49951171875,0.0,0.9990234375,256,1.0,255.63611648748338,0.9985785800292319,0.9985785800292319,0.0014214199707680564,0.04589250310449438,0.0014214199707685287,1.4858287242465524,0.2500000000000001,0.015054300762061967,0.0038080833496708356,0.0
n1024_m256_nonuniform_seed308.h5,256,308,1024,linear_nonuniform,0.49951171875,0.0,0.9990234375,256,1.0,255.63555976128555,0.9985764053175217,0.9985764053175217,0.001423594682478324,0.045558519026879206,0.0014235946824785843,1.48868919739204,0.25000000000000006,0.015536430030046351,0.004643143266830574,0.0
n1024_m256_nonuniform_seed309.h5,256,309,1024,linear_nonuniform,0.49951171875,0.0,0.9990234375,256,1.0,255.63741043183836,0.9985836344993686,0.9985836344993686,0.0014163655006314002,0.04545540103765916,0.0014163655006320251,1.4785581709342295,0.25000000000000017,0.015614285461261843,0.003803834905055336,0.0
n1024_m256_nonuniform_seed31.h5,256,31,1024,linear_nonuniform,0.49951171875,0.0,0.9990234375,256,1.0,255.63135765081097,0.9985599908234803,0.9985599908234803,0.001440009176519652,0.046200249933176604,0.0014400091765199175,1.4859767885542408,0.25000000000000006,0.014897271952080699,0.0036818359502176984,0.0
n1024_m256_nonuniform_seed310.h5,256,310,1024,linear_nonuniform,0.49951171875,0.0,0.9990234375,256,1.0,255.64508746402862,0.9986136229063618,0.9986136229063618,0.0013863770936382025,0.04517294926929532,0.0013863770936384551,1.4806143433678678,0.2500000000000001,0.01534939614139867,0.0038048946922832273,0.0
n1024_m256_nonuniform_seed311.h5,256,311,1024,linear_nonuniform,0.49951171875,0.0,0.9990234375,256,1.0,255.64048341524904,0.9985956383408165,0.9985956383408165,0.0014043616591834507,0.04532451094023137,0.0014043616591839232,1.4848030051495371,0.25000000000000017,0.015539569881092946,0.004159431766771542,0.0
n1024_m256_nonuniform_seed312.h5,256,312,1024,linear_nonuniform,0.49951171875,0.0,0.9990234375,256,1.0,255.64211538550444,0.9986020132246267,0.9986020132246267,0.0013979867753732833,0.0454934039047252,0.0013979867753738894,1.491616673383519,0.2500000000000001,0.015404867911934288,0.004232485253058806,0.0
n1024_m256_nonuniform_seed313.h5,256,313,1024,linear_nonuniform,0.49951171875,0.0,0.9990234375,256,1.0,255.6404304059106,0.9985954312730883,0.9985954312730883,0.001404568726911748,0.045309360131734845,0.0014045687269120834,1.4878476026526442,0.2500000000000001,0.015453125064575399,0.0043071442491643885,0.0
n1024_m256_nonuniform_seed314.h5,256,314,1024,linear_nonuniform,0.49951171875,0.0,0.9990234375,256,1.0,255.64560753820115,0.9986156544460982,0.9986156544460982,0.0013843455539017668,0.04520254619942666,0.0013843455539021957,1.4942234136133683,0.2500000000000001,0.014322642588669594,0.0046660763836977055,0.0
n1024_m256_nonuniform_seed315.h5,256,315,1024,linear_nonuniform,0.49951171875,0.0,0.9990234375,256,1.0,255.6384187611111,0.9985875732855902,0.9985875732855902,0.0014124267144097757,0.04538792489331756,0.001412426714410253,1.485231174150334,0.2500000000000001,0.015919656169048488,0.0045439804582472,1.335462914413277e-06
n1024_m256_nonuniform_seed316.h5,256,316,1024,linear_nonuniform,0.49951171875,0.0,0.9990234375,256,1.0,255.63574533788778,0.9985771302261242,0.9985771302261242,0.0014228697738758456,0.04573929135688938,0.0014228697738759859,1.4883158331635835,0.25,0.01597720827458774,0.0042337771192213275,0.0
n1024_m256_nonuniform_seed317.h5,256,317,1024,linear_nonuniform,0.49951171875,0.0,0.9990234375,256,1.0,255.6385673280165,0.9985881536250645,0.9985881536250645,0.0014118463749355215,0.04576236717254229,0.0014118463749361355,1.493445963767714,0.25000000000000017,0.015611666323209043,0.004434361919606189,0.0
n1024_m256_nonuniform_seed318.h5,256,318,1024,linear_nonuniform,0.49951171875,0.0,0.9990234375,256,1.0,255.6391330549959,0.9985903634960778,0.9985903634960778,0.0014096365039222292,0.045724069583691275,0.0014096365039226618,1.4880513551501273,0.2500000000000001,0.015723860572120482,0.004209974849960151,0.0
n1024_m256_nonuniform_seed319.h5,256,319,1024,linear_nonuniform,0.49951171875,0.0,0.9990234375,256,1.0,255.65366380297928,0.9986471242303878,0.9986471242303878,0.001352875769612183,0.04483133112313106,0.001352875769612684,1.4836978762215278,0.2500000000000001,0.015018578052257876,0.004032138077994471,0.0
n1024_m256_nonuniform_seed32.h5,256,32,1024,linear_nonuniform,0.49951171875,0.0,0.9990234375,256,1.0,255.6479073442606,0.998624638063518,0.998624638063518,0.0013753619364820224,0.045062583410121336,0.00137536193648258,1.480737486742594,0.2500000000000001,0.014813141157605082,0.0038300743561133334,0.0
n1024_m256_nonuniform_seed320.h5,256,320,1024,linear_nonuniform,0.49951171875,0.0,0.9990234375,256,1.0,255.6461092275713,0.9986176141702003,0.9986176141702003,0.0013823858297996594,0.04516374723450752,0.0013823858298000122,1.4907872005349623,0.2500000000000001,0.0162553549804864,0.004737629804226009,0.0
n1024_m256_nonuniform_seed321.h5,256,321,1024,linear_nonuniform,0.49951171875,0.0,0.9990234375,256,1.0,255.643304810088,0.9986066594144063,0.9986066594144063,0.0013933405855937053,0.045392208658120305,0.0013933405855941778,1.4812340661872219,0.2500000000000001,0.015042047199042454,0.003905181980472342,0.0
n1024_m256_nonuniform_seed322.h5,256,322,1024,linear_nonuniform,0.49951171875,0.0,0.9990234375,256,1.0,255.63998407027975,0.9985936877745303,0.9985936877745303,0.0014063122254697191,0.045495874903340346,0.001406312225470032,1.489321427049435,0.25000000000000006,0.015286142136301688,0.004227005878804878,0.0
n1024_m256_nonuniform_seed323.h5,256,323,1024,linear_nonuniform,0.49951171875,0.0,0.9990234375,256,1.0,255.64727690894506,0.9986221754255666,0.9986221754255666,0.0013778245744333617,0.044917555113684955,0.0013778245744336135,1.4820200759176594,0.25000000000000006,0.01566945992684462,0.0037841300607544892,0.0
n1024_m256_nonuniform_seed324.h5,256,324,1024,linear_nonuniform,0.49951171875,0.0,0.9990234375,256,1.0,255.6383464315295,0.9985872907481621,0.9985872907481621,0.0014127092518378959,0.04556289752967142,0.0014127092518384755,1.4799528914659839,0.25000000000000017,0.015780731802888207,0.004093114620936209,0.0
n1024_m256_nonuniform_seed325.h5,256,325,1024,linear_nonuniform,0.49951171875,0.0,0.9990234375,256,1.0,255.6455377064558,0.998615381665843,0.998615381665843,0.0013846183341570395,0.045319754375616784,0.0013846183341575554,1.488200137406212,0.2500000000000001,0.01448820630368867,0.0040766575596638665,0.0
n1024_m256_nonuniform_seed326.h5,256,326,1024,linear_nonuniform,0.49951171875,0.0,0.9990234375,256,1.0,255.64089159667492,0.9985972327995114,0.9985972327995114,0.0014027672004885972,0.045710243058179424,0.0014027672004890811,1.4837745094275827,0.2500000000000001,0.014672731207865825,0.003783352678287537,0.0
n1024_m256_nonuniform_seed327.h5,256,327,1024,linear_nonuniform,0.49951171875,0.0,0.9990234375,256,1.0,255.63245297774847,0.99856426944433,0.99856426944433,0.001435730555670034,0.04580422226733951,0.0014357305556704518,1.4894556255873888,0.2500000000000001,0.015855808646586894,0.004422131348255478,1.4392690816731927e-06
n1024_m256_nonuniform_seed328.h5,256,328,1024,linear_nonuniform,0.49951171875,0.0,0.9990234375,256,1.0,255.64411799657682,0.9986098359241282,0.9986098359241282,0.0013901640758717804,0.045282079785760286,0.0013901640758722095,1.4929489035268146,0.2500000000000001,0.014799931422987238,0.004138886813034009,0.0
n1024_m256_nonuniform_seed329.h5,256,329,1024,linear_nonuniform,0.49951171875,0.0,0.9990234375,256,1.0,255.6476945464965,0.9986238068222519,0.9986238068222519,0.001376193177748064,0.04538117444038446,0.0013761931777484806,1.4903864640494457,0.2500000000000001,0.015296687038719736,0.004283989301370131,0.0
n1024_m256_nonuniform_seed33.h5,256,33,1024,linear_nonuniform,0.49951171875,0.0,0.9990234375,256,1.0,255.64244004295324,0.9986032814177861,0.9986032814177861,0.0013967185822139072,0.04540501040436148,0.0013967185822143632,1.4838921701689223,0.2500000000000001,0.01513631997496301,0.003937541122188998,0.0
n1024_m256_nonuniform_seed330.h5,256,330,1024,linear_nonuniform,0.49951171875,0.0,0.9990234375,256,1.0,255.64944080797432,0.9986306281561497,0.9986306281561497,0.001369371843850331,0.04504050852707418,0.0013693718438508445,1.4869972669715703,0.2500000000000001,0.015160223229130614,0.004133862875055246,0.0
n1024_m256_nonuniform_seed331.h5,256,331,1024,linear_nonuniform,0.49951171875,0.0,0.9990234375,256,1.0,255.65013638650998,0.9986333452598046,0.9986333452598046,0.0013666547401953721,0.04510076833677967,0.0013666547401958871,1.4815600982752863,0.2500000000000001,0.014532685439431798,0.0039809663163275204,0.0
n1024_m256_nonuniform_seed332.h5,256,332,1024,linear_nonuniform,0.49951171875,0.0,0.9990234375,256,1.0,255.648801471325,0.9986281307473632,0.9986281307473632,0.0013718692526367704,0.045219715565929,0.0013718692526371648,1.494077909903725,0.2500000000000001,0.0151451908342284,0.004323975763298041,0.0
n1024_m256_nonuniform_seed333.h5,256,333,1024,linear_nonuniform,0.49951171875,0.0,0.9990234375,256,1.0,255.64460653881542,0.9986117442922477,0.9986117442922477,0.0013882557077522506,0.04499975527791273,0.0013882557077526747,1.4791801105078082,0.2500000000000001,0.0159116613715219,0.00423072027905114,0.0
n1024_m256_nonuniform_seed334.h5,256,334,1024,linear_nonuniform,0.49951171875,0.0,0.9990234375,256,1.0,255.64669849275379,0.9986199159873195,0.9986199159873195,0.001380084012680527,0.045400718302212005,0.0013800840126809257,1.4888459790356972,0.2500000000000001,0.01472832920345486,0.003953288141878479,0.0
n1024_m256_nonuniform_seed335.h5,256,335,1024,linear_nonuniform,0.49951171875,0.0,0.9990234375,256,1.0,255.65010792059184,0.9986332340648119,0.9986332340648119,0.0013667659351881412,0.044971390521915455,0.0013667659351884597,1.4808483658909048,0.25000000000000006,0.014730938462871549,0.0037045203123390476,0.0
n1024_m256_nonuniform_seed336.h5,256,336,1024,linear_nonuniform,0.49951171875,0.0,0.9990234375,256,1.0,255.64009782424546,0.9985941321259588,0.9985941321259588,0.0014058678740411779,0.04542042106633018,0.0014058678740415328,1.4858875898602355,0.2500000000000001,0.01507050695279648,0.004201894148465637,0.0
n1024_m256_nonuniform_seed337.h5,256,337,1024,linear_nonuniform,0.49951171875,0.0,0.9990234375,256,1.0,255.63891236655763,0.9985895014318658,0.9985895014318658,0.0014104985681342441,0.04562579489753064,0.0014104985681346828,1.4902306714055877,0.2500000000000001,0.01586217674278235,0.0042322581704158525,0.0
n1024_m256_nonuniform_seed338.h5,256,338,1024,linear_nonuniform,0.49951171875,0.0,0.9990234375,256,1.0,255.64079293013492,0.9985968473833395,0.9985968473833395,0.0014031526166604635,0.045633276453637385,0.0014031526166607873,1.4847229457910947,0.25000000000000006,0.01565160527243203,0.004118982368945946,0.0
n1024_m256_nonuniform_seed339.h5,256,339,1024,linear_nonuniform,0.49951171875,0.0,0.9990234375,256,1.0,255.64172256887832,0.998600478784681,0.998600478784681,0.001399521215319055,0.045697997039556015,0.0013995212153196763,1.4830321225515204,0.2500000000000001,0.014513870258099111,0.0036000257899056784,0.0
n1024_m256_nonuniform_seed34.h5,256,34,1024,linear_nonuniform,0.49951171875,0.0,0.9990234375,256,1.0,255.64361998229288,0.9986078905558315,0.9986078905558315,0.0013921094441684545,0.045648578295179904,0.0013921094441689255,1.500414175942235,0.2500000000000001,0.014524422134696338,0.00417818539753583,0.0
n1024_m256_nonuniform_seed340.h5,256,340,1024,linear_nonuniform,0.49951171875,0.0,0.9990234375,256,1.0,255.647842818551,0.9986243860099648,0.9986243860099648,0.0013756139900351627,0.04493251775332303,0.001375613990035377,1.4817514849223306,0.25000000000000006,0.015740944606071033,0.004341285282717234,0.0
n1024_m256_nonuniform_seed341.h5,256,341,1024,linear_nonuniform,0.49951171875,0.0,0.9990234375,256,1.0,255.64439188600227,0.9986109058046964,0.9986109058046964,0.0013890941953036418,0.04543673935232189,0.0013890941953039078,1.4904681650702527,0.25000000000000006,0.015395909266637175,0.004115519878070733,0.0
n1024_m256_nonuniform_seed342.h5,256,342,1024,linear_nonuniform,0.49951171875,0.0,0.9990234375,256,1.0,255.64624823200575,0.9986181571562724,0.9986181571562724,0.0013818428437275543,0.04549881052720145,0.0013818428437281267,1.489380351204641,0.25000000000000017,0.014570213467864156,0.0041242934755515,0.0
n1024_m256_nonuniform_seed343.h5,256,343,1024,linear_nonuniform,0.49951171875,0.0,0.9990234375,256,1.0,255.63800194460782,0.9985859450961243,0.9985859450961243,0.0014140549038756944,0.04572993065144584,0.0014140549038762311,1.4923583705752448,0.2500000000000001,0.015564920477162965,0.004294482584497831,0.0
n1024_m256_nonuniform_seed344.h5,256,344,1024,linear_nonuniform,0.49951171875,0.0,0.9990234375,256,1.0,255.63986963429488,0.9985932407589644,0.9985932407589644,0.0014067592410356156,0.045433932822357144,0.0014067592410359933,1.4903019636633033,0.2500000000000001,0.01542011469062583,0.004390054499053743,0.0
n1024_m256_nonuniform_seed345.h5,256,345,1024,linear_nonuniform,0.49951171875,0.0,0.9990234375,256,1.0,255.6360833340441,0.9985784505236097,0.9985784505236097,0.0014215494763902825,0.0457656110160944,0.0014215494763908194,1.4933363858182576,0.25000000000000017,0.0142871554225176,0.00451698411313858,0.0
n1024_m256_nonuniform_seed346.h5,256,346,1024,linear_nonuniform,0.49951171875,0.0,0.9990234375,256,1.0,255.6479666482337,0.9986248697196629,0.9986248697196629,0.001375130280337089,0.04499609575747261,0.0013751302803374735,1.4864323154016448,0.2500000000000001,0.015353567251760871,0.00419162324678124,0.0
n1024_m256_nonuniform_seed347.h5,256,347,1024,linear_nonuniform,0.49951171875,0.0,0.9990234375,256,1.0,255.6361504401866,0.998578712656979,0.998578712656979,0.0014212873430210493,0.04591405579446213,0.0014212873430215988,1.4844093123563724,0.25000000000000017,0.014711984673413586,0.004000395173396133,0.0
n1024_m256_nonuniform_seed348.h5,256,348,1024,linear_nonuniform,0.49951171875,0.0,0.9990234375,256,1.0,255.64287621117546,0.9986049851999041,0.9986049851999041,0.0013950148000958507,0.04530679084666699,0.001395014800096033,1.4819083884139148,0.25000000000000006,0.015689686533557776,0.0038633824765131955,0.0
n1024_m256_nonuniform_seed349.h5,256,349,1024,linear_nonuniform,0.49951171875,0.0,0.9990234375,256,1.0,255.6468131133588,0.9986203637240578,0.9986203637240578,0.0013796362759421754,0.045019434785514324,0.0013796362759426605,1.4782701623878485,0.2500000000000001,0.015049660724871562,0.0036222145361883553,0.0
n1024_m256_nonuniform_seed35.h5,256,35,1024,linear_nonuniform,0.49951171875,0.0,0.9990234375,256,1.0,255.6436689470429,0.9986080818243863,0.9986080818243863,0.0013919181756136823,0.045389014381294425,0.0013919181756141855,1.47956072902354,0.2500000000000001,0.01529229580774974,0.003516397290521649,0.0
n1024_m256_nonuniform_seed350.h5,256,350,1024,linear_nonuniform,0.49951171875,0.0,0.9990234375,256,1.0,255.64794483092555,0.9986247844958029,0.9986247844958029,0.0013752155041970582,0.045205744043767884,0.0013752155041976744,1.482064463014983,0.25000000000000017,0.015361526279223249,0.003648398218672014,0.0
n1024_m256_nonuniform_seed351.h5,256,351,1024,linear_nonuniform,0.49951171875,0.0,0.9990234375,256,1.0,255.64412406401243,0.9986098596250486,0.9986098596250486,0.001390140374951443,0.045143956513385035,0.0013901403749519076,1.4761333647244277,0.2500000000000001,0.015551886305716574,0.0037310919977792956,0.0
n1024_m256_nonuniform_seed352.h5,256,352,1024,linear_nonuniform,0.49951171875,0.0,0.9990234375,256,1.0,255.63518695363018,0.9985749490376179,0.9985749490376179,0.0014250509623821017,0.04573715105219509,0.001425050962382661,1.4911208046828164,0.2500000000000001,0.014867417932636927,0.004391864279341889,0.0
n1024_m256_nonuniform_seed353.h5,256,353,1024,linear_nonuniform,0.49951171875,0.0,0.9990234375,256,1.0,255.64794563247415,0.9986247876268521,0.9986247876268521,0.0013752123731478605,0.045072387555867684,0.0013752123731481916,1.4886375639726506,0.2500000000000001,0.015626705241915895,0.003952478268379381,0.0
n1024_m256_nonuniform_seed354.h5,256,354,1024,linear_nonuniform,0.49951171875,0.0,0.9990234375,256,1.0,255.6482391096797,0.9986259340221864,0.9986259340221864,0.0013740659778136433,0.044954412232625064,0.0013740659778139052,1.4806498926928588,0.25000000000000006,0.01631222990134084,0.00405353437071028,0.0
n1024_m256_nonuniform_seed355.h5,256,355,1024,linear_nonuniform,0.49951171875,0.0,0.9990234375,256,1.0,255.6394670871814,0.9985916683093023,0.9985916683093023,0.0014083316906976506,0.04557251887345252,0.0014083316906979403,1.4976433553809407,0.25000000000000006,0.015620086706567785,0.004547514691822517,0.0
n1024_m256_nonuniform_seed356.h5,256,356,1024,linear_nonuniform,0.49951171875,0.0,0.9990234375,256,1.0,255.64827704269555,0.9986260821980295,0.9986260821980295,0.0013739178019704923,0.045001881143328225,0.0013739178019709618,1.4866099540462312,0.2500000000000001,0.015445920260347171,0.003912026602605002,0.0
n1024_m256_nonuniform_seed357.h5,256,357,1024,linear_nonuniform,0.49951171875,0.0,0.9990234375,256,1.0,255.64389766121167,0.9986089752391081,0.9986089752391081,0.0013910247608919235,0.04527361277542113,0.0013910247608923468,1.4860384917000256,0.2500000000000001,0.015429909938792178,0.004022857433449862,0.0
n1024_m256_nonuniform_seed358.h5,256,358,1024,linear_nonuniform,0.49951171875,0.0,0.9990234375,256,1.0,255.64776387324673,0.99862407762987,0.99862407762987,0.001375922370129956,0.045270583169835406,0.0013759223701303037,1.4865514759078946,0.2500000000000001,0.014188892376887864,0.0037688839270792625,0.0
n1024_m256_nonuniform_seed359.h5,256,359,1024,linear_nonuniform,0.49951171875,0.0,0.9990234375,256,1.0,255.63868393498706,0.9985886091210432,0.9985886091210432,0.0014113908789568086,0.04581688557865495,0.0014113908789572455,1.4925867536083537,0.2500000000000001,0.014587666818288362,0.003915907306411356,0.0
n1024_m256_nonuniform_seed36.h5,256,36,1024,linear_nonuniform,0.49951171875,0.0,0.9990234375,256,1.0,255.64368949542404,0.9986081620915002,0.9986081620915002,0.0013918379084998378,0.0453044170316339,0.0013918379085003682,1.487633510939172,0.25000000000000017,0.01593574553712018,0.004201349551320634,0.0
n1024_m256_nonuniform_seed360.h5,256,360,1024,linear_nonuniform,0.49951171875,0.0,0.9990234375,256,1.0,255.6460843050736,0.9986175168166938,0.9986175168166938,0.001382483183306249,0.045127094827353234,0.0013824831833065853,1.4851748123126136,0.2500000000000001,0.015251895189035261,0.0038461785427010855,0.0
n1024_m256_nonuniform_seed361.h5,256,361,1024,linear_nonuniform,0.49951171875,0.0,0.9990234375,256,1.0,255.63784771162318,0.998585342623528,0.998585342623528,0.0014146573764719506,0.04548369755324556,0.0014146573764723632,1.4850734579672389,0.2500000000000001,0.015658234540660315,0.004552476978622535,0.0
n1024_m256_nonuniform_seed362.h5,256,362,1024,linear_nonuniform,0.49951171875,0.0,0.9990234375,256,1.0,255.64270107822085,0.9986043010868002,0.9986043010868002,0.0013956989131997943,0.04561272853000592,0.0013956989132004874,1.4961367804039587,0.25000000000000017,0.015210919342260695,0.004185651936028658,0.0
n1024_m256_nonuniform_seed363.h5,256,363,1024,linear_nonuniform,0.49951171875,0.0,0.9990234375,256,1.0,255.65056298987474,0.9986350116791982,0.9986350116791982,0.0013649883208017854,0.044693057014466145,0.0013649883208021873,1.4768561967997147,0.2500000000000001,0.015482814835597207,0.003405437799744099,0.0
n1024_m256_nonuniform_seed364.h5,256,364,1024,linear_nonuniform,0.49951171875,0.0,0.9990234375,256,1.0,255.63518108746212,0.9985749261228989,0.9985749261228989,0.0014250738771011129,0.04581222027090783,0.0014250738771015737,1.489924217276289,0.2500000000000001,0.014995988606499186,0.003932938743103742,0.0
n1024_m256_nonuniform_seed365.h5,256,365,1024,linear_nonuniform,0.49951171875,0.0,0.9990234375,256,1.0,255.63663866072602,0.998580619768461,0.998580619768461,0.0014193802315389803,0.045226598293300384,0.0014193802315394714,1.481904969533128,0.2500000000000001,0.01693397463685565,0.00393620786516124,0.0
n1024_m256_nonuniform_seed366.h5,256,366,1024,linear_nonuniform,0.49951171875,0.0,0.9990234375,256,1.0,255.64606912818272,0.9986174575319637,0.9986174575319637,0.001382542468036263,0.04528276411702705,0.0013825424680366284,1.489648031025044,0.2500000000000001,0.015176552604506299,0.004133502793227784,0.0
n1024_m256_nonuniform_seed367.h5,256,367,1024,linear_nonuniform,0.49951171875,0.0,0.9990234375,256,1.0,255.6432311783865,0.9986063717905722,0.9986063717905722,0.0013936282094277885,0.0458896161212265,0.001393628209428225,1.4899868351038401,0.2500000000000001,0.014127060296802937,0.003617549515522062,0.0
n1024_m256_nonuniform_seed368.h5,256,368,1024,linear_nonuniform,0.49951171875,0.0,0.9990234375,256,1.0,255.64293121529045,0.9986052000597283,0.9986052000597283,0.001394799940271696,0.045350722996648864,0.0013947999402720817,1.492612464839623,0.2500000000000001,0.014646601977622659,0.004875694411718171,0.0
n1024_m256_nonuniform_seed369.h5,256,369,1024,linear_nonuniform,0.49951171875,0.0,0.9990234375,256,1.0,255.64508710691007,0.9986136215113675,0.9986136215113675,0.0013863784886325448,0.04515059881231202,0.0013863784886330446,1.4851161506321058,0.2500000000000001,0.016058205194140578,0.004154096216938115,0.0
n1024_m256_nonuniform_seed37.h5,256,37,1024,linear_nonuniform,0.49951171875,0.0,0.9990234375,256,1.0,255.64705918141408,0.9986213249273987,0.9986213249273987,0.0013786750726012542,0.04517517253059565,0.0013786750726015537,1.4927912482218744,0.25000000000000006,0.014563321200337858,0.00452196554217244,0.0
n1024_m256_nonuniform_seed370.h5,256,370,1024,linear_nonuniform,0.49951171875,0.0,0.9990234375,256,1.0,255.64789847914653,0.9986246034341661,0.9986246034341661,0.001375396565833853,0.0452953722662242,0.0013753965658342023,1.4847689026528117,0.2500000000000001,0.014282054030571298,0.00370636848598906,0.0
n1024_m256_nonuniform_seed371.h5,256,371,1024,linear_nonuniform,0.49951171875,0.0,0.9990234375,256,1.0,255.64446278553805,0.998611182756008,0.998611182756008,0.00138881724399198,0.045228571454725995,0.0013888172439925626,1.4857393812455555,0.2500000000000001,0.01511973582256537,0.003835549363570949,0.0
n1024_m256_nonuniform_seed372.h5,256,372,1024,linear_nonuniform,0.49951171875,0.0,0.9990234375,256,1.0,255.64932780373783,0.9986301867333509,0.9986301867333509,0.0013698132666490892,0.045131038540774826,0.0013698132666494728,1.4940860327634464,0.2500000000000001,0.01396511197500223,0.005036495073255419,0.0
n1024_m256_nonuniform_seed373.h5,256,373,1024,linear_nonuniform,0.49951171875,0.0,0.9990234375,256,1.0,255.64222213313042,0.9986024302075407,0.9986024302075407,0.0013975697924593078,0.0455349405502953,0.0013975697924598044,1.4841247204358714,0.2500000000000001,0.015010595086823019,0.0038411657789371692,0.0
n1024_m256_nonuniform_seed374.h5,256,374,1024,linear_nonuniform,0.49951171875,0.0,0.9990234375,256,1.0,255.64511402290373,0.9986137266519677,0.9986137266519677,0.0013862733480323186,0.0454097813787576,0.0013862733480326406,1.4873908341087836,0.2500000000000001,0.01464731059763888,0.003795491654603656,0.0
n1024_m256_nonuniform_seed375.h5,256,375,1024,linear_nonuniform,0.49951171875,0.0,0.9990234375,256,1.0,255.64649911344168,0.9986191371618816,0.9986191371618816,0.0013808628381184462,0.04518162137398879,0.0013808628381188758,1.487078363088194,0.2500000000000001,0.01546561957792842,0.003952120620298931,0.0
n1024_m256_nonuniform_seed376.h5,256,376,1024,linear_nonuniform,0.49951171875,0.0,0.9990234375,256,1.0,255.65297887986526,0.9986444487494737,0.9986444487494737,0.0013555512505263323,0.0447512429722829,0.0013555512505266714,1.4859769592204577,0.25000000000000006,0.014948610804320259,0.004211563831814,0.0
n1024_m256_nonuniform_seed377.h5,256,377,1024,linear_nonuniform,0.49951171875,0.0,0.9990234375,256,1.0,255.64097042908543,0.998597540738615,0.998597540738615,0.0014024592613850473,0.045306799826811926,0.001402459261385574,1.480996548951824,0.2500000000000001,0.015604240826709834,0.0037951160834740543,0.0
n1024_m256_nonuniform_seed378.h5,256,378,1024,linear_nonuniform,0.49951171875,0.0,0.9990234375,256,1.0,255.64109987601114,0.9985980463906685,0.9985980463906685,0.0014019536093314855,0.04570787582290476,0.0014019536093320204,1.4880704344471603,0.2500000000000001,0.014853668981522131,0.004171885184799445,0.0
n1024_m256_nonuniform_seed379.h5,256,379,1024,linear_nonuniform,0.49951171875,0.0,0.9990234375,256,1.0,255.64486599666998,0.9986127577994921,0.9986127577994921,0.0013872422005078988,0.045389741994715335,0.001387242200508328,1.4903458785315122,0.2500000000000001,0.014548559297219198,0.004103007092398591,0.0
n1024_m256_nonuniform_seed38.h5,256,38,1024,linear_nonuniform,0.49951171875,0.0,0.9990234375,256,1.0,255.6549691285618,0.9986522231584445,0.9986522231584445,0.0013477768415555147,0.04466483249811371,0.0013477768415560102,1.4815029593336124,0.2500000000000001,0.014971552592789504,0.003904076179912336,0.0
n1024_m256_nonuniform_seed380.h5,256,380,1024,linear_nonuniform,0.49951171875,0.0,0.9990234375,256,1.0,255.6385667249997,0.99858815126953,0.99858815126953,0.0014118487304699556,0.04570622776041406,0.001411848730470209,1.4943613056856566,0.25000000000000006,0.014943761255885233,0.004641859013607857,0.0
n1024_m256_nonuniform_seed381.h5,256,381,1024,linear_nonuniform,0.49951171875,0.0,0.9990234375,256,1.0,255.64209335742635,0.9986019271774467,0.9986019271774467,0.0013980728225533312,0.045382174390866704,0.0013980728225537055,1.480193609170484,0.25000000000000006,0.01533289812708476,0.0038449267669987477,0.0
n1024_m256_nonuniform_seed382.h5,256,382,1024,linear_nonuniform,0.49951171875,0.0,0.9990234375,256,1.0,255.64573822748207,0.9986161649511018,0.9986161649511018,0.0013838350488981632,0.04540084300455294,0.0013838350488986724,1.4857246668617836,0.2500000000000001,0.014323124802175263,0.0041759448563677744,0.0
n1024_m256_nonuniform_seed383.h5,256,383,1024,linear_nonuniform,0.49951171875,0.0,0.9990234375,256,1.0,255.64287706062896,0.9986049885180819,0.9986049885180819,0.001395011481918118,0.04532767103315297,0.0013950114819183607,1.4882870008837201,0.25000000000000006,0.01623516448379339,0.0038884839414382666,0.0
n1024_m256_nonuniform_seed384.h5,256,384,1024,linear_nonuniform,0.49951171875,0.0,0.9990234375,256,1.0,255.64650906041788,0.9986191760172574,0.9986191760172574,0.0013808239827426405,0.04548856792162185,0.0013808239827429833,1.4882288661660037,0.2500000000000001,0.01445352220552642,0.004027713517238182,0.0
n1024_m256_nonuniform_seed385.h5,256,385,1024,linear_nonuniform,0.49951171875,0.0,0.9990234375,256,1.0,255.64299277419923,0.9986054405242157,0.9986054405242157,0.0013945594757842628,0.045247819053645166,0.0013945594757846906,1.484805829735324,0.2500000000000001,0.015243445741920325,0.004010022136711895,0.0
n1024_m256_nonuniform_seed386.h5,256,386,1024,linear_nonuniform,0.49951171875,0.0,0.9990234375,256,1.0,255.6417609446653,0.9986006286900988,0.9986006286900988,0.0013993713099011984,0.045486575130665625,0.0013993713099017201,1.4817513084594793,0.25000000000000017,0.015057630904017067,0.0038968405870714205,0.0
n1024_m256_nonuniform_seed387.h5,256,387,1024,linear_nonuniform,0.49951171875,0.0,0.9990234375,256,1.0,255.64301498273562,0.998605527276311,0.998605527276311,0.0013944727236889776,0.04505426086257615,0.0013944727236895977,1.48563687821432,0.25000000000000017,0.015827312506566635,0.004232249815890287,0.0
n1024_m256_nonuniform_seed388.h5,256,388,1024,linear_nonuniform,0.49951171875,0.0,0.9990234375,256,1.0,255.6449908172508,0.9986132453798859,0.9986132453798859,0.0013867546201140613,0.04527253012183934,0.0013867546201145713,1.4854392172572035,0.2500000000000001,0.015655658120243755,0.004111348131839769,0.0
n1024_m256_nonuniform_seed389.h5,256,389,1024,linear_nonuniform,0.49951171875,0.0,0.9990234375,256,1.0,255.64577858273697,0.9986163225888163,0.9986163225888163,0.0013836774111837258,0.04525115352282105,0.0013836774111841688,1.4752838251328055,0.2500000000000001,0.0154891683855709,0.0036258439104796705,0.0
n1024_m256_nonuniform_seed39.h5,256,39,1024,linear_nonuniform,0.49951171875,0.0,0.9990234375,256,1.0,255.64398704716587,0.9986093244029917,0.9986093244029917,0.0013906755970083395,0.04508026356889075,0.001390675597008806,1.4838841945177919,0.2500000000000001,0.015691551022665395,0.004303884893835973,0.0
n1024_m256_nonuniform_seed390.h5,256,390,1024,linear_nonuniform,0.49951171875,0.0,0.9990234375,256,1.0,255.6398456901079,0.998593147226984,0.998593147226984,0.0014068527730159985,0.045617050367359156,0.0014068527730165669,1.4829451979350825,0.2500000000000001,0.015346036298469354,0.0035490272738728018,0.0
n1024_m256_nonuniform_seed391.h5,256,391,1024,linear_nonuniform,0.49951171875,0.0,0.9990234375,256,1.0,255.6416405136697,0.9986001582565223,0.9986001582565223,0.0013998417434777366,0.045436914415921785,0.0013998417434783782,1.4814151002650184,0.2500000000000001,0.016354776211222746,0.0039241746836671644,0.0
n1024_m256_nonuniform_seed392.h5,256,392,1024,linear_nonuniform,0.49951171875,0.0,0.9990234375,256,1.0,255.6457644867478,0.9986162675263586,0.9986162675263586,0.0013837324736414303,0.04496181148171131,0.001383732473641914,1.4827780603852136,0.2500000000000001,0.01637182362469336,0.004368271467440814,0.0
n1024_m256_nonuniform_seed393.h5,256,393,1024,linear_nonuniform,0.49951171875,0.0,0.9990234375,256,1.0,255.64574896675185,0.9986162069013744,0.9986162069013744,0.0013837930986255742,0.04505615535669477,0.001383793098626098,1.4811105707463326,0.25000000000000017,0.015543801159037572,0.004139823562960959,0.0
n1024_m256_nonuniform_seed394.h5,256,394,1024,linear_nonuniform,0.49951171875,0.0,0.9990234375,256,1.0,255.64450811504503,0.9986113598243946,0.9986113598243946,0.0013886401756053601,0.04570146694654712,0.0013886401756057773,1.4964936910975073,0.2500000000000001,0.01489161940475122,0.004377314735219035,0.0
n1024_m256_nonuniform_seed395.h5,256,395,1024,linear_nonuniform,0.49951171875,0.0,0.9990234375,256,1.0,255.6444792098191,0.9986112469133559,0.9986112469133559,0.0013887530866441011,0.04538111184155227,0.0013887530866445476,1.4915134883284675,0.2500000000000001,0.014905995904007544,0.004384491743326663,0.0
n1024_m256_nonuniform_seed396.h5,256,396,1024,linear_nonuniform,0.49951171875,0.0,0.9990234375,256,1.0,255.64525488109211,0.9986142768792661,0.9986142768792661,0.0013857231207339282,0.045103895123669795,0.0013857231207342953,1.484643338142886,0.2500000000000001,0.015600995898072404,0.004165517688557933,0.0
n1024_m256_nonuniform_seed397.h5,256,397,1024,linear_nonuniform,0.49951171875,0.0,0.9990234375,256,1.0,255.64687368882005,0.9986206003469533,0.9986206003469533,0.0013793996530466757,0.04524023512921519,0.001379399653047205,1.4840318260970757,0.2500000000000001,0.01502706239673153,0.004040644692008126,0.0
n1024_m256_nonuniform_seed398.h5,256,398,1024,linear_nonuniform,0.49951171875,0.0,0.9990234375,256,1.0,255.63908862615062,0.9985901899459009,0.9985901899459009,0.0014098100540991254,0.04565949412201907,0.0014098100540996703,1.483959636972853,0.2500000000000001,0.015047722499812448,0.003749380546387023,0.0
n1024_m256_nonuniform_seed399.h5,256,399,1024,linear_nonuniform,0.49951171875,0.0,0.9990234375,256,1.0,255.64296129575814,0.9986053175615552,0.9986053175615552,0.001394682438444761,0.04535204605026114,0.0013946824384451514,1.4930543569095025,0.2500000000000001,0.0157871193590477,0.004266678612225938,0.0
n1024_m256_nonuniform_seed4.h5,256,4,1024,linear_nonuniform,0.49951171875,0.0,0.9990234375,256,1.0,255.63956785605114,0.9985920619376998,0.9985920619376998,0.001407938062300218,0.04535348845219506,0.0014079380623007287,1.4836358444500584,0.2500000000000001,0.016164855866302792,0.003960108235013537,0.0
n1024_m256_nonuniform_seed40.h5,256,40,1024,linear_nonuniform,0.49951171875,0.0,0.9990234375,256,1.0,255.6450539422367,0.9986134919618621,0.9986134919618621,0.0013865080381378903,0.04557579036036909,0.0013865080381383768,1.4929818234206624,0.2500000000000001,0.014799654653428024,0.0040396720466360034,0.0
n1024_m256_nonuniform_seed400.h5,256,400,1024,linear_nonuniform,0.49951171875,0.0,0.9990234375,256,1.0,255.6441731711093,0.9986100514496457,0.9986100514496457,0.0013899485503543474,0.04569066528236364,0.0013899485503548075,1.4913773202598561,0.2500000000000001,0.01471269331948522,0.003990831824339969,0.0
n1024_m256_nonuniform_seed401.h5,256,401,1024,linear_nonuniform,0.49951171875,0.0,0.9990234375,256,1.0,255.63723420932365,0.9985829461301705,0.9985829461301705,0.0014170538698294877,0.04586645823121179,0.0014170538698299242,1.488696046124069,0.2500000000000001,0.015132216456317977,0.0045035195482568,0.0
n1024_m256_nonuniform_seed402.h5,256,402,1024,linear_nonuniform,0.49951171875,0.0,0.9990234375,256,1.0,255.64781837753253,0.9986242905372364,0.9986242905372364,0.0013757094627635524,0.045000343855114956,0.001375709462763978,1.476622176174293,0.2500000000000001,0.015401714005749636,0.0037308592173899173,0.0
n1024_m256_nonuniform_seed403.h5,256,403,1024,linear_nonuniform,0.49951171875,0.0,0.9990234375,256,1.0,255.63627973629627,0.9985792177199073,0.9985792177199073,0.0014207822800926806,0.045673720295272925,0.0014207822800930993,1.4826903010090482,0.2500000000000001,0.01528515969259265,0.0038361294881628176,0.0
n1024_m256_nonuniform_seed404.h5,256,404,1024,linear_nonuniform,0.49951171875,0.0,0.9990234375,256,1.0,255.64537175364967,0.998614733412694,0.998614733412694,0.0013852665873059777,0.045402623153345006,0.0013852665873064069,1.4925708279781706,0.2500000000000001,0.014501652312660575,0.0040491006516297145,0.0
n1024_m256_nonuniform_seed405.h5,256,405,1024,linear_nonuniform,0.49951171875,0.0,0.9990234375,256,1.0,255.63829436038213,0.9985870873452427,0.9985870873452427,0.0014129126547572923,0.04548199793734959,0.0014129126547575601,1.4856561845591274,0.2500000000000001,0.015934128708568564,0.004280717705166832,0.0
n1024_m256_nonuniform_seed406.h5,256,406,1024,linear_nonuniform,0.49951171875,0.0,0.9990234375,256,1.0,255.63918121691677,0.9985905516285811,0.9985905516285811,0.0014094483714188755,0.04532192227726276,0.001409448371419459,1.4722205942053597,0.2500000000000001,0.015719994735585822,0.0033731240091035594,0.0
n1024_m256_nonuniform_seed407.h5,256,407,1024,linear_nonuniform,0.49951171875,0.0,0.9990234375,256,1.0,255.6327410646045,0.9985653947836113,0.9985653947836113,0.001434605216388718,0.045755618675001115,0.0014346052163891822,1.4912488183113535,0.2500000000000001,0.015861217545938465,0.004384873012923597,0.0
n1024_m256_nonuniform_seed408.h5,256,408,1024,linear_nonuniform,0.49951171875,0.0,0.9990234375,256,1.0,255.64135078477557,0.9985990265030296,0.9985990265030296,0.0014009734969704368,0.04538618618068218,0.0014009734969708486,1.48725516452221,0.2500000000000001,0.015542023008501531,0.004506684694495787,0.0
n1024_m256_nonuniform_seed409.h5,256,409,1024,linear_nonuniform,0.49951171875,0.0,0.9990234375,256,1.0,255.6406672239391,0.9985963563435121,0.9985963563435121,0.0014036436564879295,0.045581350266457155,0.0014036436564883478,1.4813689513119688,0.2500000000000001,0.015334741128424997,0.003662899158845234,0.0
n1024_m256_nonuniform_seed41.h5,256,41,1024,linear_nonuniform,0.49951171875,0.0,0.9990234375,256,1.0,255.6531921638816,0.9986452818901626,0.9986452818901626,0.0013547181098374494,0.044753156186295606,0.0013547181098381136,1.484908160875071,0.25000000000000017,0.014539234228287299,0.003803613808502804,0.0
n1024_m256_nonuniform_seed410.h5,256,410,1024,linear_nonuniform,0.49951171875,0.0,0.9990234375,256,1.0,255.64137235966336,0.998599110779935,0.998599110779935,0.0014008892200649825,0.0453332334855947,0.0014008892200654342,1.4734631870828665,0.2500000000000001,0.016208705512791764,0.0034913993051117935,0.0
n1024_m256_nonuniform_seed411.h5,256,411,1024,linear_nonuniform,0.49951171875,0.0,0.9990234375,256,1.0,255.6448368697893,0.9986126440226144,0.9986126440226144,0.001387355977385596,0.04522102388086791,0.0013873559773859556,1.4762777232299256,0.2500000000000001,0.015573528045162068,0.0035153407613624267,0.0
n1024_m256_nonuniform_seed412.h5,256,412,1024,linear_nonuniform,0.49951171875,0.0,0.9990234375,256,1.0,255.63366450181638,0.9985690019602202,0.9985690019602202,0.0014309980397797517,0.04564529017987204,0.0014309980397801821,1.4820937087484531,0.2500000000000001,0.015304731516681647,0.004401335416176618,0.0
n1024_m256_nonuniform_seed413.h5,256,413,1024,linear_nonuniform,0.49951171875,0.0,0.9990234375,256,1.0,255.65113657219626,0.9986372522351417,0.9986372522351417,0.0013627477648583408,0.04500594178921725,0.0013627477648587704,1.4862413464589437,0.2500000000000001,0.014113982767175178,0.004132076487246001,0.0
n1024_m256_nonuniform_seed414.h5,256,414,1024,linear_nonuniform,0.49951171875,0.0,0.9990234375,256,1.0,255.64565218464122,0.9986158288462548,0.9986158288462548,0.0013841711537452284,0.04529023980253906,0.0013841711537458524,1.4879214137290873,0.25000000000000017,0.014607566320542525,0.003965832018624492,0.0
n1024_m256_nonuniform_seed415.h5,256,415,1024,linear_nonuniform,0.49951171875,0.0,0.9990234375,256,1.0,255.63930287392577,0.9985910268512725,0.9985910268512725,0.0014089731487274548,0.04543443548805687,0.0014089731487278861,1.4835982789915623,0.2500000000000001,0.014623042947659908,0.0038743871019351105,0.0
n1024_m256_nonuniform_seed416.h5,256,416,1024,linear_nonuniform,0.49951171875,0.0,0.9990234375,256,1.0,255.64264007769816,0.9986040628035084,0.9986040628035084,0.001395937196491559,0.04547386954195954,0.0013959371964919563,1.4907493432008663,0.2500000000000001,0.014680287629768196,0.004206793534005821,0.0
n1024_m256_nonuniform_seed417.h5,256,417,1024,linear_nonuniform,0.49951171875,0.0,0.9990234375,256,1.0,255.64437908207765,0.9986108557893658,0.9986108557893658,0.0013891442106341856,0.045368062123426305,0.0013891442106346971,1.4846810879194206,0.2500000000000001,0.014768702457482148,0.003943555785847411,0.0
n1024_m256_nonuniform_seed418.h5,256,418,1024,linear_nonuniform,0.49951171875,0.0,0.9990234375,256,1.0,255.6462985786202,0.9986183538227351,0.9986183538227351,0.0013816461772648836,0.04520893566841667,0.0013816461772653808,1.4882258748954742,0.2500000000000001,0.014817875240599254,0.004417085959916317,0.0
n1024_m256_nonuniform_seed419.h5,256,419,1024,linear_nonuniform,0.49951171875,0.0,0.9990234375,256,1.0,255.64007819248945,0.9985940554394119,0.9985940554394119,0.0014059445605880683,0.04558961193334862,0.0014059445605884395,1.488649246812045,0.2500000000000001,0.015505004624970337,0.003924251517337463,0.0
n1024_m256_nonuniform_seed42.h5,256,42,1024,linear_nonuniform,0.49951171875,0.0,0.9990234375,256,1.0,255.6439246685477,0.9986090807365144,0.9986090807365144,0.0013909192634855572,0.04521720412043089,0.0013909192634860258,1.4831710719278817,0.2500000000000001,0.015448811641915545,0.003917491909893513,0.0
n1024_m256_nonuniform_seed420.h5,256,420,1024,linear_nonuniform,0.49951171875,0.0,0.9990234375,256,1.0,255.63345956335252,0.9985682014193458,0.9985682014193458,0.001431798580654231,0.04586535326895438,0.001431798580654674,1.490622920832029,0.2500000000000001,0.015395353162543268,0.004332909060121439,0.0
n1024_m256_nonuniform_seed421.h5,256,421,1024,linear_nonuniform,0.49951171875,0.0,0.9990234375,256,1.0,255.6414691099053,0.9985994887105676,0.9985994887105676,0.0014005112894324157,0.045180932422178646,0.0014005112894330239,1.4827601212003443,0.25000000000000017,0.016613216698961153,0.003964831954127562,0.0
n1024_m256_nonuniform_seed422.h5,256,422,1024,linear_nonuniform,0.49951171875,0.0,0.9990234375,256,1.0,255.64106418628944,0.9985979069776931,0.9985979069776931,0.0014020930223068717,0.04552131275877883,0.0014020930223071634,1.482584414114178,0.25000000000000006,0.015072793718582342,0.004119895294944004,0.0
n1024_m256_nonuniform_seed423.h5,256,423,1024,linear_nonuniform,0.49951171875,0.0,0.9990234375,256,1.0,255.64129500676063,0.9985988086201587,0.9985988086201587,0.0014011913798412934,0.04539101840658664,0.0014011913798417143,1.482837900670109,0.2500000000000001,0.015542336968968047,0.003934909304411749,0.0
n1024_m256_nonuniform_seed424.h5,256,424,1024,linear_nonuniform,0.49951171875,0.0,0.9990234375,256,1.0,255.6497886885627,0.998631987064698,0.998631987064698,0.0013680129353019765,0.04490161499429131,0.0013680129353024599,1.4779904669013988,0.2500000000000001,0.015225737313929151,0.003231024585663667,0.0
n1024_m256_nonuniform_seed425.h5,256,425,1024,linear_nonuniform,0.49951171875,0.0,0.9990234375,256,1.0,255.64244285227323,0.9986032923916923,0.9986032923916923,0.001396707608307679,0.04557073218324149,0.0013967076083080882,1.4898879791248374,0.2500000000000001,0.01525061929847075,0.004495347569199693,0.0
n1024_m256_nonuniform_seed426.h5,256,426,1024,linear_nonuniform,0.49951171875,0.0,0.9990234375,256,1.0,255.64190562501608,0.9986011938477191,0.9986011938477191,0.0013988061522809403,0.04599361266299279,0.001398806152281733,1.492446125592096,0.2500000000000002,0.014235669883113578,0.004007158579110874,0.0
n1024_m256_nonuniform_seed427.h5,256,427,1024,linear_nonuniform,0.49951171875,0.0,0.9990234375,256,1.0,255.64352662995225,0.998607525898251,0.998607525898251,0.0013924741017490305,0.04502743095413388,0.00139247410174933,1.4816272429871187,0.2500000000000001,0.016582504798424297,0.004208725078956746,0.0
n1024_m256_nonuniform_seed428.h5,256,428,1024,linear_nonuniform,0.49951171875,0.0,0.9990234375,256,1.0,255.64506660141342,0.9986135414117712,0.9986135414117712,0.0013864585882288338,0.045252245295339534,0.0013864585882293584,1.4800352098045035,0.2500000000000001,0.01566024454984392,0.00369834589484897,0.0
n1024_m256_nonuniform_seed429.h5,256,429,1024,linear_nonuniform,0.49951171875,0.0,0.9990234375,256,1.0,255.64408399430977,0.9986097031027725,0.9986097031027725,0.001390296897227472,0.04535047305423868,0.0013902968972279441,1.4820676335902196,0.2500000000000001,0.014959138714605646,0.0039865038234017085,0.0
n1024_m256_nonuniform_seed43.h5,256,43,1024,linear_nonuniform,0.49951171875,0.0,0.9990234375,256,1.0,255.64327606205188,0.9986065471173902,0.9986065471173902,0.0013934528826098358,0.0451411637287509,0.0013934528826104837,1.4784515198734423,0.2500000000000001,0.01652415710785706,0.0035612550737659145,0.0
n1024_m256_nonuniform_seed430.h5,256,430,1024,linear_nonuniform,0.49951171875,0.0,0.9990234375,256,1.0,255.64513900251768,0.9986138242285847,0.9986138242285847,0.00138617577141531,0.045480741487303224,0.0013861757714158786,1.4846700242523672,0.2500000000000001,0.014685595601220881,0.003496624884814448,0.0
n1024_m256_nonuniform_seed431.h5,256,431,1024,linear_nonuniform,0.49951171875,0.0,0.9990234375,256,1.0,255.64177526184358,0.9986006846165765,0.9986006846165765,0.0013993153834235272,0.04546861807876571,0.0013993153834239611,1.4943998755377528,0.2500000000000001,0.014374923380165924,0.00460587828705053,0.0
n1024_m256_nonuniform_seed432.h5,256,432,1024,linear_nonuniform,0.49951171875,0.0,0.9990234375,256,1.0,255.64690619667817,0.9986207273307741,0.9986207273307741,0.0013792726692258839,0.0454527005975803,0.0013792726692262096,1.4916352769882648,0.2500000000000001,0.014879318466091716,0.0043075425526035325,0.0
n1024_m256_nonuniform_seed433.h5,256,433,1024,linear_nonuniform,0.49951171875,0.0,0.9990234375,256,1.0,255.64344684113166,0.9986072142231706,0.9986072142231706,0.0013927857768294416,0.04511138285330469,0.0013927857768299432,1.4732211467459866,0.2500000000000001,0.015445675483638358,0.0032456473511673065,0.0
n1024_m256_nonuniform_seed434.h5,256,434,1024,linear_nonuniform,0.49951171875,0.0,0.9990234375,256,1.0,255.64753164230206,0.9986231704777424,0.9986231704777424,0.0013768295222575944,0.04519703962021331,0.00137682952225804,1.4885656206425975,0.2500000000000001,0.014879513960964525,0.0038441913731969727,0.0
n1024_m256_nonuniform_seed435.h5,256,435,1024,linear_nonuniform,0.49951171875,0.0,0.9990234375,256,1.0,255.64644220640184,0.9986189148687572,0.9986189148687572,0.0013810851312427985,0.04509744905827642,0.0013810851312433398,1.4839104572342818,0.25000000000000017,0.015881803321623308,0.004113099591431354,0.0
n1024_m256_nonuniform_seed436.h5,256,436,1024,linear_nonuniform,0.49951171875,0.0,0.9990234375,256,1.0,255.64230838888034,0.9986027671440638,0.9986027671440638,0.0013972328559361813,0.04545587561630773,0.0013972328559364552,1.4849073489921987,0.25000000000000006,0.015037458227738432,0.003792611041321816,0.0
n1024_m256_nonuniform_seed437.h5,256,437,1024,linear_nonuniform,0.49951171875,0.0,0.9990234375,256,1.0,255.6424835229409,0.9986034512614879,0.9986034512614879,0.0013965487385121378,0.045827591823681756,0.0013965487385125786,1.495464300587028,0.2500000000000001,0.014519873220591471,0.004403076852940682,0.0
n1024_m256_nonuniform_seed438.h5,256,438,1024,linear_nonuniform,0.49951171875,0.0,0.9990234375,256,1.0,255.65068525040988,0.9986354892594136,0.9986354892594136,0.001364510740586411,0.04505356090627334,0.0013645107405868934,1.4908115650607416,0.2500000000000001,0.014866490140529817,0.0039456772855359385,0.0
n1024_m256_nonuniform_seed439.h5,256,439,1024,linear_nonuniform,0.49951171875,0.0,0.9990234375,256,1.0,255.64254943405103,0.9986037087267619,0.9986037087267619,0.0013962912732381483,0.04579400975988763,0.0013962912732386151,1.4853347534360042,0.2500000000000001,0.014683477850013615,0.003724632233803429,0.0
n1024_m256_nonuniform_seed44.h5,256,44,1024,linear_nonuniform,0.49951171875,0.0,0.9990234375,256,1.0,255.63157266334747,0.998560830716201,0.998560830716201,0.0014391692837989467,0.0452297108356186,0.0014391692837993875,1.4725086709180661,0.2500000000000001,0.017172320264329535,0.003990515235003295,0.0
n1024_m256_nonuniform_seed440.h5,256,440,1024,linear_nonuniform,0.49951171875,0.0,0.9990234375,256,1.0,255.64204967516707,0.9986017565436214,0.9986017565436214,0.0013982434563786228,0.045684737094115975,0.0013982434563790994,1.4809765111268904,0.2500000000000001,0.014312364404598104,0.0034523078435227408,0.0
n1024_m256_nonuniform_seed441.h5,256,441,1024,linear_nonuniform,0.49951171875,0.0,0.9990234375,256,1.0,255.6455834476801,0.9986155603425004,0.9986155603425004,0.0013844396574995699,0.04516947932690746,0.0013844396574999905,1.4946963481313482,0.2500000000000001,0.015070538374085129,0.00425561054325048,0.0
n1024_m256_nonuniform_seed442.h5,256,442,1024,linear_nonuniform,0.49951171875,0.0,0.9990234375,256,1.0,255.63991048351454,0.9985934003262287,0.9985934003262287,0.0014065996737713249,0.04531541696996771,0.00140659967377172,1.4891980641229567,0.2500000000000001,0.015339012289321899,0.004527610450632524,0.0
n1024_m256_nonuniform_seed443.h5,256,443,1024,linear_nonuniform,0.49951171875,0.0,0.9990234375,256,1.0,255.64268808207999,0.9986042503206249,0.9986042503206249,0.001395749679375058,0.04541754885912302,0.001395749679375566,1.4783027497297574,0.2500000000000001,0.014818434527471714,0.0035519310520115968,0.0
n1024_m256_nonuniform_seed444.h5,256,444,1024,linear_nonuniform,0.49951171875,0.0,0.9990234375,256,1.0,255.6384727359109,0.998587784124652,0.998587784124652,0.0014122158753480107,0.045458469338286726,0.0014122158753484707,1.4823046437994958,0.2500000000000001,0.015586005558456293,0.004021156841233828,0.0
n1024_m256_nonuniform_seed445.h5,256,445,1024,linear_nonuniform,0.49951171875,0.0,0.9990234375,256,1.0,255.6490297154378,0.9986290223259289,0.9986290223259289,0.0013709776740711277,0.04532432698820212,0.001370977674071659,1.4861787373162942,0.2500000000000001,0.014334231016042148,0.003896674229443481,0.0
n1024_m256_nonuniform_seed446.h5,256,446,1024,linear_nonuniform,0.49951171875,0.0,0.9990234375,256,1.0,255.64588402264053,0.9986167344634396,0.9986167344634396,0.0013832655365604296,0.0451845934101617,0.0013832655365608446,1.4851480193351996,0.2500000000000001,0.015144667034324214,0.003931820776566543,0.0
n1024_m256_nonuniform_seed447.h5,256,447,1024,linear_nonuniform,0.49951171875,0.0,0.9990234375,256,1.0,255.64058865094557,0.9985960494177561,0.9985960494177561,0.0014039505822438514,0.045673649781042054,0.001403950582244193,1.485351814199465,0.2500000000000001,0.015262526314998102,0.003996933030795677,0.0
n1024_m256_nonuniform_seed448.h5,256,448,1024,linear_nonuniform,0.49951171875,0.0,0.9990234375,256,1.0,255.64283157736645,0.9986048108490877,0.9986048108490877,0.0013951891509123016,0.045504277343195065,0.001395189150912742,1.4902690641047573,0.2500000000000001,0.01459673255214882,0.003970590043629523,0.0
n1024_m256_nonuniform_seed449.h5,256,449,1024,linear_nonuniform,0.49951171875,0.0,0.9990234375,256,1.0,255.6486635619949,0.9986275920390426,0.9986275920390426,0.0013724079609573892,0.04520192233150782,0.0013724079609578096,1.4872496342344592,0.2500000000000001,0.015052622350865784,0.00397813474856618,0.0
n1024_m256_nonuniform_seed45.h5,256,45,1024,linear_nonuniform,0.49951171875,0.0,0.9990234375,256,1.0,255.64458701455442,0.9986116680256032,0.9986116680256032,0.0013883319743968059,0.04542098942312096,0.0013883319743972203,1.4922493589127044,0.2500000000000001,0.01621600246735519,0.00416240504725379,0.0
n1024_m256_nonuniform_seed450.h5,256,450,1024,linear_nonuniform,0.49951171875,0.0,0.9990234375,256,1.0,255.63956301000144,0.9985920430078181,0.9985920430078181,0.0014079569921818802,0.045539280410716025,0.0014079569921823067,1.4843472480104918,0.2500000000000001,0.014588911007444822,0.003866937119398303,0.0
n1024_m256_nonuniform_seed451.h5,256,451,1024,linear_nonuniform,0.49951171875,0.0,0.9990234375,256,1.0,255.6458396352973,0.9986165610753801,0.9986165610753801,0.0013834389246198953,0.04523731382895546,0.001383438924620229,1.4895868640109924,0.2500000000000001,0.01508254021157867,0.004148062933052576,0.0
n1024_m256_nonuniform_seed452.h5,256,452,1024,linear_nonuniform,0.49951171875,0.0,0.9990234375,256,1.0,255.64302957356267,0.9986055842717292,0.9986055842717292,0.0013944157282708147,0.04555068753383985,0.0013944157282713369,1.4910554751814804,0.2500000000000001,0.014316934778262017,0.004476741079338459,0.0
n1024_m256_nonuniform_seed453.h5,256,453,1024,linear_nonuniform,0.49951171875,0.0,0.9990234375,256,1.0,255.62928720111086,0.9985519031293393,0.9985519031293393,0.00144809687066072,0.04627701265955544,0.0014480968706611452,1.484307591933056,0.2500000000000001,0.015174990809041826,0.0036666988219652705,0.0
n1024_m256_nonuniform_seed454.h5,256,454,1024,linear_nonuniform,0.49951171875,0.0,0.9990234375,256,1.0,255.6396818097419,0.9985925070693042,0.9985925070693042,0.0014074929306957529,0.04556262128842321,0.0014074929306961779,1.486296695432757,0.2500000000000001,0.015655656948676686,0.004116464275724121,0.0
n1024_m256_nonuniform_seed455.h5,256,455,1024,linear_nonuniform,0.49951171875,0.0,0.9990234375,256,1.0,255.6402240734169,0.9985946252867848,0.9985946252867848,0.001405374713215224,0.04542517127386295,0.0014053747132157259,1.480980379988195,0.2500000000000001,0.01577020115433398,0.0040456514360943845,0.0
n1024_m256_nonuniform_seed456.h5,256,456,1024,linear_nonuniform,0.49951171875,0.0,0.9990234375,256,1.0,255.64043033280177,0.9985954309875069,0.9985954309875069,0.0014045690124930843,0.04562139894291787,0.0014045690124934909,1.494070806940295,0.2500000000000001,0.014477202188097813,0.004474544486405815,0.0
n1024_m256_nonuniform_seed457.h5,256,457,1024,linear_nonuniform,0.49951171875,0.0,0.9990234375,256,1.0,255.6460804301314,0.9986175016802008,0.9986175016802008,0.001382498319799197,0.04527713312423323,0.0013824983197997375,1.4924860034399876,0.2500000000000001,0.015134430997307009,0.004296461582523371,0.0
n1024_m256_nonuniform_seed458.h5,256,458,1024,linear_nonuniform,0.49951171875,0.0,0.9990234375,256,1.0,255.64043288050743,0.9985954409394822,0.9985954409394822,0.0014045590605178404,0.045712445133786674,0.0014045590605182925,1.4906081514664442,0.2500000000000001,0.014541229930557242,0.0038583691504031794,0.0
n1024_m256_nonuniform_seed459.h5,256,459,1024,linear_nonuniform,0.49951171875,0.0,0.9990234375,256,1.0,255.63597344534355,0.9985780212708733,0.9985780212708733,0.0014219787291267494,0.04544547834976382,0.0014219787291272494,1.4741932365741095,0.2500000000000001,0.015966447976038675,0.003877749589619052,0.0
n1024_m256_nonuniform_seed46.h5,256,46,1024,linear_nonuniform,0.49951171875,0.0,0.9990234375,256,1.0,255.63837517568027,0.998587403030001,0.998587403030001,0.0014125969699989582,0.04557732304952105,0.001412596969999413,1.4914914177534857,0.2500000000000001,0.01500574425333074,0.004584865474855574,0.0
n1024_m256_nonuniform_seed460.h5,256,460,1024,linear_nonuniform,0.49951171875,0.0,0.9990234375,256,1.0,255.6464454816014,0.9986189276625055,0.9986189276625055,0.0013810723374945155,0.04496033058336822,0.0013810723374949754,1.4813164969164443,0.2500000000000001,0.016014777394665985,0.0039129025931004795,0.0
n1024_m256_nonuniform_seed461.h5,256,461,1024,linear_nonuniform,0.49951171875,0.0,0.9990234375,256,1.0,255.65086425807385,0.998636188508101,0.998636188508101,0.001363811491899014,0.04479105527247781,0.0013638114918993235,1.4859128512257451,0.2500000000000001,0.01522717492711818,0.0041260604474082615,0.0
n1024_m256_nonuniform_seed462.h5,256,462,1024,linear_nonuniform,0.49951171875,0.0,0.9990234375,256,1.0,255.64791911844804,0.9986246840564377,0.9986246840564377,0.0013753159435623274,0.04496477023441564,0.0013753159435627269,1.4878642699285107,0.2500000000000001,0.015507241372097986,0.004422321755437648,0.0
n1024_m256_nonuniform_seed463.h5,256,463,1024,linear_nonuniform,0.49951171875,0.0,0.9990234375,256,1.0,255.64002651754708,0.9985938535841683,0.9985938535841683,0.0014061464158316994,0.04557913676181221,0.0014061464158322096,1.4757771988862969,0.2500000000000001,0.01558874030150387,0.003519540232260864,0.0
n1024_m256_nonuniform_seed464.h5,256,464,1024,linear_nonuniform,0.49951171875,0.0,0.9990234375,256,1.0,255.64256762710284,0.9986037797933704,0.9986037797933704,0.0013962202066295504,0.04568616661384716,0.0013962202066299353,1.486282787471881,0.2500000000000001,0.014492365563756753,0.003558379325843188,0.0
n1024_m256_nonuniform_seed465.h5,256,465,1024,linear_nonuniform,0.49951171875,0.0,0.9990234375,256,1.0,255.64208723252523,0.9986019032520517,0.9986019032520517,0.0013980967479483297,0.045390221135492036,0.0013980967479487467,1.4857226981689753,0.2500000000000001,0.014823247931187524,0.003940360302968167,0.0
n1024_m256_nonuniform_seed466.h5,256,466,1024,linear_nonuniform,0.49951171875,0.0,0.9990234375,256,1.0,255.64267440144613,0.9986041968806489,0.9986041968806489,0.0013958031193510578,0.04545169348871594,0.0013958031193514104,1.4866604173650624,0.2500000000000001,0.014779593185587279,0.0037813485274741567,0.0
n1024_m256_nonuniform_seed467.h5,256,467,1024,linear_nonuniform,0.49951171875,0.0,0.9990234375,256,1.0,255.6473476143874,0.9986224516187008,0.9986224516187008,0.0013775483812992206,0.04485625417385857,0.0013775483812996576,1.4783899938159133,0.2500000000000001,0.015605434298506991,0.0037867222355141773,0.0
n1024_m256_nonuniform_seed468.h5,256,468,1024,linear_nonuniform,0.49951171875,0.0,0.9990234375,256,1.0,255.63298928218137,0.998566364383521,0.998566364383521,0.0014336356164790232,0.04618355911034391,0.0014336356164795494,1.4913996820746076,0.2500000000000001,0.014197070944188447,0.004458321034324135,0.0
n1024_m256_nonuniform_seed469.h5,256,469,1024,linear_nonuniform,0.49951171875,0.0,0.9990234375,256,1.0,255.6422292211937,0.9986024578952879,0.9986024578952879,0.0013975421047121017,0.045249112689051456,0.0013975421047124684,1.4791303027286824,0.2500000000000001,0.01583646394592255,0.003812046450437221,0.0
n1024_m256_nonuniform_seed47.h5,256,47,1024,linear_nonuniform,0.49951171875,0.0,0.9990234375,256,1.0,255.63360997266136,0.9985687889557084,0.9985687889557084,0.0014312110442915582,0.04595871826384671,0.0014312110442920047,1.4849405225297814,0.2500000000000001,0.015301552173716378,0.0036719929626494565,0.0
n1024_m256_nonuniform_seed470.h5,256,470,1024,linear_nonuniform,0.49951171875,0.0,0.9990234375,256,1.0,255.64585884888947,0.9986166361284745,0.9986166361284745,0.0013833638715254892,0.04501667314817353,0.0013833638715259695,1.4806412411676384,0.2500000000000001,0.015241783469900032,0.003943560156564176,0.0
n1024_m256_nonuniform_seed471.h5,256,471,1024,linear_nonuniform,0.49951171875,0.0,0.9990234375,256,1.0,255.64485628112743,0.998612719848154,0.998612719848154,0.001387280151845971,0.04523026719119947,0.0013872801518462084,1.4801430207304092,0.25000000000000006,0.015329661889616441,0.003850862103834722,0.0
n1024_m256_nonuniform_seed472.h5,256,472,1024,linear_nonuniform,0.49951171875,0.0,0.9990234375,256,1.0,255.64813911681995,0.9986255434250779,0.9986255434250779,0.0013744565749220783,0.04491967193102928,0.0013744565749224905,1.4819508415971976,0.2500000000000001,0.01552171342282994,0.003955861236784465,0.0
n1024_m256_nonuniform_seed473.h5,256,473,1024,linear_nonuniform,0.49951171875,0.0,0.9990234375,256,1.0,255.63909667151165,0.9985902213730924,0.9985902213730924,0.0014097786269076096,0.04571111648061939,0.0014097786269080636,1.486330471106711,0.2500000000000001,0.014768230981673179,0.003954842355842453,0.0
n1024_m256_nonuniform_seed474.h5,256,474,1024,linear_nonuniform,0.49951171875,0.0,0.9990234375,256,1.0,255.64792489459796,0.9986247066195233,0.9986247066195233,0.0013752933804767054,0.045087456701114095,0.0013752933804773327,1.4803186210831503,0.25000000000000017,0.0150247041659151,0.0037272250255618563,0.0
n1024_m256_nonuniform_seed475.h5,256,475,1024,linear_nonuniform,0.49951171875,0.0,0.9990234375,256,1.0,255.6423865586694,0.9986030724948023,0.9986030724948023,0.0013969275051977093,0.04539101415204753,0.0013969275051982112,1.482628443546316,0.2500000000000001,0.015561047960055061,0.003823570937341032,0.0
n1024_m256_nonuniform_seed476.h5,256,476,1024,linear_nonuniform,0.49951171875,0.0,0.9990234375,256,1.0,255.64263262038003,0.9986040336733595,0.9986040336733595,0.0013959663266405187,0.04509899170495372,0.0013959663266408556,1.4765642527025162,0.2500000000000001,0.01600443565137645,0.004105303782532876,0.0
n1024_m256_nonuniform_seed477.h5,256,477,1024,linear_nonuniform,0.49951171875,0.0,0.9990234375,256,1.0,255.6388579759223,0.9985892889684465,0.9985892889684465,0.0014107110315535465,0.04566015613328393,0.0014107110315539682,1.4889738044932321,0.2500000000000001,0.014467412635737887,0.004646280405288644,3.9132795086600446e-06
n1024_m256_nonuniform_seed478.h5,256,478,1024,linear_nonuniform,0.49951171875,0.0,0.9990234375,256,1.0,255.64562724187272,0.9986157314135653,0.9986157314135653,0.0013842685864347004,0.04506941764256417,0.0013842685864352874,1.4827704620180164,0.2500000000000001,0.015593687246507094,0.003940808661401088,0.0
n1024_m256_nonuniform_seed479.h5,256,479,1024,linear_nonuniform,0.49951171875,0.0,0.9990234375,256,1.0,255.6437621221412,0.998608445789614,0.998608445789614,0.001391554210385948,0.045481518406440914,0.0013915542103863571,1.4914794019479507,0.2500000000000001,0.015473981140095168,0.004127054307383285,0.0
n1024_m256_nonuniform_seed48.h5,256,48,1024,linear_nonuniform,0.49951171875,0.0,0.9990234375,256,1.0,255.6407044568914,0.998596501784732,0.998596501784732,0.0014034982152679731,0.045498689178170154,0.001403498215268408,1.4926313380238971,0.2500000000000001,0.01488783164449357,0.00465720400000462,0.0
n1024_m256_nonuniform_seed480.h5,256,480,1024,linear_nonuniform,0.49951171875,0.0,0.9990234375,256,1.0,255.6468008554366,0.9986203158415492,0.9986203158415492,0.0013796841584508002,0.04529064958848631,0.0013796841584514002,1.4910634277485528,0.2500000000000001,0.014821571805485179,0.004336699209309804,0.0
n1024_m256_nonuniform_seed481.h5,256,481,1024,linear_nonuniform,0.49951171875,0.0,0.9990234375,256,1.0,255.6318614603515,0.998561958829498,0.998561958829498,0.001438041170501947,0.046142957169809665,0.0014380411705025137,1.4932211377828906,0.25000000000000017,0.014923534403327051,0.004384425376432604,0.0
n1024_m256_nonuniform_seed482.h5,256,482,1024,linear_nonuniform,0.49951171875,0.0,0.9990234375,256,1.0,255.6409656946489,0.9985975222447223,0.9985975222447223,0.0014024777552776868,0.045496793998981766,0.0014024777552783868,1.4829567493641191,0.25000000000000017,0.015294510307716795,0.0037320832666785544,0.0
n1024_m256_nonuniform_seed483.h5,256,483,1024,linear_nonuniform,0.49951171875,0.0,0.9990234375,256,1.0,255.6345955022989,0.9985726386808551,0.9985726386808551,0.001427361319144893,0.045703330100994775,0.0014273613191453669,1.4866655488334455,0.2500000000000001,0.01535724202688813,0.004073861954243095,0.0
n1024_m256_nonuniform_seed484.h5,256,484,1024,linear_nonuniform,0.49951171875,0.0,0.9990234375,256,1.0,255.64059665203968,0.99859608067203,0.99859608067203,0.0014039193279700157,0.04587409416934214,0.0014039193279704644,1.490008076619445,0.2500000000000001,0.014779875110507242,0.0038369881993788975,0.0
n1024_m256_nonuniform_seed485.h5,256,485,1024,linear_nonuniform,0.49951171875,0.0,0.9990234375,256,1.0,255.640240544657,0.9985946896275664,0.9985946896275664,0.0014053103724336324,0.04593359259293386,0.001405310372434133,1.4943011503743098,0.2500000000000001,0.014386905506559288,0.004449186121680025,0.0
n1024_m256_nonuniform_seed486.h5,256,486,1024,linear_nonuniform,0.49951171875,0.0,0.9990234375,256,1.0,255.6352220379922,0.9985750860859071,0.9985750860859071,0.00142491391409294,0.04579249483075571,0.0014249139140931854,1.4836722856074414,0.25000000000000006,0.01564715562875578,0.004390083207506467,0.0
n1024_m256_nonuniform_seed487.h5,256,487,1024,linear_nonuniform,0.49951171875,0.0,0.9990234375,256,1.0,255.6421966412454,0.9986023306298648,0.9986023306298648,0.0013976693701351905,0.04555264426131087,0.001397669370135581,1.4842963382975836,0.2500000000000001,0.016045339993349308,0.004069004444868239,0.0
n1024_m256_nonuniform_seed488.h5,256,488,1024,linear_nonuniform,0.49951171875,0.0,0.9990234375,256,1.0,255.6371136871021,0.9985824753402426,0.9985824753402426,0.0014175246597574187,0.04614362157580585,0.001417524659757944,1.4876392346400993,0.2500000000000001,0.014048045347272251,0.0041920536955821,0.0
n1024_m256_nonuniform_seed489.h5,256,489,1024,linear_nonuniform,0.49951171875,0.0,0.9990234375,256,1.0,255.6413898307801,0.9985991790264848,0.9985991790264848,0.0014008209735152377,0.04529773537862527,0.0014008209735156118,1.4841838373348633,0.2500000000000001,0.0157129345456994,0.004056773147539852,0.0
n1024_m256_nonuniform_seed49.h5,256,49,1024,linear_nonuniform,0.49951171875,0.0,0.9990234375,256,1.0,255.64061234981637,0.9985961419914702,0.9985961419914702,0.0014038580085298236,0.04547197008665371,0.0014038580085300786,1.4886118034005948,0.25000000000000006,0.015659114113106568,0.0038329376056491834,0.0
n1024_m256_nonuniform_seed490.h5,256,490,1024,linear_nonuniform,0.49951171875,0.0,0.9990234375,256,1.0,255.64324607762683,0.9986064299907298,0.9986064299907298,0.0013935700092702064,0.04561347225880853,0.0013935700092709059,1.4958744885207882,0.2500000000000002,0.015189701433736979,0.004391042039240204,0.0
n1024_m256_nonuniform_seed491.h5,256,491,1024,linear_nonuniform,0.49951171875,0.0,0.9990234375,256,1.0,255.64444633763924,0.9986111185064033,0.9986111185064033,0.0013888814935967275,0.04552092025223934,0.0013888814935971222,1.4860587636812932,0.2500000000000001,0.0143132688265435,0.0038667581623569756,0.0
n1024_m256_nonuniform_seed492.h5,256,492,1024,linear_nonuniform,0.49951171875,0.0,0.9990234375,256,1.0,255.6383899962384,0.9985874609228063,0.9985874609228063,0.0014125390771937418,0.04580698498136217,0.0014125390771940643,1.4923310015151328,0.2500000000000001,0.015196138614233516,0.004234276291653091,0.0
n1024_m256_nonuniform_seed493.h5,256,493,1024,linear_nonuniform,0.49951171875,0.0,0.9990234375,256,1.0,255.6379832304956,0.9985858719941234,0.9985858719941234,0.0014141280058765915,0.045845324346294736,0.0014141280058771264,1.4911134671329263,0.2500000000000001,0.014841230415649772,0.004175548701653118,0.0
n1024_m256_nonuniform_seed494.h5,256,494,1024,linear_nonuniform,0.49951171875,0.0,0.9990234375,256,1.0,255.6431549280096,0.9986060739375375,0.9986060739375375,0.0013939260624624694,0.04556703324157143,0.0013939260624628168,1.4851823168570875,0.2500000000000001,0.014825342552008621,0.0035535093251238344,0.0
n1024_m256_nonuniform_seed495.h5,256,495,1024,linear_nonuniform,0.49951171875,0.0,0.9990234375,256,1.0,255.63908226709464,0.9985901651058384,0.9985901651058384,0.0014098348941615768,0.045717253007227926,0.0014098348941621193,1.4864327909124218,0.2500000000000001,0.014790499728579407,0.003607132056086399,0.0
n1024_m256_nonuniform_seed496.h5,256,496,1024,linear_nonuniform,0.49951171875,0.0,0.9990234375,256,1.0,255.6408386791445,0.9985970260904082,0.9985970260904082,0.0014029739095917648,0.04562216487949212,0.0014029739095921007,1.4923669821168237,0.2500000000000001,0.01564354424485445,0.004202816961065013,0.0
n1024_m256_nonuniform_seed497.h5,256,497,1024,linear_nonuniform,0.49951171875,0.0,0.9990234375,256,1.0,255.64951639766514,0.9986309234283794,0.9986309234283794,0.0013690765716205533,0.04484964763538474,0.001369076571621125,1.4794540698767844,0.2500000000000001,0.015450259889624732,0.0037442280755039556,0.0
n1024_m256_nonuniform_seed498.h5,256,498,1024,linear_nonuniform,0.49951171875,0.0,0.9990234375,256,1.0,255.65004776431306,0.9986329990793479,0.9986329990793479,0.0013670009206521172,0.044892112009142296,0.0013670009206524845,1.4854741512156384,0.2500000000000001,0.014523355378749183,0.003982643870339028,0.0
n1024_m256_nonuniform_seed499.h5,256,499,1024,linear_nonuniform,0.49951171875,0.0,0.9990234375,256,1.0,255.642393166665,0.9986030983072851,0.9986030983072851,0.0013969016927148914,0.045427238283590174,0.0013969016927154014,1.4926472631965242,0.2500000000000001,0.014641502683764976,0.00458722611747745,0.0
n1024_m256_nonuniform_seed5.h5,256,5,1024,linear_nonuniform,0.49951171875,0.0,0.9990234375,256,1.0,255.64936559123453,0.9986303343407599,0.9986303343407599,0.0013696656592401268,0.04516501147076036,0.0013696656592405738,1.4858833797310893,0.2500000000000001,0.01455324393738218,0.003940320676130652,0.0
n1024_m256_nonuniform_seed50.h5,256,50,1024,linear_nonuniform,0.49951171875,0.0,0.9990234375,256,1.0,255.64048794732662,0.9985956560442446,0.9985956560442446,0.0014043439557553938,0.04567658290674299,0.001404343955755802,1.483848777146247,0.2500000000000001,0.01517993827974488,0.003986151476417146,0.0
n1024_m256_nonuniform_seed500.h5,256,500,1024,linear_nonuniform,0.49951171875,0.0,0.9990234375,256,1.0,255.63665610464523,0.9985806879087704,0.9985806879087704,0.0014193120912295853,0.045652386872387964,0.0014193120912300613,1.4891867302387711,0.2500000000000001,0.015272068098221398,0.004553769751754609,0.0
n1024_m256_nonuniform_seed501.h5,256,501,1024,linear_nonuniform,0.49951171875,0.0,0.9990234375,256,1.0,255.63953085205867,0.9985919173908542,0.9985919173908542,0.001408082609145822,0.045084951638050506,0.0014080826091463418,1.4817670740414566,0.2500000000000001,0.015719853423356783,0.004386105561081365,0.0
n1024_m256_nonuniform_seed502.h5,256,502,1024,linear_nonuniform,0.49951171875,0.0,0.9990234375,256,1.0,255.6428588652052,0.9986049174422078,0.9986049174422078,0.0013950825577921933,0.04523342121733708,0.0013950825577926762,1.484115467452601,0.2500000000000001,0.015351780299357104,0.0039670680884171475,0.0
n1024_m256_nonuniform_seed503.h5,256,503,1024,linear_nonuniform,0.49951171875,0.0,0.9990234375,256,1.0,255.6387758566998,0.9985889681902336,0.9985889681902336,0.0014110318097664276,0.04559170785743588,0.0014110318097669701,1.480583854959093,0.25000000000000017,0.01477421046555304,0.003644955153453719,0.0
n1024_m256_nonuniform_seed504.h5,256,504,1024,linear_nonuniform,0.49951171875,0.0,0.9990234375,256,1.0,255.63811505708145,0.9985863869417244,0.9985863869417244,0.0014136130582755868,0.045696406506999264,0.0014136130582760155,1.4925753617174211,0.2500000000000001,0.01445203822376773,0.004599930693095242,0.0
n1024_m256_nonuniform_seed505.h5,256,505,1024,linear_nonuniform,0.49951171875,0.0,0.9990234375,256,1.0,255.64614573543076,0.9986177567790264,0.9986177567790264,0.001382243220973578,0.045320284272594505,0.0013822432209741919,1.4891386205374408,0.25000000000000017,0.015555853112560478,0.004170727938422726,0.0
n1024_m256_nonuniform_seed506.h5,256,506,1024,linear_nonuniform,0.49951171875,0.0,0.9990234375,256,1.0,255.64270716479223,0.9986043248624696,0.9986043248624696,0.001395675137530361,0.04507683115862291,0.0013956751375308355,1.4740052029722672,0.2500000000000001,0.015766188619726916,0.0034125199712554148,0.0
n1024_m256_nonuniform_seed507.h5,256,507,1024,linear_nonuniform,0.49951171875,0.0,0.9990234375,256,1.0,255.6490708985366,0.9986291831974086,0.9986291831974086,0.0013708168025914347,0.04502279790140121,0.001370816802591856,1.489688802191903,0.2500000000000001,0.015488723472953745,0.004497399050866633,0.0
n1024_m256_nonuniform_seed508.h5,256,508,1024,linear_nonuniform,0.49951171875,0.0,0.9990234375,256,1.0,255.64700686582364,0.9986211205696236,0.9986211205696236,0.0013788794303764007,0.04502057127900288,0.0013788794303768693,1.4839101229426892,0.2500000000000001,0.015710421117787365,0.00427820925791005,0.0
n1024_m256_nonuniform_seed509.h5,256,509,1024,linear_nonuniform,0.49951171875,0.0,0.9990234375,256,1.0,255.64740844983316,0.9986226892571608,0.9986226892571608,0.0013773107428391995,0.04530864881423031,0.0013773107428398151,1.4912351846550684,0.2500000000000001,0.014692940872701343,0.0040558517150026605,0.0
n1024_m256_nonuniform_seed51.h5,256,51,1024,linear_nonuniform,0.49951171875,0.0,0.9990234375,256,1.0,255.6316749270918,0.9985612301839524,0.9985612301839524,0.0014387698160476248,0.04586827567681758,0.001438769816048116,1.4742171462788243,0.2500000000000001,0.015863797939752112,0.003541654506432926,0.0
n1024_m256_nonuniform_seed510.h5,256,510,1024,linear_nonuniform,0.49951171875,0.0,0.9990234375,256,1.0,255.63702658309194,0.9985821350902029,0.9985821350902029,0.0014178649097971174,0.04553724110281731,0.0014178649097973763,1.4811880664485224,0.25000000000000006,0.01555885824686444,0.00388843824417793,0.0
n1024_m256_nonuniform_seed511.h5,256,511,1024,linear_nonuniform,0.49951171875,0.0,0.9990234375,256,1.0,255.64694180330844,0.9986208664191736,0.9986208664191736,0.0013791335808264193,0.045094487679428606,0.0013791335808268264,1.480026411775065,0.2500000000000001,0.015547459405008953,0.003705452083959646,0.0
n1024_m256_nonuniform_seed52.h5,256,52,1024,linear_nonuniform,0.49951171875,0.0,0.9990234375,256,1.0,255.6429404430819,0.9986052361057887,0.9986052361057887,0.0013947638942113372,0.04526701974304866,0.0013947638942116976,1.4895998267780535,0.2500000000000001,0.01581154212108706,0.004368078847856362,0.0
n1024_m256_nonuniform_seed53.h5,256,53,1024,linear_nonuniform,0.49951171875,0.0,0.9990234375,256,1.0,255.64375180358184,0.9986084054827415,0.9986084054827415,0.0013915945172584543,0.04530201839457577,0.0013915945172587524,1.4848737457018288,0.2500000000000001,0.01645536338523569,0.00406436458069484,0.0
n1024_m256_nonuniform_seed54.h5,256,54,1024,linear_nonuniform,0.49951171875,0.0,0.9990234375,256,1.0,255.64783823749167,0.9986243681152018,0.9986243681152018,0.0013756318847981674,0.045064974052224094,0.0013756318847987317,1.4796140374734499,0.25000000000000017,0.015465319845664984,0.003916044723265098,0.0
n1024_m256_nonuniform_seed55.h5,256,55,1024,linear_nonuniform,0.49951171875,0.0,0.9990234375,256,1.0,255.6448276808078,0.9986126081281554,0.9986126081281554,0.0013873918718445566,0.04521139814884475,0.001387391871844844,1.4826904745528047,0.2500000000000001,0.015320717320827576,0.0038663150803587986,0.0
n1024_m256_nonuniform_seed56.h5,256,56,1024,linear_nonuniform,0.49951171875,0.0,0.9990234375,256,1.0,255.63301931107708,0.9985664816838948,0.9985664816838948,0.0014335183161051646,0.04597845140657386,0.0014335183161056488,1.4912725639107864,0.25000000000000017,0.015869061189942652,0.004678188190007911,0.0
n1024_m256_nonuniform_seed57.h5,256,57,1024,linear_nonuniform,0.49951171875,0.0,0.9990234375,256,1.0,255.63088800018886,0.9985581562507377,0.9985581562507377,0.0014418437492622616,0.04581065893416967,0.001441843749262578,1.4800700575187247,0.2500000000000001,0.016491306784122868,0.003940043837703092,0.0
n1024_m256_nonuniform_seed58.h5,256,58,1024,linear_nonuniform,0.49951171875,0.0,0.9990234375,256,1.0,255.64172877717647,0.9986005030358456,0.9986005030358456,0.001399496964154423,0.04563020159578885,0.001399496964154971,1.4948075051863927,0.2500000000000001,0.014452604208056028,0.004562653510782465,0.0
n1024_m256_nonuniform_seed59.h5,256,59,1024,linear_nonuniform,0.49951171875,0.0,0.9990234375,256,1.0,255.63874297376606,0.9985888397412737,0.9985888397412737,0.0014111602587263405,0.04519922909912489,0.001411160258726643,1.48570761436653,0.2500000000000001,0.016861065392008177,0.004307343838888951,0.0
n1024_m256_nonuniform_seed6.h5,256,6,1024,linear_nonuniform,0.49951171875,0.0,0.9990234375,256,1.0,255.64676133166358,0.9986201614518109,0.9986201614518109,0.0013798385481891273,0.04482078902558153,0.0013798385481894957,1.4808880335158179,0.2500000000000001,0.016318243053654202,0.003844990912654888,0.0
n1024_m256_nonuniform_seed60.h5,256,60,1024,linear_nonuniform,0.49951171875,0.0,0.9990234375,256,1.0,255.6419251983316,0.9986012703059828,0.9986012703059828,0.00139872969401722,0.045481568088395784,0.0013987296940176056,1.4874632025660255,0.2500000000000001,0.01450271932218156,0.0042890253659825465,0.0
n1024_m256_nonuniform_seed61.h5,256,61,1024,linear_nonuniform,0.49951171875,0.0,0.9990234375,256,1.0,255.63997269312677,0.9985936433325264,0.9985936433325264,0.001406356667473574,0.04559452061455566,0.0014063566674740278,1.4899890570910672,0.2500000000000001,0.014354424131374853,0.004202725404849915,0.0
n1024_m256_nonuniform_seed62.h5,256,62,1024,linear_nonuniform,0.49951171875,0.0,0.9990234375,256,1.0,255.65270973255974,0.9986433973928115,0.9986433973928115,0.0013566026071885062,0.04477509569791458,0.0013566026071890331,1.4779821671855797,0.2500000000000001,0.015332197017874262,0.003814342320272777,0.0
n1024_m256_nonuniform_seed63.h5,256,63,1024,linear_nonuniform,0.49951171875,0.0,0.9990234375,256,1.0,255.6413536685577,0.9985990377678036,0.9985990377678036,0.0014009622321964343,0.04534354813056867,0.001400962232196873,1.4766931579373788,0.2500000000000001,0.016362285141555792,0.003257952204860318,0.0
n1024_m256_nonuniform_seed64.h5,256,64,1024,linear_nonuniform,0.49951171875,0.0,0.9990234375,256,1.0,255.64157920668367,0.9985999187761081,0.9985999187761081,0.0014000812238919025,0.04550750281197977,0.0014000812238922106,1.4814345660502715,0.25000000000000006,0.015174638005806332,0.003452024943611114,0.0
n1024_m256_nonuniform_seed65.h5,256,65,1024,linear_nonuniform,0.49951171875,0.0,0.9990234375,256,1.0,255.64608320215484,0.9986175125084173,0.9986175125084173,0.0013824874915826513,0.04513913471778984,0.0013824874915829603,1.4798305685700315,0.2500000000000001,0.016328808466433874,0.004074517158344875,0.0
n1024_m256_nonuniform_seed66.h5,256,66,1024,linear_nonuniform,0.49951171875,0.0,0.9990234375,256,1.0,255.64413712017995,0.9986099106257029,0.9986099106257029,0.0013900893742970766,0.04544539173528263,0.001390089374297492,1.486685894241861,0.2500000000000001,0.015080250362748725,0.0038943468107556474,0.0
n1024_m256_nonuniform_seed67.h5,256,67,1024,linear_nonuniform,0.49951171875,0.0,0.9990234375,256,1.0,255.6414571525238,0.9985994420020461,0.9985994420020461,0.0014005579979539107,0.045514780435291814,0.0014005579979545024,1.4834223928576697,0.2500000000000001,0.014755973391596115,0.004051882592675096,0.0
n1024_m256_nonuniform_seed68.h5,256,68,1024,linear_nonuniform,0.49951171875,0.0,0.9990234375,256,1.0,255.6369714447792,0.9985819197061687,0.9985819197061687,0.0014180802938312809,0.04567753174328092,0.0014180802938317607,1.4874718459209173,0.2500000000000001,0.015666719167609536,0.003848400021053426,0.0
n1024_m256_nonuniform_seed69.h5,256,69,1024,linear_nonuniform,0.49951171875,0.0,0.9990234375,256,1.0,255.64593750472704,0.99861694337784,0.99861694337784,0.0013830566221599838,0.04517937515310693,0.0013830566221606584,1.483546696025718,0.25000000000000017,0.015754981606622642,0.004000306042387509,0.0
n1024_m256_nonuniform_seed7.h5,256,7,1024,linear_nonuniform,0.49951171875,0.0,0.9990234375,256,1.0,255.64176035742275,0.9986006263961826,0.9986006263961826,0.0013993736038173665,0.04575190608446758,0.0013993736038177382,1.4852771247433136,0.2500000000000001,0.014338663080419265,0.003682599665230849,0.0
n1024_m256_nonuniform_seed70.h5,256,70,1024,linear_nonuniform,0.49951171875,0.0,0.9990234375,256,1.0,255.64108716702322,0.9985979967461844,0.9985979967461844,0.0014020032538155647,0.04557803898771976,0.0014020032538161053,1.4882473251288821,0.2500000000000001,0.015324344265057807,0.003986634289626556,0.0
n1024_m256_nonuniform_seed71.h5,256,71,1024,linear_nonuniform,0.49951171875,0.0,0.9990234375,256,1.0,255.6340121764515,0.9985703600642637,0.9985703600642637,0.0014296399357363043,0.0455820944043494,0.0014296399357367747,1.4865741939243355,0.2500000000000001,0.0159476793386735,0.004121032383037438,0.0
n1024_m256_nonuniform_seed72.h5,256,72,1024,linear_nonuniform,0.49951171875,0.0,0.9990234375,256,1.0,255.65387972102326,0.9986479676602471,0.9986479676602471,0.0013520323397528955,0.044556209816644654,0.0013520323397533207,1.4842437164281101,0.2500000000000001,0.015675832267374592,0.0038789291036446173,0.0
n1024_m256_nonuniform_seed73.h5,256,73,1024,linear_nonuniform,0.49951171875,0.0,0.9990234375,256,1.0,255.64545433485182,0.9986150559955149,0.9986150559955149,0.001384944004485078,0.04526725073628325,0.0013849440044856717,1.4835818086355785,0.25000000000000017,0.015628859664800425,0.003841367906663803,0.0
n1024_m256_nonuniform_seed74.h5,256,74,1024,linear_nonuniform,0.49951171875,0.0,0.9990234375,256,1.0,255.6432580006658,0.9986064765651008,0.9986064765651008,0.0013935234348991798,0.045328882110230034,0.0013935234348996515,1.481538160524323,0.2500000000000001,0.015308045033371099,0.003809094172114484,0.0
n1024_m256_nonuniform_seed75.h5,256,75,1024,linear_nonuniform,0.49951171875,0.0,0.9990234375,256,1.0,255.63878199766623,0.9985889921783837,0.9985889921783837,0.0014110078216162947,0.04586676358631707,0.001411007821616718,1.4850773349338817,0.2500000000000001,0.015013268018638316,0.003880359517187606,0.0
n1024_m256_nonuniform_seed76.h5,256,76,1024,linear_nonuniform,0.49951171875,0.0,0.9990234375,256,1.0,255.64845131829497,0.9986267629620897,0.9986267629620897,0.0013732370379102576,0.04541480439707809,0.0013732370379108427,1.4899831024004582,0.2500000000000001,0.014282662861264093,0.004131945793305309,0.0
n1024_m256_nonuniform_seed77.h5,256,77,1024,linear_nonuniform,0.49951171875,0.0,0.9990234375,256,1.0,255.64119374449365,0.9985984130644283,0.9985984130644283,0.001401586935571686,0.04517099192762023,0.0014015869355719069,1.486456628826423,0.25000000000000006,0.015621649175765364,0.004443613927982723,0.0
n1024_m256_nonuniform_seed78.h5,256,78,1024,linear_nonuniform,0.49951171875,0.0,0.9990234375,256,1.0,255.63927554365364,0.998590920092397,0.998590920092397,0.0014090799076029725,0.04584764932397548,0.0014090799076033917,1.4908422886656536,0.2500000000000001,0.014970917937840701,0.004443253808209287,0.0
n1024_m256_nonuniform_seed79.h5,256,79,1024,linear_nonuniform,0.49951171875,0.0,0.9990234375,256,1.0,255.64469615137205,0.998612094341297,0.998612094341297,0.0013879056587029481,0.045050122989459165,0.0013879056587035362,1.4823208981224567,0.25000000000000017,0.015996765477062545,0.004118522825593124,0.0
n1024_m256_nonuniform_seed8.h5,256,8,1024,linear_nonuniform,0.49951171875,0.0,0.9990234375,256,1.0,255.64392508211313,0.9986090823520044,0.9986090823520044,0.0013909176479955931,0.04531265108795587,0.001390917647996109,1.4902155075210222,0.2500000000000001,0.015654913530809927,0.004530171504085932,0.0
n1024_m256_nonuniform_seed80.h5,256,80,1024,linear_nonuniform,0.49951171875,0.0,0.9990234375,256,1.0,255.64280705607962,0.998604715062811,0.998604715062811,0.0013952849371889897,0.04514575468316518,0.001395284937189434,1.4790518837557867,0.2500000000000001,0.015303555118823744,0.003914461168921902,0.0
n1024_m256_nonuniform_seed81.h5,256,81,1024,linear_nonuniform,0.49951171875,0.0,0.9990234375,256,1.0,255.64144784223754,0.9985994056337404,0.9985994056337404,0.001400594366259611,0.04553824401688384,0.0014005943662598796,1.4941686131916365,0.25000000000000006,0.015654256284137226,0.004496658845627585,0.0
n1024_m256_nonuniform_seed82.h5,256,82,1024,linear_nonuniform,0.49951171875,0.0,0.9990234375,256,1.0,255.6418375409121,0.9986009278941879,0.9986009278941879,0.001399072105812138,0.045634401207601046,0.0013990721058125385,1.4866599513068464,0.2500000000000001,0.014522642929528248,0.004259403922981547,0.0
n1024_m256_nonuniform_seed83.h5,256,83,1024,linear_nonuniform,0.49951171875,0.0,0.9990234375,256,1.0,255.6446679712535,0.998611984262709,0.998611984262709,0.0013880157372909707,0.04553502015477491,0.0013880157372915456,1.490160646540854,0.2500000000000001,0.014582702415292416,0.004455266759598904,0.0
n1024_m256_nonuniform_seed84.h5,256,84,1024,linear_nonuniform,0.49951171875,0.0,0.9990234375,256,1.0,255.64027255951078,0.998594814685589,0.998594814685589,0.0014051853144110282,0.04576685009642832,0.0014051853144116063,1.4875495578524562,0.25000000000000017,0.014779785003312455,0.00365953966776262,0.0
n1024_m256_nonuniform_seed85.h5,256,85,1024,linear_nonuniform,0.49951171875,0.0,0.9990234375,256,1.0,255.64259515672165,0.998603887330944,0.998603887330944,0.0013961126690560377,0.045349389352742665,0.0013961126690564933,1.4777833432608045,0.2500000000000001,0.01497622301730103,0.0038280278764477567,0.0
n1024_m256_nonuniform_seed86.h5,256,86,1024,linear_nonuniform,0.49951171875,0.0,0.9990234375,256,1.0,255.64310307895357,0.9986058714021624,0.9986058714021624,0.0013941285978376072,0.045207716300398354,0.0013941285978380416,1.4746425319811574,0.2500000000000001,0.015618512121639415,0.00318787656854219,0.0
n1024_m256_nonuniform_seed87.h5,256,87,1024,linear_nonuniform,0.49951171875,0.0,0.9990234375,256,1.0,255.645344857694,0.9986146283503672,0.9986146283503672,0.0013853716496328161,0.04490191112821576,0.001385371649633256,1.4786647926036398,0.2500000000000001,0.01682330158690173,0.003960607755283342,0.0
n1024_m256_nonuniform_seed88.h5,256,88,1024,linear_nonuniform,0.49951171875,0.0,0.9990234375,256,1.0,255.64188690084848,0.9986011207064394,0.9986011207064394,0.0013988792935606398,0.045618873222148144,0.0013988792935611778,1.4883073516073388,0.2500000000000001,0.014882611006629642,0.003892456079165443,0.0
n1024_m256_nonuniform_seed89.h5,256,89,1024,linear_nonuniform,0.49951171875,0.0,0.9990234375,256,1.0,255.62969275903015,0.9985534873399615,0.9985534873399615,0.0014465126600384792,0.04570846433183354,0.001446512660039028,1.4747485280421528,0.2500000000000001,0.016261045430420756,0.004210842417708142,0.0
n1024_m256_nonuniform_seed9.h5,256,9,1024,linear_nonuniform,0.49951171875,0.0,0.9990234375,256,1.0,255.64165575902734,0.9986002178087006,0.9986002178087006,0.0013997821912994368,0.04548481448069857,0.0013997821912998386,1.4856968399204,0.2500000000000001,0.015374589267513391,0.0040419162615149915,0.0
n1024_m256_nonuniform_seed90.h5,256,90,1024,linear_nonuniform,0.49951171875,0.0,0.9990234375,256,1.0,255.64074689082918,0.9985966675423015,0.9985966675423015,0.001403332457698525,0.04569947951899251,0.001403332457698978,1.4864829513946143,0.2500000000000001,0.01522018986587858,0.00424238111377316,0.0
n1024_m256_nonuniform_seed91.h5,256,91,1024,linear_nonuniform,0.49951171875,0.0,0.9990234375,256,1.0,255.64969076419948,0.9986316045476542,0.9986316045476542,0.0013683954523457942,0.04501447134930374,0.0013683954523464102,1.4960192031341906,0.2500000000000001,0.014943478222212606,0.0043093553678390266,0.0
n1024_m256_nonuniform_seed92.h5,256,92,1024,linear_nonuniform,0.49951171875,0.0,0.9990234375,256,1.0,255.64996948916814,0.9986326933170631,0.9986326933170631,0.0013673066829369418,0.04511149092765678,0.0013673066829373694,1.4832210135565833,0.2500000000000001,0.014826531133053608,0.003742311330392819,0.0
n1024_m256_nonuniform_seed93.h5,256,93,1024,linear_nonuniform,0.49951171875,0.0,0.9990234375,256,1.0,255.64711237550364,0.9986215327168111,0.9986215327168111,0.001378467283188911,0.04496529842688788,0.001378467283189394,1.4886485973875516,0.2500000000000001,0.014835289835120388,0.004049772574974105,0.0
n1024_m256_nonuniform_seed94.h5,256,94,1024,linear_nonuniform,0.49951171875,0.0,0.9990234375,256,1.0,255.6389064363466,0.9985894782669789,0.9985894782669789,0.0014105217330211417,0.04546339434952801,0.0014105217330215572,1.480302289944939,0.2500000000000001,0.015842849256916678,0.00395113951883495,0.0
n1024_m256_nonuniform_seed95.h5,256,95,1024,linear_nonuniform,0.49951171875,0.0,0.9990234375,256,1.0,255.6483715074719,0.9986264512010621,0.9986264512010621,0.001373548798937918,0.04534375497040316,0.0013735487989384374,1.4977117988127568,0.2500000000000001,0.014066500333263048,0.0044978031070494005,0.0
n1024_m256_nonuniform_seed96.h5,256,96,1024,linear_nonuniform,0.49951171875,0.0,0.9990234375,256,1.0,255.6429170591873,0.9986051447624504,0.9986051447624504,0.0013948552375495638,0.04573062392440729,0.0013948552375501078,1.4954901507987155,0.2500000000000001,0.014221271929694607,0.004522744329539012,0.0
n1024_m256_nonuniform_seed97.h5,256,97,1024,linear_nonuniform,0.49951171875,0.0,0.9990234375,256,1.0,255.6353479861864,0.9985755780710406,0.9985755780710406,0.0014244219289594184,0.04554998505854956,0.0014244219289597537,1.4777479704710925,0.2500000000000001,0.016819020132697336,0.0037014791688393077,0.0
n1024_m256_nonuniform_seed98.h5,256,98,1024,linear_nonuniform,0.49951171875,0.0,0.9990234375,256,1.0,255.64766822668025,0.9986237040104697,0.9986237040104697,0.0013762959895302629,0.04517250772913465,0.0013762959895305203,1.485319364166504,0.25000000000000006,0.015148506154302965,0.0040916842932092416,0.0
n1024_m256_nonuniform_seed99.h5,256,99,1024,linear_nonuniform,0.49951171875,0.0,0.9990234375,256,1.0,255.64958964807738,0.9986312095628023,0.9986312095628023,0.001368790437197731,0.04472272570701868,0.001368790437198296,1.4745300899793725,0.2500000000000001,0.015927720840929138,0.003181693603909249,0.0
