m_hidden,sparsity,seed,checkpoint_step,n_eigenspaces,n_eigenvectors,degeneracy_ratio,n_clusters,mean_participation_ratio,mean_max_space_projection
112,0.0,0,25000,32,112,0.2857142857142857,12,11.702934571899904,0.2653055235042052
112,0.0,1,25000,31,112,0.2767857142857143,12,11.39489099243286,0.2689110918131523
112,0.02020408163265306,0,25000,33,112,0.29464285714285715,13,12.964247365297096,0.2578903427782899
112,0.02020408163265306,1,25000,33,112,0.29464285714285715,13,12.509305868394446,0.262685678924268
112,0.04040816326530612,0,25000,33,112,0.29464285714285715,14,13.650871139055841,0.24692997740250716
112,0.04040816326530612,1,25000,35,112,0.3125,15,13.480230323193751,0.2531258982035779
112,0.06061224489795918,0,25000,36,112,0.32142857142857145,16,14.778117371134723,0.2356476225211591
112,0.06061224489795918,1,25000,34,112,0.30357142857142855,17,14.33115174677765,0.24629942090551288
112,0.08081632653061224,0,25000,36,112,0.32142857142857145,18,15.363539412586116,0.2299371020342767
112,0.08081632653061224,1,25000,36,112,0.32142857142857145,18,15.546157021157997,0.23758762427623065
112,0.1010204081632653,0,25000,39,112,0.3482142857142857,18,16.262929837104984,0.22516954293036662
112,0.1010204081632653,1,25000,37,112,0.33035714285714285,21,16.35315073073391,0.23433037093181863
112,0.12122448979591836,0,25000,37,112,0.33035714285714285,20,16.98587996944753,0.21796082315903736
112,0.12122448979591836,1,25000,39,112,0.3482142857142857,23,17.288668648875948,0.22581533564699713
112,0.14142857142857143,0,25000,40,112,0.35714285714285715,23,17.970636604940136,0.21229096900374506
112,0.14142857142857143,1,25000,41,112,0.36607142857142855,26,18.311468433139233,0.2205420303986025
112,0.16163265306122448,0,25000,44,112,0.39285714285714285,25,18.612667216682915,0.21075811527612803
112,0.16163265306122448,1,25000,46,112,0.4107142857142857,27,18.877767482244394,0.2172034388437134
112,0.18183673469387754,0,25000,52,112,0.4642857142857143,21,18.770441160692194,0.20722075942345689
112,0.18183673469387754,1,25000,56,112,0.5,25,19.38624822929399,0.2187838907206509
112,0.2020408163265306,0,25000,66,112,0.5892857142857143,23,19.424653116548328,0.20417425754886948
112,0.2020408163265306,1,25000,69,112,0.6160714285714286,26,20.19969956279218,0.20726478066652132
112,0.22224489795918367,0,25000,78,112,0.6964285714285714,24,21.128570637977333,0.19222120856827807
112,0.22224489795918367,1,25000,73,112,0.6517857142857143,25,20.322322314962847,0.19922442323087405
112,0.24244897959183673,0,25000,84,112,0.75,19,20.96671138782192,0.18760281956573244
112,0.24244897959183673,1,25000,85,112,0.7589285714285714,21,21.013194241622145,0.1949770835701855
112,0.2626530612244898,0,25000,93,112,0.8303571428571429,22,22.839427351495747,0.1804393311873942
112,0.2626530612244898,1,25000,91,112,0.8125,22,22.08041339967897,0.18861245086401063
112,0.28285714285714286,0,25000,96,112,0.8571428571428571,18,23.159974645033618,0.17725573542486425
112,0.28285714285714286,1,25000,99,112,0.8839285714285714,16,23.835430278577945,0.18075641323447691
112,0.3030612244897959,0,25000,105,112,0.9375,17,26.379663774622898,0.16340817810013653
112,0.3030612244897959,1,25000,107,112,0.9553571428571429,17,26.5346624491327,0.166893914780787
112,0.32326530612244897,0,25000,110,112,0.9821428571428571,24,30.064301848632468,0.15001377232069102
112,0.32326530612244897,1,25000,111,112,0.9910714285714286,26,30.449141991169075,0.15090398296361388
112,0.34346938775510205,0,25000,112,112,1.0,27,30.27291439842965,0.14591920879491466
112,0.34346938775510205,1,25000,111,112,0.9910714285714286,29,29.47905197559766,0.1491426201021337
112,0.3636734693877551,0,25000,111,112,0.9910714285714286,22,23.55601920269466,0.1632034320270354
112,0.3636734693877551,1,25000,110,112,0.9821428571428571,18,21.825797884899153,0.17140581244950664
112,0.38387755102040816,0,25000,107,112,0.9553571428571429,15,18.11951968776406,0.18354742215595632
112,0.38387755102040816,1,25000,108,112,0.9642857142857143,14,17.91832946508902,0.18728131108708915
112,0.4040816326530612,0,25000,107,112,0.9553571428571429,13,12.290551757410823,0.22303157231470291
112,0.4040816326530612,1,25000,108,112,0.9642857142857143,17,13.324588651298942,0.20915492914090314
112,0.42428571428571427,0,25000,103,112,0.9196428571428571,14,10.388676262162683,0.22946207834079557
112,0.42428571428571427,1,25000,104,112,0.9285714285714286,16,11.545048801873522,0.20955900169364294
112,0.44448979591836735,0,25000,107,112,0.9553571428571429,18,12.505354566131976,0.2057271466662916
112,0.44448979591836735,1,25000,100,112,0.8928571428571429,16,11.520213184746634,0.21979332165269072
112,0.4646938775510204,0,25000,100,112,0.8928571428571429,16,11.999412836260642,0.21504709520026521
112,0.4646938775510204,1,25000,105,112,0.9375,14,12.155292415629694,0.2175649833454915
112,0.48489795918367345,0,25000,100,112,0.8928571428571429,13,11.374459852398983,0.2501322253224521
112,0.48489795918367345,1,25000,106,112,0.9464285714285714,13,12.26153338764836,0.2339321018201495
112,0.5051020408163265,0,25000,107,112,0.9553571428571429,9,11.740807757537254,0.2596773376820786
112,0.5051020408163265,1,25000,108,112,0.9642857142857143,11,12.188131600159998,0.24825136977715306
112,0.5253061224489796,0,25000,111,112,0.9910714285714286,7,12.481103937744056,0.28364089977913864
112,0.5253061224489796,1,25000,108,112,0.9642857142857143,9,11.960495566977809,0.28579257823284804
112,0.5455102040816326,0,25000,107,112,0.9553571428571429,7,12.458706444939219,0.3139967112514769
112,0.5455102040816326,1,25000,110,112,0.9821428571428571,7,12.450930734408589,0.29662927356351904
112,0.5657142857142857,0,25000,110,112,0.9821428571428571,3,13.161175777215078,0.3162251067243138
112,0.5657142857142857,1,25000,110,112,0.9821428571428571,3,12.354950710688723,0.3448729203872589
112,0.5859183673469388,0,25000,107,112,0.9553571428571429,2,13.9031286758068,0.3102561979654056
112,0.5859183673469388,1,25000,110,112,0.9821428571428571,3,13.327765777556316,0.3133741410924572
112,0.6061224489795918,0,25000,109,112,0.9732142857142857,1,15.46358442411142,0.2922057614141198
112,0.6061224489795918,1,25000,109,112,0.9732142857142857,1,15.678574992733964,0.2909671417871162
112,0.6263265306122449,0,25000,109,112,0.9732142857142857,1,15.857687934693395,0.28704797754039335
112,0.6263265306122449,1,25000,107,112,0.9553571428571429,1,15.831450769877963,0.28789203754289916
112,0.6465306122448979,0,25000,108,112,0.9642857142857143,2,15.933418246529602,0.28541458362833383
112,0.6465306122448979,1,25000,106,112,0.9464285714285714,4,18.071850415340506,0.2708941721410062
112,0.666734693877551,0,25000,111,112,0.9910714285714286,1,16.346323919700776,0.28090145076492107
112,0.666734693877551,1,25000,106,112,0.9464285714285714,2,16.54047213778876,0.278885617811095
112,0.6869387755102041,0,25000,108,112,0.9642857142857143,3,17.67095373408956,0.269106110267643
112,0.6869387755102041,1,25000,110,112,0.9821428571428571,1,17.494598771559975,0.2721368933065199
112,0.7071428571428571,0,25000,107,112,0.9553571428571429,2,18.02045706084748,0.2619002392751355
112,0.7071428571428571,1,25000,111,112,0.9910714285714286,1,18.80341242747936,0.26109257732267677
112,0.7273469387755102,0,25000,109,112,0.9732142857142857,45,38.179218434953626,0.07054433633685137
112,0.7273469387755102,1,25000,107,112,0.9553571428571429,2,18.58272840571268,0.25811824755646684
112,0.7475510204081632,0,25000,111,112,0.9910714285714286,44,34.956345228096104,0.08534502587996967
112,0.7475510204081632,1,25000,112,112,1.0,44,34.07355593245621,0.0891020072469455
112,0.7677551020408163,0,25000,111,112,0.9910714285714286,43,35.58462608626625,0.08650628374798655
112,0.7677551020408163,1,25000,112,112,1.0,54,36.35482956943311,0.08241169815917576
112,0.7879591836734694,0,25000,111,112,0.9910714285714286,48,37.40181222755144,0.07681745662937758
112,0.7879591836734694,1,25000,109,112,0.9732142857142857,48,37.745074475211084,0.07297963505853969
112,0.8081632653061224,0,25000,111,112,0.9910714285714286,47,37.93940432363241,0.07395787586756644
112,0.8081632653061224,1,25000,111,112,0.9910714285714286,50,37.66186658126786,0.07476908024903035
112,0.8283673469387755,0,25000,111,112,0.9910714285714286,47,37.38523914452534,0.07674776828218383
112,0.8283673469387755,1,25000,111,112,0.9910714285714286,42,37.888499002826535,0.07324823042793333
112,0.8485714285714285,0,25000,110,112,0.9821428571428571,47,37.044722385088946,0.0759914748238282
112,0.8485714285714285,1,25000,111,112,0.9910714285714286,48,37.11808987866057,0.07657942872433245
112,0.8687755102040816,0,25000,110,112,0.9821428571428571,46,36.78103578934409,0.07574907213188936
112,0.8687755102040816,1,25000,112,112,1.0,49,37.79878853383205,0.0726996330814858
112,0.8889795918367347,0,25000,111,112,0.9910714285714286,47,37.72342299226736,0.07395367237266183
112,0.8889795918367347,1,25000,109,112,0.9732142857142857,48,37.17421936573277,0.07440980151356437
112,0.9091836734693878,0,25000,111,112,0.9910714285714286,49,38.17738155825084,0.07159831252717536
112,0.9091836734693878,1,25000,111,112,0.9910714285714286,47,38.10791698351237,0.07270946887056498
112,0.9293877551020407,0,25000,111,112,0.9910714285714286,50,38.47738932450223,0.07036445972013074
112,0.9293877551020407,1,25000,107,112,0.9553571428571429,41,37.46420165258548,0.0723403712945875
112,0.9495918367346938,0,25000,111,112,0.9910714285714286,48,38.60401550435732,0.07061650006244072
112,0.9495918367346938,1,25000,111,112,0.9910714285714286,51,38.22141512817129,0.0715796716324199
112,0.9697959183673469,0,25000,111,112,0.9910714285714286,49,38.652110296193165,0.0707987265120732
112,0.9697959183673469,1,25000,109,112,0.9732142857142857,40,37.91211509972815,0.07191776441125007
112,0.99,0,25000,111,112,0.9910714285714286,50,38.14222286599719,0.07199765986227458
112,0.99,1,25000,112,112,1.0,48,38.77994188521208,0.07065132026004382
128,0.0,0,25000,33,128,0.2578125,12,11.33888586284553,0.2545062626081317
128,0.0,1,25000,32,128,0.25,10,11.421798754665204,0.2671269551527372
128,0.02020408163265306,0,25000,33,128,0.2578125,10,11.835290465482162,0.2535874156831942
128,0.02020408163265306,1,25000,34,128,0.265625,12,12.087324487647649,0.2628176168513269
128,0.04040816326530612,0,25000,36,128,0.28125,14,13.692994199564076,0.2420891196789272
128,0.04040816326530612,1,25000,37,128,0.2890625,13,13.826457491670231,0.2485196865984644
128,0.06061224489795918,0,25000,35,128,0.2734375,15,14.337317084260476,0.23154560449718034
128,0.06061224489795918,1,25000,35,128,0.2734375,15,14.059694124472653,0.24173784136643628
128,0.08081632653061224,0,25000,36,128,0.28125,19,15.003586312146778,0.22738268860749225
128,0.08081632653061224,1,25000,36,128,0.28125,14,14.529713600806122,0.23854592492777588
128,0.1010204081632653,0,25000,41,128,0.3203125,17,17.112768871804292,0.21616972445987215
128,0.1010204081632653,1,25000,39,128,0.3046875,16,16.511545561277075,0.22214456911248132
128,0.12122448979591836,0,25000,40,128,0.3125,18,16.643359706019403,0.21847511580144982
128,0.12122448979591836,1,25000,42,128,0.328125,19,17.627587272829235,0.21447307816737474
128,0.14142857142857143,0,25000,47,128,0.3671875,19,17.57188961064641,0.2113377786050976
128,0.14142857142857143,1,25000,51,128,0.3984375,20,17.923767458897373,0.218261409330718
128,0.16163265306122448,0,25000,63,128,0.4921875,22,20.550040600894498,0.19840382708397053
128,0.16163265306122448,1,25000,67,128,0.5234375,20,19.782412798405055,0.2066284095286105
128,0.18183673469387754,0,25000,81,128,0.6328125,24,22.180378679674803,0.19182057437886352
128,0.18183673469387754,1,25000,79,128,0.6171875,23,21.580329407935398,0.19501050569316758
128,0.2020408163265306,0,25000,86,128,0.671875,22,22.221634954092245,0.18300272116675437
128,0.2020408163265306,1,25000,94,128,0.734375,22,22.816873485148218,0.1881963906570653
128,0.22224489795918367,0,25000,97,128,0.7578125,20,23.649720971528232,0.17652668908809604
128,0.22224489795918367,1,25000,102,128,0.796875,20,24.569928884380968,0.1810130411590301
128,0.24244897959183673,0,25000,108,128,0.84375,18,25.19555350495265,0.17250935824277833
128,0.24244897959183673,1,25000,110,128,0.859375,20,25.335877315782486,0.17624511223562125
128,0.2626530612244898,0,25000,120,128,0.9375,16,30.80523637076108,0.1538082641500012
128,0.2626530612244898,1,25000,120,128,0.9375,16,30.100953992319102,0.1591585871578073
128,0.28285714285714286,0,25000,126,128,0.984375,24,33.70317756819425,0.14295677721903238
128,0.28285714285714286,1,25000,124,128,0.96875,31,34.98788428100842,0.13783984083074444
128,0.3030612244897959,0,25000,125,128,0.9765625,33,35.64610387202398,0.13187672591853544
128,0.3030612244897959,1,25000,124,128,0.96875,33,35.696062851568996,0.131686506982512
128,0.32326530612244897,0,25000,126,128,0.984375,33,37.04596700616845,0.1201191011433315
128,0.32326530612244897,1,25000,123,128,0.9609375,34,35.8232942555523,0.12735006787926775
128,0.34346938775510205,0,25000,124,128,0.96875,30,33.708819838061174,0.12623220562291543
128,0.34346938775510205,1,25000,124,128,0.96875,34,34.07707857617909,0.12672867411107655
128,0.3636734693877551,0,25000,128,128,1.0,18,25.268682321437833,0.1493607388698761
128,0.3636734693877551,1,25000,126,128,0.984375,16,24.63728755832379,0.15617687422864385
128,0.38387755102040816,0,25000,122,128,0.953125,13,21.07723302382031,0.17232159597173285
128,0.38387755102040816,1,25000,124,128,0.96875,13,21.723293598441792,0.16910084457893537
128,0.4040816326530612,0,25000,122,128,0.953125,14,13.065625153232837,0.20267951457760575
128,0.4040816326530612,1,25000,121,128,0.9453125,15,14.33372393720811,0.19979231921807594
128,0.42428571428571427,0,25000,122,128,0.953125,20,13.118438508438674,0.19516250832682241
128,0.42428571428571427,1,25000,119,128,0.9296875,16,12.495265323092351,0.20357431955072863
128,0.44448979591836735,0,25000,120,128,0.9375,15,13.433772427425769,0.2036591800510696
128,0.44448979591836735,1,25000,122,128,0.953125,15,13.79965805660198,0.2078577432611762
128,0.4646938775510204,0,25000,121,128,0.9453125,12,13.475959714344098,0.22538823033957317
128,0.4646938775510204,1,25000,122,128,0.953125,14,13.999732819544914,0.21497351480001442
128,0.48489795918367345,0,25000,118,128,0.921875,10,13.861517106417567,0.23453959357857593
128,0.48489795918367345,1,25000,121,128,0.9453125,12,14.402034986568166,0.23288977253872983
128,0.5051020408163265,0,25000,123,128,0.9609375,8,13.94653210968055,0.27157691136085993
128,0.5051020408163265,1,25000,117,128,0.9140625,8,13.781781496175899,0.2868136846509655
128,0.5253061224489796,0,25000,123,128,0.9609375,6,14.306627586241582,0.2913669330025468
128,0.5253061224489796,1,25000,127,128,0.9921875,4,16.01472851707677,0.28396552162216004
128,0.5455102040816326,0,25000,125,128,0.9765625,4,15.503815961228845,0.2857904278417479
128,0.5455102040816326,1,25000,124,128,0.96875,3,16.200950170826406,0.28644703068186184
128,0.5657142857142857,0,25000,122,128,0.953125,1,17.510691302494724,0.26882802237564707
128,0.5657142857142857,1,25000,121,128,0.9453125,2,17.980152080328295,0.2662351655807705
128,0.5859183673469388,0,25000,125,128,0.9765625,1,19.158119978557636,0.2566087489987102
128,0.5859183673469388,1,25000,124,128,0.96875,3,17.7465776190205,0.27136061788048416
128,0.6061224489795918,0,25000,125,128,0.9765625,1,17.91592400460248,0.2690631381900217
128,0.6061224489795918,1,25000,125,128,0.9765625,3,18.44145235052248,0.2682361024430069
128,0.6263265306122449,0,25000,122,128,0.953125,2,18.634336969817333,0.26283124900507504
128,0.6263265306122449,1,25000,122,128,0.953125,1,18.395987209388203,0.2670313732697583
128,0.6465306122448979,0,25000,124,128,0.96875,1,19.581294434871506,0.25807741277521157
128,0.6465306122448979,1,25000,123,128,0.9609375,3,18.637840633692022,0.2641476260794068
128,0.666734693877551,0,25000,125,128,0.9765625,1,19.61520966412221,0.2551054677870151
128,0.666734693877551,1,25000,122,128,0.953125,3,20.316652801849884,0.253450733170669
128,0.6869387755102041,0,25000,125,128,0.9765625,3,20.771819075985846,0.2464429753578271
128,0.6869387755102041,1,25000,124,128,0.96875,1,20.471277001513357,0.24953148202445316
128,0.7071428571428571,0,25000,127,128,0.9921875,1,21.269042241997987,0.24316317422857403
128,0.7071428571428571,1,25000,123,128,0.9609375,4,21.34016027011718,0.24166528738989912
128,0.7273469387755102,0,25000,128,128,1.0,1,22.377475825259577,0.23214715932583305
128,0.7273469387755102,1,25000,125,128,0.9765625,1,22.955061455817372,0.23053628506808743
128,0.7475510204081632,0,25000,126,128,0.984375,42,42.26518557203424,0.07208217622830224
128,0.7475510204081632,1,25000,126,128,0.984375,36,38.04702329093668,0.08679443776469259
128,0.7677551020408163,0,25000,126,128,0.984375,32,40.78903095365071,0.07578304803403069
128,0.7677551020408163,1,25000,126,128,0.984375,41,40.303429532474894,0.07417520228422336
128,0.7879591836734694,0,25000,127,128,0.9921875,38,42.53265238269238,0.06725324587121775
128,0.7879591836734694,1,25000,125,128,0.9765625,37,41.73782048771619,0.06871237501289189
128,0.8081632653061224,0,25000,128,128,1.0,32,42.33036669588924,0.06994984807060284
128,0.8081632653061224,1,25000,128,128,1.0,33,42.41664963667266,0.07084151138015002
128,0.8283673469387755,0,25000,128,128,1.0,31,43.2332178043049,0.0684463924492471
128,0.8283673469387755,1,25000,124,128,0.96875,33,42.31747272327818,0.06863465840290162
128,0.8485714285714285,0,25000,127,128,0.9921875,37,42.790062068203156,0.06758350641621233
128,0.8485714285714285,1,25000,126,128,0.984375,38,42.030436052266325,0.06913511586639604
128,0.8687755102040816,0,25000,124,128,0.96875,33,41.74010883090352,0.069167635733766
128,0.8687755102040816,1,25000,126,128,0.984375,39,42.024841484572924,0.06778912028246006
128,0.8889795918367347,0,25000,125,128,0.9765625,35,42.11758818078053,0.06730439355475104
128,0.8889795918367347,1,25000,127,128,0.9921875,38,42.9700386808564,0.0660160429726549
128,0.9091836734693878,0,25000,127,128,0.9921875,35,43.29037080338668,0.06569616914682688
128,0.9091836734693878,1,25000,128,128,1.0,41,43.5405577032924,0.06520457947598007
128,0.9293877551020407,0,25000,125,128,0.9765625,31,43.27747959241833,0.06423565238116409
128,0.9293877551020407,1,25000,127,128,0.9921875,31,43.71298960914983,0.06423655896530003
128,0.9495918367346938,0,25000,127,128,0.9921875,40,43.720540774822716,0.06434813091688434
128,0.9495918367346938,1,25000,127,128,0.9921875,43,43.63436234890671,0.06371521250696686
128,0.9697959183673469,0,25000,128,128,1.0,40,43.85774584787772,0.06434632218069673
128,0.9697959183673469,1,25000,126,128,0.984375,33,43.405242366752454,0.0644555197264852
128,0.99,0,25000,127,128,0.9921875,34,43.36284533426712,0.06533472689680186
128,0.99,1,25000,128,128,1.0,35,43.98755536784621,0.06409275953926302
144,0.0,0,25000,37,144,0.2569444444444444,14,13.746423495534629,0.22974592289364532
144,0.0,1,25000,37,144,0.2569444444444444,14,14.110314005008766,0.2095777741221444
144,0.02020408163265306,0,25000,38,144,0.2638888888888889,18,15.241839487308281,0.21765198564302823
144,0.02020408163265306,1,25000,35,144,0.24305555555555555,15,14.331870947751549,0.21984221868652026
144,0.04040816326530612,0,25000,37,144,0.2569444444444444,18,16.2467095160086,0.2115627310335909
144,0.04040816326530612,1,25000,39,144,0.2708333333333333,18,16.02691734011399,0.2187122964940108
144,0.06061224489795918,0,25000,41,144,0.2847222222222222,19,18.117352423368754,0.19954833356789603
144,0.06061224489795918,1,25000,40,144,0.2777777777777778,19,17.04788447679303,0.21288998101106368
144,0.08081632653061224,0,25000,41,144,0.2847222222222222,22,18.960243535169916,0.19364947881301536
144,0.08081632653061224,1,25000,42,144,0.2916666666666667,21,18.704637275686444,0.20760679936270887
144,0.1010204081632653,0,25000,47,144,0.3263888888888889,25,21.39911469360986,0.18179196730586855
144,0.1010204081632653,1,25000,48,144,0.3333333333333333,24,19.858785933310802,0.2075403847727459
144,0.12122448979591836,0,25000,57,144,0.3958333333333333,25,22.533883797430374,0.18293950507266166
144,0.12122448979591836,1,25000,64,144,0.4444444444444444,26,21.605183763456154,0.20321424786140913
144,0.14142857142857143,0,25000,73,144,0.5069444444444444,25,22.64457316240096,0.18065496461207683
144,0.14142857142857143,1,25000,78,144,0.5416666666666666,24,22.473518996190133,0.20002190221755756
144,0.16163265306122448,0,25000,88,144,0.6111111111111112,22,23.786089819558384,0.1723407929971397
144,0.16163265306122448,1,25000,93,144,0.6458333333333334,24,23.523052104288148,0.19187118464049102
144,0.18183673469387754,0,25000,103,144,0.7152777777777778,22,25.2777544398741,0.16544286085119947
144,0.18183673469387754,1,25000,106,144,0.7361111111111112,19,24.541248122859464,0.18340965647177132
144,0.2020408163265306,0,25000,111,144,0.7708333333333334,21,27.535341204650145,0.1562235721076791
144,0.2020408163265306,1,25000,118,144,0.8194444444444444,20,27.405073617782023,0.1736303020336362
144,0.22224489795918367,0,25000,123,144,0.8541666666666666,22,29.85572254328362,0.14896572006238784
144,0.22224489795918367,1,25000,124,144,0.8611111111111112,18,29.71765507930607,0.16271957034824494
144,0.24244897959183673,0,25000,130,144,0.9027777777777778,17,32.963708775518754,0.14130925799195065
144,0.24244897959183673,1,25000,136,144,0.9444444444444444,15,33.50086836171225,0.1527199576223296
144,0.2626530612244898,0,25000,139,144,0.9652777777777778,28,38.569056455537954,0.12388797544238048
144,0.2626530612244898,1,25000,137,144,0.9513888888888888,33,38.54522234400872,0.13045422266470003
144,0.28285714285714286,0,25000,136,144,0.9444444444444444,35,39.69139396279741,0.11708548600539899
144,0.28285714285714286,1,25000,139,144,0.9652777777777778,33,39.986262801602805,0.12221257614114157
144,0.3030612244897959,0,25000,140,144,0.9722222222222222,35,41.277294551536386,0.10907129995146653
144,0.3030612244897959,1,25000,138,144,0.9583333333333334,37,40.44180442396658,0.1150863143478087
144,0.32326530612244897,0,25000,139,144,0.9652777777777778,36,41.12379504805463,0.1056107119882128
144,0.32326530612244897,1,25000,133,144,0.9236111111111112,32,39.56908841326056,0.11207536571785987
144,0.34346938775510205,0,25000,142,144,0.9861111111111112,32,36.68887646783426,0.1107385236078213
144,0.34346938775510205,1,25000,139,144,0.9652777777777778,27,35.798579064587464,0.11673199342282253
144,0.3636734693877551,0,25000,141,144,0.9791666666666666,21,30.500070359119224,0.12877821400170314
144,0.3636734693877551,1,25000,141,144,0.9791666666666666,20,36.9083070663124,0.11325089762806825
144,0.38387755102040816,0,25000,141,144,0.9791666666666666,8,28.06510109273382,0.14849158301269239
144,0.38387755102040816,1,25000,136,144,0.9444444444444444,9,32.090921685734145,0.13042956362159336
144,0.4040816326530612,0,25000,138,144,0.9583333333333334,12,15.287256309087756,0.18925663891532662
144,0.4040816326530612,1,25000,138,144,0.9583333333333334,15,16.515968726923344,0.18689765841455772
144,0.42428571428571427,0,25000,134,144,0.9305555555555556,15,13.688518275298831,0.1994630859773805
144,0.42428571428571427,1,25000,137,144,0.9513888888888888,14,14.194142349277238,0.2034475130776064
144,0.44448979591836735,0,25000,133,144,0.9236111111111112,15,15.906430484590688,0.19385292426577078
144,0.44448979591836735,1,25000,138,144,0.9583333333333334,13,15.002565182740062,0.21502138548796895
144,0.4646938775510204,0,25000,132,144,0.9166666666666666,14,15.628102798668703,0.22226047485081796
144,0.4646938775510204,1,25000,135,144,0.9375,11,15.768717445557092,0.2381056101294326
144,0.48489795918367345,0,25000,134,144,0.9305555555555556,9,16.31502773701321,0.24589065077938752
144,0.48489795918367345,1,25000,139,144,0.9652777777777778,10,16.775663417857352,0.2397144383595411
144,0.5051020408163265,0,25000,142,144,0.9861111111111112,6,17.904546089026432,0.2629083833959578
144,0.5051020408163265,1,25000,138,144,0.9583333333333334,7,17.945270276958986,0.2646351377991741
144,0.5253061224489796,0,25000,142,144,0.9861111111111112,3,19.23641988242749,0.25590468703072444
144,0.5253061224489796,1,25000,142,144,0.9861111111111112,2,19.740634601785715,0.26314206431111525
144,0.5455102040816326,0,25000,133,144,0.9236111111111112,3,19.234890950575647,0.2635441738072444
144,0.5455102040816326,1,25000,139,144,0.9652777777777778,3,20.62722905479759,0.2504480139212616
144,0.5657142857142857,0,25000,137,144,0.9513888888888888,3,20.661066439890096,0.248301459994476
144,0.5657142857142857,1,25000,138,144,0.9583333333333334,3,20.571763515929966,0.2511788371801551
144,0.5859183673469388,0,25000,140,144,0.9722222222222222,1,21.704299070723696,0.24103811945375042
144,0.5859183673469388,1,25000,138,144,0.9583333333333334,1,20.70241394974999,0.25088290366340527
144,0.6061224489795918,0,25000,141,144,0.9791666666666666,2,22.576364743729002,0.23962207475785802
144,0.6061224489795918,1,25000,142,144,0.9861111111111112,2,21.398891295793348,0.24944743787830242
144,0.6263265306122449,0,25000,138,144,0.9583333333333334,2,21.440510784883752,0.24349758356043044
144,0.6263265306122449,1,25000,138,144,0.9583333333333334,1,21.093124649850218,0.2477831033976124
144,0.6465306122448979,0,25000,142,144,0.9861111111111112,1,24.15379130141439,0.23135907997829241
144,0.6465306122448979,1,25000,143,144,0.9930555555555556,2,22.359154063686024,0.2416356419133707
144,0.666734693877551,0,25000,138,144,0.9583333333333334,2,23.515079825518598,0.23120058348617908
144,0.666734693877551,1,25000,140,144,0.9722222222222222,1,22.828798193300536,0.23588280884840684
144,0.6869387755102041,0,25000,140,144,0.9722222222222222,2,25.589290800286395,0.22289052895773864
144,0.6869387755102041,1,25000,139,144,0.9652777777777778,1,23.85419471669749,0.2287104538800649
144,0.7071428571428571,0,25000,142,144,0.9861111111111112,3,27.245857008714715,0.21330103991797233
144,0.7071428571428571,1,25000,141,144,0.9791666666666666,2,25.221327292066054,0.22156044664569524
144,0.7273469387755102,0,25000,139,144,0.9652777777777778,3,28.39079580833188,0.20639596810312694
144,0.7273469387755102,1,25000,139,144,0.9652777777777778,25,47.62759323928387,0.06381746640010275
144,0.7475510204081632,0,25000,143,144,0.9930555555555556,25,43.60430753308919,0.07849256004436711
144,0.7475510204081632,1,25000,142,144,0.9861111111111112,26,41.70706333131426,0.07710838766592436
144,0.7677551020408163,0,25000,140,144,0.9722222222222222,32,44.48102363931285,0.0698972053898641
144,0.7677551020408163,1,25000,142,144,0.9861111111111112,25,45.01703174867337,0.07266406162020153
144,0.7879591836734694,0,25000,143,144,0.9930555555555556,26,46.43678567911125,0.06658134610514703
144,0.7879591836734694,1,25000,141,144,0.9791666666666666,28,46.344111947336714,0.06461131033390559
144,0.8081632653061224,0,25000,142,144,0.9861111111111112,30,47.440729180506295,0.06427068747543889
144,0.8081632653061224,1,25000,138,144,0.9583333333333334,23,46.35616348146297,0.06478827821687795
144,0.8283673469387755,0,25000,142,144,0.9861111111111112,25,47.792952887560645,0.06204957275140593
144,0.8283673469387755,1,25000,143,144,0.9930555555555556,29,48.027253312082706,0.06151847010316097
144,0.8485714285714285,0,25000,141,144,0.9791666666666666,30,46.623207637742624,0.06412013180045265
144,0.8485714285714285,1,25000,141,144,0.9791666666666666,32,47.835573805905604,0.06084334158913001
144,0.8687755102040816,0,25000,141,144,0.9791666666666666,24,47.49022470526879,0.06093654049877656
144,0.8687755102040816,1,25000,142,144,0.9861111111111112,27,47.29126335825369,0.062074709378697725
144,0.8889795918367347,0,25000,143,144,0.9930555555555556,29,47.712120590127896,0.06138701605859533
144,0.8889795918367347,1,25000,141,144,0.9791666666666666,27,47.17942409144927,0.06236852332057695
144,0.9091836734693878,0,25000,143,144,0.9930555555555556,32,48.847151192401384,0.05905890061768032
144,0.9091836734693878,1,25000,141,144,0.9791666666666666,24,48.342475291186574,0.059822625136571106
144,0.9293877551020407,0,25000,144,144,1.0,23,49.10969347351999,0.05865243495441619
144,0.9293877551020407,1,25000,144,144,1.0,27,48.82238960470796,0.059339342363749006
144,0.9495918367346938,0,25000,143,144,0.9930555555555556,24,48.82277365073536,0.058536121283386706
144,0.9495918367346938,1,25000,143,144,0.9930555555555556,25,48.6445805686325,0.059028214455138193
144,0.9697959183673469,0,25000,143,144,0.9930555555555556,28,49.01668126881187,0.05823768173363633
144,0.9697959183673469,1,25000,144,144,1.0,29,49.2128349902234,0.05871917752371082
144,0.99,0,25000,143,144,0.9930555555555556,28,48.67841948541661,0.0593502880370813
144,0.99,1,25000,144,144,1.0,27,48.916397749408446,0.05939004671756618
160,0.0,0,25000,38,160,0.2375,15,14.656642625750006,0.22297182808291222
160,0.0,1,25000,39,160,0.24375,14,14.195456536489408,0.19205170518397638
160,0.02020408163265306,0,25000,40,160,0.25,16,16.174232071451527,0.20997782815020205
160,0.02020408163265306,1,25000,38,160,0.2375,16,15.27393216515392,0.21286571905716833
160,0.04040816326530612,0,25000,42,160,0.2625,20,17.9716107861574,0.19910734504340907
160,0.04040816326530612,1,25000,40,160,0.25,19,17.521604509662755,0.208224631878003
160,0.06061224489795918,0,25000,44,160,0.275,22,19.513928668554392,0.18975048403595648
160,0.06061224489795918,1,25000,44,160,0.275,20,19.214577113946774,0.20070988010460655
160,0.08081632653061224,0,25000,50,160,0.3125,27,21.335004729420177,0.18761057191998698
160,0.08081632653061224,1,25000,50,160,0.3125,24,20.474358870825554,0.19862674273015157
160,0.1010204081632653,0,25000,67,160,0.41875,22,22.724426996871106,0.1841335205365301
160,0.1010204081632653,1,25000,67,160,0.41875,21,22.30438902781168,0.1978357551845591
160,0.12122448979591836,0,25000,87,160,0.54375,22,24.62186847038437,0.17708330383741022
160,0.12122448979591836,1,25000,89,160,0.55625,25,24.814753743727174,0.1880856283602092
160,0.14142857142857143,0,25000,103,160,0.64375,20,24.499522094959502,0.17358387323381436
160,0.14142857142857143,1,25000,104,160,0.65,21,25.604864168351043,0.17915052262769873
160,0.16163265306122448,0,25000,113,160,0.70625,22,27.524764964019102,0.16117003246276337
160,0.16163265306122448,1,25000,117,160,0.73125,22,27.66989682050055,0.16942007931675335
160,0.18183673469387754,0,25000,127,160,0.79375,18,29.667854215341528,0.15336306021901328
160,0.18183673469387754,1,25000,127,160,0.79375,18,29.06316784563147,0.16013332720717208
160,0.2020408163265306,0,25000,135,160,0.84375,21,34.508165728306004,0.1403880248359384
160,0.2020408163265306,1,25000,141,160,0.88125,17,34.43386208622269,0.14766760214878913
160,0.22224489795918367,0,25000,149,160,0.93125,17,38.45212063587691,0.128201993339639
160,0.22224489795918367,1,25000,151,160,0.94375,19,38.29735091215287,0.13871729773663521
160,0.24244897959183673,0,25000,152,160,0.95,33,43.00500950939323,0.11393751748043063
160,0.24244897959183673,1,25000,151,160,0.94375,32,42.957300480793066,0.12325112640893174
160,0.2626530612244898,0,25000,150,160,0.9375,32,45.07656323057211,0.10607398107244927
160,0.2626530612244898,1,25000,151,160,0.94375,32,44.111349561813995,0.11655239863878919
160,0.28285714285714286,0,25000,152,160,0.95,35,45.41819877059872,0.10168397969427315
160,0.28285714285714286,1,25000,153,160,0.95625,35,44.96468492201719,0.10849623437744374
160,0.3030612244897959,0,25000,152,160,0.95,35,46.233356891908144,0.09589388757980857
160,0.3030612244897959,1,25000,147,160,0.91875,39,45.041803163093775,0.10125448930805864
160,0.32326530612244897,0,25000,153,160,0.95625,34,44.90635225696667,0.09294211061643726
160,0.32326530612244897,1,25000,152,160,0.95,37,45.189325622547955,0.0978347755003012
160,0.34346938775510205,0,25000,159,160,0.99375,29,42.301404766387286,0.09566253099056823
160,0.34346938775510205,1,25000,156,160,0.975,29,41.11423467347321,0.10181467721180383
160,0.3636734693877551,0,25000,152,160,0.95,16,41.3503876922297,0.0949801872544351
160,0.3636734693877551,1,25000,150,160,0.9375,13,40.5763112785565,0.10480599524511292
160,0.38387755102040816,0,25000,152,160,0.95,13,36.51707957998362,0.10878728239356372
160,0.38387755102040816,1,25000,158,160,0.9875,9,41.456212461364395,0.0953368713191455
160,0.4040816326530612,0,25000,153,160,0.95625,10,17.066313626767936,0.18200142877078018
160,0.4040816326530612,1,25000,157,160,0.98125,14,16.72441407355993,0.1804243696469553
160,0.42428571428571427,0,25000,149,160,0.93125,12,15.888953702307848,0.198380047259688
160,0.42428571428571427,1,25000,150,160,0.9375,14,16.28452505142956,0.19452801622927596
160,0.44448979591836735,0,25000,151,160,0.94375,12,18.24419983328942,0.19919968682960987
160,0.44448979591836735,1,25000,148,160,0.925,13,18.198675042168908,0.2033379710307361
160,0.4646938775510204,0,25000,151,160,0.94375,10,19.392671731281947,0.22311583557283865
160,0.4646938775510204,1,25000,152,160,0.95,10,19.272466588858684,0.21705905312817664
160,0.48489795918367345,0,25000,150,160,0.9375,6,19.598645100026665,0.2559184768389964
160,0.48489795918367345,1,25000,156,160,0.975,6,21.28192058151273,0.23646257275328783
160,0.5051020408163265,0,25000,150,160,0.9375,3,22.55181620800906,0.2396062155856906
160,0.5051020408163265,1,25000,156,160,0.975,1,24.586956882461312,0.221939876123888
160,0.5253061224489796,0,25000,151,160,0.94375,2,23.98827019188276,0.22645004514440636
160,0.5253061224489796,1,25000,153,160,0.95625,1,24.386296077388238,0.2241775874275414
160,0.5455102040816326,0,25000,157,160,0.98125,3,22.91452104074803,0.24687368920265684
160,0.5455102040816326,1,25000,150,160,0.9375,3,23.712864456481025,0.2221611558474778
160,0.5657142857142857,0,25000,152,160,0.95,4,23.613446744633865,0.2326219527790186
160,0.5657142857142857,1,25000,156,160,0.975,2,24.87703978685218,0.2277316634556164
160,0.5859183673469388,0,25000,147,160,0.91875,3,24.157853996849408,0.23141212611200637
160,0.5859183673469388,1,25000,153,160,0.95625,4,22.82766336494422,0.24787424523173884
160,0.6061224489795918,0,25000,155,160,0.96875,3,24.527727745430187,0.23082480305184766
160,0.6061224489795918,1,25000,152,160,0.95,2,25.153413793310605,0.22506524027570285
160,0.6263265306122449,0,25000,156,160,0.975,4,25.33814113161101,0.226037613018322
160,0.6263265306122449,1,25000,155,160,0.96875,3,26.999708004965772,0.21730071441430276
160,0.6465306122448979,0,25000,155,160,0.96875,1,25.549160352076356,0.22320048336217252
160,0.6465306122448979,1,25000,154,160,0.9625,3,28.699551826088157,0.21205562883286674
160,0.666734693877551,0,25000,156,160,0.975,2,26.659428721998292,0.21816890165741326
160,0.666734693877551,1,25000,151,160,0.94375,4,28.11202695461124,0.2140003859999275
160,0.6869387755102041,0,25000,152,160,0.95,6,26.894993180742233,0.21388494020584897
160,0.6869387755102041,1,25000,153,160,0.95625,2,29.431005488049685,0.2070836556946041
160,0.7071428571428571,0,25000,154,160,0.9625,2,29.061911430365882,0.20496934976817316
160,0.7071428571428571,1,25000,153,160,0.95625,7,30.156100752011348,0.20261503387202437
160,0.7273469387755102,0,25000,151,160,0.94375,4,29.97378249473858,0.19750070774568085
160,0.7273469387755102,1,25000,155,160,0.96875,18,52.8923884065193,0.059054480934119406
160,0.7475510204081632,0,25000,155,160,0.96875,23,48.46567618525452,0.06776699592891545
160,0.7475510204081632,1,25000,154,160,0.9625,20,49.40557000856667,0.07458444260432365
160,0.7677551020408163,0,25000,157,160,0.98125,22,50.02963676904676,0.06756418672883235
160,0.7677551020408163,1,25000,156,160,0.975,26,50.16450381945031,0.06514813718594746
160,0.7879591836734694,0,25000,158,160,0.9875,22,51.76642820245378,0.06129533482030157
160,0.7879591836734694,1,25000,156,160,0.975,15,51.878663059730656,0.06136765500962743
160,0.8081632653061224,0,25000,157,160,0.98125,25,53.47989313771911,0.05482336959849389
160,0.8081632653061224,1,25000,158,160,0.9875,21,53.03406257362828,0.05789962452125956
160,0.8283673469387755,0,25000,157,160,0.98125,24,53.31561474571319,0.05485044005754761
160,0.8283673469387755,1,25000,157,160,0.98125,22,52.48725981957734,0.05965998927607148
160,0.8485714285714285,0,25000,158,160,0.9875,26,53.152466179600374,0.05651190632302873
160,0.8485714285714285,1,25000,158,160,0.9875,23,52.68321499369023,0.05711772900810391
160,0.8687755102040816,0,25000,156,160,0.975,20,52.73489899459662,0.05735349298028005
160,0.8687755102040816,1,25000,155,160,0.96875,19,52.01462016217175,0.05738342658852776
160,0.8889795918367347,0,25000,158,160,0.9875,24,52.64681965437691,0.056932535560328144
160,0.8889795918367347,1,25000,155,160,0.96875,22,51.68952102812482,0.057955460370746656
160,0.9091836734693878,0,25000,157,160,0.98125,17,54.124846971746024,0.05370974522840717
160,0.9091836734693878,1,25000,158,160,0.9875,16,53.767028844538004,0.054407090361537014
160,0.9293877551020407,0,25000,154,160,0.9625,21,53.20025933970783,0.05403462536600015
160,0.9293877551020407,1,25000,157,160,0.98125,16,54.228805013971666,0.05354201326469854
160,0.9495918367346938,0,25000,157,160,0.98125,20,53.84079218645939,0.05404063864817306
160,0.9495918367346938,1,25000,158,160,0.9875,19,54.04974969900688,0.05438720595425775
160,0.9697959183673469,0,25000,156,160,0.975,19,53.50190188566563,0.054710019709413624
160,0.9697959183673469,1,25000,159,160,0.99375,14,54.39522892925,0.05357731378824661
160,0.99,0,25000,160,160,1.0,19,54.365184046238014,0.05459028859206056
160,0.99,1,25000,159,160,0.99375,22,54.0462586248639,0.053996962570787226
16,0.0,0,25000,12,16,0.75,12,4.356948620750139,0.45930966912355253
16,0.0,1,25000,11,16,0.6875,11,4.042941427784376,0.5039456712880913
16,0.02020408163265306,0,25000,13,16,0.8125,13,4.468606079722559,0.4817726193280976
16,0.02020408163265306,1,25000,12,16,0.75,12,4.209228931356257,0.5055847248067595
16,0.04040816326530612,0,25000,11,16,0.6875,11,4.031160702150954,0.5064672056167707
16,0.04040816326530612,1,25000,11,16,0.6875,11,3.8945285716181433,0.5230553174792887
16,0.06061224489795918,0,25000,13,16,0.8125,13,4.596780906523396,0.4865375675174252
16,0.06061224489795918,1,25000,13,16,0.8125,13,4.54952664831897,0.4966868237346134
16,0.08081632653061224,0,25000,10,16,0.625,10,4.155352219994462,0.5015977995906258
16,0.08081632653061224,1,25000,13,16,0.8125,13,4.522468265700907,0.5000708350830594
16,0.1010204081632653,0,25000,11,16,0.6875,11,4.162581882989148,0.5038635680834673
16,0.1010204081632653,1,25000,11,16,0.6875,11,4.119805943938896,0.513094664142813
16,0.12122448979591836,0,25000,12,16,0.75,12,4.5213449085556245,0.48442785568094743
16,0.12122448979591836,1,25000,12,16,0.75,12,4.256911066132535,0.509391724871223
16,0.14142857142857143,0,25000,12,16,0.75,12,4.488243555141504,0.4895198811672907
16,0.14142857142857143,1,25000,12,16,0.75,12,4.3813481665998335,0.50124172217984
16,0.16163265306122448,0,25000,12,16,0.75,12,4.310445380072624,0.5011363764975503
16,0.16163265306122448,1,25000,13,16,0.8125,13,4.550638197646837,0.495430717246632
16,0.18183673469387754,0,25000,11,16,0.6875,11,4.151464258967774,0.5038660802187589
16,0.18183673469387754,1,25000,12,16,0.75,12,4.405578533383226,0.4956733262159846
16,0.2020408163265306,0,25000,13,16,0.8125,13,4.687616101956424,0.47713564031003697
16,0.2020408163265306,1,25000,12,16,0.75,12,4.382332345570912,0.4948971229831125
16,0.22224489795918367,0,25000,12,16,0.75,12,4.41666968666261,0.489419313134483
16,0.22224489795918367,1,25000,11,16,0.6875,11,4.163498419103515,0.5025795216999088
16,0.24244897959183673,0,25000,12,16,0.75,12,4.5760936519411155,0.4758772185695981
16,0.24244897959183673,1,25000,12,16,0.75,12,4.481886076195414,0.49070240331050097
16,0.2626530612244898,0,25000,13,16,0.8125,13,4.522537506614991,0.48934914818403463
16,0.2626530612244898,1,25000,11,16,0.6875,11,4.29139123917834,0.4947204604640102
16,0.28285714285714286,0,25000,12,16,0.75,12,4.600451993723703,0.47575621659820877
16,0.28285714285714286,1,25000,12,16,0.75,12,4.424247651509827,0.4886774668844116
16,0.3030612244897959,0,25000,12,16,0.75,12,4.485922611481405,0.4821780997842058
16,0.3030612244897959,1,25000,13,16,0.8125,13,4.684134781873171,0.478579893590379
16,0.32326530612244897,0,25000,14,16,0.875,14,4.832427224556076,0.47199909526981376
16,0.32326530612244897,1,25000,13,16,0.8125,13,4.674892546868647,0.4757784900519333
16,0.34346938775510205,0,25000,14,16,0.875,14,4.957415283045663,0.461791279997763
16,0.34346938775510205,1,25000,12,16,0.75,12,4.560086000911458,0.47653474807172724
16,0.3636734693877551,0,25000,12,16,0.75,12,4.6249531689276875,0.47019987714194683
16,0.3636734693877551,1,25000,12,16,0.75,12,4.486585364268217,0.48252086843916137
16,0.38387755102040816,0,25000,13,16,0.8125,13,4.711480991779224,0.4689398295849431
16,0.38387755102040816,1,25000,12,16,0.75,12,4.543596190320292,0.47532709369817616
16,0.4040816326530612,0,25000,12,16,0.75,12,4.6068902710110535,0.4707895704182483
16,0.4040816326530612,1,25000,13,16,0.8125,13,4.684358894562656,0.4722446856700979
16,0.42428571428571427,0,25000,11,16,0.6875,11,4.4347754920374225,0.475257531217624
16,0.42428571428571427,1,25000,13,16,0.8125,13,4.658319291520961,0.4741167801211143
16,0.44448979591836735,0,25000,13,16,0.8125,13,4.757332248982562,0.4659755823369681
16,0.44448979591836735,1,25000,13,16,0.8125,13,4.71406455416802,0.46625411321724386
16,0.4646938775510204,0,25000,12,16,0.75,12,4.61035568032855,0.4691423114246318
16,0.4646938775510204,1,25000,13,16,0.8125,13,4.765852103324056,0.46276790026813425
16,0.48489795918367345,0,25000,13,16,0.8125,13,4.7803300804897315,0.46252016743295127
16,0.48489795918367345,1,25000,13,16,0.8125,13,4.887731378281293,0.45334207713648583
16,0.5051020408163265,0,25000,13,16,0.8125,12,4.744231219898004,0.4592814392807959
16,0.5051020408163265,1,25000,15,16,0.9375,15,5.083914167923161,0.45241714924488424
16,0.5253061224489796,0,25000,15,16,0.9375,13,5.095604777317844,0.44554417821544295
16,0.5253061224489796,1,25000,12,16,0.75,12,4.682041963989894,0.4599199291732808
16,0.5455102040816326,0,25000,14,16,0.875,12,4.920985365325107,0.44485218016840344
16,0.5455102040816326,1,25000,11,16,0.6875,10,4.399616890557073,0.4652820626865154
16,0.5657142857142857,0,25000,14,16,0.875,10,4.094994171442497,0.45467573771066544
16,0.5657142857142857,1,25000,14,16,0.875,10,4.244148595175228,0.4461391053922795
16,0.5859183673469388,0,25000,12,16,0.75,9,4.028906214560026,0.4594283365658173
16,0.5859183673469388,1,25000,13,16,0.8125,8,3.67086978391105,0.4715017456198926
16,0.6061224489795918,0,25000,13,16,0.8125,7,3.287192958642631,0.4915952063810689
16,0.6061224489795918,1,25000,15,16,0.9375,10,4.041336092875356,0.4447186441278668
16,0.6263265306122449,0,25000,15,16,0.9375,8,3.604935435978767,0.46194898421421393
16,0.6263265306122449,1,25000,15,16,0.9375,8,3.61200077729412,0.46034930990564754
16,0.6465306122448979,0,25000,15,16,0.9375,7,3.4390793003719935,0.46798737702763893
16,0.6465306122448979,1,25000,15,16,0.9375,8,3.6345905596047916,0.4542530017582031
16,0.666734693877551,0,25000,15,16,0.9375,4,2.8157489761032624,0.5352861211882953
16,0.666734693877551,1,25000,15,16,0.9375,5,3.04931839148451,0.5029511299112324
16,0.6869387755102041,0,25000,16,16,1.0,3,2.861168512388664,0.5507862715498533
16,0.6869387755102041,1,25000,16,16,1.0,6,3.1267699254090764,0.500636215600793
16,0.7071428571428571,0,25000,16,16,1.0,3,2.9245468513108395,0.5548593904395378
16,0.7071428571428571,1,25000,16,16,1.0,6,3.1678802686880045,0.5102477593945365
16,0.7273469387755102,0,25000,16,16,1.0,5,3.06693112025815,0.5471966500690029
16,0.7273469387755102,1,25000,16,16,1.0,14,3.216154069211622,0.5486411482805975
16,0.7475510204081632,0,25000,15,16,0.9375,14,3.226894162822529,0.5677261532041346
16,0.7475510204081632,1,25000,16,16,1.0,16,4.077300044355469,0.52044215701
16,0.7677551020408163,0,25000,16,16,1.0,16,3.9826035015995243,0.5363824464635581
16,0.7677551020408163,1,25000,16,16,1.0,16,4.18312697248356,0.505650572281942
16,0.7879591836734694,0,25000,16,16,1.0,16,3.8286180568787236,0.5404186927952364
16,0.7879591836734694,1,25000,16,16,1.0,16,6.295070699982897,0.2931254731026304
16,0.8081632653061224,0,25000,16,16,1.0,16,6.130064140000633,0.30351618651069134
16,0.8081632653061224,1,25000,16,16,1.0,16,6.207642752267592,0.297811270172445
16,0.8283673469387755,0,25000,16,16,1.0,16,6.34289842768249,0.29049534591033543
16,0.8283673469387755,1,25000,16,16,1.0,16,6.228436490458879,0.2995203736859682
16,0.8485714285714285,0,25000,16,16,1.0,16,6.3213979426243885,0.29025292802642955
16,0.8485714285714285,1,25000,16,16,1.0,16,6.285927913991676,0.2932235872063469
16,0.8687755102040816,0,25000,16,16,1.0,16,6.315542195768196,0.2912933336577909
16,0.8687755102040816,1,25000,16,16,1.0,16,6.383496526739551,0.2876391558079603
16,0.8889795918367347,0,25000,16,16,1.0,16,6.273187432214767,0.293261287585617
16,0.8889795918367347,1,25000,16,16,1.0,16,6.389912905139015,0.28693681531072274
16,0.9091836734693878,0,25000,16,16,1.0,16,6.37908012993309,0.2872300841822544
16,0.9091836734693878,1,25000,16,16,1.0,16,6.399028543794158,0.2856069756656714
16,0.9293877551020407,0,25000,16,16,1.0,16,6.418370011002663,0.2874304609199515
16,0.9293877551020407,1,25000,16,16,1.0,16,6.437465131769163,0.283543836262853
16,0.9495918367346938,0,25000,16,16,1.0,16,6.417221262187641,0.285706473448889
16,0.9495918367346938,1,25000,16,16,1.0,16,6.467158664219193,0.2843957600026962
16,0.9697959183673469,0,25000,16,16,1.0,16,6.405264926095989,0.2856566524914077
16,0.9697959183673469,1,25000,16,16,1.0,16,6.467260829268815,0.2793771148222215
16,0.99,0,25000,16,16,1.0,16,6.482810501832577,0.2850552647405863
16,0.99,1,25000,16,16,1.0,16,6.379110891092863,0.2883082660686085
176,0.0,0,25000,41,176,0.23295454545454544,15,16.270576626293582,0.19992126802023327
176,0.0,1,25000,40,176,0.22727272727272727,15,15.852939719496685,0.15134194099524195
176,0.02020408163265306,0,25000,42,176,0.23863636363636365,18,17.962144808280563,0.19652903557729054
176,0.02020408163265306,1,25000,42,176,0.23863636363636365,19,17.692677678632684,0.14144792612950635
176,0.04040816326530612,0,25000,44,176,0.25,20,19.9201820794651,0.18579180402805978
176,0.04040816326530612,1,25000,45,176,0.2556818181818182,21,19.379984699378742,0.19027667890881636
176,0.06061224489795918,0,25000,54,176,0.3068181818181818,21,22.55029594093292,0.176920269575886
176,0.06061224489795918,1,25000,52,176,0.29545454545454547,24,21.911544521653248,0.18599871003481472
176,0.08081632653061224,0,25000,62,176,0.3522727272727273,26,23.678016540854863,0.17547031942619284
176,0.08081632653061224,1,25000,73,176,0.4147727272727273,23,24.196447444979967,0.18275621595816594
176,0.1010204081632653,0,25000,95,176,0.5397727272727273,23,26.403555213738088,0.16573848621677983
176,0.1010204081632653,1,25000,95,176,0.5397727272727273,24,25.576116651337482,0.17928355123721262
176,0.12122448979591836,0,25000,113,176,0.6420454545454546,21,27.99432296675242,0.15922772713523398
176,0.12122448979591836,1,25000,115,176,0.6534090909090909,21,27.533237518703274,0.17046016287857813
176,0.14142857142857143,0,25000,126,176,0.7159090909090909,22,30.82223861403449,0.15132258467649168
176,0.14142857142857143,1,25000,128,176,0.7272727272727273,20,30.07251410970917,0.1616950890747985
176,0.16163265306122448,0,25000,141,176,0.8011363636363636,18,33.789326153358395,0.14319950936584502
176,0.16163265306122448,1,25000,138,176,0.7840909090909091,15,33.64862391168311,0.15248045418217582
176,0.18183673469387754,0,25000,149,176,0.8465909090909091,16,35.490666675332676,0.138480035788806
176,0.18183673469387754,1,25000,153,176,0.8693181818181818,18,37.7796292650152,0.14328974229671576
176,0.2020408163265306,0,25000,152,176,0.8636363636363636,19,41.339249314141995,0.12318457708948495
176,0.2020408163265306,1,25000,156,176,0.8863636363636364,16,42.1945799563588,0.12915671652528532
176,0.22224489795918367,0,25000,166,176,0.9431818181818182,37,47.82025277438497,0.10711665657833508
176,0.22224489795918367,1,25000,167,176,0.9488636363636364,29,47.20491890657183,0.11661546672087986
176,0.24244897959183673,0,25000,161,176,0.9147727272727273,30,47.7981399269306,0.10350017897123176
176,0.24244897959183673,1,25000,163,176,0.9261363636363636,38,47.381793038630164,0.11155848097142065
176,0.2626530612244898,0,25000,160,176,0.9090909090909091,31,48.861455872135934,0.09564474962756807
176,0.2626530612244898,1,25000,161,176,0.9147727272727273,34,47.827452330971454,0.1046047401114049
176,0.28285714285714286,0,25000,165,176,0.9375,36,50.148790027950255,0.0899071914758261
176,0.28285714285714286,1,25000,165,176,0.9375,38,49.705031666631214,0.09805405086912222
176,0.3030612244897959,0,25000,162,176,0.9204545454545454,34,50.283149051565815,0.0845188859003682
176,0.3030612244897959,1,25000,166,176,0.9431818181818182,30,50.30655488794301,0.09321713299757628
176,0.32326530612244897,0,25000,171,176,0.9715909090909091,34,50.66114811950029,0.08288169721927843
176,0.32326530612244897,1,25000,164,176,0.9318181818181818,33,48.9163721769399,0.08946359380555402
176,0.34346938775510205,0,25000,168,176,0.9545454545454546,25,49.93100261908796,0.08035553146795686
176,0.34346938775510205,1,25000,170,176,0.9659090909090909,27,49.982540185480524,0.08278501542678418
176,0.3636734693877551,0,25000,166,176,0.9431818181818182,21,49.84190141777715,0.07474692635191849
176,0.3636734693877551,1,25000,166,176,0.9431818181818182,21,48.9116310504201,0.07958898585728488
176,0.38387755102040816,0,25000,168,176,0.9545454545454546,12,40.328098378088086,0.0924699767242633
176,0.38387755102040816,1,25000,169,176,0.9602272727272727,11,40.20429671952843,0.09354014934614224
176,0.4040816326530612,0,25000,169,176,0.9602272727272727,14,19.077946659973392,0.1683025434718568
176,0.4040816326530612,1,25000,165,176,0.9375,10,17.75940156283182,0.18199849229200837
176,0.42428571428571427,0,25000,167,176,0.9488636363636364,11,19.20673973872377,0.1871374503133963
176,0.42428571428571427,1,25000,171,176,0.9715909090909091,10,17.73860005196502,0.19795580091302678
176,0.44448979591836735,0,25000,166,176,0.9431818181818182,13,21.323223653521765,0.20843669743137475
176,0.44448979591836735,1,25000,164,176,0.9318181818181818,10,20.38419253468052,0.21694933097657493
176,0.4646938775510204,0,25000,166,176,0.9431818181818182,8,23.79287560568057,0.21590151320602802
176,0.4646938775510204,1,25000,169,176,0.9602272727272727,8,22.362814430819796,0.24881237477798973
176,0.48489795918367345,0,25000,172,176,0.9772727272727273,4,26.614075182314178,0.21879984941144848
176,0.48489795918367345,1,25000,169,176,0.9602272727272727,5,26.574503735289714,0.21762206699133
176,0.5051020408163265,0,25000,166,176,0.9431818181818182,2,25.85199219056269,0.22521129236990525
176,0.5051020408163265,1,25000,165,176,0.9375,5,27.309590307301768,0.20880004194463744
176,0.5253061224489796,0,25000,168,176,0.9545454545454546,1,27.28438657088957,0.21154299376484076
176,0.5253061224489796,1,25000,171,176,0.9715909090909091,2,27.707581704070385,0.21237801216502217
176,0.5455102040816326,0,25000,168,176,0.9545454545454546,3,27.569825875817592,0.2146140525202142
176,0.5455102040816326,1,25000,173,176,0.9829545454545454,3,27.72071801986012,0.21457373918781456
176,0.5657142857142857,0,25000,170,176,0.9659090909090909,3,27.549400416524104,0.21610847964197746
176,0.5657142857142857,1,25000,170,176,0.9659090909090909,2,27.78425651577446,0.21599491162446655
176,0.5859183673469388,0,25000,166,176,0.9431818181818182,3,27.369136365666677,0.21605570488114217
176,0.5859183673469388,1,25000,168,176,0.9545454545454546,4,27.52888372140854,0.21663011349356245
176,0.6061224489795918,0,25000,167,176,0.9488636363636364,3,28.331768714750883,0.21317999617717032
176,0.6061224489795918,1,25000,168,176,0.9545454545454546,3,29.36955352600794,0.2090828593349783
176,0.6263265306122449,0,25000,170,176,0.9659090909090909,2,28.875461006015627,0.21072277489390767
176,0.6263265306122449,1,25000,170,176,0.9659090909090909,3,29.215787788907615,0.21127099610630895
176,0.6465306122448979,0,25000,169,176,0.9602272727272727,1,29.840965302798928,0.2071649460528483
176,0.6465306122448979,1,25000,166,176,0.9431818181818182,4,31.362322963172474,0.20066357647517635
176,0.666734693877551,0,25000,161,176,0.9147727272727273,3,29.87263007307365,0.2034610287891169
176,0.666734693877551,1,25000,170,176,0.9659090909090909,4,32.645179358770854,0.19647378388848233
176,0.6869387755102041,0,25000,165,176,0.9375,2,30.81265843701594,0.19789310966381296
176,0.6869387755102041,1,25000,165,176,0.9375,6,34.33468811581373,0.18962695013935235
176,0.7071428571428571,0,25000,166,176,0.9431818181818182,3,33.255702457297105,0.19008493378893843
176,0.7071428571428571,1,25000,168,176,0.9545454545454546,4,33.414959678393835,0.190357333730745
176,0.7273469387755102,0,25000,172,176,0.9772727272727273,3,36.12342512504053,0.17972231253337492
176,0.7273469387755102,1,25000,170,176,0.9659090909090909,4,35.77518502349419,0.18446529955627333
176,0.7475510204081632,0,25000,172,176,0.9772727272727273,16,49.922883438532246,0.06753980693495061
176,0.7475510204081632,1,25000,171,176,0.9715909090909091,13,49.29728404907013,0.06986526956424778
176,0.7677551020408163,0,25000,173,176,0.9829545454545454,20,57.9377715033355,0.055883314083158823
176,0.7677551020408163,1,25000,173,176,0.9829545454545454,17,54.62899243700758,0.06015737359772466
176,0.7879591836734694,0,25000,170,176,0.9659090909090909,21,55.01724441329688,0.06085513656807364
176,0.7879591836734694,1,25000,172,176,0.9772727272727273,19,54.110415879265815,0.061710803453297915
176,0.8081632653061224,0,25000,172,176,0.9772727272727273,16,57.48409681113105,0.054795822037622524
176,0.8081632653061224,1,25000,170,176,0.9659090909090909,20,57.10101768895681,0.05431477469946269
176,0.8283673469387755,0,25000,168,176,0.9545454545454546,21,57.30639138016069,0.052426385762960326
176,0.8283673469387755,1,25000,172,176,0.9772727272727273,21,58.19245905682328,0.05207236115017548
176,0.8485714285714285,0,25000,169,176,0.9602272727272727,19,57.04237606987816,0.053173671384609426
176,0.8485714285714285,1,25000,172,176,0.9772727272727273,21,57.83576861425673,0.05225185380873899
176,0.8687755102040816,0,25000,173,176,0.9829545454545454,19,58.18073096372978,0.05266037897547191
176,0.8687755102040816,1,25000,170,176,0.9659090909090909,21,56.870476913403095,0.053703892648844176
176,0.8889795918367347,0,25000,174,176,0.9886363636363636,17,57.85634966228025,0.05253491989152716
176,0.8889795918367347,1,25000,173,176,0.9829545454545454,17,57.52075820767921,0.05298256587009262
176,0.9091836734693878,0,25000,172,176,0.9772727272727273,14,58.96454545177657,0.05060908047035881
176,0.9091836734693878,1,25000,169,176,0.9602272727272727,14,57.37136803346531,0.051817917982061756
176,0.9293877551020407,0,25000,174,176,0.9886363636363636,18,58.97233151416934,0.051215346460789
176,0.9293877551020407,1,25000,168,176,0.9545454545454546,16,57.77146211204045,0.05142345898439479
176,0.9495918367346938,0,25000,174,176,0.9886363636363636,12,59.47683917144194,0.050185503576526506
176,0.9495918367346938,1,25000,172,176,0.9772727272727273,10,59.28425906808147,0.05008792427021576
176,0.9697959183673469,0,25000,172,176,0.9772727272727273,15,59.140228955734706,0.05003857209495724
176,0.9697959183673469,1,25000,174,176,0.9886363636363636,14,59.03031579685927,0.050856694804263324
176,0.99,0,25000,175,176,0.9943181818181818,18,59.18667022748541,0.05078735422038227
176,0.99,1,25000,174,176,0.9886363636363636,14,59.074349154779036,0.05098075634463739
192,0.0,0,25000,42,192,0.21875,17,16.948243893686143,0.16988243908414055
192,0.0,1,25000,43,192,0.22395833333333334,15,16.31744194332694,0.17440384270825604
192,0.02020408163265306,0,25000,44,192,0.22916666666666666,18,19.06686560384253,0.17968331566694423
192,0.02020408163265306,1,25000,45,192,0.234375,20,19.259743376590734,0.14303089158188464
192,0.04040816326530612,0,25000,51,192,0.265625,19,21.412663601444336,0.17662991360390237
192,0.04040816326530612,1,25000,49,192,0.2552083333333333,18,20.28254272671132,0.18419761807941207
192,0.06061224489795918,0,25000,65,192,0.3385416666666667,24,24.836938069324688,0.168531064114948
192,0.06061224489795918,1,25000,69,192,0.359375,22,23.968622603216993,0.1791897446429901
192,0.08081632653061224,0,25000,94,192,0.4895833333333333,24,27.774501860699715,0.16144120111947324
192,0.08081632653061224,1,25000,98,192,0.5104166666666666,22,26.271766192031272,0.17372341708364147
192,0.1010204081632653,0,25000,122,192,0.6354166666666666,21,29.67257432184059,0.15175494445746399
192,0.1010204081632653,1,25000,123,192,0.640625,19,29.608312318031103,0.16215862054423053
192,0.12122448979591836,0,25000,135,192,0.703125,17,31.75984995888138,0.1479901318217184
192,0.12122448979591836,1,25000,147,192,0.765625,18,32.48654134781443,0.15570048149496107
192,0.14142857142857143,0,25000,146,192,0.7604166666666666,18,35.50661707092843,0.13892065529808156
192,0.14142857142857143,1,25000,149,192,0.7760416666666666,15,36.79960139426987,0.14343434348186995
192,0.16163265306122448,0,25000,161,192,0.8385416666666666,14,41.51030653081789,0.12615941805537856
192,0.16163265306122448,1,25000,166,192,0.8645833333333334,19,42.24957727344859,0.1327920530922534
192,0.18183673469387754,0,25000,169,192,0.8802083333333334,30,47.98767444629866,0.11125127279673067
192,0.18183673469387754,1,25000,176,192,0.9166666666666666,32,49.1103133198358,0.11674224648262474
192,0.2020408163265306,0,25000,169,192,0.8802083333333334,30,49.68789793685456,0.10553730096006012
192,0.2020408163265306,1,25000,171,192,0.890625,31,49.52615433017668,0.10993810738551382
192,0.22224489795918367,0,25000,174,192,0.90625,31,51.62922120702714,0.10177758464485992
192,0.22224489795918367,1,25000,177,192,0.921875,38,52.026441427931076,0.10301631296093738
192,0.24244897959183673,0,25000,174,192,0.90625,35,52.52393930849921,0.09597059356554628
192,0.24244897959183673,1,25000,169,192,0.8802083333333334,36,51.03183731633723,0.10022230082696412
192,0.2626530612244898,0,25000,174,192,0.90625,34,52.799528746791275,0.09217178215401342
192,0.2626530612244898,1,25000,173,192,0.9010416666666666,35,52.073783605269796,0.09387745306458477
192,0.28285714285714286,0,25000,173,192,0.9010416666666666,37,53.286466587105465,0.08815806895156883
192,0.28285714285714286,1,25000,177,192,0.921875,34,53.73415527011271,0.08879599505295804
192,0.3030612244897959,0,25000,181,192,0.9427083333333334,33,55.17531868862564,0.08210149217694412
192,0.3030612244897959,1,25000,179,192,0.9322916666666666,31,54.83566215329479,0.08403393589438896
192,0.32326530612244897,0,25000,182,192,0.9479166666666666,32,55.34497251275483,0.07687809248114078
192,0.32326530612244897,1,25000,175,192,0.9114583333333334,32,53.35359972951045,0.08113833940003241
192,0.34346938775510205,0,25000,180,192,0.9375,23,55.19035085540408,0.07975142618386821
192,0.34346938775510205,1,25000,172,192,0.8958333333333334,28,54.19284403687714,0.07270060893571037
192,0.3636734693877551,0,25000,185,192,0.9635416666666666,18,51.35384307962576,0.07594179780011219
192,0.3636734693877551,1,25000,181,192,0.9427083333333334,21,52.10794268238642,0.07430616585672717
192,0.38387755102040816,0,25000,186,192,0.96875,11,43.221518340830436,0.08801516535372651
192,0.38387755102040816,1,25000,189,192,0.984375,7,43.35678877920665,0.08767470034772717
192,0.4040816326530612,0,25000,188,192,0.9791666666666666,12,24.498106772358057,0.15255529053912056
192,0.4040816326530612,1,25000,189,192,0.984375,12,20.867923792458456,0.17185586441873119
192,0.42428571428571427,0,25000,186,192,0.96875,10,23.662735834432283,0.1930130773568244
192,0.42428571428571427,1,25000,179,192,0.9322916666666666,13,21.778596948244626,0.18963846933781042
192,0.44448979591836735,0,25000,178,192,0.9270833333333334,10,24.76039791654115,0.21534055777847422
192,0.44448979591836735,1,25000,185,192,0.9635416666666666,10,25.716695382807472,0.19627708857668366
192,0.4646938775510204,0,25000,176,192,0.9166666666666666,6,28.905511893243247,0.19541365642655031
192,0.4646938775510204,1,25000,190,192,0.9895833333333334,2,30.102669141395936,0.20001268715715026
192,0.48489795918367345,0,25000,186,192,0.96875,3,31.705545061365914,0.1903109106267596
192,0.48489795918367345,1,25000,181,192,0.9427083333333334,3,31.333869482031982,0.19035116748959366
192,0.5051020408163265,0,25000,177,192,0.921875,6,30.559323430938555,0.19600789130266172
192,0.5051020408163265,1,25000,186,192,0.96875,1,31.994274962733705,0.19503221223553302
192,0.5253061224489796,0,25000,185,192,0.9635416666666666,2,31.454988438642463,0.19795419449909307
192,0.5253061224489796,1,25000,183,192,0.953125,4,31.14000345678482,0.1999366645845971
192,0.5455102040816326,0,25000,184,192,0.9583333333333334,3,31.45594894281377,0.20079428418016204
192,0.5455102040816326,1,25000,184,192,0.9583333333333334,3,31.444693363165744,0.20242739500237725
192,0.5657142857142857,0,25000,181,192,0.9427083333333334,5,31.67212380221927,0.20018778609651747
192,0.5657142857142857,1,25000,185,192,0.9635416666666666,1,31.562211602007146,0.20335534286193138
192,0.5859183673469388,0,25000,181,192,0.9427083333333334,2,31.71318917108699,0.20033895318137465
192,0.5859183673469388,1,25000,184,192,0.9583333333333334,1,31.255857305543884,0.2036464168358949
192,0.6061224489795918,0,25000,185,192,0.9635416666666666,3,33.37189370002531,0.1940871805595072
192,0.6061224489795918,1,25000,183,192,0.953125,4,32.16669359112345,0.2010010357999774
192,0.6263265306122449,0,25000,181,192,0.9427083333333334,4,32.77235485829791,0.19784201460557488
192,0.6263265306122449,1,25000,181,192,0.9427083333333334,2,32.29570178946417,0.20019438130394315
192,0.6465306122448979,0,25000,184,192,0.9583333333333334,4,33.095815695248135,0.19591411487698285
192,0.6465306122448979,1,25000,182,192,0.9479166666666666,6,32.6378656762168,0.19697687996518254
192,0.666734693877551,0,25000,185,192,0.9635416666666666,2,35.681471934753176,0.18681303262619653
192,0.666734693877551,1,25000,187,192,0.9739583333333334,1,34.37880144875403,0.19070320047736183
192,0.6869387755102041,0,25000,182,192,0.9479166666666666,2,35.58171192990251,0.18531690270091022
192,0.6869387755102041,1,25000,181,192,0.9427083333333334,3,34.54198484670967,0.18701422234889417
192,0.7071428571428571,0,25000,185,192,0.9635416666666666,4,37.961769280562535,0.17729032515569537
192,0.7071428571428571,1,25000,185,192,0.9635416666666666,4,36.956440221331206,0.1799458352576872
192,0.7273469387755102,0,25000,182,192,0.9479166666666666,4,39.92501072112708,0.16907841340690583
192,0.7273469387755102,1,25000,182,192,0.9479166666666666,4,37.95476578353298,0.1776823872851031
192,0.7475510204081632,0,25000,185,192,0.9635416666666666,10,54.796339209468215,0.06607837304045482
192,0.7475510204081632,1,25000,187,192,0.9739583333333334,13,53.00295030889967,0.061925728697213175
192,0.7677551020408163,0,25000,189,192,0.984375,14,56.29287330437521,0.06286168822835
192,0.7677551020408163,1,25000,189,192,0.984375,16,59.84072173531601,0.05628348108913961
192,0.7879591836734694,0,25000,187,192,0.9739583333333334,17,62.103926862309265,0.05016564480957312
192,0.7879591836734694,1,25000,187,192,0.9739583333333334,13,62.25230789328361,0.04962900256572978
192,0.8081632653061224,0,25000,186,192,0.96875,20,63.21806167350918,0.04828732839007364
192,0.8081632653061224,1,25000,187,192,0.9739583333333334,14,63.15802352676363,0.04855454944392172
192,0.8283673469387755,0,25000,183,192,0.953125,19,61.93422790345199,0.05110288439686622
192,0.8283673469387755,1,25000,182,192,0.9479166666666666,17,61.481149552059776,0.05088420831788292
192,0.8485714285714285,0,25000,190,192,0.9895833333333334,18,63.85791681834673,0.048781775916815956
192,0.8485714285714285,1,25000,187,192,0.9739583333333334,16,63.5086289370034,0.04794522597146864
192,0.8687755102040816,0,25000,188,192,0.9791666666666666,12,62.78284203731691,0.049862242229061486
192,0.8687755102040816,1,25000,185,192,0.9635416666666666,15,62.328566160509226,0.04896690803878414
192,0.8889795918367347,0,25000,185,192,0.9635416666666666,14,61.964015664112814,0.04960760152426392
192,0.8889795918367347,1,25000,189,192,0.984375,18,62.42596238974924,0.04974018224855155
192,0.9091836734693878,0,25000,190,192,0.9895833333333334,12,64.00022933485938,0.047911426345956805
192,0.9091836734693878,1,25000,190,192,0.9895833333333334,16,64.37954761449882,0.047365917706591196
192,0.9293877551020407,0,25000,188,192,0.9791666666666666,12,63.84739377633347,0.04789606138122318
192,0.9293877551020407,1,25000,188,192,0.9791666666666666,14,63.859214811235944,0.04748318728114222
192,0.9495918367346938,0,25000,186,192,0.96875,11,63.848018319367505,0.047519847156008835
192,0.9495918367346938,1,25000,187,192,0.9739583333333334,9,63.94822820801591,0.04736683058820035
192,0.9697959183673469,0,25000,188,192,0.9791666666666666,10,64.56372678079015,0.04691745920286393
192,0.9697959183673469,1,25000,189,192,0.984375,12,64.36409884782421,0.047005377971143694
192,0.99,0,25000,192,192,1.0,13,64.9268976920066,0.047101276026184455
192,0.99,1,25000,191,192,0.9947916666666666,14,65.23192099267428,0.04576423396679472
208,0.0,0,25000,46,208,0.22115384615384615,18,19.423981982234068,0.17698631613386698
208,0.0,1,25000,45,208,0.21634615384615385,20,19.772216043583818,0.13785958700006912
208,0.02020408163265306,0,25000,53,208,0.2548076923076923,22,22.380405380811787,0.1685740992834645
208,0.02020408163265306,1,25000,52,208,0.25,24,22.18671516839622,0.12684803107434786
208,0.04040816326530612,0,25000,63,208,0.30288461538461536,24,25.418307255994357,0.1603499754212246
208,0.04040816326530612,1,25000,63,208,0.30288461538461536,23,24.855145656516342,0.14973513863976945
208,0.06061224489795918,0,25000,89,208,0.42788461538461536,25,28.216762542259236,0.1568170221863403
208,0.06061224489795918,1,25000,96,208,0.46153846153846156,26,28.40948460717729,0.165146628035645
208,0.08081632653061224,0,25000,117,208,0.5625,26,31.224283258648644,0.1490487139754791
208,0.08081632653061224,1,25000,124,208,0.5961538461538461,22,30.527106844828786,0.15665429838027883
208,0.1010204081632653,0,25000,142,208,0.6826923076923077,17,34.11871052868561,0.14182980938137174
208,0.1010204081632653,1,25000,151,208,0.7259615384615384,19,35.501769646550706,0.14752493757620772
208,0.12122448979591836,0,25000,160,208,0.7692307692307693,16,38.25472882250374,0.13373502457506387
208,0.12122448979591836,1,25000,160,208,0.7692307692307693,15,37.8397129888512,0.13870569566881671
208,0.14142857142857143,0,25000,168,208,0.8076923076923077,13,42.906540480902066,0.12707405322842608
208,0.14142857142857143,1,25000,170,208,0.8173076923076923,15,43.474470350601706,0.12778856911141684
208,0.16163265306122448,0,25000,175,208,0.8413461538461539,28,51.44830165563496,0.1080079174565049
208,0.16163265306122448,1,25000,184,208,0.8846153846153846,29,50.95282671256433,0.11295765773355662
208,0.18183673469387754,0,25000,186,208,0.8942307692307693,29,53.17157139948735,0.10372933542796557
208,0.18183673469387754,1,25000,187,208,0.8990384615384616,33,54.415615129363374,0.10309296013873875
208,0.2020408163265306,0,25000,187,208,0.8990384615384616,32,55.23534351025634,0.0938026091795751
208,0.2020408163265306,1,25000,184,208,0.8846153846153846,32,55.2444615368849,0.09828689264604096
208,0.22224489795918367,0,25000,188,208,0.9038461538461539,32,56.04494735068574,0.0905798063543248
208,0.22224489795918367,1,25000,181,208,0.8701923076923077,32,55.92131351710377,0.09266608075224446
208,0.24244897959183673,0,25000,186,208,0.8942307692307693,36,56.60630317278883,0.08490173113181373
208,0.24244897959183673,1,25000,183,208,0.8798076923076923,28,55.53645555107813,0.09029937252462925
208,0.2626530612244898,0,25000,183,208,0.8798076923076923,37,57.53302617198803,0.08084351192889705
208,0.2626530612244898,1,25000,194,208,0.9326923076923077,34,59.014847274748284,0.08241174209145985
208,0.28285714285714286,0,25000,181,208,0.8701923076923077,28,56.90544924313271,0.07923083835337759
208,0.28285714285714286,1,25000,183,208,0.8798076923076923,32,57.553864398589525,0.079473320463593
208,0.3030612244897959,0,25000,185,208,0.8894230769230769,34,58.5424344677932,0.07899085413906279
208,0.3030612244897959,1,25000,184,208,0.8846153846153846,38,58.684831889973154,0.0746387440914881
208,0.32326530612244897,0,25000,188,208,0.9038461538461539,29,58.39702958648158,0.07126868845430012
208,0.32326530612244897,1,25000,196,208,0.9423076923076923,34,60.387288589448005,0.07160719506185492
208,0.34346938775510205,0,25000,196,208,0.9423076923076923,24,60.64208317764033,0.0659933929676497
208,0.34346938775510205,1,25000,195,208,0.9375,25,59.38801493529262,0.06799969221841738
208,0.3636734693877551,0,25000,197,208,0.9471153846153846,17,54.51910389489274,0.06860315984723087
208,0.3636734693877551,1,25000,194,208,0.9326923076923077,15,54.235782282244614,0.06997562494607827
208,0.38387755102040816,0,25000,205,208,0.9855769230769231,10,46.83320190941062,0.08115853840835804
208,0.38387755102040816,1,25000,200,208,0.9615384615384616,8,46.453349608249695,0.08029138776006205
208,0.4040816326530612,0,25000,200,208,0.9615384615384616,7,24.77815488039458,0.16508301970284267
208,0.4040816326530612,1,25000,197,208,0.9471153846153846,11,24.4903374425527,0.16005812908786385
208,0.42428571428571427,0,25000,194,208,0.9326923076923077,9,28.2493112913453,0.1879078319244727
208,0.42428571428571427,1,25000,195,208,0.9375,10,24.018198129385855,0.18830510101584874
208,0.44448979591836735,0,25000,192,208,0.9230769230769231,10,29.343663117209278,0.20671097381086967
208,0.44448979591836735,1,25000,198,208,0.9519230769230769,6,32.529224004011354,0.180399690986914
208,0.4646938775510204,0,25000,190,208,0.9134615384615384,7,34.112852706036435,0.1684968957067961
208,0.4646938775510204,1,25000,195,208,0.9375,5,35.42436518934746,0.17275168857044146
208,0.48489795918367345,0,25000,192,208,0.9230769230769231,4,34.58019609731301,0.17605840889026952
208,0.48489795918367345,1,25000,193,208,0.9278846153846154,2,34.60646639020279,0.17953551398202
208,0.5051020408163265,0,25000,195,208,0.9375,4,34.631765407821646,0.1792190803656232
208,0.5051020408163265,1,25000,192,208,0.9230769230769231,6,34.866887659514234,0.18309443248492407
208,0.5253061224489796,0,25000,199,208,0.9567307692307693,3,34.95673930166794,0.1853915492417439
208,0.5253061224489796,1,25000,191,208,0.9182692307692307,7,34.13093711654474,0.188983417636145
208,0.5455102040816326,0,25000,197,208,0.9471153846153846,4,34.8474477050902,0.18886060684267755
208,0.5455102040816326,1,25000,196,208,0.9423076923076923,2,34.44471172305728,0.1910410715257148
208,0.5657142857142857,0,25000,192,208,0.9230769230769231,3,34.31796663182722,0.19064760129262961
208,0.5657142857142857,1,25000,186,208,0.8942307692307693,4,33.803710069264156,0.19282501716116518
208,0.5859183673469388,0,25000,197,208,0.9471153846153846,3,35.075324769175985,0.1911150843026623
208,0.5859183673469388,1,25000,196,208,0.9423076923076923,2,35.05467536228643,0.19222004520711267
208,0.6061224489795918,0,25000,201,208,0.9663461538461539,5,35.941155913807336,0.19001518442136509
208,0.6061224489795918,1,25000,199,208,0.9567307692307693,1,36.32050701680436,0.18898758873366514
208,0.6263265306122449,0,25000,198,208,0.9519230769230769,4,36.541742012000554,0.1871100056816512
208,0.6263265306122449,1,25000,197,208,0.9471153846153846,6,37.92802480792561,0.18219997055502637
208,0.6465306122448979,0,25000,199,208,0.9567307692307693,5,41.05406061797052,0.1733370542216334
208,0.6465306122448979,1,25000,200,208,0.9615384615384616,3,38.06662916597227,0.1823119004504204
208,0.666734693877551,0,25000,200,208,0.9615384615384616,3,41.72685782214161,0.17223627035710581
208,0.666734693877551,1,25000,198,208,0.9519230769230769,1,39.9813952415884,0.17636506257026227
208,0.6869387755102041,0,25000,198,208,0.9519230769230769,2,40.51873130986523,0.17334881301001423
208,0.6869387755102041,1,25000,198,208,0.9519230769230769,3,41.33819220644291,0.1726576833682137
208,0.7071428571428571,0,25000,205,208,0.9855769230769231,3,42.55729890356081,0.16729933863378244
208,0.7071428571428571,1,25000,203,208,0.9759615384615384,4,44.91350961767296,0.1652231195203083
208,0.7273469387755102,0,25000,204,208,0.9807692307692307,2,45.41906180973709,0.15839086781800651
208,0.7273469387755102,1,25000,200,208,0.9615384615384616,13,68.276782972938,0.048169446833871546
208,0.7475510204081632,0,25000,204,208,0.9807692307692307,10,58.72731462613486,0.0583338569510283
208,0.7475510204081632,1,25000,207,208,0.9951923076923077,10,58.956255517537514,0.06298806573324925
208,0.7677551020408163,0,25000,200,208,0.9615384615384616,17,62.15728908881412,0.05693303654148413
208,0.7677551020408163,1,25000,203,208,0.9759615384615384,16,65.20655087739644,0.05280795731918378
208,0.7879591836734694,0,25000,201,208,0.9663461538461539,14,66.5753301472756,0.047475837999866516
208,0.7879591836734694,1,25000,199,208,0.9567307692307693,12,65.57661947288187,0.04892486802771534
208,0.8081632653061224,0,25000,200,208,0.9615384615384616,15,66.92082657663869,0.04777658922329407
208,0.8081632653061224,1,25000,203,208,0.9759615384615384,17,67.47040607572202,0.04737964886759663
208,0.8283673469387755,0,25000,197,208,0.9471153846153846,17,67.19513174956833,0.045893860396236504
208,0.8283673469387755,1,25000,199,208,0.9567307692307693,17,67.39369269725549,0.04561055820427548
208,0.8485714285714285,0,25000,202,208,0.9711538461538461,17,67.81229866866242,0.04610175537175172
208,0.8485714285714285,1,25000,203,208,0.9759615384615384,15,68.62749875161366,0.045107321598825675
208,0.8687755102040816,0,25000,203,208,0.9759615384615384,18,67.80415749491138,0.04660274537492989
208,0.8687755102040816,1,25000,201,208,0.9663461538461539,14,67.43292602455755,0.04614181769435849
208,0.8889795918367347,0,25000,206,208,0.9903846153846154,8,68.42469852065703,0.04590029197133852
208,0.8889795918367347,1,25000,203,208,0.9759615384615384,13,67.58666376241352,0.04622490674299374
208,0.9091836734693878,0,25000,204,208,0.9807692307692307,10,68.97166644571729,0.04466504315895636
208,0.9091836734693878,1,25000,200,208,0.9615384615384616,17,67.164479173599,0.04622777318116353
208,0.9293877551020407,0,25000,206,208,0.9903846153846154,6,69.98879945106671,0.04427555154834395
208,0.9293877551020407,1,25000,201,208,0.9663461538461539,16,67.34025103499687,0.046254470463693145
208,0.9495918367346938,0,25000,205,208,0.9855769230769231,10,69.50929122011907,0.04429582673001862
208,0.9495918367346938,1,25000,204,208,0.9807692307692307,11,69.58737284480569,0.0440176038205157
208,0.9697959183673469,0,25000,207,208,0.9951923076923077,8,69.77068680268559,0.04417283727690474
208,0.9697959183673469,1,25000,204,208,0.9807692307692307,7,69.09493646208841,0.04443961791839171
208,0.99,0,25000,208,208,1.0,7,70.00541911207668,0.04420167320227258
208,0.99,1,25000,207,208,0.9951923076923077,9,69.90640461969876,0.04396646093128881
224,0.0,0,25000,54,224,0.24107142857142858,21,22.231917265996948,0.1646330694243183
224,0.0,1,25000,49,224,0.21875,25,21.700341837751175,0.1639010905212761
224,0.02020408163265306,0,25000,62,224,0.2767857142857143,23,25.03543290490633,0.16559109888105084
224,0.02020408163265306,1,25000,62,224,0.2767857142857143,26,25.078678570954136,0.15232550432159858
224,0.04040816326530612,0,25000,87,224,0.38839285714285715,24,29.040546025040996,0.16476407808304505
224,0.04040816326530612,1,25000,88,224,0.39285714285714285,27,29.474224896982065,0.12841452904526449
224,0.06061224489795918,0,25000,119,224,0.53125,22,32.6300858910857,0.15519019829964828
224,0.06061224489795918,1,25000,126,224,0.5625,21,33.05861552903616,0.15326426456000544
224,0.08081632653061224,0,25000,154,224,0.6875,19,37.03161232654304,0.14280500715220426
224,0.08081632653061224,1,25000,155,224,0.6919642857142857,20,37.8664151535297,0.14342337834535063
224,0.1010204081632653,0,25000,161,224,0.71875,17,41.30732950648981,0.1346619829168284
224,0.1010204081632653,1,25000,169,224,0.7544642857142857,14,42.93810269214097,0.13480110725438513
224,0.12122448979591836,0,25000,188,224,0.8392857142857143,23,49.659308780934865,0.1204949388595201
224,0.12122448979591836,1,25000,180,224,0.8035714285714286,14,47.447343035368405,0.12231406345429563
224,0.14142857142857143,0,25000,185,224,0.8258928571428571,29,53.544819482779054,0.1084473057286038
224,0.14142857142857143,1,25000,180,224,0.8035714285714286,27,50.49439282778851,0.11276283236880749
224,0.16163265306122448,0,25000,191,224,0.8526785714285714,32,55.91238621132222,0.10312051449371923
224,0.16163265306122448,1,25000,192,224,0.8571428571428571,32,55.99656494459805,0.10167953549413525
224,0.18183673469387754,0,25000,189,224,0.84375,34,57.781559551654794,0.09568366058998784
224,0.18183673469387754,1,25000,188,224,0.8392857142857143,32,55.975985492426084,0.09843118598822392
224,0.2020408163265306,0,25000,195,224,0.8705357142857143,32,59.28127168829266,0.0892862325946994
224,0.2020408163265306,1,25000,196,224,0.875,27,58.758498163283264,0.09164393573418261
224,0.22224489795918367,0,25000,190,224,0.8482142857142857,30,59.17127890384012,0.0857243102233199
224,0.22224489795918367,1,25000,190,224,0.8482142857142857,34,58.584367111353885,0.08599516071415048
224,0.24244897959183673,0,25000,205,224,0.9151785714285714,34,62.38802568221309,0.07644279775109529
224,0.24244897959183673,1,25000,189,224,0.84375,32,59.101862747341826,0.08348344870131236
224,0.2626530612244898,0,25000,198,224,0.8839285714285714,33,62.60594040812574,0.07343751587340541
224,0.2626530612244898,1,25000,199,224,0.8883928571428571,37,61.95589382858964,0.07777977802236107
224,0.28285714285714286,0,25000,203,224,0.90625,30,64.31079778997531,0.06997511063070193
224,0.28285714285714286,1,25000,196,224,0.875,28,61.51619943300611,0.07477807797049454
224,0.3030612244897959,0,25000,189,224,0.84375,35,61.5152045735652,0.06855987438197919
224,0.3030612244897959,1,25000,201,224,0.8973214285714286,34,63.82149856672697,0.07008507871287811
224,0.32326530612244897,0,25000,198,224,0.8839285714285714,37,63.6534960374351,0.062139452296025785
224,0.32326530612244897,1,25000,204,224,0.9107142857142857,28,63.43795567774788,0.06658435725955976
224,0.34346938775510205,0,25000,203,224,0.90625,29,63.19851092755622,0.060600072839436976
224,0.34346938775510205,1,25000,203,224,0.90625,26,63.48842067739962,0.061220946017191476
224,0.3636734693877551,0,25000,214,224,0.9553571428571429,8,59.81123653351515,0.06353928750855337
224,0.3636734693877551,1,25000,213,224,0.9508928571428571,13,59.09917795090283,0.06490196812593416
224,0.38387755102040816,0,25000,215,224,0.9598214285714286,6,50.04436412012356,0.077457092292709
224,0.38387755102040816,1,25000,213,224,0.9508928571428571,6,49.088347493295664,0.0795062282456385
224,0.4040816326530612,0,25000,215,224,0.9598214285714286,11,31.54685976080487,0.1470948712455697
224,0.4040816326530612,1,25000,213,224,0.9508928571428571,9,34.38526388872804,0.14144206829124958
224,0.42428571428571427,0,25000,209,224,0.9330357142857143,9,32.77819532182292,0.16501156901837408
224,0.42428571428571427,1,25000,207,224,0.9241071428571429,6,34.25138194966707,0.16049466389416808
224,0.44448979591836735,0,25000,214,224,0.9553571428571429,4,39.78919911701554,0.1517611828487105
224,0.44448979591836735,1,25000,214,224,0.9553571428571429,5,40.17934281069744,0.15184794941602486
224,0.4646938775510204,0,25000,211,224,0.9419642857142857,5,39.011043413704186,0.1615230983843745
224,0.4646938775510204,1,25000,210,224,0.9375,4,39.095111373954936,0.16302971765996666
224,0.48489795918367345,0,25000,209,224,0.9330357142857143,3,38.857764959400306,0.16676895498249417
224,0.48489795918367345,1,25000,209,224,0.9330357142857143,4,38.789292515692345,0.16972638126765488
224,0.5051020408163265,0,25000,209,224,0.9330357142857143,8,38.121080463802016,0.17397867425899424
224,0.5051020408163265,1,25000,211,224,0.9419642857142857,3,38.70154795404029,0.17450826941128023
224,0.5253061224489796,0,25000,211,224,0.9419642857142857,5,38.49173390147159,0.1772731258706792
224,0.5253061224489796,1,25000,212,224,0.9464285714285714,2,38.95288151858473,0.17805158856523368
224,0.5455102040816326,0,25000,212,224,0.9464285714285714,2,39.08028462732518,0.17544464908964247
224,0.5455102040816326,1,25000,206,224,0.9196428571428571,2,38.42656943488855,0.1799578335821725
224,0.5657142857142857,0,25000,206,224,0.9196428571428571,4,39.29896672350144,0.17611670861157472
224,0.5657142857142857,1,25000,210,224,0.9375,3,39.05643702409535,0.1775536642235231
224,0.5859183673469388,0,25000,209,224,0.9330357142857143,4,38.82528826223916,0.18076284037348733
224,0.5859183673469388,1,25000,209,224,0.9330357142857143,4,39.42191704948445,0.1796582593614028
224,0.6061224489795918,0,25000,209,224,0.9330357142857143,4,39.63661994346923,0.17918540975596892
224,0.6061224489795918,1,25000,216,224,0.9642857142857143,2,40.091754601641426,0.17920126072269357
224,0.6263265306122449,0,25000,207,224,0.9241071428571429,4,39.48789900941745,0.178304650357507
224,0.6263265306122449,1,25000,214,224,0.9553571428571429,2,40.79072492149808,0.17837811655833546
224,0.6465306122448979,0,25000,217,224,0.96875,3,41.775529150084765,0.17430034415810522
224,0.6465306122448979,1,25000,208,224,0.9285714285714286,2,40.635700857087926,0.1749806621655992
224,0.666734693877551,0,25000,214,224,0.9553571428571429,4,42.68353294958575,0.17057892076740197
224,0.666734693877551,1,25000,211,224,0.9419642857142857,2,41.88403861744754,0.17174357561464476
224,0.6869387755102041,0,25000,213,224,0.9508928571428571,3,45.63064417648489,0.16221131882553924
224,0.6869387755102041,1,25000,212,224,0.9464285714285714,3,43.798962221922075,0.16572682873673714
224,0.7071428571428571,0,25000,215,224,0.9598214285714286,4,50.381896624105096,0.15016928223155562
224,0.7071428571428571,1,25000,213,224,0.9508928571428571,4,46.96504134693806,0.15705557556070376
224,0.7273469387755102,0,25000,215,224,0.9598214285714286,5,49.78245952667591,0.15230725965785374
224,0.7273469387755102,1,25000,213,224,0.9508928571428571,14,73.05229244121914,0.045535080510028386
224,0.7475510204081632,0,25000,213,224,0.9508928571428571,11,65.71898712888796,0.05852887516856688
224,0.7475510204081632,1,25000,219,224,0.9776785714285714,15,60.742346571407566,0.05705238737010275
224,0.7677551020408163,0,25000,215,224,0.9598214285714286,10,68.77442609548031,0.053739059931357844
224,0.7677551020408163,1,25000,209,224,0.9330357142857143,16,66.7623493057992,0.05201775068859826
224,0.7879591836734694,0,25000,215,224,0.9598214285714286,15,72.26286342797471,0.04365113883765118
224,0.7879591836734694,1,25000,210,224,0.9375,15,70.83184340480506,0.047394464484557655
224,0.8081632653061224,0,25000,215,224,0.9598214285714286,14,72.67747013226432,0.04384241929278108
224,0.8081632653061224,1,25000,217,224,0.96875,15,73.70461447925138,0.04209124547396956
224,0.8283673469387755,0,25000,214,224,0.9553571428571429,11,72.84817499302143,0.04279589293429669
224,0.8283673469387755,1,25000,214,224,0.9553571428571429,11,73.25505949568436,0.04248003852756724
224,0.8485714285714285,0,25000,209,224,0.9330357142857143,21,71.68101510428122,0.043342456443850694
224,0.8485714285714285,1,25000,214,224,0.9553571428571429,13,73.1188893641789,0.04267435534300557
224,0.8687755102040816,0,25000,216,224,0.9642857142857143,10,72.19893539006605,0.04384246028398329
224,0.8687755102040816,1,25000,217,224,0.96875,13,72.42135061559738,0.043614726738476786
224,0.8889795918367347,0,25000,217,224,0.96875,12,72.75137876572242,0.04361834418158004
224,0.8889795918367347,1,25000,218,224,0.9732142857142857,11,72.068280650749,0.044414884502409435
224,0.9091836734693878,0,25000,220,224,0.9821428571428571,11,74.08701134178955,0.04195379797983711
224,0.9091836734693878,1,25000,219,224,0.9776785714285714,9,73.26024937635127,0.04316517217660734
224,0.9293877551020407,0,25000,220,224,0.9821428571428571,7,73.77210632203986,0.042696314459034754
224,0.9293877551020407,1,25000,220,224,0.9821428571428571,9,72.85193091382581,0.04397028751781351
224,0.9495918367346938,0,25000,220,224,0.9821428571428571,9,74.6015511653136,0.04166198701871467
224,0.9495918367346938,1,25000,217,224,0.96875,10,73.67784840114712,0.04231554335972809
224,0.9697959183673469,0,25000,219,224,0.9776785714285714,9,74.17727454663407,0.041675073388593595
224,0.9697959183673469,1,25000,223,224,0.9955357142857143,5,75.29805244816177,0.04173011455898474
224,0.99,0,25000,220,224,0.9821428571428571,8,73.9982938580616,0.0423231258864689
224,0.99,1,25000,220,224,0.9821428571428571,12,74.390528409147,0.04200538433112765
240,0.0,0,25000,58,240,0.24166666666666667,25,24.691166881321926,0.11052126695825251
240,0.0,1,25000,56,240,0.23333333333333334,24,24.64986510915903,0.1294825689335612
240,0.02020408163265306,0,25000,76,240,0.31666666666666665,30,28.608581439408937,0.12296416278725913
240,0.02020408163265306,1,25000,74,240,0.30833333333333335,28,28.47976660438837,0.134129812733003
240,0.04040816326530612,0,25000,113,240,0.4708333333333333,28,33.87046710823793,0.1531944606528529
240,0.04040816326530612,1,25000,108,240,0.45,29,33.392666590772166,0.15014834532464377
240,0.06061224489795918,0,25000,140,240,0.5833333333333334,25,37.982872078917154,0.1447443337607449
240,0.06061224489795918,1,25000,148,240,0.6166666666666667,23,37.79762078214108,0.1426870671933207
240,0.08081632653061224,0,25000,167,240,0.6958333333333333,21,44.14177404767887,0.13402884721475888
240,0.08081632653061224,1,25000,170,240,0.7083333333333334,23,44.07809604762491,0.1327093475300259
240,0.1010204081632653,0,25000,186,240,0.775,16,51.05211786705348,0.12634684164323984
240,0.1010204081632653,1,25000,186,240,0.775,18,50.75450673021746,0.12105828110906224
240,0.12122448979591836,0,25000,189,240,0.7875,25,54.52947890565602,0.11156220445802903
240,0.12122448979591836,1,25000,188,240,0.7833333333333333,26,53.35838928131977,0.11168607981934583
240,0.14142857142857143,0,25000,199,240,0.8291666666666667,30,58.9879796466433,0.10226798505408184
240,0.14142857142857143,1,25000,196,240,0.8166666666666667,29,58.44823289313812,0.10273234824498573
240,0.16163265306122448,0,25000,194,240,0.8083333333333333,29,59.61483553442473,0.09709076556240036
240,0.16163265306122448,1,25000,194,240,0.8083333333333333,24,58.548496610172144,0.09622156863566735
240,0.18183673469387754,0,25000,206,240,0.8583333333333333,25,61.7350895623576,0.09049292580392915
240,0.18183673469387754,1,25000,203,240,0.8458333333333333,29,60.99705894651001,0.09134912243775528
240,0.2020408163265306,0,25000,194,240,0.8083333333333333,26,61.05235135196715,0.08366585340246743
240,0.2020408163265306,1,25000,196,240,0.8166666666666667,28,60.790292663487975,0.08767691745775014
240,0.22224489795918367,0,25000,199,240,0.8291666666666667,29,63.07236001230366,0.07704972280656655
240,0.22224489795918367,1,25000,201,240,0.8375,29,62.65273165715042,0.08099480452951831
240,0.24244897959183673,0,25000,200,240,0.8333333333333334,28,64.34629052257368,0.0710883657079277
240,0.24244897959183673,1,25000,192,240,0.8,31,62.53591913895711,0.07672310737576007
240,0.2626530612244898,0,25000,212,240,0.8833333333333333,28,67.73490440600567,0.0636194858108765
240,0.2626530612244898,1,25000,207,240,0.8625,29,65.52588826752027,0.07097130431943517
240,0.28285714285714286,0,25000,215,240,0.8958333333333334,30,68.78598127898246,0.06154350566265411
240,0.28285714285714286,1,25000,209,240,0.8708333333333333,28,66.81086884470454,0.06684241001141807
240,0.3030612244897959,0,25000,202,240,0.8416666666666667,32,66.54642549743686,0.05896366543234627
240,0.3030612244897959,1,25000,207,240,0.8625,31,67.2362047566121,0.0621552475077056
240,0.32326530612244897,0,25000,204,240,0.85,31,66.77038527110042,0.057950372354937364
240,0.32326530612244897,1,25000,214,240,0.8916666666666667,28,68.10275300720357,0.05923559069742047
240,0.34346938775510205,0,25000,223,240,0.9291666666666667,22,68.45443429402036,0.0546237004617347
240,0.34346938775510205,1,25000,222,240,0.925,25,68.41128480851907,0.055890922078523926
240,0.3636734693877551,0,25000,228,240,0.95,14,65.64110689876442,0.05763565633234596
240,0.3636734693877551,1,25000,219,240,0.9125,9,63.41385703781103,0.05985484621000766
240,0.38387755102040816,0,25000,221,240,0.9208333333333333,5,53.91769504996467,0.0745827247259636
240,0.38387755102040816,1,25000,227,240,0.9458333333333333,3,53.70641452946356,0.07515207917339406
240,0.4040816326530612,0,25000,228,240,0.95,3,42.98358905721939,0.12218110155502844
240,0.4040816326530612,1,25000,225,240,0.9375,6,38.665669718569326,0.13007412401022603
240,0.42428571428571427,0,25000,221,240,0.9208333333333333,3,44.47743663805433,0.1284547857071528
240,0.42428571428571427,1,25000,222,240,0.925,3,45.394158293494655,0.12562588902936317
240,0.44448979591836735,0,25000,217,240,0.9041666666666667,6,42.461137261018564,0.14496106108784076
240,0.44448979591836735,1,25000,224,240,0.9333333333333333,2,43.76487850268406,0.14488473861811166
240,0.4646938775510204,0,25000,224,240,0.9333333333333333,2,42.62125723965792,0.15501430305637393
240,0.4646938775510204,1,25000,214,240,0.8916666666666667,4,42.52225520462389,0.1556710128466236
240,0.48489795918367345,0,25000,226,240,0.9416666666666667,3,42.78624596688567,0.1607270790852456
240,0.48489795918367345,1,25000,226,240,0.9416666666666667,3,42.597122771254874,0.1620128329704158
240,0.5051020408163265,0,25000,224,240,0.9333333333333333,5,42.999166293601434,0.16414074191335457
240,0.5051020408163265,1,25000,224,240,0.9333333333333333,4,42.83318633569023,0.1661966337575209
240,0.5253061224489796,0,25000,217,240,0.9041666666666667,6,42.61043443942814,0.16832488008465352
240,0.5253061224489796,1,25000,227,240,0.9458333333333333,1,43.527914076613826,0.16865820125109177
240,0.5455102040816326,0,25000,227,240,0.9458333333333333,3,43.11850228572937,0.17066543771306728
240,0.5455102040816326,1,25000,227,240,0.9458333333333333,3,43.100540292125864,0.1706862575736533
240,0.5657142857142857,0,25000,224,240,0.9333333333333333,3,43.25633769123645,0.1716423254383832
240,0.5657142857142857,1,25000,229,240,0.9541666666666667,8,44.11394817093648,0.17094404642630384
240,0.5859183673469388,0,25000,221,240,0.9208333333333333,7,43.18538716198066,0.17124880534720938
240,0.5859183673469388,1,25000,230,240,0.9583333333333334,3,43.54042806752257,0.172350579027428
240,0.6061224489795918,0,25000,226,240,0.9416666666666667,3,44.32239561932626,0.1702377354615961
240,0.6061224489795918,1,25000,223,240,0.9291666666666667,4,44.47118890435736,0.16884288114605162
240,0.6263265306122449,0,25000,227,240,0.9458333333333333,6,48.02124060306322,0.15932716645988268
240,0.6263265306122449,1,25000,226,240,0.9416666666666667,8,46.34253322115071,0.1650020494817721
240,0.6465306122448979,0,25000,220,240,0.9166666666666666,7,46.02109072667452,0.16240935787588046
240,0.6465306122448979,1,25000,221,240,0.9208333333333333,7,51.40918228880747,0.15105354619161382
240,0.666734693877551,0,25000,232,240,0.9666666666666667,4,47.87394495121127,0.16030581522567364
240,0.666734693877551,1,25000,228,240,0.95,4,52.618908405859095,0.14977829869045317
240,0.6869387755102041,0,25000,225,240,0.9375,4,50.76118042913629,0.15129300851144675
240,0.6869387755102041,1,25000,223,240,0.9291666666666667,4,50.57606477300535,0.15166780008374522
240,0.7071428571428571,0,25000,228,240,0.95,8,52.56032175862475,0.14848153480067522
240,0.7071428571428571,1,25000,228,240,0.95,6,53.65551210843877,0.14391903456602795
240,0.7273469387755102,0,25000,230,240,0.9583333333333334,6,55.22264378139619,0.13894924259128802
240,0.7273469387755102,1,25000,221,240,0.9208333333333333,6,54.00278648127288,0.14094737736494817
240,0.7475510204081632,0,25000,233,240,0.9708333333333333,10,64.30831854241974,0.05263494298841214
240,0.7475510204081632,1,25000,236,240,0.9833333333333333,6,64.56087344306576,0.05230703492970995
240,0.7677551020408163,0,25000,227,240,0.9458333333333333,13,73.38537567658821,0.0477470825335185
240,0.7677551020408163,1,25000,235,240,0.9791666666666666,11,75.09553117721255,0.04895939632039206
240,0.7879591836734694,0,25000,230,240,0.9583333333333334,13,76.06231462815602,0.042172285323456446
240,0.7879591836734694,1,25000,235,240,0.9791666666666666,10,77.33859771061123,0.04413346569626795
240,0.8081632653061224,0,25000,225,240,0.9375,15,76.6323468084486,0.04183734929151199
240,0.8081632653061224,1,25000,229,240,0.9541666666666667,13,77.8778484283273,0.04118816603719872
240,0.8283673469387755,0,25000,232,240,0.9666666666666667,13,78.33265983045632,0.04114633254946734
240,0.8283673469387755,1,25000,233,240,0.9708333333333333,14,79.12279853262402,0.040154675142502316
240,0.8485714285714285,0,25000,229,240,0.9541666666666667,13,77.70837404893444,0.04075994710371585
240,0.8485714285714285,1,25000,228,240,0.95,16,76.87654907814616,0.04171315717402646
240,0.8687755102040816,0,25000,234,240,0.975,11,77.39558932304763,0.042297407787369845
240,0.8687755102040816,1,25000,232,240,0.9666666666666667,15,76.94716532431322,0.042143013303229546
240,0.8889795918367347,0,25000,236,240,0.9833333333333333,8,77.83630085443077,0.041211610234878585
240,0.8889795918367347,1,25000,229,240,0.9541666666666667,15,76.34816210436216,0.041531408417683977
240,0.9091836734693878,0,25000,239,240,0.9958333333333333,10,78.56922702743734,0.04092477540375042
240,0.9091836734693878,1,25000,233,240,0.9708333333333333,15,76.35151367638115,0.042733198354348544
240,0.9293877551020407,0,25000,236,240,0.9833333333333333,12,77.36615128466883,0.04231452654609764
240,0.9293877551020407,1,25000,238,240,0.9916666666666667,9,77.82891545529914,0.0417970257678808
240,0.9495918367346938,0,25000,234,240,0.975,14,77.73943304230485,0.0414484309136236
240,0.9495918367346938,1,25000,234,240,0.975,11,77.45790500043404,0.04165464382120562
240,0.9697959183673469,0,25000,236,240,0.9833333333333333,7,79.16092006602054,0.04055212287271235
240,0.9697959183673469,1,25000,235,240,0.9791666666666666,7,79.9688908668805,0.03952930090405221
240,0.99,0,25000,237,240,0.9875,7,80.26977469798642,0.03895725301942625
240,0.99,1,25000,236,240,0.9833333333333333,7,79.2763656572359,0.03997086067253712
256,0.0,0,25000,63,256,0.24609375,22,24.55021872346309,0.12281268748755067
256,0.0,1,25000,64,256,0.25,20,25.19010095750736,0.11466336391141918
256,0.02020408163265306,0,25000,84,256,0.328125,16,27.529258725338828,0.12946195531648516
256,0.02020408163265306,1,25000,87,256,0.33984375,20,27.649898776664664,0.1113687522252453
256,0.04040816326530612,0,25000,126,256,0.4921875,24,36.65567486683739,0.1368162470304516
256,0.04040816326530612,1,25000,120,256,0.46875,29,35.117589066792306,0.1367266536102212
256,0.06061224489795918,0,25000,151,256,0.58984375,21,41.66801794846536,0.12953921390992498
256,0.06061224489795918,1,25000,160,256,0.625,25,43.4862442147281,0.1294905487263478
256,0.08081632653061224,0,25000,188,256,0.734375,20,51.783083236876664,0.11412731293377071
256,0.08081632653061224,1,25000,178,256,0.6953125,20,49.41656354974215,0.11849238755681205
256,0.1010204081632653,0,25000,194,256,0.7578125,26,55.967557320885064,0.1073553395346026
256,0.1010204081632653,1,25000,203,256,0.79296875,26,58.27676799926568,0.10720935001408993
256,0.12122448979591836,0,25000,196,256,0.765625,35,60.080585031955216,0.09986327560304424
256,0.12122448979591836,1,25000,199,256,0.77734375,31,59.64099343789447,0.09888202422622636
256,0.14142857142857143,0,25000,204,256,0.796875,26,62.749333751439764,0.09314154006674746
256,0.14142857142857143,1,25000,206,256,0.8046875,31,63.099560408822,0.09203548263185585
256,0.16163265306122448,0,25000,206,256,0.8046875,31,63.47161179558418,0.08482660194278593
256,0.16163265306122448,1,25000,205,256,0.80078125,27,63.82400104370734,0.08718352259674543
256,0.18183673469387754,0,25000,202,256,0.7890625,32,64.1214319096413,0.07998509649664935
256,0.18183673469387754,1,25000,204,256,0.796875,25,64.2977495527613,0.08170069443883264
256,0.2020408163265306,0,25000,211,256,0.82421875,29,66.79156071268388,0.0740477384506315
256,0.2020408163265306,1,25000,205,256,0.80078125,32,65.28824467150574,0.07752062655173753
256,0.22224489795918367,0,25000,214,256,0.8359375,26,67.64765351913906,0.07070697702044594
256,0.22224489795918367,1,25000,215,256,0.83984375,30,67.965892979633,0.07194812010119178
256,0.24244897959183673,0,25000,206,256,0.8046875,28,67.97232235222653,0.06598727915413348
256,0.24244897959183673,1,25000,215,256,0.83984375,28,69.22738061428625,0.06718700385189749
256,0.2626530612244898,0,25000,213,256,0.83203125,31,70.3271276006387,0.06169899703504167
256,0.2626530612244898,1,25000,208,256,0.8125,27,69.02905675576528,0.06346341665994926
256,0.28285714285714286,0,25000,221,256,0.86328125,31,71.91592407082794,0.05956579658287184
256,0.28285714285714286,1,25000,216,256,0.84375,27,70.10610765901302,0.06016164213797853
256,0.3030612244897959,0,25000,221,256,0.86328125,26,71.96614958253966,0.05493561005461796
256,0.3030612244897959,1,25000,215,256,0.83984375,28,71.7327271132524,0.05648527275323678
256,0.32326530612244897,0,25000,214,256,0.8359375,25,72.12830507964156,0.05146257649611151
256,0.32326530612244897,1,25000,217,256,0.84765625,31,72.1666887665169,0.0550773012675253
256,0.34346938775510205,0,25000,234,256,0.9140625,23,71.58964415624362,0.05253900380607965
256,0.34346938775510205,1,25000,230,256,0.8984375,22,70.33840610723058,0.05450849044641437
256,0.3636734693877551,0,25000,237,256,0.92578125,8,69.85581454494726,0.054997221872552675
256,0.3636734693877551,1,25000,235,256,0.91796875,7,69.50448989569219,0.0574050354756803
256,0.38387755102040816,0,25000,231,256,0.90234375,5,59.73272208737691,0.07463998648586806
256,0.38387755102040816,1,25000,240,256,0.9375,3,62.088051531458035,0.0722120224385917
256,0.4040816326530612,0,25000,235,256,0.91796875,2,55.27758904345609,0.09168708512511074
256,0.4040816326530612,1,25000,231,256,0.90234375,4,53.673665432036586,0.09558497968810235
256,0.42428571428571427,0,25000,235,256,0.91796875,6,49.172654691976646,0.11939111875823781
256,0.42428571428571427,1,25000,239,256,0.93359375,5,49.800219101439474,0.11879197310121554
256,0.44448979591836735,0,25000,230,256,0.8984375,7,47.14419533248593,0.13831416077052353
256,0.44448979591836735,1,25000,241,256,0.94140625,3,48.0329365294843,0.1380481591991123
256,0.4646938775510204,0,25000,235,256,0.91796875,5,47.28076207068207,0.14549898866348676
256,0.4646938775510204,1,25000,242,256,0.9453125,5,47.75162505857061,0.14798095076729234
256,0.48489795918367345,0,25000,236,256,0.921875,6,47.249350931385536,0.1517451454865384
256,0.48489795918367345,1,25000,238,256,0.9296875,2,45.66296824032318,0.1670653568133757
256,0.5051020408163265,0,25000,239,256,0.93359375,5,47.13254675373397,0.1565087543232616
256,0.5051020408163265,1,25000,238,256,0.9296875,5,46.85187260062904,0.15781950207068346
256,0.5253061224489796,0,25000,236,256,0.921875,3,47.552611106203976,0.15946872842900756
256,0.5253061224489796,1,25000,238,256,0.9296875,4,47.62392434726205,0.1585272384717311
256,0.5455102040816326,0,25000,241,256,0.94140625,3,48.39639309027358,0.16093753046557746
256,0.5455102040816326,1,25000,246,256,0.9609375,4,48.66952868573023,0.16105856090785475
256,0.5657142857142857,0,25000,238,256,0.9296875,8,48.028854650341934,0.16037659146487063
256,0.5657142857142857,1,25000,235,256,0.91796875,5,47.46357230414117,0.16058297095500168
256,0.5859183673469388,0,25000,237,256,0.92578125,5,48.200506756571535,0.1620783887901121
256,0.5859183673469388,1,25000,233,256,0.91015625,4,47.478325239947516,0.16338265377728087
256,0.6061224489795918,0,25000,243,256,0.94921875,3,48.916519218878754,0.16194517371616474
256,0.6061224489795918,1,25000,236,256,0.921875,6,48.86396771093088,0.16006100893691677
256,0.6263265306122449,0,25000,236,256,0.921875,4,49.01774217106926,0.15994048227934674
256,0.6263265306122449,1,25000,239,256,0.93359375,5,50.6641201915022,0.15594408573432988
256,0.6465306122448979,0,25000,238,256,0.9296875,5,51.30043229565837,0.15355937995315894
256,0.6465306122448979,1,25000,239,256,0.93359375,6,50.463031957531534,0.15668925909439999
256,0.666734693877551,0,25000,238,256,0.9296875,8,52.501186936172886,0.15079138591657593
256,0.666734693877551,1,25000,236,256,0.921875,9,53.000545414880825,0.14954027718097315
256,0.6869387755102041,0,25000,238,256,0.9296875,3,51.898750388153786,0.14898774735391637
256,0.6869387755102041,1,25000,236,256,0.921875,10,58.48847868862081,0.13721665422549967
256,0.7071428571428571,0,25000,246,256,0.9609375,4,55.04433159056083,0.14293216624382674
256,0.7071428571428571,1,25000,240,256,0.9375,6,59.49839101474815,0.13249375532616253
256,0.7273469387755102,0,25000,240,256,0.9375,6,59.6395195105872,0.1305029154806165
256,0.7273469387755102,1,25000,244,256,0.953125,17,79.63611179829931,0.049268435178306286
256,0.7475510204081632,0,25000,246,256,0.9609375,8,65.70650766727971,0.05527039629933818
256,0.7475510204081632,1,25000,248,256,0.96875,9,71.55528108316427,0.055141273412302245
256,0.7677551020408163,0,25000,244,256,0.953125,13,76.65110267815938,0.04797078782099863
256,0.7677551020408163,1,25000,247,256,0.96484375,9,78.68745239831901,0.045486656116101545
256,0.7879591836734694,0,25000,248,256,0.96875,8,82.33589766420329,0.04178271579489859
256,0.7879591836734694,1,25000,247,256,0.96484375,10,83.71784322896534,0.03803635234876397
256,0.8081632653061224,0,25000,246,256,0.9609375,12,83.16425435248783,0.03894408159035567
256,0.8081632653061224,1,25000,246,256,0.9609375,12,83.16187654197896,0.0389945849580321
256,0.8283673469387755,0,25000,243,256,0.94921875,13,83.04477265073695,0.038554720840194776
256,0.8283673469387755,1,25000,246,256,0.9609375,16,83.47282549864377,0.0389145606942338
256,0.8485714285714285,0,25000,253,256,0.98828125,9,84.65763257616345,0.03849975403979165
256,0.8485714285714285,1,25000,244,256,0.953125,12,82.7760280606681,0.038944801239234106
256,0.8687755102040816,0,25000,251,256,0.98046875,9,84.04778331543056,0.038338506180302365
256,0.8687755102040816,1,25000,244,256,0.953125,11,81.17096991315614,0.04014482087230181
256,0.8889795918367347,0,25000,250,256,0.9765625,15,82.0433270458072,0.040712787709784634
256,0.8889795918367347,1,25000,245,256,0.95703125,13,81.54704402318711,0.0397187190628543
256,0.9091836734693878,0,25000,250,256,0.9765625,13,82.09829478069283,0.039713200271013015
256,0.9091836734693878,1,25000,250,256,0.9765625,14,81.77167461982614,0.040291761389124894
256,0.9293877551020407,0,25000,248,256,0.96875,14,78.8239470324844,0.043374500040844394
256,0.9293877551020407,1,25000,250,256,0.9765625,15,80.65163918125413,0.04158551893394265
256,0.9495918367346938,0,25000,249,256,0.97265625,16,80.38342099784676,0.042800714604738124
256,0.9495918367346938,1,25000,248,256,0.96875,14,80.90372435057795,0.04182694729106716
256,0.9697959183673469,0,25000,253,256,0.98828125,4,85.14183448705717,0.03750426934762889
256,0.9697959183673469,1,25000,249,256,0.97265625,11,84.26892234019452,0.038010824246097155
256,0.99,0,25000,254,256,0.9921875,10,85.6615424572908,0.03726151787803782
256,0.99,1,25000,256,256,1.0,2,86.12389216726586,0.03706898652989532
272,0.0,0,25000,73,272,0.26838235294117646,27,31.204502818640556,0.12290603506281664
272,0.0,1,25000,74,272,0.27205882352941174,28,30.051376186971183,0.12297041627000033
272,0.02020408163265306,0,25000,99,272,0.3639705882352941,31,35.98543206529342,0.10412700032295508
272,0.02020408163265306,1,25000,99,272,0.3639705882352941,27,35.96412497706435,0.13081639124879285
272,0.04040816326530612,0,25000,137,272,0.5036764705882353,24,41.602018378943995,0.12082989592599563
272,0.04040816326530612,1,25000,139,272,0.5110294117647058,27,42.145288486736234,0.13023993828703617
272,0.06061224489795918,0,25000,168,272,0.6176470588235294,23,48.47275669081217,0.11493273375245659
272,0.06061224489795918,1,25000,169,272,0.6213235294117647,22,48.04366929529058,0.12208469065275496
272,0.08081632653061224,0,25000,190,272,0.6985294117647058,20,55.17951216762146,0.10774415042151009
272,0.08081632653061224,1,25000,194,272,0.7132352941176471,23,56.51456433300235,0.11136007000587962
272,0.1010204081632653,0,25000,199,272,0.7316176470588235,24,60.52624972270318,0.09677370691685426
272,0.1010204081632653,1,25000,201,272,0.7389705882352942,25,60.93706347342285,0.09860705803236312
272,0.12122448979591836,0,25000,202,272,0.7426470588235294,25,63.49242032989746,0.08990967986157175
272,0.12122448979591836,1,25000,201,272,0.7389705882352942,26,62.730815471480824,0.09181894497334031
272,0.14142857142857143,0,25000,214,272,0.7867647058823529,33,66.55342110512524,0.08461907527552014
272,0.14142857142857143,1,25000,202,272,0.7426470588235294,29,64.98221997402652,0.08366037667286676
272,0.16163265306122448,0,25000,210,272,0.7720588235294118,30,67.49057774494551,0.07892952833445756
272,0.16163265306122448,1,25000,208,272,0.7647058823529411,27,67.21784893368593,0.07779066390683637
272,0.18183673469387754,0,25000,214,272,0.7867647058823529,25,69.27176307795752,0.0727735185933511
272,0.18183673469387754,1,25000,213,272,0.7830882352941176,30,69.25337481610265,0.07344328982617401
272,0.2020408163265306,0,25000,216,272,0.7941176470588235,23,70.66568074902655,0.06917898014299127
272,0.2020408163265306,1,25000,219,272,0.8051470588235294,26,70.98490856273247,0.06950658754978013
272,0.22224489795918367,0,25000,222,272,0.8161764705882353,27,72.41838495749714,0.06439075467249238
272,0.22224489795918367,1,25000,223,272,0.8198529411764706,25,71.8802391633823,0.0674422406943737
272,0.24244897959183673,0,25000,225,272,0.8272058823529411,26,73.52420693733858,0.06219283213265847
272,0.24244897959183673,1,25000,226,272,0.8308823529411765,32,73.41663961682528,0.06361118793618517
272,0.2626530612244898,0,25000,222,272,0.8161764705882353,24,73.56228667053153,0.0580431082456982
272,0.2626530612244898,1,25000,229,272,0.8419117647058824,25,75.01662490156687,0.059243061297852784
272,0.28285714285714286,0,25000,231,272,0.8492647058823529,24,76.21849031318325,0.05404295320588297
272,0.28285714285714286,1,25000,232,272,0.8529411764705882,27,75.96560113263914,0.05618093820445094
272,0.3030612244897959,0,25000,233,272,0.8566176470588235,23,76.81268532394104,0.052426688426219135
272,0.3030612244897959,1,25000,228,272,0.8382352941176471,26,75.76289525705886,0.053002678814846785
272,0.32326530612244897,0,25000,236,272,0.8676470588235294,20,78.19829345894443,0.0487101091101886
272,0.32326530612244897,1,25000,229,272,0.8419117647058824,20,77.10862745407324,0.05080684186856432
272,0.34346938775510205,0,25000,246,272,0.9044117647058824,26,75.79413525752287,0.05076075912344441
272,0.34346938775510205,1,25000,241,272,0.8860294117647058,28,74.25095346965045,0.0510469878605187
272,0.3636734693877551,0,25000,245,272,0.9007352941176471,6,73.90081700650606,0.05350669646235028
272,0.3636734693877551,1,25000,246,272,0.9044117647058824,8,73.0412375888413,0.0541627483762825
272,0.38387755102040816,0,25000,246,272,0.9044117647058824,7,66.5732760380356,0.07143559256894322
272,0.38387755102040816,1,25000,242,272,0.8897058823529411,2,63.849655185588794,0.07543887860829719
272,0.4040816326530612,0,25000,242,272,0.8897058823529411,3,59.74475377737869,0.08461747796301697
272,0.4040816326530612,1,25000,252,272,0.9264705882352942,5,60.47524531041239,0.08524603408132511
272,0.42428571428571427,0,25000,252,272,0.9264705882352942,5,54.01698862093076,0.11188453995819578
272,0.42428571428571427,1,25000,244,272,0.8970588235294118,5,53.806485748490054,0.11174555866641561
272,0.44448979591836735,0,25000,243,272,0.8933823529411765,4,50.98780126998973,0.1315718608892454
272,0.44448979591836735,1,25000,255,272,0.9375,3,52.84141961237118,0.13162428389822556
272,0.4646938775510204,0,25000,251,272,0.9227941176470589,6,51.60326638512781,0.1414712865375236
272,0.4646938775510204,1,25000,251,272,0.9227941176470589,5,51.47874160175179,0.14086733122684753
272,0.48489795918367345,0,25000,255,272,0.9375,6,52.40080066839826,0.14625566959746153
272,0.48489795918367345,1,25000,252,272,0.9264705882352942,5,52.18078768149353,0.14417322727711507
272,0.5051020408163265,0,25000,246,272,0.9044117647058824,5,51.68155080815876,0.15004762861177376
272,0.5051020408163265,1,25000,255,272,0.9375,4,52.07281254445057,0.14718129867523727
272,0.5253061224489796,0,25000,256,272,0.9411764705882353,4,52.32726049062997,0.15255006527329745
272,0.5253061224489796,1,25000,248,272,0.9117647058823529,5,51.641363292749574,0.1501699540997076
272,0.5455102040816326,0,25000,256,272,0.9411764705882353,5,52.923250244074865,0.15159314728560636
272,0.5455102040816326,1,25000,253,272,0.9301470588235294,5,51.822277624240485,0.15387299347239053
272,0.5657142857142857,0,25000,252,272,0.9264705882352942,8,52.85190398666467,0.15103337839913716
272,0.5657142857142857,1,25000,251,272,0.9227941176470589,7,51.86639314894948,0.1555772676959807
272,0.5859183673469388,0,25000,248,272,0.9117647058823529,5,53.95781896075741,0.1504026154144226
272,0.5859183673469388,1,25000,252,272,0.9264705882352942,6,52.398414372167686,0.1558789741758832
272,0.6061224489795918,0,25000,253,272,0.9301470588235294,5,55.181416621904745,0.14781181545782524
272,0.6061224489795918,1,25000,256,272,0.9411764705882353,6,53.226620639671594,0.15492219429764986
272,0.6263265306122449,0,25000,256,272,0.9411764705882353,5,54.22623675836988,0.15188189758796972
272,0.6263265306122449,1,25000,250,272,0.9191176470588235,6,52.64184342962576,0.15443682866147038
272,0.6465306122448979,0,25000,259,272,0.9522058823529411,8,56.056005697958724,0.147901128116243
272,0.6465306122448979,1,25000,251,272,0.9227941176470589,6,53.08976678095352,0.1527551575388218
272,0.666734693877551,0,25000,257,272,0.9448529411764706,6,62.92203781002321,0.13291256311732047
272,0.666734693877551,1,25000,257,272,0.9448529411764706,4,55.40630093310584,0.1472610283863195
272,0.6869387755102041,0,25000,256,272,0.9411764705882353,4,61.533854255314274,0.13419926968666754
272,0.6869387755102041,1,25000,258,272,0.9485294117647058,4,56.9237443250025,0.14257931922021375
272,0.7071428571428571,0,25000,253,272,0.9301470588235294,7,62.84604025686522,0.12893119082843552
272,0.7071428571428571,1,25000,252,272,0.9264705882352942,5,58.78479336157298,0.13577165921592896
272,0.7273469387755102,0,25000,253,272,0.9301470588235294,10,63.16853475365414,0.1292709694744999
272,0.7273469387755102,1,25000,252,272,0.9264705882352942,19,83.86965013102335,0.04838099782085478
272,0.7475510204081632,0,25000,264,272,0.9705882352941176,9,72.94365851693165,0.05427271728444803
272,0.7475510204081632,1,25000,270,272,0.9926470588235294,4,71.64990986178981,0.04777015257779771
272,0.7677551020408163,0,25000,265,272,0.9742647058823529,8,88.47900242799612,0.03807467040707619
272,0.7677551020408163,1,25000,262,272,0.9632352941176471,10,85.86800114272845,0.04280293151427532
272,0.7879591836734694,0,25000,262,272,0.9632352941176471,11,88.417476700857,0.03676210723915509
272,0.7879591836734694,1,25000,263,272,0.9669117647058824,10,88.69987314732536,0.03642469724102548
272,0.8081632653061224,0,25000,259,272,0.9522058823529411,10,87.63665189399379,0.03746057031779259
272,0.8081632653061224,1,25000,257,272,0.9448529411764706,17,86.8409683788882,0.03791745663224328
272,0.8283673469387755,0,25000,256,272,0.9411764705882353,15,86.59069855479578,0.037426186430304556
272,0.8283673469387755,1,25000,260,272,0.9558823529411765,12,87.87679047588568,0.037004914025048935
272,0.8485714285714285,0,25000,266,272,0.9779411764705882,11,88.60954129585204,0.037201853364049346
272,0.8485714285714285,1,25000,262,272,0.9632352941176471,10,87.29723691249197,0.03766430285434866
272,0.8687755102040816,0,25000,257,272,0.9448529411764706,16,86.30356990431622,0.03744451868653282
272,0.8687755102040816,1,25000,266,272,0.9779411764705882,10,88.0927901655056,0.03728609878374746
272,0.8889795918367347,0,25000,265,272,0.9742647058823529,11,87.86026161607805,0.037636722897020414
272,0.8889795918367347,1,25000,265,272,0.9742647058823529,11,86.99181483497186,0.03815750487187827
272,0.9091836734693878,0,25000,264,272,0.9705882352941176,15,85.5122436273887,0.039581944946422934
272,0.9091836734693878,1,25000,265,272,0.9742647058823529,7,86.06502227196546,0.03936331341311458
272,0.9293877551020407,0,25000,265,272,0.9742647058823529,11,84.36900611801933,0.040051820434346255
272,0.9293877551020407,1,25000,261,272,0.9595588235294118,18,81.80115594073301,0.04305211859146507
272,0.9495918367346938,0,25000,268,272,0.9852941176470589,11,81.10779190115494,0.042626371566261693
272,0.9495918367346938,1,25000,271,272,0.9963235294117647,11,83.74757071971186,0.04149950834793479
272,0.9697959183673469,0,25000,271,272,0.9963235294117647,4,91.1725285248365,0.035590525190331145
272,0.9697959183673469,1,25000,268,272,0.9852941176470589,4,90.53488340066866,0.03573867973340247
272,0.99,0,25000,269,272,0.9889705882352942,5,90.16096864786428,0.035755084481987526
272,0.99,1,25000,270,272,0.9926470588235294,1,90.80103665474834,0.03553284936228371
288,0.0,0,25000,83,288,0.2881944444444444,30,33.477489330865225,0.11852109340461334
288,0.0,1,25000,83,288,0.2881944444444444,32,33.584156091990025,0.13075975398657655
288,0.02020408163265306,0,25000,107,288,0.3715277777777778,31,38.68141352599173,0.10489005141777856
288,0.02020408163265306,1,25000,116,288,0.4027777777777778,33,40.25488102373518,0.10481106173051989
288,0.04040816326530612,0,25000,143,288,0.4965277777777778,25,44.90618608061672,0.11147086621793517
288,0.04040816326530612,1,25000,148,288,0.5138888888888888,25,46.240818062118606,0.1232715971337768
288,0.06061224489795918,0,25000,179,288,0.6215277777777778,23,53.85426137008468,0.10649280818395905
288,0.06061224489795918,1,25000,182,288,0.6319444444444444,26,54.13267552561323,0.11285647287956667
288,0.08081632653061224,0,25000,194,288,0.6736111111111112,20,59.60669064397317,0.09872685190927308
288,0.08081632653061224,1,25000,202,288,0.7013888888888888,26,61.55465374768252,0.10267129807782342
288,0.1010204081632653,0,25000,204,288,0.7083333333333334,27,65.64289387811152,0.08791615170318756
288,0.1010204081632653,1,25000,207,288,0.71875,25,65.26130640300201,0.09328921259868975
288,0.12122448979591836,0,25000,206,288,0.7152777777777778,29,67.63384544126859,0.07967116273515547
288,0.12122448979591836,1,25000,209,288,0.7256944444444444,26,67.54634404971813,0.08449976648745555
288,0.14142857142857143,0,25000,208,288,0.7222222222222222,29,68.87431206151332,0.07418267066468741
288,0.14142857142857143,1,25000,209,288,0.7256944444444444,27,68.67354895349857,0.07982325081391417
288,0.16163265306122448,0,25000,211,288,0.7326388888888888,26,70.08601796638773,0.07081714591648601
288,0.16163265306122448,1,25000,222,288,0.7708333333333334,30,70.88087673162872,0.07633245465194044
288,0.18183673469387754,0,25000,220,288,0.7638888888888888,28,71.88217124496637,0.06598300654700612
288,0.18183673469387754,1,25000,225,288,0.78125,28,72.7723276214515,0.0700667011057877
288,0.2020408163265306,0,25000,225,288,0.78125,25,74.55945631762799,0.061095666165538465
288,0.2020408163265306,1,25000,220,288,0.7638888888888888,22,72.51170305081456,0.06770311777347227
288,0.22224489795918367,0,25000,221,288,0.7673611111111112,26,75.05626315506998,0.05828572648078123
288,0.22224489795918367,1,25000,234,288,0.8125,29,75.57986738693224,0.06175916988688091
288,0.24244897959183673,0,25000,225,288,0.78125,23,76.22310570130571,0.05604002598228659
288,0.24244897959183673,1,25000,235,288,0.8159722222222222,29,76.67898995511347,0.059705902632011316
288,0.2626530612244898,0,25000,239,288,0.8298611111111112,29,78.7881799275535,0.05323390361301223
288,0.2626530612244898,1,25000,235,288,0.8159722222222222,21,78.7996184003197,0.056288355944036
288,0.28285714285714286,0,25000,236,288,0.8194444444444444,23,78.83031904469017,0.05194066949695912
288,0.28285714285714286,1,25000,237,288,0.8229166666666666,21,79.44432479207458,0.05284725112608654
288,0.3030612244897959,0,25000,247,288,0.8576388888888888,22,81.61319190373146,0.049682174588617525
288,0.3030612244897959,1,25000,237,288,0.8229166666666666,20,79.99307553365014,0.050379577707161144
288,0.32326530612244897,0,25000,236,288,0.8194444444444444,22,80.75768448268849,0.04700027097751383
288,0.32326530612244897,1,25000,247,288,0.8576388888888888,26,82.01449878543389,0.048022798188699034
288,0.34346938775510205,0,25000,248,288,0.8611111111111112,22,80.52283697123084,0.0465856739275162
288,0.34346938775510205,1,25000,248,288,0.8611111111111112,27,81.55497923857962,0.047785140867424386
288,0.3636734693877551,0,25000,266,288,0.9236111111111112,9,71.7645085468013,0.0547303792883306
288,0.3636734693877551,1,25000,270,288,0.9375,9,71.83816904731184,0.05636866450647888
288,0.38387755102040816,0,25000,260,288,0.9027777777777778,5,74.71620062178206,0.05922273632313954
288,0.38387755102040816,1,25000,257,288,0.8923611111111112,6,73.77236484256676,0.06010846595227645
288,0.4040816326530612,0,25000,257,288,0.8923611111111112,5,64.27946139597928,0.08039960476347568
288,0.4040816326530612,1,25000,265,288,0.9201388888888888,4,63.998437828575064,0.08248514251961127
288,0.42428571428571427,0,25000,255,288,0.8854166666666666,7,57.498111844947275,0.10682000428646743
288,0.42428571428571427,1,25000,267,288,0.9270833333333334,5,59.492888451506865,0.10585624097884809
288,0.44448979591836735,0,25000,263,288,0.9131944444444444,6,57.13148248850965,0.12579878083539184
288,0.44448979591836735,1,25000,266,288,0.9236111111111112,5,57.491003025578934,0.12526388673985522
288,0.4646938775510204,0,25000,260,288,0.9027777777777778,4,56.072562415794856,0.13513952546074737
288,0.4646938775510204,1,25000,258,288,0.8958333333333334,7,56.23931956915422,0.13496157265770756
288,0.48489795918367345,0,25000,273,288,0.9479166666666666,4,57.74811004458013,0.1397395449352632
288,0.48489795918367345,1,25000,271,288,0.9409722222222222,4,57.36043044487178,0.13885979541717447
288,0.5051020408163265,0,25000,265,288,0.9201388888888888,7,56.12994811841042,0.1446690894934622
288,0.5051020408163265,1,25000,267,288,0.9270833333333334,4,57.497306687087544,0.14130356891471907
288,0.5253061224489796,0,25000,266,288,0.9236111111111112,3,57.13453362596453,0.14607428213304993
288,0.5253061224489796,1,25000,265,288,0.9201388888888888,7,56.59857208642573,0.1462522855760207
288,0.5455102040816326,0,25000,263,288,0.9131944444444444,8,56.726613782299076,0.1482736869626065
288,0.5455102040816326,1,25000,266,288,0.9236111111111112,7,56.78833178159522,0.14820736827533354
288,0.5657142857142857,0,25000,262,288,0.9097222222222222,6,57.13838787593682,0.14916643190143763
288,0.5657142857142857,1,25000,269,288,0.9340277777777778,6,57.02751312985508,0.1498134418095246
288,0.5859183673469388,0,25000,262,288,0.9097222222222222,6,56.76626944772206,0.1492312071372447
288,0.5859183673469388,1,25000,266,288,0.9236111111111112,4,57.14629842609575,0.14984932941979934
288,0.6061224489795918,0,25000,261,288,0.90625,2,57.25275779276012,0.1476891692161636
288,0.6061224489795918,1,25000,274,288,0.9513888888888888,4,58.50838521592905,0.14847454762241075
288,0.6263265306122449,0,25000,269,288,0.9340277777777778,4,58.967559878932065,0.1457506748037072
288,0.6263265306122449,1,25000,264,288,0.9166666666666666,8,57.691718663910926,0.14720047695206326
288,0.6465306122448979,0,25000,265,288,0.9201388888888888,5,58.990653143026755,0.1441559937135865
288,0.6465306122448979,1,25000,257,288,0.8923611111111112,7,57.782026792375326,0.14485918153581578
288,0.666734693877551,0,25000,268,288,0.9305555555555556,6,60.270442099133696,0.14163504804335486
288,0.666734693877551,1,25000,273,288,0.9479166666666666,3,60.27992914726425,0.14158042696476206
288,0.6869387755102041,0,25000,269,288,0.9340277777777778,7,60.9437625635898,0.13686804728079932
288,0.6869387755102041,1,25000,261,288,0.90625,5,59.725427860751,0.13735650159655793
288,0.7071428571428571,0,25000,271,288,0.9409722222222222,5,61.99627772657867,0.1330044222649106
288,0.7071428571428571,1,25000,268,288,0.9305555555555556,5,63.15794660636138,0.13174613240293664
288,0.7273469387755102,0,25000,263,288,0.9131944444444444,22,87.27858204670031,0.04440466946319405
288,0.7273469387755102,1,25000,274,288,0.9513888888888888,12,85.410754129938,0.04648715725420845
288,0.7475510204081632,0,25000,280,288,0.9722222222222222,8,92.70766709683768,0.03932563641279371
288,0.7475510204081632,1,25000,273,288,0.9479166666666666,13,83.82056874642608,0.04389693123889334
288,0.7677551020408163,0,25000,278,288,0.9652777777777778,8,92.90511926147815,0.03772316736621903
288,0.7677551020408163,1,25000,273,288,0.9479166666666666,13,89.88112314778434,0.03922876015037378
288,0.7879591836734694,0,25000,268,288,0.9305555555555556,18,91.55101112293201,0.03544131357740363
288,0.7879591836734694,1,25000,273,288,0.9479166666666666,16,93.51710924761969,0.034564221071191406
288,0.8081632653061224,0,25000,274,288,0.9513888888888888,14,92.31962277188325,0.03785132081106992
288,0.8081632653061224,1,25000,269,288,0.9340277777777778,17,91.63426213290924,0.03511532722346081
288,0.8283673469387755,0,25000,267,288,0.9270833333333334,16,90.92299310956204,0.03599465206181995
288,0.8283673469387755,1,25000,272,288,0.9444444444444444,14,92.15358798541851,0.035798053331475656
288,0.8485714285714285,0,25000,279,288,0.96875,9,92.35593735116228,0.03664526790103311
288,0.8485714285714285,1,25000,277,288,0.9618055555555556,10,93.13687082230466,0.0355340711634489
288,0.8687755102040816,0,25000,281,288,0.9756944444444444,10,93.94426160651679,0.035372288385861116
288,0.8687755102040816,1,25000,279,288,0.96875,12,92.90383207135801,0.035674784812279085
288,0.8889795918367347,0,25000,279,288,0.96875,12,90.17310887264509,0.03869156367469201
288,0.8889795918367347,1,25000,279,288,0.96875,10,92.11951459546428,0.03632723819496456
288,0.9091836734693878,0,25000,275,288,0.9548611111111112,14,89.04297510770624,0.039008766192911944
288,0.9091836734693878,1,25000,279,288,0.96875,12,89.25784221232064,0.038796882503623106
288,0.9293877551020407,0,25000,281,288,0.9756944444444444,14,87.68972415211638,0.040010334493103955
288,0.9293877551020407,1,25000,276,288,0.9583333333333334,18,85.40501265214024,0.04233170746177081
288,0.9495918367346938,0,25000,282,288,0.9791666666666666,12,83.72828476943667,0.04334991381969146
288,0.9495918367346938,1,25000,280,288,0.9722222222222222,14,86.16447275623199,0.04078396025642417
288,0.9697959183673469,0,25000,282,288,0.9791666666666666,5,94.92654832255496,0.03455568412737025
288,0.9697959183673469,1,25000,286,288,0.9930555555555556,3,95.56633770099411,0.03405641724306126
288,0.99,0,25000,286,288,0.9930555555555556,6,96.31125407059457,0.033645114192173364
288,0.99,1,25000,286,288,0.9930555555555556,4,95.87670084692286,0.033884743057114926
304,0.0,0,25000,93,304,0.3059210526315789,34,37.25041666908868,0.10956082151449972
304,0.0,1,25000,91,304,0.2993421052631579,37,38.29346251305864,0.09204506610255143
304,0.02020408163265306,0,25000,122,304,0.40131578947368424,34,43.93256918056518,0.11230609272141466
304,0.02020408163265306,1,25000,122,304,0.40131578947368424,32,44.06176639848823,0.10913008473948091
304,0.04040816326530612,0,25000,159,304,0.5230263157894737,25,50.71532274841651,0.1078403262457733
304,0.04040816326530612,1,25000,154,304,0.506578947368421,23,49.588768515079906,0.09876296593194095
304,0.06061224489795918,0,25000,189,304,0.6217105263157895,29,59.54785321151331,0.09032015478378502
304,0.06061224489795918,1,25000,187,304,0.6151315789473685,28,58.18837553038698,0.09803520622692077
304,0.08081632653061224,0,25000,207,304,0.680921052631579,27,65.14238125635859,0.08464467975276375
304,0.08081632653061224,1,25000,204,304,0.6710526315789473,31,64.51361645309586,0.09415616961084586
304,0.1010204081632653,0,25000,212,304,0.6973684210526315,27,68.27482308234732,0.07885325539736321
304,0.1010204081632653,1,25000,207,304,0.680921052631579,28,67.73286173407377,0.08572301068340908
304,0.12122448979591836,0,25000,208,304,0.6842105263157895,24,70.31926070600743,0.07489078226292259
304,0.12122448979591836,1,25000,204,304,0.6710526315789473,28,69.49715013682588,0.07734900316984164
304,0.14142857142857143,0,25000,216,304,0.7105263157894737,28,72.01103761122559,0.06995529815367674
304,0.14142857142857143,1,25000,220,304,0.7236842105263158,29,72.77432533311449,0.07339716538433223
304,0.16163265306122448,0,25000,222,304,0.7302631578947368,22,74.34857397827845,0.0658144542082307
304,0.16163265306122448,1,25000,223,304,0.7335526315789473,30,74.49817900648897,0.06922197629421901
304,0.18183673469387754,0,25000,225,304,0.7401315789473685,28,76.02397911171546,0.060903403203191236
304,0.18183673469387754,1,25000,227,304,0.7467105263157895,26,76.08246586619421,0.065124553418679
304,0.2020408163265306,0,25000,226,304,0.743421052631579,33,77.05843707985929,0.0570951126359717
304,0.2020408163265306,1,25000,229,304,0.7532894736842105,25,77.75441570001202,0.06068405755401236
304,0.22224489795918367,0,25000,230,304,0.756578947368421,26,79.14181978043305,0.05395164266813739
304,0.22224489795918367,1,25000,233,304,0.7664473684210527,21,78.81451565275982,0.057428945984276156
304,0.24244897959183673,0,25000,242,304,0.7960526315789473,25,81.40527517702805,0.05137025081167004
304,0.24244897959183673,1,25000,237,304,0.7796052631578947,25,80.62253531806664,0.05369036919010782
304,0.2626530612244898,0,25000,240,304,0.7894736842105263,22,81.7762362958816,0.04990797642297931
304,0.2626530612244898,1,25000,241,304,0.7927631578947368,18,81.34429349898727,0.05165665444792674
304,0.28285714285714286,0,25000,247,304,0.8125,21,83.81537208686977,0.04785346244487285
304,0.28285714285714286,1,25000,244,304,0.8026315789473685,20,83.10542301480477,0.04958845117643987
304,0.3030612244897959,0,25000,248,304,0.8157894736842105,22,83.51718486800829,0.047075895072494725
304,0.3030612244897959,1,25000,255,304,0.8388157894736842,22,85.52490315459656,0.04567691454878982
304,0.32326530612244897,0,25000,252,304,0.8289473684210527,14,86.22247538941637,0.04347993365828806
304,0.32326530612244897,1,25000,257,304,0.8453947368421053,25,86.88322687084795,0.04351522033665366
304,0.34346938775510205,0,25000,256,304,0.8421052631578947,19,86.7590598881462,0.04382581605687829
304,0.34346938775510205,1,25000,255,304,0.8388157894736842,19,86.49567698601105,0.04193241550303005
304,0.3636734693877551,0,25000,275,304,0.9046052631578947,15,69.91192208022561,0.05543848935658705
304,0.3636734693877551,1,25000,291,304,0.9572368421052632,9,72.57120547495111,0.052596416277183124
304,0.38387755102040816,0,25000,272,304,0.8947368421052632,4,78.96770033603164,0.0589116745688269
304,0.38387755102040816,1,25000,270,304,0.8881578947368421,6,77.55789250118931,0.05974146598352581
304,0.4040816326530612,0,25000,280,304,0.9210526315789473,7,70.93961853024683,0.07440543602786556
304,0.4040816326530612,1,25000,273,304,0.8980263157894737,4,69.1509298991219,0.0766242028969111
304,0.42428571428571427,0,25000,273,304,0.8980263157894737,4,63.32068455219,0.10083611148356192
304,0.42428571428571427,1,25000,273,304,0.8980263157894737,4,63.87243924664736,0.10062429929578608
304,0.44448979591836735,0,25000,277,304,0.9111842105263158,3,61.447341985594,0.12066305368023017
304,0.44448979591836735,1,25000,272,304,0.8947368421052632,6,61.04535924548215,0.1209726379335679
304,0.4646938775510204,0,25000,272,304,0.8947368421052632,5,60.67347724925796,0.1289962821829506
304,0.4646938775510204,1,25000,284,304,0.9342105263157895,5,63.050037611695174,0.1276075073791886
304,0.48489795918367345,0,25000,276,304,0.9078947368421053,6,60.98655662001707,0.13400228428615937
304,0.48489795918367345,1,25000,275,304,0.9046052631578947,5,61.065643164586284,0.13162275235742363
304,0.5051020408163265,0,25000,278,304,0.9144736842105263,9,61.3496777417358,0.13761439441675444
304,0.5051020408163265,1,25000,279,304,0.9177631578947368,10,62.02222434397267,0.13444398746545905
304,0.5253061224489796,0,25000,274,304,0.9013157894736842,6,61.61738143793015,0.13944155740067637
304,0.5253061224489796,1,25000,283,304,0.930921052631579,4,62.6913417256729,0.13830878977849764
304,0.5455102040816326,0,25000,282,304,0.9276315789473685,5,62.77258789565778,0.1408043824252903
304,0.5455102040816326,1,25000,278,304,0.9144736842105263,6,62.153554684236056,0.14000704071042874
304,0.5657142857142857,0,25000,282,304,0.9276315789473685,10,62.893218411340214,0.14126036233160427
304,0.5657142857142857,1,25000,279,304,0.9177631578947368,5,62.10949008000543,0.1418032672819673
304,0.5859183673469388,0,25000,276,304,0.9078947368421053,4,62.96173517744191,0.14061247457905715
304,0.5859183673469388,1,25000,270,304,0.8881578947368421,6,61.85661657140881,0.1402145381185092
304,0.6061224489795918,0,25000,279,304,0.9177631578947368,6,63.37818788744851,0.14020965221755283
304,0.6061224489795918,1,25000,281,304,0.9243421052631579,2,62.55337115203328,0.14146501052019111
304,0.6263265306122449,0,25000,281,304,0.9243421052631579,7,64.0435615018669,0.13843357611234214
304,0.6263265306122449,1,25000,281,304,0.9243421052631579,7,69.79830206123428,0.12677244488175293
304,0.6465306122448979,0,25000,287,304,0.944078947368421,3,66.7184584538416,0.13395091219090216
304,0.6465306122448979,1,25000,280,304,0.9210526315789473,5,66.2475862171733,0.1337869070732153
304,0.666734693877551,0,25000,277,304,0.9111842105263158,9,67.96318735260519,0.1275910503311436
304,0.666734693877551,1,25000,278,304,0.9144736842105263,6,64.74111619383844,0.1340549378287873
304,0.6869387755102041,0,25000,283,304,0.930921052631579,10,70.11407502227863,0.12248136380526137
304,0.6869387755102041,1,25000,278,304,0.9144736842105263,2,65.6397444001409,0.1313380781939863
304,0.7071428571428571,0,25000,289,304,0.9506578947368421,3,72.1131577706312,0.11996466560022842
304,0.7071428571428571,1,25000,286,304,0.9407894736842105,6,68.51254435520215,0.12530671658842493
304,0.7273469387755102,0,25000,282,304,0.9276315789473685,16,86.09026066987356,0.04392679888357181
304,0.7273469387755102,1,25000,294,304,0.9671052631578947,8,76.30181251566579,0.0464463437128118
304,0.7475510204081632,0,25000,286,304,0.9407894736842105,20,98.08256959446874,0.03341593151922245
304,0.7475510204081632,1,25000,293,304,0.9638157894736842,8,95.00808480361488,0.04045791104393263
304,0.7677551020408163,0,25000,288,304,0.9473684210526315,11,97.1426974487024,0.03580517134241366
304,0.7677551020408163,1,25000,284,304,0.9342105263157895,17,96.57578938009127,0.03434847972718759
304,0.7879591836734694,0,25000,283,304,0.930921052631579,17,98.02195376402368,0.033188633705082085
304,0.7879591836734694,1,25000,287,304,0.944078947368421,12,97.62539017373285,0.03386713623325821
304,0.8081632653061224,0,25000,294,304,0.9671052631578947,8,99.25740655111343,0.0337003212892866
304,0.8081632653061224,1,25000,294,304,0.9671052631578947,8,97.33425286946596,0.035219321834552716
304,0.8283673469387755,0,25000,297,304,0.9769736842105263,6,98.479641209351,0.0343395179775876
304,0.8283673469387755,1,25000,285,304,0.9375,16,96.74363956688762,0.034271304380132685
304,0.8485714285714285,0,25000,291,304,0.9572368421052632,13,97.75858994411307,0.03417050908700876
304,0.8485714285714285,1,25000,290,304,0.9539473684210527,12,97.47480509600797,0.03425576534326309
304,0.8687755102040816,0,25000,294,304,0.9671052631578947,9,96.5878015988757,0.035295410393950635
304,0.8687755102040816,1,25000,293,304,0.9638157894736842,11,97.32360989932428,0.03454940596982517
304,0.8889795918367347,0,25000,293,304,0.9638157894736842,12,95.13519864912284,0.03680116960850814
304,0.8889795918367347,1,25000,298,304,0.9802631578947368,6,95.65654059016,0.036817543620039035
304,0.9091836734693878,0,25000,297,304,0.9769736842105263,10,96.14829458978556,0.03736995547393698
304,0.9091836734693878,1,25000,295,304,0.9703947368421053,14,93.27844491345066,0.03896201207399698
304,0.9293877551020407,0,25000,293,304,0.9638157894736842,14,93.06325901880479,0.03933278954051192
304,0.9293877551020407,1,25000,293,304,0.9638157894736842,16,92.35957326066148,0.038583183619812056
304,0.9495918367346938,0,25000,297,304,0.9769736842105263,13,95.83823995275414,0.03638697293296111
304,0.9495918367346938,1,25000,296,304,0.9736842105263158,11,95.37592777786442,0.03691220110521825
304,0.9697959183673469,0,25000,301,304,0.9901315789473685,3,94.1196917133096,0.03680532050233836
304,0.9697959183673469,1,25000,301,304,0.9901315789473685,4,95.044729664304,0.03610036757243875
304,0.99,0,25000,304,304,1.0,1,101.86668609212401,0.03283307013129801
304,0.99,1,25000,304,304,1.0,3,101.31407746691471,0.0328047377450551
320,0.0,0,25000,99,320,0.309375,32,40.34190515245305,0.09819342200091724
320,0.0,1,25000,98,320,0.30625,35,40.382209612666806,0.08849955108313408
320,0.02020408163265306,0,25000,130,320,0.40625,37,47.61835054932143,0.08052123316065973
320,0.02020408163265306,1,25000,129,320,0.403125,31,47.338731199289995,0.09197594618230817
320,0.04040816326530612,0,25000,166,320,0.51875,30,55.3515771961375,0.10265008437691217
320,0.04040816326530612,1,25000,161,320,0.503125,33,54.21744326323475,0.1034772045012359
320,0.06061224489795918,0,25000,195,320,0.609375,28,63.085337837338784,0.09224178057184829
320,0.06061224489795918,1,25000,192,320,0.6,29,61.47374338681543,0.09328280744751656
320,0.08081632653061224,0,25000,209,320,0.653125,29,68.68082899189588,0.08396731158033477
320,0.08081632653061224,1,25000,200,320,0.625,23,66.51799450478141,0.08555403038778789
320,0.1010204081632653,0,25000,206,320,0.64375,21,69.8954994169834,0.07794189054609496
320,0.1010204081632653,1,25000,207,320,0.646875,23,70.83738491240487,0.07948207543400759
320,0.12122448979591836,0,25000,212,320,0.6625,29,72.44807037457466,0.07323199375828982
320,0.12122448979591836,1,25000,209,320,0.653125,27,72.78400222843315,0.07338994140647503
320,0.14142857142857143,0,25000,227,320,0.709375,25,76.61112191229896,0.06909071996931931
320,0.14142857142857143,1,25000,217,320,0.678125,31,75.45227492060897,0.0683965166462962
320,0.16163265306122448,0,25000,228,320,0.7125,20,78.64440712097907,0.06366141191396499
320,0.16163265306122448,1,25000,230,320,0.71875,24,78.43527474823149,0.06320455672222519
320,0.18183673469387754,0,25000,228,320,0.7125,23,78.71499244947024,0.06094227565999522
320,0.18183673469387754,1,25000,232,320,0.725,27,80.19458403939609,0.060624174929211266
320,0.2020408163265306,0,25000,239,320,0.746875,21,82.1752177872726,0.055322128376998334
320,0.2020408163265306,1,25000,237,320,0.740625,30,80.48462330607956,0.05744126887213645
320,0.22224489795918367,0,25000,249,320,0.778125,22,84.05703638122885,0.05126258087441528
320,0.22224489795918367,1,25000,243,320,0.759375,28,82.98681991330389,0.05359356507378594
320,0.24244897959183673,0,25000,249,320,0.778125,21,85.48285588151519,0.04868191454463065
320,0.24244897959183673,1,25000,247,320,0.771875,25,84.58861984112436,0.050732780913766026
320,0.2626530612244898,0,25000,257,320,0.803125,19,87.19858217506348,0.046590621775302966
320,0.2626530612244898,1,25000,242,320,0.75625,23,85.4191337977636,0.04727442732090192
320,0.28285714285714286,0,25000,251,320,0.784375,18,87.12275321542043,0.0459079038448688
320,0.28285714285714286,1,25000,257,320,0.803125,20,87.66698804831789,0.045568623583116113
320,0.3030612244897959,0,25000,256,320,0.8,23,88.8187735413273,0.04347631145634051
320,0.3030612244897959,1,25000,251,320,0.784375,15,87.34943610400997,0.04391772222018024
320,0.32326530612244897,0,25000,263,320,0.821875,20,89.97605883211067,0.04227644538688291
320,0.32326530612244897,1,25000,260,320,0.8125,19,89.89470118877298,0.04117594180082411
320,0.34346938775510205,0,25000,271,320,0.846875,19,91.99781647456281,0.04046279656417308
320,0.34346938775510205,1,25000,268,320,0.8375,25,91.49014598114177,0.039088705225976995
320,0.3636734693877551,0,25000,274,320,0.85625,19,81.30685701610955,0.04948320417595256
320,0.3636734693877551,1,25000,273,320,0.853125,23,85.18808955347998,0.04728780754730638
320,0.38387755102040816,0,25000,293,320,0.915625,7,63.86050246274502,0.08537599196689101
320,0.38387755102040816,1,25000,293,320,0.915625,6,65.83553860526112,0.08220564665643434
320,0.4040816326530612,0,25000,279,320,0.871875,5,73.91788496983668,0.07030011584831106
320,0.4040816326530612,1,25000,280,320,0.875,6,73.81818388076363,0.06945307896954764
320,0.42428571428571427,0,25000,289,320,0.903125,4,67.84977385778595,0.09562302200268721
320,0.42428571428571427,1,25000,293,320,0.915625,5,69.00457945862341,0.09269881872365807
320,0.44448979591836735,0,25000,280,320,0.875,4,65.29736861582664,0.11721484395519081
320,0.44448979591836735,1,25000,289,320,0.903125,3,65.75796305028496,0.11408080395427846
320,0.4646938775510204,0,25000,287,320,0.896875,4,66.01005928918538,0.12346430830629808
320,0.4646938775510204,1,25000,296,320,0.925,9,66.84673723766883,0.12380270585873282
320,0.48489795918367345,0,25000,292,320,0.9125,4,67.15035975876704,0.12699857353804303
320,0.48489795918367345,1,25000,283,320,0.884375,7,65.17468567524159,0.12972958760129333
320,0.5051020408163265,0,25000,297,320,0.928125,4,67.61319076367387,0.13035249587977799
320,0.5051020408163265,1,25000,299,320,0.934375,6,67.96599287626643,0.13113576234934213
320,0.5253061224489796,0,25000,295,320,0.921875,9,67.6761662757226,0.13163777453402695
320,0.5253061224489796,1,25000,289,320,0.903125,10,66.89318233411646,0.13351807310801667
320,0.5455102040816326,0,25000,292,320,0.9125,10,67.76719830415344,0.1319748996654168
320,0.5455102040816326,1,25000,300,320,0.9375,6,68.98090781150749,0.13477479207506166
320,0.5657142857142857,0,25000,297,320,0.928125,6,69.07007591907669,0.13221337984113493
320,0.5657142857142857,1,25000,298,320,0.93125,5,68.59803640726375,0.1360427960501799
320,0.5859183673469388,0,25000,292,320,0.9125,11,67.88442687617045,0.1353318251405199
320,0.5859183673469388,1,25000,287,320,0.896875,9,67.37058545410503,0.13578465310371976
320,0.6061224489795918,0,25000,291,320,0.909375,7,69.60916646622036,0.13024860781462338
320,0.6061224489795918,1,25000,292,320,0.9125,8,68.45488417439446,0.13424610880908033
320,0.6263265306122449,0,25000,296,320,0.925,10,70.18797649981663,0.13224858843281817
320,0.6263265306122449,1,25000,296,320,0.925,7,69.62567161406939,0.13267356312096204
320,0.6465306122448979,0,25000,292,320,0.9125,8,72.11722244844026,0.12512605166987636
320,0.6465306122448979,1,25000,296,320,0.925,3,68.7706568643685,0.1320559264656932
320,0.666734693877551,0,25000,295,320,0.921875,5,75.40299458170763,0.12002835933433495
320,0.666734693877551,1,25000,294,320,0.91875,8,69.39980188912193,0.13005977747187553
320,0.6869387755102041,0,25000,299,320,0.934375,6,73.4515981507668,0.121343630076064
320,0.6869387755102041,1,25000,288,320,0.9,10,71.58947627179836,0.1240199152899962
320,0.7071428571428571,0,25000,299,320,0.934375,5,74.82528345655892,0.11732983613909942
320,0.7071428571428571,1,25000,293,320,0.915625,12,75.21526178532568,0.116976462426573
320,0.7273469387755102,0,25000,310,320,0.96875,7,77.58750140672277,0.04654374260484722
320,0.7273469387755102,1,25000,302,320,0.94375,11,77.07543005146991,0.045566034227894216
320,0.7475510204081632,0,25000,302,320,0.94375,13,102.85217551958976,0.0319847056756329
320,0.7475510204081632,1,25000,306,320,0.95625,7,103.39677601571361,0.03247788551502198
320,0.7677551020408163,0,25000,305,320,0.953125,10,102.06053049874882,0.03532069802537452
320,0.7677551020408163,1,25000,300,320,0.9375,17,101.15710487097596,0.0345855290250784
320,0.7879591836734694,0,25000,297,320,0.928125,10,101.34563898439373,0.03388837701582417
320,0.7879591836734694,1,25000,304,320,0.95,15,102.85709873587993,0.03212038349028347
320,0.8081632653061224,0,25000,305,320,0.953125,10,103.40913487788619,0.03196885498361729
320,0.8081632653061224,1,25000,302,320,0.94375,12,102.51753257825135,0.0324858260361978
320,0.8283673469387755,0,25000,299,320,0.934375,18,101.71075776534974,0.032656986092315
320,0.8283673469387755,1,25000,302,320,0.94375,13,102.15167834077549,0.032830411385035514
320,0.8485714285714285,0,25000,302,320,0.94375,16,101.93240075069815,0.03269034654221278
320,0.8485714285714285,1,25000,303,320,0.946875,9,101.23457173350796,0.03389254300823384
320,0.8687755102040816,0,25000,304,320,0.95,17,100.82271753757965,0.033702391813413404
320,0.8687755102040816,1,25000,312,320,0.975,6,102.88753573731836,0.033785240177499294
320,0.8889795918367347,0,25000,306,320,0.95625,11,99.56396621445093,0.03555004372217242
320,0.8889795918367347,1,25000,312,320,0.975,7,100.86620720875055,0.03616768698912823
320,0.9091836734693878,0,25000,310,320,0.96875,13,98.29776157544222,0.03836223388546785
320,0.9091836734693878,1,25000,305,320,0.953125,12,99.6228636376555,0.03527021197343692
320,0.9293877551020407,0,25000,312,320,0.975,9,100.61134575221891,0.03671264342380706
320,0.9293877551020407,1,25000,311,320,0.971875,9,100.35230691880884,0.03651542423701908
320,0.9495918367346938,0,25000,318,320,0.99375,3,106.3096546487695,0.031109230275444277
320,0.9495918367346938,1,25000,313,320,0.978125,11,103.1580329979985,0.034493133711418864
320,0.9697959183673469,0,25000,313,320,0.978125,7,103.06576785248511,0.033950327019643046
320,0.9697959183673469,1,25000,314,320,0.98125,6,103.2280567425023,0.03412210627199693
320,0.99,0,25000,316,320,0.9875,4,105.13693576754689,0.03211382266394613
320,0.99,1,25000,317,320,0.990625,3,105.89102513688621,0.031523198994971316
32,0.0,0,25000,18,32,0.5625,13,6.1072108924303015,0.4073665614875601
32,0.0,1,25000,17,32,0.53125,13,6.055785996545879,0.42069108365021896
32,0.02020408163265306,0,25000,18,32,0.5625,16,6.37304074598911,0.40653749285525254
32,0.02020408163265306,1,25000,16,32,0.5,11,5.9157707508299815,0.42138854451531915
32,0.04040816326530612,0,25000,19,32,0.59375,16,6.780070562506588,0.403983156356033
32,0.04040816326530612,1,25000,17,32,0.53125,12,6.039280105324114,0.4177258891930048
32,0.06061224489795918,0,25000,20,32,0.625,19,6.875499397755316,0.39983423337911983
32,0.06061224489795918,1,25000,16,32,0.5,14,6.1478341248618955,0.4134996478241899
32,0.08081632653061224,0,25000,17,32,0.53125,15,6.350700773785881,0.4069569817663452
32,0.08081632653061224,1,25000,18,32,0.5625,16,6.596920431965025,0.40385262176691195
32,0.1010204081632653,0,25000,19,32,0.59375,19,7.044469013977688,0.3917614164471799
32,0.1010204081632653,1,25000,17,32,0.53125,15,6.485728217717276,0.40138254733143397
32,0.12122448979591836,0,25000,18,32,0.5625,18,6.966046086734202,0.3902703054437293
32,0.12122448979591836,1,25000,19,32,0.59375,19,7.149128963572641,0.38874757254874004
32,0.14142857142857143,0,25000,20,32,0.625,20,7.376578880077921,0.3826076431586737
32,0.14142857142857143,1,25000,19,32,0.59375,18,7.1899798075234305,0.3844959015686066
32,0.16163265306122448,0,25000,19,32,0.59375,19,7.260829797398115,0.383269517914511
32,0.16163265306122448,1,25000,19,32,0.59375,19,7.138762982859996,0.3852839545489602
32,0.18183673469387754,0,25000,21,32,0.65625,21,7.6420766931810284,0.37653386155894986
32,0.18183673469387754,1,25000,23,32,0.71875,23,7.9530588251250665,0.36815332731117884
32,0.2020408163265306,0,25000,18,32,0.5625,18,6.9721930159388785,0.38231753582324374
32,0.2020408163265306,1,25000,20,32,0.625,20,7.601593057908673,0.37144678167505735
32,0.22224489795918367,0,25000,17,32,0.53125,16,6.793046956862538,0.3880035378967541
32,0.22224489795918367,1,25000,21,32,0.65625,19,7.570839424003025,0.3728667856694061
32,0.24244897959183673,0,25000,19,32,0.59375,19,7.3044679936648,0.37650104807331497
32,0.24244897959183673,1,25000,21,32,0.65625,21,7.9915167428156,0.3624538999430889
32,0.2626530612244898,0,25000,20,32,0.625,20,7.635415344292472,0.367169704302441
32,0.2626530612244898,1,25000,19,32,0.59375,19,7.563435745174386,0.3653987756369276
32,0.28285714285714286,0,25000,19,32,0.59375,19,7.385498388289434,0.37039069698499705
32,0.28285714285714286,1,25000,21,32,0.65625,21,7.838233076256038,0.358406305932375
32,0.3030612244897959,0,25000,20,32,0.625,20,7.867093129468666,0.3604554065842763
32,0.3030612244897959,1,25000,20,32,0.625,20,7.561382827120358,0.36454362916967675
32,0.32326530612244897,0,25000,23,32,0.71875,23,8.281950531947057,0.35449391112114487
32,0.32326530612244897,1,25000,21,32,0.65625,21,7.98341837196584,0.35374818880243775
32,0.34346938775510205,0,25000,21,32,0.65625,21,7.8279684302705235,0.3587674666746534
32,0.34346938775510205,1,25000,21,32,0.65625,20,8.06426080341827,0.35052295541456685
32,0.3636734693877551,0,25000,23,32,0.71875,23,8.357085535308794,0.3522727061479419
32,0.3636734693877551,1,25000,20,32,0.625,20,7.891319027927731,0.3515482744848871
32,0.38387755102040816,0,25000,21,32,0.65625,21,8.028084663978506,0.351508644628806
32,0.38387755102040816,1,25000,20,32,0.625,20,7.828720202407197,0.35264944394445497
32,0.4040816326530612,0,25000,24,32,0.75,24,8.481228553338031,0.34288542540635025
32,0.4040816326530612,1,25000,23,32,0.71875,23,8.327955509881184,0.34390447649492595
32,0.42428571428571427,0,25000,21,32,0.65625,20,7.885565333621443,0.34851474623702655
32,0.42428571428571427,1,25000,22,32,0.6875,21,8.16483128963565,0.343922986549588
32,0.44448979591836735,0,25000,20,32,0.625,17,7.415044547630222,0.3493174232717504
32,0.44448979591836735,1,25000,19,32,0.59375,16,7.170201637531774,0.3532003640625203
32,0.4646938775510204,0,25000,22,32,0.6875,16,7.340743629404001,0.346562128987681
32,0.4646938775510204,1,25000,21,32,0.65625,17,7.205346212541351,0.34596146480891427
32,0.48489795918367345,0,25000,22,32,0.6875,14,6.61320608371331,0.3445275176653749
32,0.48489795918367345,1,25000,23,32,0.71875,15,6.5422588165626525,0.3500344834947834
32,0.5051020408163265,0,25000,25,32,0.78125,13,6.047697438140617,0.35372644263751774
32,0.5051020408163265,1,25000,25,32,0.78125,14,6.44558862454085,0.3437828985226032
32,0.5253061224489796,0,25000,25,32,0.78125,12,5.650409037356233,0.3573081194021115
32,0.5253061224489796,1,25000,26,32,0.8125,13,5.845549690031461,0.3460967207616934
32,0.5455102040816326,0,25000,28,32,0.875,13,5.573831222789114,0.3476167490702235
32,0.5455102040816326,1,25000,28,32,0.875,14,5.9681167263765476,0.34329960534784515
32,0.5657142857142857,0,25000,30,32,0.9375,11,5.1998493159205115,0.3601914834233403
32,0.5657142857142857,1,25000,29,32,0.90625,11,5.200911413454836,0.35860800763219125
32,0.5859183673469388,0,25000,29,32,0.90625,9,4.529803884720672,0.39058707054268915
32,0.5859183673469388,1,25000,27,32,0.84375,8,4.181348449716982,0.4071519178266784
32,0.6061224489795918,0,25000,31,32,0.96875,9,4.684483854619728,0.38163296509812294
32,0.6061224489795918,1,25000,30,32,0.9375,8,4.543579674021524,0.390858831972665
32,0.6263265306122449,0,25000,31,32,0.96875,6,4.096479601695605,0.4311342445046433
32,0.6263265306122449,1,25000,31,32,0.96875,8,4.4330688822548625,0.4020622977572168
32,0.6465306122448979,0,25000,31,32,0.96875,5,3.8712745548399354,0.45046974341289187
32,0.6465306122448979,1,25000,30,32,0.9375,5,3.8624914797757066,0.4536901141960009
32,0.666734693877551,0,25000,32,32,1.0,5,4.166180515942186,0.44543525215344637
32,0.666734693877551,1,25000,31,32,0.96875,4,3.824189245948008,0.4777373990591327
32,0.6869387755102041,0,25000,31,32,0.96875,3,4.143303497620088,0.48394447099396365
32,0.6869387755102041,1,25000,32,32,1.0,4,4.247040375410527,0.4693715597300091
32,0.7071428571428571,0,25000,32,32,1.0,2,4.653502450572355,0.4980423469874963
32,0.7071428571428571,1,25000,32,32,1.0,2,4.95685830796877,0.4871418005435843
32,0.7273469387755102,0,25000,32,32,1.0,12,6.518256090601095,0.4413752064810571
32,0.7273469387755102,1,25000,31,32,0.96875,23,7.078943950362964,0.41377324469827254
32,0.7475510204081632,0,25000,32,32,1.0,18,6.946223451253751,0.42254939752071907
32,0.7475510204081632,1,25000,32,32,1.0,23,7.146542467353596,0.4104797343369141
32,0.7677551020408163,0,25000,32,32,1.0,32,11.467334596978443,0.1933463089056733
32,0.7677551020408163,1,25000,32,32,1.0,28,7.660691155573552,0.37876717650162994
32,0.7879591836734694,0,25000,32,32,1.0,32,11.17883395148155,0.2005715706156756
32,0.7879591836734694,1,25000,32,32,1.0,32,11.457352755654107,0.18970219240502728
32,0.8081632653061224,0,25000,32,32,1.0,32,11.383957263878493,0.19360492196446816
32,0.8081632653061224,1,25000,32,32,1.0,32,11.336344841120644,0.1930349231411515
32,0.8283673469387755,0,25000,32,32,1.0,32,11.524063572914283,0.1885267899837344
32,0.8283673469387755,1,25000,32,32,1.0,32,11.360727545893152,0.19106035435823138
32,0.8485714285714285,0,25000,32,32,1.0,32,11.53961232867473,0.1893443606812905
32,0.8485714285714285,1,25000,32,32,1.0,32,11.47874960102462,0.18964258874091605
32,0.8687755102040816,0,25000,32,32,1.0,32,11.529589848358883,0.1881353552690126
32,0.8687755102040816,1,25000,32,32,1.0,32,11.427295695757348,0.19031368732650683
32,0.8889795918367347,0,25000,32,32,1.0,32,11.518597719488545,0.18787558896915232
32,0.8889795918367347,1,25000,32,32,1.0,32,11.420201552997026,0.19075792192070073
32,0.9091836734693878,0,25000,32,32,1.0,32,11.893974866490376,0.17960372226921847
32,0.9091836734693878,1,25000,32,32,1.0,32,11.680714003171524,0.18198861539072603
32,0.9293877551020407,0,25000,32,32,1.0,32,11.600996825821976,0.18446971464538597
32,0.9293877551020407,1,25000,32,32,1.0,32,11.775094329157742,0.18118216897988082
32,0.9495918367346938,0,25000,32,32,1.0,32,11.888657874437282,0.1785245898398264
32,0.9495918367346938,1,25000,32,32,1.0,32,11.941802810890803,0.17727143328532102
32,0.9697959183673469,0,25000,32,32,1.0,32,11.946076952281084,0.17806210005124495
32,0.9697959183673469,1,25000,32,32,1.0,32,11.846380886457329,0.1793625255204214
32,0.99,0,25000,32,32,1.0,32,11.93867778214754,0.17826382726772388
32,0.99,1,25000,32,32,1.0,32,11.891086962591176,0.17909816667857986
336,0.0,0,25000,104,336,0.30952380952380953,42,43.75882191570653,0.0887126427593952
336,0.0,1,25000,106,336,0.31547619047619047,33,44.30039744370562,0.08792904974853152
336,0.02020408163265306,0,25000,132,336,0.39285714285714285,31,50.75605956753729,0.10228612102468976
336,0.02020408163265306,1,25000,140,336,0.4166666666666667,34,51.77584858279469,0.09945370255964456
336,0.04040816326530612,0,25000,163,336,0.4851190476190476,25,57.42934820384346,0.09582396105432817
336,0.04040816326530612,1,25000,174,336,0.5178571428571429,26,58.89218057230659,0.09659003088777654
336,0.06061224489795918,0,25000,193,336,0.5744047619047619,30,65.35654322089327,0.08586555632955847
336,0.06061224489795918,1,25000,196,336,0.5833333333333334,30,65.84776930859445,0.0896429214012906
336,0.08081632653061224,0,25000,213,336,0.6339285714285714,26,71.47748991858042,0.0767780954729077
336,0.08081632653061224,1,25000,210,336,0.625,25,70.66759577545227,0.08564807890598794
336,0.1010204081632653,0,25000,208,336,0.6190476190476191,23,72.79249082351282,0.07198239142480373
336,0.1010204081632653,1,25000,216,336,0.6428571428571429,24,74.63571111865927,0.07596146913397103
336,0.12122448979591836,0,25000,216,336,0.6428571428571429,24,75.97115874247838,0.07024486901701416
336,0.12122448979591836,1,25000,222,336,0.6607142857142857,21,76.71986147502709,0.0697722901767382
336,0.14142857142857143,0,25000,223,336,0.6636904761904762,22,78.75168503601367,0.06312512060379608
336,0.14142857142857143,1,25000,222,336,0.6607142857142857,20,78.48642056075366,0.06550293796511274
336,0.16163265306122448,0,25000,234,336,0.6964285714285714,23,81.77986762498708,0.05926783358833307
336,0.16163265306122448,1,25000,220,336,0.6547619047619048,28,79.68453651522351,0.05899405509243883
336,0.18183673469387754,0,25000,240,336,0.7142857142857143,25,83.3447888778081,0.05598239503382001
336,0.18183673469387754,1,25000,239,336,0.7113095238095238,22,82.92158642467803,0.05614584465921227
336,0.2020408163265306,0,25000,234,336,0.6964285714285714,18,83.42599547448253,0.05318657568610155
336,0.2020408163265306,1,25000,240,336,0.7142857142857143,24,84.73119221106755,0.05161345573278592
336,0.22224489795918367,0,25000,252,336,0.75,21,87.57889805760371,0.049354541265028334
336,0.22224489795918367,1,25000,243,336,0.7232142857142857,23,85.3158810019092,0.04986503851889751
336,0.24244897959183673,0,25000,257,336,0.7648809523809523,23,89.21627384257565,0.04828591368707765
336,0.24244897959183673,1,25000,245,336,0.7291666666666666,21,87.56104898991629,0.04618482615306169
336,0.2626530612244898,0,25000,254,336,0.7559523809523809,21,89.09003971779876,0.04616444139387971
336,0.2626530612244898,1,25000,258,336,0.7678571428571429,24,90.38834900340044,0.0436954738892721
336,0.28285714285714286,0,25000,268,336,0.7976190476190477,22,92.68504395945243,0.04203485077252429
336,0.28285714285714286,1,25000,263,336,0.7827380952380952,23,92.1218512709596,0.04213153334504864
336,0.3030612244897959,0,25000,265,336,0.7886904761904762,20,92.50281609243646,0.042750296160074155
336,0.3030612244897959,1,25000,271,336,0.8065476190476191,19,94.07291118831863,0.03938745143216367
336,0.32326530612244897,0,25000,271,336,0.8065476190476191,17,94.31813280727214,0.039596397038185
336,0.32326530612244897,1,25000,267,336,0.7946428571428571,20,94.11421836528632,0.037978294156836734
336,0.34346938775510205,0,25000,275,336,0.8184523809523809,18,95.8237482331856,0.037357926523148996
336,0.34346938775510205,1,25000,259,336,0.7708333333333334,18,93.51083805695608,0.03679765783932298
336,0.3636734693877551,0,25000,270,336,0.8035714285714286,19,93.9301439338362,0.04033142673706999
336,0.3636734693877551,1,25000,280,336,0.8333333333333334,16,94.88868911909046,0.041014536308888426
336,0.38387755102040816,0,25000,298,336,0.8869047619047619,14,66.95327620456796,0.06957185033812571
336,0.38387755102040816,1,25000,308,336,0.9166666666666666,14,66.63317324715767,0.06888868784895831
336,0.4040816326530612,0,25000,291,336,0.8660714285714286,8,80.27504517971123,0.06478313998168278
336,0.4040816326530612,1,25000,298,336,0.8869047619047619,5,80.86540114683416,0.06438039481675181
336,0.42428571428571427,0,25000,297,336,0.8839285714285714,8,73.82282181961821,0.08642977406691053
336,0.42428571428571427,1,25000,299,336,0.8898809523809523,5,74.05349319982597,0.08502427059772412
336,0.44448979591836735,0,25000,302,336,0.8988095238095238,10,71.79364968074015,0.10843712710414402
336,0.44448979591836735,1,25000,298,336,0.8869047619047619,9,71.19785109572025,0.10846649043076817
336,0.4646938775510204,0,25000,303,336,0.9017857142857143,5,72.08662093574947,0.11860630338223715
336,0.4646938775510204,1,25000,299,336,0.8898809523809523,6,71.31474714944275,0.11886264795018509
336,0.48489795918367345,0,25000,301,336,0.8958333333333334,7,72.0219071889453,0.12307680958993292
336,0.48489795918367345,1,25000,300,336,0.8928571428571429,7,71.58277403231476,0.12331470427774026
336,0.5051020408163265,0,25000,295,336,0.8779761904761905,9,70.79315864444149,0.12683801674184214
336,0.5051020408163265,1,25000,307,336,0.9136904761904762,10,72.6473511005396,0.12556033063829508
336,0.5253061224489796,0,25000,304,336,0.9047619047619048,9,73.09188532626706,0.12758967286105238
336,0.5253061224489796,1,25000,302,336,0.8988095238095238,6,72.75242571920221,0.12733639918074882
336,0.5455102040816326,0,25000,307,336,0.9136904761904762,5,73.79087650906622,0.128177866544328
336,0.5455102040816326,1,25000,301,336,0.8958333333333334,10,72.24826698336128,0.12902017510088598
336,0.5657142857142857,0,25000,306,336,0.9107142857142857,9,73.61617601950209,0.12946993536230048
336,0.5657142857142857,1,25000,306,336,0.9107142857142857,10,73.70336260642678,0.12947539232072952
336,0.5859183673469388,0,25000,314,336,0.9345238095238095,5,74.02501981079631,0.1296042359317007
336,0.5859183673469388,1,25000,309,336,0.9196428571428571,4,74.03806269606554,0.12938380639971486
336,0.6061224489795918,0,25000,313,336,0.9315476190476191,4,74.55685744742966,0.129286659829283
336,0.6061224489795918,1,25000,304,336,0.9047619047619048,9,73.81682994762163,0.12912666430606204
336,0.6263265306122449,0,25000,306,336,0.9107142857142857,9,74.26852072363664,0.12820926963536106
336,0.6263265306122449,1,25000,303,336,0.9017857142857143,6,74.32629119771676,0.12566902423023346
336,0.6465306122448979,0,25000,311,336,0.9255952380952381,5,74.37636500497237,0.12671433964497208
336,0.6465306122448979,1,25000,310,336,0.9226190476190477,4,75.15509275642813,0.1260136048302966
336,0.666734693877551,0,25000,312,336,0.9285714285714286,5,75.88335150057455,0.12333189532055788
336,0.666734693877551,1,25000,306,336,0.9107142857142857,6,75.81795497393092,0.12293149578133182
336,0.6869387755102041,0,25000,308,336,0.9166666666666666,6,77.05961406547655,0.11940615700355871
336,0.6869387755102041,1,25000,308,336,0.9166666666666666,11,79.6002376105759,0.11484149968235088
336,0.7071428571428571,0,25000,319,336,0.9494047619047619,4,79.65376944066712,0.11489909175826282
336,0.7071428571428571,1,25000,310,336,0.9226190476190477,8,80.57136851792703,0.11133301086176645
336,0.7273469387755102,0,25000,318,336,0.9464285714285714,8,82.42852865258607,0.04574237865681878
336,0.7273469387755102,1,25000,316,336,0.9404761904761905,12,84.34218480922073,0.043334318001701545
336,0.7475510204081632,0,25000,314,336,0.9345238095238095,14,104.76392815444422,0.03570730406091058
336,0.7475510204081632,1,25000,310,336,0.9226190476190477,16,105.98799344683457,0.033363532985105346
336,0.7677551020408163,0,25000,313,336,0.9315476190476191,12,103.5394121446167,0.035155512676237496
336,0.7677551020408163,1,25000,320,336,0.9523809523809523,12,107.57172434345406,0.03262187509707676
336,0.7879591836734694,0,25000,316,336,0.9404761904761905,15,107.55246492470114,0.031142207560250726
336,0.7879591836734694,1,25000,308,336,0.9166666666666666,15,105.55216434886202,0.03159956448758179
336,0.8081632653061224,0,25000,314,336,0.9345238095238095,16,106.53039163815266,0.032192991417371405
336,0.8081632653061224,1,25000,321,336,0.9553571428571429,7,108.3586428617923,0.031442991307470705
336,0.8283673469387755,0,25000,323,336,0.9613095238095238,8,106.830264810062,0.03277766724121654
336,0.8283673469387755,1,25000,313,336,0.9315476190476191,10,104.85854333078296,0.032764825980056866
336,0.8485714285714285,0,25000,321,336,0.9553571428571429,16,105.76833520799886,0.03357078875828677
336,0.8485714285714285,1,25000,320,336,0.9523809523809523,11,106.68621678715553,0.0323310850963579
336,0.8687755102040816,0,25000,326,336,0.9702380952380952,10,107.07928015690248,0.03377501499041863
336,0.8687755102040816,1,25000,318,336,0.9464285714285714,11,105.77257356337005,0.03421302459538632
336,0.8889795918367347,0,25000,325,336,0.9672619047619048,6,106.77673788340533,0.03268590733575481
336,0.8889795918367347,1,25000,331,336,0.9851190476190477,8,107.62048774374088,0.03437466058064369
336,0.9091836734693878,0,25000,325,336,0.9672619047619048,10,106.43115080193482,0.03486251144762823
336,0.9091836734693878,1,25000,326,336,0.9702380952380952,9,104.80761311753679,0.03694237498978249
336,0.9293877551020407,0,25000,326,336,0.9702380952380952,7,107.63627252862187,0.032036342473091436
336,0.9293877551020407,1,25000,320,336,0.9523809523809523,12,108.00177054495508,0.03152588487342715
336,0.9495918367346938,0,25000,328,336,0.9761904761904762,8,109.17671396739034,0.031139849223901922
336,0.9495918367346938,1,25000,325,336,0.9672619047619048,11,108.81940340879055,0.031223069352559262
336,0.9697959183673469,0,25000,327,336,0.9732142857142857,5,109.29174258327056,0.031184867166036027
336,0.9697959183673469,1,25000,329,336,0.9791666666666666,4,110.09501721446284,0.03053464012281268
336,0.99,0,25000,331,336,0.9851190476190477,4,110.57937653950866,0.03068855250212249
336,0.99,1,25000,329,336,0.9791666666666666,6,109.92341857501086,0.030661681820716376
352,0.0,0,25000,113,352,0.3210227272727273,36,46.779088876985256,0.09729089413295793
352,0.0,1,25000,114,352,0.32386363636363635,38,47.64928173620425,0.08065612131392208
352,0.02020408163265306,0,25000,145,352,0.4119318181818182,30,53.68926042258354,0.09569938282092719
352,0.02020408163265306,1,25000,139,352,0.39488636363636365,30,53.24207708807583,0.07424541976681483
352,0.04040816326530612,0,25000,175,352,0.4971590909090909,31,62.122450499391675,0.08848373136728394
352,0.04040816326530612,1,25000,178,352,0.5056818181818182,29,61.023918075686396,0.08128522815934872
352,0.06061224489795918,0,25000,195,352,0.5539772727272727,31,67.40410879383123,0.08116295232625603
352,0.06061224489795918,1,25000,197,352,0.5596590909090909,29,67.60027612814497,0.07333719297357114
352,0.08081632653061224,0,25000,202,352,0.5738636363636364,24,72.21073897035112,0.07443184656818386
352,0.08081632653061224,1,25000,207,352,0.5880681818181818,28,72.05530672494473,0.07868054826517837
352,0.1010204081632653,0,25000,218,352,0.6193181818181818,24,77.62388094034725,0.0666147740552783
352,0.1010204081632653,1,25000,212,352,0.6022727272727273,27,75.52999414593164,0.07250460964069444
352,0.12122448979591836,0,25000,227,352,0.6448863636363636,28,80.08675056413848,0.06438775642333254
352,0.12122448979591836,1,25000,220,352,0.625,29,78.4714965299205,0.06889928773600162
352,0.14142857142857143,0,25000,223,352,0.6335227272727273,27,81.60172532656172,0.059422940356333886
352,0.14142857142857143,1,25000,231,352,0.65625,21,82.34022088554661,0.06268691850451433
352,0.16163265306122448,0,25000,236,352,0.6704545454545454,27,84.7167784187019,0.05478145549312036
352,0.16163265306122448,1,25000,233,352,0.6619318181818182,24,83.96667401763678,0.057110664731441246
352,0.18183673469387754,0,25000,245,352,0.6960227272727273,21,86.89489557114622,0.05198957584301367
352,0.18183673469387754,1,25000,245,352,0.6960227272727273,22,86.13360565718574,0.05449144410960612
352,0.2020408163265306,0,25000,245,352,0.6960227272727273,18,88.29808434635072,0.04916183979903103
352,0.2020408163265306,1,25000,242,352,0.6875,22,86.88221763442618,0.05184345117581332
352,0.22224489795918367,0,25000,253,352,0.71875,18,90.47667101905562,0.049258205267511686
352,0.22224489795918367,1,25000,248,352,0.7045454545454546,22,90.011212722468,0.04601341246746057
352,0.24244897959183673,0,25000,265,352,0.7528409090909091,17,93.56049090980788,0.04601013929540873
352,0.24244897959183673,1,25000,256,352,0.7272727272727273,16,91.63435317220605,0.04221877161010617
352,0.2626530612244898,0,25000,261,352,0.7414772727272727,17,93.27174440232378,0.0419950790925671
352,0.2626530612244898,1,25000,267,352,0.7585227272727273,16,95.32263735678825,0.0389655059250165
352,0.28285714285714286,0,25000,269,352,0.7642045454545454,26,95.27797516703075,0.040302674446005674
352,0.28285714285714286,1,25000,273,352,0.7755681818181818,24,96.18043369828932,0.03771552984940588
352,0.3030612244897959,0,25000,273,352,0.7755681818181818,19,96.64114286403363,0.038608216494568914
352,0.3030612244897959,1,25000,271,352,0.7698863636363636,20,96.52431639349626,0.037317054668362416
352,0.32326530612244897,0,25000,272,352,0.7727272727272727,24,97.19550520216578,0.0370076374237082
352,0.32326530612244897,1,25000,283,352,0.8039772727272727,17,99.43466408608717,0.035493315289170504
352,0.34346938775510205,0,25000,289,352,0.8210227272727273,18,101.05286433449862,0.03588440631762411
352,0.34346938775510205,1,25000,274,352,0.7784090909090909,20,98.6308958632197,0.03450152027963138
352,0.3636734693877551,0,25000,289,352,0.8210227272727273,17,100.95115052945218,0.03561710344056066
352,0.3636734693877551,1,25000,293,352,0.8323863636363636,15,102.57291751788256,0.03442973643635778
352,0.38387755102040816,0,25000,294,352,0.8352272727272727,16,91.21701577454755,0.05561854662005771
352,0.38387755102040816,1,25000,293,352,0.8323863636363636,18,90.02634249395368,0.051769416336898036
352,0.4040816326530612,0,25000,326,352,0.9261363636363636,5,66.81368691172239,0.09353866494620773
352,0.4040816326530612,1,25000,331,352,0.9403409090909091,7,53.01444028543048,0.09302199603967788
352,0.42428571428571427,0,25000,303,352,0.8607954545454546,8,79.29345050055923,0.07694424980141493
352,0.42428571428571427,1,25000,308,352,0.875,5,79.92879545630045,0.07688818797713173
352,0.44448979591836735,0,25000,315,352,0.8948863636363636,8,77.66519691967707,0.10340784282918845
352,0.44448979591836735,1,25000,319,352,0.90625,4,78.2016889412651,0.1020710238242834
352,0.4646938775510204,0,25000,315,352,0.8948863636363636,7,77.89913186113716,0.11315923652856552
352,0.4646938775510204,1,25000,316,352,0.8977272727272727,5,76.90905854593883,0.11352735463385828
352,0.48489795918367345,0,25000,309,352,0.8778409090909091,6,76.6673144742077,0.11781032105927464
352,0.48489795918367345,1,25000,320,352,0.9090909090909091,3,78.54202201624076,0.11761681326299077
352,0.5051020408163265,0,25000,317,352,0.9005681818181818,9,77.9098505707787,0.12077597854643964
352,0.5051020408163265,1,25000,317,352,0.9005681818181818,10,77.98920588311242,0.11966306621880902
352,0.5253061224489796,0,25000,318,352,0.9034090909090909,6,78.32983180827767,0.12214326205868381
352,0.5253061224489796,1,25000,306,352,0.8693181818181818,8,76.91336581099361,0.12001387456632431
352,0.5455102040816326,0,25000,323,352,0.9176136363636364,7,79.71405993325546,0.12281380649676363
352,0.5455102040816326,1,25000,320,352,0.9090909090909091,6,78.89636979320167,0.1217689221108404
352,0.5657142857142857,0,25000,313,352,0.8892045454545454,7,78.57280534845327,0.12417126338010515
352,0.5657142857142857,1,25000,307,352,0.8721590909090909,14,78.40864068417517,0.12155792352448108
352,0.5859183673469388,0,25000,313,352,0.8892045454545454,6,79.02106012227031,0.12379160378331647
352,0.5859183673469388,1,25000,319,352,0.90625,3,79.69388313715132,0.12294920261257801
352,0.6061224489795918,0,25000,324,352,0.9204545454545454,10,80.32101151133863,0.12261537448498677
352,0.6061224489795918,1,25000,321,352,0.9119318181818182,7,80.33728489289743,0.12340636558679555
352,0.6263265306122449,0,25000,318,352,0.9034090909090909,6,80.91596825616925,0.12077553492293355
352,0.6263265306122449,1,25000,322,352,0.9147727272727273,7,80.25552949517562,0.12233516062976264
352,0.6465306122448979,0,25000,319,352,0.90625,6,80.13745119740213,0.12035998068672488
352,0.6465306122448979,1,25000,313,352,0.8892045454545454,11,79.38110942694311,0.12133018027222585
352,0.666734693877551,0,25000,318,352,0.9034090909090909,9,80.6180913252949,0.11780298952906021
352,0.666734693877551,1,25000,318,352,0.9034090909090909,10,79.77595903854473,0.11975119099156538
352,0.6869387755102041,0,25000,323,352,0.9176136363636364,10,82.79079570892506,0.11320314088131073
352,0.6869387755102041,1,25000,320,352,0.9090909090909091,9,81.90661518706551,0.11635875338494504
352,0.7071428571428571,0,25000,321,352,0.9119318181818182,12,107.12626206236519,0.03957978120851832
352,0.7071428571428571,1,25000,328,352,0.9318181818181818,15,100.55769961608549,0.04256591863920899
352,0.7273469387755102,0,25000,337,352,0.9573863636363636,11,91.47086583784592,0.0412944790696044
352,0.7273469387755102,1,25000,335,352,0.9517045454545454,13,89.78508275617082,0.040397374111572903
352,0.7475510204081632,0,25000,333,352,0.9460227272727273,12,111.15868237902333,0.034883618039872034
352,0.7475510204081632,1,25000,336,352,0.9545454545454546,11,111.02149190998631,0.033543077393918534
352,0.7677551020408163,0,25000,332,352,0.9431818181818182,11,109.15354657772772,0.03652393985927663
352,0.7677551020408163,1,25000,333,352,0.9460227272727273,13,110.12554176840254,0.033694413002512295
352,0.7879591836734694,0,25000,329,352,0.9346590909090909,15,112.0904796606589,0.030275550320949432
352,0.7879591836734694,1,25000,333,352,0.9460227272727273,14,111.46947994306181,0.03171205772390739
352,0.8081632653061224,0,25000,332,352,0.9431818181818182,14,111.71672756282379,0.03132065087157899
352,0.8081632653061224,1,25000,338,352,0.9602272727272727,11,111.75621764479573,0.03233707237801167
352,0.8283673469387755,0,25000,333,352,0.9460227272727273,11,111.68919455768861,0.03072388582755984
352,0.8283673469387755,1,25000,338,352,0.9602272727272727,10,112.15792339517068,0.03193291411486495
352,0.8485714285714285,0,25000,335,352,0.9517045454545454,10,110.73489393666907,0.03262060647919206
352,0.8485714285714285,1,25000,333,352,0.9460227272727273,16,110.95695878061747,0.031988573334603795
352,0.8687755102040816,0,25000,341,352,0.96875,6,113.18296924495745,0.03156050591384634
352,0.8687755102040816,1,25000,335,352,0.9517045454545454,10,111.34450076144647,0.03063561458489492
352,0.8889795918367347,0,25000,339,352,0.9630681818181818,10,107.43280025953456,0.03636199891357389
352,0.8889795918367347,1,25000,335,352,0.9517045454545454,8,108.348063306421,0.03575810994497283
352,0.9091836734693878,0,25000,341,352,0.96875,8,110.69483859603262,0.033628118315444835
352,0.9091836734693878,1,25000,345,352,0.9801136363636364,6,113.11973727729291,0.031176372584900067
352,0.9293877551020407,0,25000,341,352,0.96875,8,113.14637407143152,0.030612960011607446
352,0.9293877551020407,1,25000,341,352,0.96875,5,113.25569619758457,0.030636785538385208
352,0.9495918367346938,0,25000,341,352,0.96875,8,114.58042244820047,0.029651725126396668
352,0.9495918367346938,1,25000,344,352,0.9772727272727273,7,115.23947077095897,0.029622700789674175
352,0.9697959183673469,0,25000,341,352,0.96875,9,114.57335090923338,0.029621881975923168
352,0.9697959183673469,1,25000,347,352,0.9857954545454546,5,115.5568595586556,0.029590783702348505
352,0.99,0,25000,352,352,1.0,0,117.04547918051247,0.029356634938228522
352,0.99,1,25000,350,352,0.9943181818181818,2,116.28209237368036,0.02937697837777813
368,0.0,0,25000,115,368,0.3125,33,49.349669725503695,0.09417496678336582
368,0.0,1,25000,118,368,0.32065217391304346,42,50.946277336401266,0.0845581293015082
368,0.02020408163265306,0,25000,145,368,0.39402173913043476,38,57.344182791568635,0.07811863039557736
368,0.02020408163265306,1,25000,146,368,0.3967391304347826,38,57.24188931789264,0.0644678027613856
368,0.04040816326530612,0,25000,174,368,0.47282608695652173,32,64.82815820564137,0.07823055707497237
368,0.04040816326530612,1,25000,176,368,0.4782608695652174,29,63.24886862648658,0.08184853396266797
368,0.06061224489795918,0,25000,194,368,0.5271739130434783,31,70.62288292895029,0.06853779808174387
368,0.06061224489795918,1,25000,199,368,0.5407608695652174,32,70.68451655482838,0.06252941188264152
368,0.08081632653061224,0,25000,211,368,0.5733695652173914,25,76.46069780641832,0.06447094265430103
368,0.08081632653061224,1,25000,213,368,0.5788043478260869,25,75.95357857074899,0.06814038845546472
368,0.1010204081632653,0,25000,219,368,0.595108695652174,30,79.96768161924997,0.06262296297223276
368,0.1010204081632653,1,25000,229,368,0.6222826086956522,22,81.65840368237396,0.0625484511336924
368,0.12122448979591836,0,25000,220,368,0.5978260869565217,25,81.22711198824189,0.05954626181015829
368,0.12122448979591836,1,25000,227,368,0.6168478260869565,29,82.75387849696995,0.059625934800092616
368,0.14142857142857143,0,25000,232,368,0.6304347826086957,21,86.14514149393143,0.05635294115919756
368,0.14142857142857143,1,25000,233,368,0.6331521739130435,26,85.67057773881842,0.05592639731867638
368,0.16163265306122448,0,25000,242,368,0.657608695652174,23,88.50616628347723,0.05176536804223353
368,0.16163265306122448,1,25000,237,368,0.6440217391304348,27,86.06290984703165,0.05258701276907046
368,0.18183673469387754,0,25000,240,368,0.6521739130434783,22,88.89986405462462,0.05163752407567147
368,0.18183673469387754,1,25000,245,368,0.6657608695652174,21,89.47174618087334,0.04743449041462787
368,0.2020408163265306,0,25000,251,368,0.6820652173913043,19,91.7244155431513,0.045533381824032666
368,0.2020408163265306,1,25000,254,368,0.6902173913043478,22,92.77915120962322,0.04422921753223258
368,0.22224489795918367,0,25000,255,368,0.6929347826086957,21,92.95557617830674,0.046330084375591996
368,0.22224489795918367,1,25000,252,368,0.6847826086956522,20,94.55797411533209,0.039448794429955726
368,0.24244897959183673,0,25000,270,368,0.7336956521739131,17,97.87584041494979,0.04039140330154538
368,0.24244897959183673,1,25000,267,368,0.7255434782608695,13,97.12750594032332,0.037750855754770773
368,0.2626530612244898,0,25000,281,368,0.7635869565217391,18,99.80565392160347,0.03900719003375064
368,0.2626530612244898,1,25000,277,368,0.7527173913043478,16,99.21324968683732,0.03630673925879826
368,0.28285714285714286,0,25000,273,368,0.7418478260869565,19,98.73517853480946,0.03754433200372992
368,0.28285714285714286,1,25000,276,368,0.75,15,100.32516758144708,0.035074129461865486
368,0.3030612244897959,0,25000,279,368,0.7581521739130435,24,100.79473769556225,0.036649181286244635
368,0.3030612244897959,1,25000,282,368,0.7663043478260869,20,101.6776303330153,0.03437555910506969
368,0.32326530612244897,0,25000,282,368,0.7663043478260869,17,102.09066876007242,0.036417336586538035
368,0.32326530612244897,1,25000,282,368,0.7663043478260869,17,102.30126139788547,0.0340314777036742
368,0.34346938775510205,0,25000,286,368,0.7771739130434783,17,103.39949839142417,0.034828555105640494
368,0.34346938775510205,1,25000,294,368,0.7989130434782609,11,104.60339046799893,0.033046599786502276
368,0.3636734693877551,0,25000,295,368,0.8016304347826086,18,105.53919991956066,0.03432368469677531
368,0.3636734693877551,1,25000,287,368,0.779891304347826,20,103.9730850018461,0.03265386773822385
368,0.38387755102040816,0,25000,292,368,0.7934782608695652,18,102.95032517321275,0.03900731625387555
368,0.38387755102040816,1,25000,299,368,0.8125,18,106.20699833455274,0.03378206554569222
368,0.4040816326530612,0,25000,302,368,0.8206521739130435,15,85.24468112733899,0.061332812735474154
368,0.4040816326530612,1,25000,311,368,0.845108695652174,16,82.48256074574306,0.06495170653367599
368,0.42428571428571427,0,25000,330,368,0.8967391304347826,7,87.30902920722227,0.06913201257538296
368,0.42428571428571427,1,25000,328,368,0.8913043478260869,6,86.39693784442775,0.07115989888724025
368,0.44448979591836735,0,25000,323,368,0.8777173913043478,5,83.53063182433354,0.09535940725730702
368,0.44448979591836735,1,25000,333,368,0.904891304347826,10,84.51390332023598,0.09230385220063421
368,0.4646938775510204,0,25000,325,368,0.8831521739130435,6,83.01018477454173,0.10835959027253814
368,0.4646938775510204,1,25000,327,368,0.8885869565217391,6,82.7679061777514,0.10889335433628655
368,0.48489795918367345,0,25000,331,368,0.8994565217391305,6,84.50068362637413,0.11258939778864374
368,0.48489795918367345,1,25000,336,368,0.9130434782608695,7,84.85628430644864,0.11289056422155268
368,0.5051020408163265,0,25000,332,368,0.9021739130434783,7,84.2256505579104,0.11450599102739276
368,0.5051020408163265,1,25000,334,368,0.907608695652174,8,85.4179532414395,0.1152448220282441
368,0.5253061224489796,0,25000,325,368,0.8831521739130435,4,84.10884991471349,0.11534551035629392
368,0.5253061224489796,1,25000,323,368,0.8777173913043478,7,84.0857400029125,0.11700872925565405
368,0.5455102040816326,0,25000,332,368,0.9021739130434783,8,85.67593074131612,0.11539130343045631
368,0.5455102040816326,1,25000,336,368,0.9130434782608695,9,85.36491705642838,0.11802382151695139
368,0.5657142857142857,0,25000,329,368,0.8940217391304348,9,85.76091106509418,0.11630562451678397
368,0.5657142857142857,1,25000,337,368,0.9157608695652174,8,86.4283806816731,0.11846713912731437
368,0.5859183673469388,0,25000,328,368,0.8913043478260869,11,85.24217077906961,0.11601757591640985
368,0.5859183673469388,1,25000,336,368,0.9130434782608695,6,85.87477998110069,0.11876095845737948
368,0.6061224489795918,0,25000,332,368,0.9021739130434783,7,86.95159637488189,0.11348467650485392
368,0.6061224489795918,1,25000,330,368,0.8967391304347826,9,85.68438447487793,0.11813711778004299
368,0.6263265306122449,0,25000,338,368,0.9184782608695652,5,88.79878305215597,0.11175753544903638
368,0.6263265306122449,1,25000,327,368,0.8885869565217391,6,85.5107281575396,0.11711175520275706
368,0.6465306122448979,0,25000,334,368,0.907608695652174,7,88.27510570290409,0.10872590218791339
368,0.6465306122448979,1,25000,332,368,0.9021739130434783,7,87.08418381712505,0.11388401286180072
368,0.666734693877551,0,25000,333,368,0.904891304347826,8,90.0777488688883,0.10580538144006876
368,0.666734693877551,1,25000,331,368,0.8994565217391305,8,87.40548122722548,0.11273125250642793
368,0.6869387755102041,0,25000,337,368,0.9157608695652174,7,92.40278931843343,0.10243519950283272
368,0.6869387755102041,1,25000,339,368,0.9211956521739131,10,88.82794669112076,0.10851048461434352
368,0.7071428571428571,0,25000,334,368,0.907608695652174,14,103.20752260711758,0.040801328214653806
368,0.7071428571428571,1,25000,331,368,0.8994565217391305,17,116.28100343700558,0.028290800199944996
368,0.7273469387755102,0,25000,355,368,0.9646739130434783,8,85.44516300490389,0.041624894346930605
368,0.7273469387755102,1,25000,345,368,0.9375,14,98.55364732270291,0.040049665397531506
368,0.7475510204081632,0,25000,342,368,0.9293478260869565,13,117.07791206455008,0.028585722162140604
368,0.7475510204081632,1,25000,342,368,0.9293478260869565,14,116.74109382043665,0.028694242525686108
368,0.7677551020408163,0,25000,341,368,0.9266304347826086,11,111.89820804722355,0.03416434944457973
368,0.7677551020408163,1,25000,351,368,0.9538043478260869,10,117.74512466893084,0.03063890022094682
368,0.7879591836734694,0,25000,341,368,0.9266304347826086,15,113.38552956834647,0.032558627000439294
368,0.7879591836734694,1,25000,348,368,0.9456521739130435,11,116.57317081876353,0.03084395835223655
368,0.8081632653061224,0,25000,348,368,0.9456521739130435,14,115.88097276175509,0.03152964610959863
368,0.8081632653061224,1,25000,347,368,0.9429347826086957,10,116.5823464868791,0.029739594729938375
368,0.8283673469387755,0,25000,349,368,0.9483695652173914,13,113.67337355384518,0.0327545030863364
368,0.8283673469387755,1,25000,352,368,0.9565217391304348,8,116.94510120117954,0.029972962781091694
368,0.8485714285714285,0,25000,356,368,0.967391304347826,6,116.87367662053524,0.03143376936674248
368,0.8485714285714285,1,25000,350,368,0.9510869565217391,8,114.81570507856267,0.030597943283783145
368,0.8687755102040816,0,25000,354,368,0.9619565217391305,9,116.00804552945074,0.030310578009523033
368,0.8687755102040816,1,25000,345,368,0.9375,12,114.83517287455345,0.03040402718747452
368,0.8889795918367347,0,25000,354,368,0.9619565217391305,8,115.89643791113217,0.03095971850055998
368,0.8889795918367347,1,25000,353,368,0.9592391304347826,8,115.41635339339368,0.031032180780438214
368,0.9091836734693878,0,25000,360,368,0.9782608695652174,7,117.29596696075097,0.03039793484751828
368,0.9091836734693878,1,25000,352,368,0.9565217391304348,10,116.48988391520612,0.029840427906870984
368,0.9293877551020407,0,25000,356,368,0.967391304347826,10,119.02588434365938,0.029126422129078497
368,0.9293877551020407,1,25000,354,368,0.9619565217391305,11,118.17503350544277,0.029391800856776513
368,0.9495918367346938,0,25000,355,368,0.9646739130434783,8,119.7803263239863,0.028433639295437754
368,0.9495918367346938,1,25000,359,368,0.9755434782608695,8,120.12773493909634,0.02847185917268809
368,0.9697959183673469,0,25000,360,368,0.9782608695652174,4,120.83320604777742,0.02805300657189848
368,0.9697959183673469,1,25000,353,368,0.9592391304347826,10,118.83303832498987,0.02905289760566724
368,0.99,0,25000,365,368,0.9918478260869565,2,115.3648477877711,0.03387589848323813
368,0.99,1,25000,366,368,0.9945652173913043,2,114.9590339903749,0.03357305919368876
384,0.0,0,25000,123,384,0.3203125,36,52.53970773064593,0.0741760589018767
384,0.0,1,25000,124,384,0.3229166666666667,38,53.912914694659705,0.08428928617664114
384,0.02020408163265306,0,25000,151,384,0.3932291666666667,34,60.3232768936594,0.06305250075322918
384,0.02020408163265306,1,25000,142,384,0.3697916666666667,39,58.0891569698288,0.06141857741468826
384,0.04040816326530612,0,25000,173,384,0.4505208333333333,29,66.1174997565681,0.08351056940465859
384,0.04040816326530612,1,25000,176,384,0.4583333333333333,31,66.4771853378951,0.07265845581976049
384,0.06061224489795918,0,25000,200,384,0.5208333333333334,25,73.08514042969946,0.07518570629847646
384,0.06061224489795918,1,25000,197,384,0.5130208333333334,31,72.68788201092076,0.06107475386253816
384,0.08081632653061224,0,25000,208,384,0.5416666666666666,27,77.86591906252369,0.07004054966627593
384,0.08081632653061224,1,25000,216,384,0.5625,23,79.54559312877004,0.05457453219532532
384,0.1010204081632653,0,25000,218,384,0.5677083333333334,23,81.68649304162001,0.06641082314249061
384,0.1010204081632653,1,25000,217,384,0.5651041666666666,29,80.88077604791889,0.06088015033081475
384,0.12122448979591836,0,25000,214,384,0.5572916666666666,28,81.81654803630056,0.06118453765078177
384,0.12122448979591836,1,25000,222,384,0.578125,26,84.55196271549215,0.05582146493391331
384,0.14142857142857143,0,25000,240,384,0.625,24,88.41091190971132,0.05630115557346918
384,0.14142857142857143,1,25000,235,384,0.6119791666666666,23,88.6988887869966,0.052507197857159196
384,0.16163265306122448,0,25000,246,384,0.640625,19,91.17840220897514,0.04976587985454059
384,0.16163265306122448,1,25000,241,384,0.6276041666666666,23,90.80275255169927,0.04886818081960271
384,0.18183673469387754,0,25000,244,384,0.6354166666666666,24,91.85930542192642,0.04788998754601062
384,0.18183673469387754,1,25000,249,384,0.6484375,22,93.23592776294467,0.045609990266268476
384,0.2020408163265306,0,25000,260,384,0.6770833333333334,24,95.79763549456456,0.04415928474354801
384,0.2020408163265306,1,25000,253,384,0.6588541666666666,24,94.89522002474729,0.041650553270371996
384,0.22224489795918367,0,25000,274,384,0.7135416666666666,21,99.66917903809713,0.04130621413819062
384,0.22224489795918367,1,25000,261,384,0.6796875,22,97.54018873896308,0.0387285949809691
384,0.24244897959183673,0,25000,274,384,0.7135416666666666,20,100.21823111322848,0.03848128540378241
384,0.24244897959183673,1,25000,270,384,0.703125,21,99.8297956135249,0.035908057388340894
384,0.2626530612244898,0,25000,281,384,0.7317708333333334,18,102.12626627551973,0.037015735628711265
384,0.2626530612244898,1,25000,269,384,0.7005208333333334,19,100.74139380054024,0.03534589243766925
384,0.28285714285714286,0,25000,276,384,0.71875,19,102.95150780377136,0.035466220663557826
384,0.28285714285714286,1,25000,284,384,0.7395833333333334,14,104.25083464759643,0.033013487564912194
384,0.3030612244897959,0,25000,290,384,0.7552083333333334,14,106.46838522973792,0.03333974866570468
384,0.3030612244897959,1,25000,295,384,0.7682291666666666,15,107.415216954191,0.032083791975437884
384,0.32326530612244897,0,25000,291,384,0.7578125,17,105.93397946978298,0.032962026167306535
384,0.32326530612244897,1,25000,292,384,0.7604166666666666,11,107.5283251671417,0.0320500450908846
384,0.34346938775510205,0,25000,303,384,0.7890625,14,109.16680082992919,0.03206453567683387
384,0.34346938775510205,1,25000,306,384,0.796875,13,109.84230985970522,0.031176756205249675
384,0.3636734693877551,0,25000,303,384,0.7890625,19,109.76848428191542,0.031394442414074804
384,0.3636734693877551,1,25000,301,384,0.7838541666666666,13,109.54612143725339,0.030602333942743386
384,0.38387755102040816,0,25000,303,384,0.7890625,15,110.37079146489417,0.030670893772191378
384,0.38387755102040816,1,25000,297,384,0.7734375,18,108.35658315943348,0.032046710222367464
384,0.4040816326530612,0,25000,309,384,0.8046875,14,106.3688495725732,0.045344786549894364
384,0.4040816326530612,1,25000,296,384,0.7708333333333334,16,105.41943878143437,0.04245129612777668
384,0.42428571428571427,0,25000,364,384,0.9479166666666666,3,54.05214137737383,0.09827306684652667
384,0.42428571428571427,1,25000,355,384,0.9244791666666666,12,55.581122363413535,0.08913524454422793
384,0.44448979591836735,0,25000,333,384,0.8671875,6,89.41835811955623,0.08769311677068635
384,0.44448979591836735,1,25000,334,384,0.8697916666666666,7,90.48809652405387,0.08507746140964029
384,0.4646938775510204,0,25000,348,384,0.90625,8,90.61237600449809,0.103884138776304
384,0.4646938775510204,1,25000,332,384,0.8645833333333334,7,89.13060880795236,0.10293102256519207
384,0.48489795918367345,0,25000,334,384,0.8697916666666666,10,89.55002587193931,0.10657214467713477
384,0.48489795918367345,1,25000,357,384,0.9296875,5,93.34710015738244,0.10689099075734979
384,0.5051020408163265,0,25000,348,384,0.90625,7,92.3109340960007,0.10815762232414723
384,0.5051020408163265,1,25000,341,384,0.8880208333333334,8,90.70291598571293,0.10939484344909933
384,0.5253061224489796,0,25000,348,384,0.90625,9,92.90648902427955,0.10998095409977195
384,0.5253061224489796,1,25000,348,384,0.90625,7,91.91091483883523,0.1106378112070309
384,0.5455102040816326,0,25000,346,384,0.9010416666666666,9,92.00332741916986,0.11119876471030916
384,0.5455102040816326,1,25000,356,384,0.9270833333333334,5,94.73116755435623,0.11127494313758787
384,0.5657142857142857,0,25000,350,384,0.9114583333333334,8,93.03755068886294,0.1114484339543936
384,0.5657142857142857,1,25000,345,384,0.8984375,9,91.89237920372355,0.11272846278528323
384,0.5859183673469388,0,25000,343,384,0.8932291666666666,12,92.35041095135222,0.11220521554389262
384,0.5859183673469388,1,25000,349,384,0.9088541666666666,6,93.53300677623449,0.11279968770552076
384,0.6061224489795918,0,25000,346,384,0.9010416666666666,6,93.09149607027112,0.11087419070897486
384,0.6061224489795918,1,25000,343,384,0.8932291666666666,7,91.77687055929616,0.11266383490516833
384,0.6263265306122449,0,25000,350,384,0.9114583333333334,4,94.0362066160879,0.10869904403094577
384,0.6263265306122449,1,25000,346,384,0.9010416666666666,9,92.70567021416778,0.11124963316890331
384,0.6465306122448979,0,25000,345,384,0.8984375,7,93.46807581570735,0.10700096889997021
384,0.6465306122448979,1,25000,348,384,0.90625,11,93.78217488582523,0.10876799097116814
384,0.666734693877551,0,25000,345,384,0.8984375,15,96.14866040515966,0.10063720083870878
384,0.666734693877551,1,25000,349,384,0.9088541666666666,11,94.67960029656442,0.10548423282248318
384,0.6869387755102041,0,25000,346,384,0.9010416666666666,10,98.2908454058766,0.095720989629649
384,0.6869387755102041,1,25000,349,384,0.9088541666666666,10,94.97459770594982,0.10222847003681253
384,0.7071428571428571,0,25000,352,384,0.9166666666666666,18,122.08310122918668,0.02750187337709476
384,0.7071428571428571,1,25000,354,384,0.921875,18,105.39311591229844,0.038227947549839755
384,0.7273469387755102,0,25000,368,384,0.9583333333333334,9,88.54378543375995,0.04228973500766027
384,0.7273469387755102,1,25000,365,384,0.9505208333333334,5,94.17754043343658,0.03929464220459304
384,0.7475510204081632,0,25000,361,384,0.9401041666666666,11,121.08150286056012,0.03169492257251909
384,0.7475510204081632,1,25000,356,384,0.9270833333333334,12,118.60662287341691,0.03372775959702641
384,0.7677551020408163,0,25000,357,384,0.9296875,12,117.79654736282166,0.031012926454975873
384,0.7677551020408163,1,25000,365,384,0.9505208333333334,7,118.24675936437353,0.03141401824373698
384,0.7879591836734694,0,25000,361,384,0.9401041666666666,12,122.03164408615626,0.028370981879112647
384,0.7879591836734694,1,25000,364,384,0.9479166666666666,8,120.73613961107789,0.02981601482854873
384,0.8081632653061224,0,25000,363,384,0.9453125,13,118.65472842632465,0.0326949813767361
384,0.8081632653061224,1,25000,368,384,0.9583333333333334,6,119.98088749667335,0.03028703249844273
384,0.8283673469387755,0,25000,361,384,0.9401041666666666,15,119.50483446840829,0.02977252050705336
384,0.8283673469387755,1,25000,359,384,0.9348958333333334,11,116.21429376205855,0.03365655342692454
384,0.8485714285714285,0,25000,362,384,0.9427083333333334,9,116.47354897262781,0.033668726942561525
384,0.8485714285714285,1,25000,367,384,0.9557291666666666,8,119.06763558656107,0.031085709135743874
384,0.8687755102040816,0,25000,365,384,0.9505208333333334,10,118.08746797203906,0.03105994816054088
384,0.8687755102040816,1,25000,374,384,0.9739583333333334,9,120.71774469213977,0.030483509715110435
384,0.8889795918367347,0,25000,368,384,0.9583333333333334,9,117.1525316306816,0.03194056800993429
384,0.8889795918367347,1,25000,370,384,0.9635416666666666,7,117.79310194811248,0.031996365209756614
384,0.9091836734693878,0,25000,375,384,0.9765625,7,120.59457849770689,0.03022293264723184
384,0.9091836734693878,1,25000,367,384,0.9557291666666666,11,118.94431001745168,0.03050172068821766
384,0.9293877551020407,0,25000,367,384,0.9557291666666666,7,121.79964467107192,0.028613482636420308
384,0.9293877551020407,1,25000,372,384,0.96875,6,123.69752799687818,0.028150399990911262
384,0.9495918367346938,0,25000,375,384,0.9765625,10,125.19180049293914,0.02755889299280915
384,0.9495918367346938,1,25000,377,384,0.9817708333333334,2,126.673146964887,0.027221409637560416
384,0.9697959183673469,0,25000,371,384,0.9661458333333334,7,124.36132680003959,0.02784883691322542
384,0.9697959183673469,1,25000,378,384,0.984375,3,125.79213431196797,0.027478806279881026
384,0.99,0,25000,380,384,0.9895833333333334,2,96.77251316227895,0.03797597788554691
384,0.99,1,25000,378,384,0.984375,7,98.47121369250526,0.03793404941617562
400,0.0,0,25000,122,400,0.305,40,55.406328155583466,0.06467735069278571
400,0.0,1,25000,123,400,0.3075,44,56.712815220630674,0.060494132479034554
400,0.02020408163265306,0,25000,151,400,0.3775,36,62.73865438634271,0.06824681457303963
400,0.02020408163265306,1,25000,145,400,0.3625,46,62.91615079946439,0.06579708688447394
400,0.04040816326530612,0,25000,178,400,0.445,39,70.38379554925214,0.06946994735933906
400,0.04040816326530612,1,25000,172,400,0.43,34,68.32767672527717,0.058333428115791036
400,0.06061224489795918,0,25000,194,400,0.485,24,74.81476110235695,0.07345969035116126
400,0.06061224489795918,1,25000,197,400,0.4925,25,74.86094421250002,0.06234728768786986
400,0.08081632653061224,0,25000,213,400,0.5325,23,81.15212404643894,0.06371921272234189
400,0.08081632653061224,1,25000,208,400,0.52,26,80.70754677589836,0.04926723270556847
400,0.1010204081632653,0,25000,220,400,0.55,25,83.76400017924652,0.06421802516940667
400,0.1010204081632653,1,25000,233,400,0.5825,21,87.41774571797029,0.04666325129810706
400,0.12122448979591836,0,25000,236,400,0.59,26,89.32653612921378,0.05532933758371621
400,0.12122448979591836,1,25000,236,400,0.59,22,90.84970515912191,0.04562324394030011
400,0.14142857142857143,0,25000,236,400,0.59,20,91.1189770457538,0.05058908701148576
400,0.14142857142857143,1,25000,239,400,0.5975,28,92.64231063408084,0.04384878624413916
400,0.16163265306122448,0,25000,256,400,0.64,24,95.37499842122816,0.046439451747258435
400,0.16163265306122448,1,25000,248,400,0.62,24,94.88123115032687,0.04126875610387269
400,0.18183673469387754,0,25000,257,400,0.6425,19,97.79997873291161,0.0436468328159652
400,0.18183673469387754,1,25000,253,400,0.6325,21,96.81842303502862,0.039285964478812954
400,0.2020408163265306,0,25000,263,400,0.6575,24,99.63164157441639,0.04112275610597882
400,0.2020408163265306,1,25000,268,400,0.67,25,100.20722572320535,0.037805126114540746
400,0.22224489795918367,0,25000,271,400,0.6775,17,102.12878672628932,0.03854650958095615
400,0.22224489795918367,1,25000,270,400,0.675,20,102.47174262491342,0.03605497486803928
400,0.24244897959183673,0,25000,280,400,0.7,13,104.21676869305963,0.037230553551696056
400,0.24244897959183673,1,25000,282,400,0.705,14,106.00138947985828,0.032920487502340987
400,0.2626530612244898,0,25000,283,400,0.7075,16,105.91130107456027,0.03476519471133091
400,0.2626530612244898,1,25000,274,400,0.685,18,104.3696376653078,0.03213490429774043
400,0.28285714285714286,0,25000,289,400,0.7225,19,107.16326480255667,0.03366871454847849
400,0.28285714285714286,1,25000,290,400,0.725,18,109.00628501762878,0.030494674717264768
400,0.3030612244897959,0,25000,293,400,0.7325,10,109.93426224338035,0.03174808133919767
400,0.3030612244897959,1,25000,299,400,0.7475,13,111.35987521750525,0.029752835411842305
400,0.32326530612244897,0,25000,296,400,0.74,10,109.95296433782701,0.0311981587226055
400,0.32326530612244897,1,25000,299,400,0.7475,19,110.90887588148047,0.03031799147261089
400,0.34346938775510205,0,25000,308,400,0.77,16,112.81246931959633,0.030217802903177892
400,0.34346938775510205,1,25000,307,400,0.7675,21,112.56685369691289,0.03004735820599693
400,0.3636734693877551,0,25000,313,400,0.7825,9,115.10457795774013,0.029130075152990584
400,0.3636734693877551,1,25000,318,400,0.795,18,115.6511899790049,0.028790733376798976
400,0.38387755102040816,0,25000,311,400,0.7775,16,114.89399969219062,0.029278100395992525
400,0.38387755102040816,1,25000,318,400,0.795,16,115.40363772644203,0.02865943873361943
400,0.4040816326530612,0,25000,302,400,0.755,21,111.80055669685933,0.032820946830698534
400,0.4040816326530612,1,25000,309,400,0.7725,17,114.18334046191485,0.030800344619623034
400,0.42428571428571427,0,25000,343,400,0.8575,11,66.83528792949178,0.07530463048362546
400,0.42428571428571427,1,25000,323,400,0.8075,18,86.00418122371173,0.059940737636596735
400,0.44448979591836735,0,25000,348,400,0.87,13,95.9094922847419,0.0862956585972953
400,0.44448979591836735,1,25000,353,400,0.8825,6,96.7660749849521,0.08008080838572357
400,0.4646938775510204,0,25000,357,400,0.8925,6,97.91686192520395,0.09751107805814516
400,0.4646938775510204,1,25000,354,400,0.885,6,96.85802260240827,0.09794386114706113
400,0.48489795918367345,0,25000,359,400,0.8975,9,98.15801749424548,0.10123522327476933
400,0.48489795918367345,1,25000,348,400,0.87,8,96.56252818592654,0.10152331203730058
400,0.5051020408163265,0,25000,345,400,0.8625,8,95.51022866192206,0.10311315948664748
400,0.5051020408163265,1,25000,352,400,0.88,5,97.1392161108597,0.10362063413093103
400,0.5253061224489796,0,25000,360,400,0.9,10,99.45595748363036,0.10357226608080551
400,0.5253061224489796,1,25000,356,400,0.89,8,98.14493811740459,0.1055978111573132
400,0.5455102040816326,0,25000,356,400,0.89,10,98.36287746046375,0.1042875228728179
400,0.5455102040816326,1,25000,361,400,0.9025,12,99.58258277056768,0.10568045581261895
400,0.5657142857142857,0,25000,359,400,0.8975,6,98.9019306393015,0.10558971268985709
400,0.5657142857142857,1,25000,356,400,0.89,7,98.44481888301013,0.10667002002907905
400,0.5859183673469388,0,25000,355,400,0.8875,13,99.04734471072321,0.10473298815054696
400,0.5859183673469388,1,25000,354,400,0.885,7,98.87778407357462,0.10694937190981646
400,0.6061224489795918,0,25000,359,400,0.8975,9,99.87246809645278,0.10490623883104581
400,0.6061224489795918,1,25000,365,400,0.9125,7,100.58060079150837,0.10605155486197751
400,0.6263265306122449,0,25000,359,400,0.8975,8,99.61705013950298,0.10393519303407028
400,0.6263265306122449,1,25000,357,400,0.8925,7,99.0838835588667,0.10490666174674249
400,0.6465306122448979,0,25000,357,400,0.8925,9,101.0102875111436,0.09957099574378725
400,0.6465306122448979,1,25000,364,400,0.91,11,100.81686023802814,0.10350580983191805
400,0.666734693877551,0,25000,365,400,0.9125,8,102.53080103242021,0.09707183422112267
400,0.666734693877551,1,25000,356,400,0.89,15,100.5214385096661,0.10088289867493408
400,0.6869387755102041,0,25000,356,400,0.89,9,105.67144334581208,0.08934590467040834
400,0.6869387755102041,1,25000,357,400,0.8925,11,101.24581869526108,0.09697803310824488
400,0.7071428571428571,0,25000,348,400,0.87,15,103.228842580599,0.08731806372712195
400,0.7071428571428571,1,25000,363,400,0.9075,21,116.47073934064062,0.03972167203277549
400,0.7273469387755102,0,25000,384,400,0.96,8,91.00014344856119,0.0394954406743522
400,0.7273469387755102,1,25000,383,400,0.9575,11,91.2181251152902,0.03979607036167007
400,0.7475510204081632,0,25000,369,400,0.9225,12,122.29896923724124,0.03268295696647023
400,0.7475510204081632,1,25000,369,400,0.9225,14,123.63646943265853,0.03195291645030389
400,0.7677551020408163,0,25000,367,400,0.9175,16,120.68754799271488,0.03079636346518487
400,0.7677551020408163,1,25000,376,400,0.94,9,121.77772494500479,0.031095028994884595
400,0.7879591836734694,0,25000,375,400,0.9375,13,120.20948353844875,0.03330059307443598
400,0.7879591836734694,1,25000,372,400,0.93,10,120.62757454826045,0.032545937020342544
400,0.8081632653061224,0,25000,373,400,0.9325,12,122.69806978847654,0.03153159694488082
400,0.8081632653061224,1,25000,381,400,0.9525,9,123.39558833378716,0.031238979029326187
400,0.8283673469387755,0,25000,378,400,0.945,9,118.97632353398963,0.033548358554686256
400,0.8283673469387755,1,25000,379,400,0.9475,10,121.33792046891162,0.03234817529245747
400,0.8485714285714285,0,25000,382,400,0.955,10,123.69797070647985,0.031142398824054625
400,0.8485714285714285,1,25000,381,400,0.9525,7,122.22821168453513,0.031951894333318534
400,0.8687755102040816,0,25000,382,400,0.955,6,122.05300865403987,0.031598206401891316
400,0.8687755102040816,1,25000,380,400,0.95,6,118.29844952708495,0.03386926325176784
400,0.8889795918367347,0,25000,375,400,0.9375,9,119.60152831308625,0.03322291752927527
400,0.8889795918367347,1,25000,383,400,0.9575,8,120.83608459486888,0.03480902990247197
400,0.9091836734693878,0,25000,381,400,0.9525,6,118.4621794813207,0.03187190064056615
400,0.9091836734693878,1,25000,379,400,0.9475,14,121.5270087930817,0.03103188631898704
400,0.9293877551020407,0,25000,386,400,0.965,6,126.87532465278261,0.028160496810462114
400,0.9293877551020407,1,25000,388,400,0.97,4,128.0204801674533,0.028430683106870695
400,0.9495918367346938,0,25000,386,400,0.965,11,129.51796417474586,0.02717830858965515
400,0.9495918367346938,1,25000,387,400,0.9675,8,129.82700544069866,0.02648599387372998
400,0.9697959183673469,0,25000,394,400,0.985,5,131.20825098630218,0.026459145666717854
400,0.9697959183673469,1,25000,392,400,0.98,5,130.94325482349248,0.026735263188993122
400,0.99,0,25000,392,400,0.98,4,101.39698995176948,0.037182752629918187
400,0.99,1,25000,393,400,0.9825,4,105.63633083393708,0.03679753905905789
416,0.0,0,25000,132,416,0.3173076923076923,40,59.58477073579357,0.07055457689678264
416,0.0,1,25000,127,416,0.30528846153846156,40,59.602525854937014,0.06449751076213345
416,0.02020408163265306,0,25000,155,416,0.37259615384615385,38,66.28803036091517,0.06325589488618724
416,0.02020408163265306,1,25000,147,416,0.35336538461538464,35,65.24988665354165,0.053158409604861595
416,0.04040816326530612,0,25000,174,416,0.4182692307692308,40,71.84441603054483,0.05982736796028216
416,0.04040816326530612,1,25000,176,416,0.4230769230769231,28,72.91994838033625,0.04891617881761855
416,0.06061224489795918,0,25000,196,416,0.47115384615384615,32,76.3059496249118,0.05625503975099707
416,0.06061224489795918,1,25000,195,416,0.46875,33,78.50067091309342,0.05361438652742387
416,0.08081632653061224,0,25000,210,416,0.5048076923076923,30,83.11112035373372,0.052129726549150955
416,0.08081632653061224,1,25000,208,416,0.5,30,83.1976529137133,0.04561767913393241
416,0.1010204081632653,0,25000,226,416,0.5432692307692307,25,88.66583659432084,0.0552947226938873
416,0.1010204081632653,1,25000,227,416,0.5456730769230769,25,88.2268860268653,0.04668461372219386
416,0.12122448979591836,0,25000,240,416,0.5769230769230769,26,92.35645376723619,0.0524740450089619
416,0.12122448979591836,1,25000,242,416,0.5817307692307693,28,93.70860954275538,0.04180495772664644
416,0.14142857142857143,0,25000,245,416,0.5889423076923077,25,95.80251856170548,0.047422533963917435
416,0.14142857142857143,1,25000,242,416,0.5817307692307693,22,95.90782187423207,0.04194022456118723
416,0.16163265306122448,0,25000,245,416,0.5889423076923077,21,96.68475307433786,0.04315022237613479
416,0.16163265306122448,1,25000,252,416,0.6057692307692307,24,98.77599588032086,0.03917888964064588
416,0.18183673469387754,0,25000,256,416,0.6153846153846154,25,100.01243520947432,0.041050917892421414
416,0.18183673469387754,1,25000,257,416,0.6177884615384616,20,101.24470440679313,0.03661825449192032
416,0.2020408163265306,0,25000,267,416,0.6418269230769231,19,103.29470941877392,0.037017369928430244
416,0.2020408163265306,1,25000,265,416,0.6370192307692307,19,103.86323718242822,0.035615639972350524
416,0.22224489795918367,0,25000,277,416,0.6658653846153846,18,106.58137080128003,0.03519139622021865
416,0.22224489795918367,1,25000,280,416,0.6730769230769231,23,106.47005407644833,0.034334192218300814
416,0.24244897959183673,0,25000,281,416,0.6754807692307693,21,107.3760271964191,0.03447210226657337
416,0.24244897959183673,1,25000,285,416,0.6850961538461539,14,109.24066558219339,0.03197442481382409
416,0.2626530612244898,0,25000,290,416,0.6971153846153846,16,109.94269775478156,0.03244226811174386
416,0.2626530612244898,1,25000,285,416,0.6850961538461539,17,109.46483889729879,0.03063198152964819
416,0.28285714285714286,0,25000,291,416,0.6995192307692307,16,111.0612158053425,0.03143807629481849
416,0.28285714285714286,1,25000,307,416,0.7379807692307693,12,114.71837199722765,0.029175831764295175
416,0.3030612244897959,0,25000,310,416,0.7451923076923077,10,115.63760456909758,0.029713467274601127
416,0.3030612244897959,1,25000,302,416,0.7259615384615384,15,113.6549473699753,0.029130974520411104
416,0.32326530612244897,0,25000,302,416,0.7259615384615384,15,114.88452304739889,0.02934724530682333
416,0.32326530612244897,1,25000,290,416,0.6971153846153846,11,113.57067334529411,0.028611724553127982
416,0.34346938775510205,0,25000,307,416,0.7379807692307693,13,115.5820571415775,0.029361682199817565
416,0.34346938775510205,1,25000,329,416,0.7908653846153846,10,120.07265615890613,0.02800039223453843
416,0.3636734693877551,0,25000,331,416,0.7956730769230769,11,120.67588733116732,0.02814277575823241
416,0.3636734693877551,1,25000,319,416,0.7668269230769231,10,118.68166549299588,0.02765996321303449
416,0.38387755102040816,0,25000,330,416,0.7932692307692307,14,120.75415680740068,0.028114522511947595
416,0.38387755102040816,1,25000,324,416,0.7788461538461539,13,120.26011914336387,0.02759770624524844
416,0.4040816326530612,0,25000,317,416,0.7620192307692307,12,116.3143514297928,0.03622489687330149
416,0.4040816326530612,1,25000,315,416,0.7572115384615384,15,116.82029385931995,0.031551898030713905
416,0.42428571428571427,0,25000,383,416,0.9206730769230769,8,58.26235284675905,0.0920981117946426
416,0.42428571428571427,1,25000,380,416,0.9134615384615384,12,56.42576718940096,0.08303940926040142
416,0.44448979591836735,0,25000,355,416,0.8533653846153846,10,102.41515317799237,0.07803556555965438
416,0.44448979591836735,1,25000,367,416,0.8822115384615384,9,103.8952742985372,0.07627894398525642
416,0.4646938775510204,0,25000,357,416,0.8581730769230769,8,101.9558874812125,0.09203901319738544
416,0.4646938775510204,1,25000,368,416,0.8846153846153846,7,104.21466037276915,0.09162113229498603
416,0.48489795918367345,0,25000,369,416,0.8870192307692307,8,104.70618646182649,0.09545306011194066
416,0.48489795918367345,1,25000,369,416,0.8870192307692307,12,104.5529209936808,0.09577864349089758
416,0.5051020408163265,0,25000,374,416,0.8990384615384616,12,106.67839032092465,0.09715903131534084
416,0.5051020408163265,1,25000,362,416,0.8701923076923077,8,103.56484395375341,0.09764290423242433
416,0.5253061224489796,0,25000,360,416,0.8653846153846154,8,104.10302719537336,0.09864147703417725
416,0.5253061224489796,1,25000,373,416,0.8966346153846154,8,106.91956480429212,0.09830528825383594
416,0.5455102040816326,0,25000,372,416,0.8942307692307693,11,106.33850732282589,0.09892915107147918
416,0.5455102040816326,1,25000,382,416,0.9182692307692307,5,109.00555108754133,0.09883134804826527
416,0.5657142857142857,0,25000,368,416,0.8846153846153846,8,106.07222310661854,0.09964509273938789
416,0.5657142857142857,1,25000,373,416,0.8966346153846154,11,106.72827971393798,0.09980353079047706
416,0.5859183673469388,0,25000,370,416,0.8894230769230769,14,106.70023019565082,0.09948456993168589
416,0.5859183673469388,1,25000,366,416,0.8798076923076923,9,105.01325329451068,0.10016854065099517
416,0.6061224489795918,0,25000,358,416,0.8605769230769231,10,104.82605409723546,0.0996859566538791
416,0.6061224489795918,1,25000,374,416,0.8990384615384616,9,107.32998804544918,0.09941983136994732
416,0.6263265306122449,0,25000,360,416,0.8653846153846154,7,104.77412064611283,0.09863473337560824
416,0.6263265306122449,1,25000,364,416,0.875,7,106.15018606285189,0.09824362330660427
416,0.6465306122448979,0,25000,367,416,0.8822115384615384,10,106.14413024638961,0.09660422863310697
416,0.6465306122448979,1,25000,362,416,0.8701923076923077,10,105.4769558412592,0.09797799086523162
416,0.666734693877551,0,25000,375,416,0.9014423076923077,9,108.24568600756518,0.09554189296774564
416,0.666734693877551,1,25000,373,416,0.8966346153846154,9,107.37177463987477,0.09472252740734655
416,0.6869387755102041,0,25000,373,416,0.8966346153846154,17,130.97244547487094,0.02570802573439388
416,0.6869387755102041,1,25000,377,416,0.90625,8,109.67908652179844,0.09131281681842632
416,0.7071428571428571,0,25000,378,416,0.9086538461538461,12,120.68500955755246,0.03960860530311237
416,0.7071428571428571,1,25000,384,416,0.9230769230769231,14,105.68332761627505,0.039848437042360976
416,0.7273469387755102,0,25000,392,416,0.9423076923076923,10,91.69125336276574,0.0418493710646578
416,0.7273469387755102,1,25000,391,416,0.9399038461538461,9,90.90473349148884,0.04339292610285106
416,0.7475510204081632,0,25000,393,416,0.9447115384615384,5,129.03027468877337,0.03136002323720394
416,0.7475510204081632,1,25000,383,416,0.9206730769230769,11,125.01900499946092,0.03401574555454444
416,0.7677551020408163,0,25000,389,416,0.9350961538461539,14,120.98833741661602,0.032506940260241673
416,0.7677551020408163,1,25000,394,416,0.9471153846153846,7,123.30378395446485,0.03143897720904176
416,0.7879591836734694,0,25000,390,416,0.9375,12,122.47724753846805,0.0341353633772722
416,0.7879591836734694,1,25000,387,416,0.9302884615384616,9,121.69845834894396,0.03293071736140242
416,0.8081632653061224,0,25000,391,416,0.9399038461538461,9,124.54939407271831,0.033315124619235886
416,0.8081632653061224,1,25000,385,416,0.9254807692307693,10,119.66623569746565,0.03382217912767725
416,0.8283673469387755,0,25000,393,416,0.9447115384615384,7,124.11759675780979,0.03198805297606974
416,0.8283673469387755,1,25000,395,416,0.9495192307692307,9,120.90145467137629,0.03647554600603049
416,0.8485714285714285,0,25000,393,416,0.9447115384615384,10,120.03674453929976,0.0341626776234517
416,0.8485714285714285,1,25000,389,416,0.9350961538461539,10,118.81205372350605,0.03599581080023785
416,0.8687755102040816,0,25000,394,416,0.9471153846153846,10,119.25165106025526,0.034665278532884945
416,0.8687755102040816,1,25000,391,416,0.9399038461538461,18,120.20400916408457,0.03471023189939453
416,0.8889795918367347,0,25000,399,416,0.9591346153846154,8,120.77449240948499,0.0327011720946566
416,0.8889795918367347,1,25000,401,416,0.9639423076923077,6,122.65747861936853,0.03208706221442219
416,0.9091836734693878,0,25000,402,416,0.9663461538461539,7,124.72974570982703,0.031959989395486915
416,0.9091836734693878,1,25000,394,416,0.9471153846153846,15,122.95278793547081,0.032695585157515236
416,0.9293877551020407,0,25000,397,416,0.9543269230769231,10,133.0453711329497,0.026244913381064376
416,0.9293877551020407,1,25000,399,416,0.9591346153846154,8,132.44872728427578,0.02683387098509852
416,0.9495918367346938,0,25000,404,416,0.9711538461538461,6,135.25608184755856,0.0261846680282248
416,0.9495918367346938,1,25000,400,416,0.9615384615384616,7,134.165202495912,0.025981556190498373
416,0.9697959183673469,0,25000,403,416,0.96875,5,135.7417765764178,0.025593469827900152
416,0.9697959183673469,1,25000,407,416,0.9783653846153846,6,136.3843938800622,0.025527066622575315
416,0.99,0,25000,401,416,0.9639423076923077,8,133.60652614114878,0.026763207885870485
416,0.99,1,25000,405,416,0.9735576923076923,7,134.99419499151344,0.02570704352272031
432,0.0,0,25000,132,432,0.3055555555555556,42,62.677520551637514,0.05920126178822847
432,0.0,1,25000,131,432,0.30324074074074076,43,62.674373041677626,0.055187534828010094
432,0.02020408163265306,0,25000,155,432,0.3587962962962963,36,69.93992839545894,0.052597518033329425
432,0.02020408163265306,1,25000,154,432,0.35648148148148145,35,69.14964735378098,0.0626477520594397
432,0.04040816326530612,0,25000,177,432,0.4097222222222222,31,75.37050474323549,0.055075189645524276
432,0.04040816326530612,1,25000,175,432,0.4050925925925926,31,74.62706790307557,0.054850321143358256
432,0.06061224489795918,0,25000,201,432,0.4652777777777778,29,81.85438946203286,0.05231391201953394
432,0.06061224489795918,1,25000,191,432,0.44212962962962965,30,80.97991253147927,0.04542817981685233
432,0.08081632653061224,0,25000,214,432,0.49537037037037035,27,85.71516236763611,0.04605133676770069
432,0.08081632653061224,1,25000,208,432,0.48148148148148145,30,85.61183250775261,0.05123074247734292
432,0.1010204081632653,0,25000,221,432,0.5115740740740741,25,89.6964461305008,0.04622965041441164
432,0.1010204081632653,1,25000,222,432,0.5138888888888888,32,89.92140483547178,0.04243396361373256
432,0.12122448979591836,0,25000,237,432,0.5486111111111112,23,93.81113609546557,0.04371120881758265
432,0.12122448979591836,1,25000,237,432,0.5486111111111112,24,96.25345306579754,0.04241848027408048
432,0.14142857142857143,0,25000,248,432,0.5740740740740741,19,99.0218296363173,0.04216054584940619
432,0.14142857142857143,1,25000,244,432,0.5648148148148148,26,98.12327256314435,0.04161340078079834
432,0.16163265306122448,0,25000,263,432,0.6087962962962963,21,102.87816289156115,0.040713666666416626
432,0.16163265306122448,1,25000,254,432,0.5879629629629629,22,101.86607540601706,0.03803543299280433
432,0.18183673469387754,0,25000,259,432,0.5995370370370371,21,103.08152636486489,0.039185324379827566
432,0.18183673469387754,1,25000,263,432,0.6087962962962963,21,104.23990487606272,0.03619438343223149
432,0.2020408163265306,0,25000,278,432,0.6435185185185185,19,107.5336852014043,0.037089518763867874
432,0.2020408163265306,1,25000,269,432,0.6226851851851852,21,106.71593350261065,0.03387233409851882
432,0.22224489795918367,0,25000,283,432,0.6550925925925926,13,110.63382739744858,0.034728298003234084
432,0.22224489795918367,1,25000,285,432,0.6597222222222222,17,111.67950583756911,0.031025185236012838
432,0.24244897959183673,0,25000,284,432,0.6574074074074074,19,110.42809306904722,0.03353504383005376
432,0.24244897959183673,1,25000,294,432,0.6805555555555556,15,113.80893519643757,0.02996746801740424
432,0.2626530612244898,0,25000,297,432,0.6875,17,114.33370515513478,0.03170297717273986
432,0.2626530612244898,1,25000,290,432,0.6712962962962963,16,113.56247140282647,0.029622586168748254
432,0.28285714285714286,0,25000,297,432,0.6875,14,115.58235039521585,0.030524702135668824
432,0.28285714285714286,1,25000,301,432,0.6967592592592593,12,116.16559757273302,0.02922024449484765
432,0.3030612244897959,0,25000,304,432,0.7037037037037037,12,117.12493134824112,0.029483633449627678
432,0.3030612244897959,1,25000,306,432,0.7083333333333334,10,118.08367438678815,0.028761299142127807
432,0.32326530612244897,0,25000,322,432,0.7453703703703703,10,121.20413471026534,0.028252737371874753
432,0.32326530612244897,1,25000,313,432,0.7245370370370371,14,119.48661934754804,0.027985138290711094
432,0.34346938775510205,0,25000,323,432,0.7476851851851852,11,121.76172678546469,0.027786830635288244
432,0.34346938775510205,1,25000,328,432,0.7592592592592593,8,123.29472870479617,0.0270874880568306
432,0.3636734693877551,0,25000,329,432,0.7615740740740741,16,122.20832244319072,0.02765958589103443
432,0.3636734693877551,1,25000,337,432,0.7800925925925926,13,124.34318279233031,0.02692540995181266
432,0.38387755102040816,0,25000,336,432,0.7777777777777778,11,124.82290724536486,0.027263034485047827
432,0.38387755102040816,1,25000,344,432,0.7962962962962963,9,126.50743860077014,0.026767041050685975
432,0.4040816326530612,0,25000,328,432,0.7592592592592593,7,120.02696349619484,0.03714287069188893
432,0.4040816326530612,1,25000,322,432,0.7453703703703703,12,119.71541442461753,0.03483332462953721
432,0.42428571428571427,0,25000,368,432,0.8518518518518519,11,105.36345061391404,0.06793256423831806
432,0.42428571428571427,1,25000,377,432,0.8726851851851852,10,112.38324603688478,0.049702235065007275
432,0.44448979591836735,0,25000,374,432,0.8657407407407407,6,110.03522888549311,0.07183293199196553
432,0.44448979591836735,1,25000,369,432,0.8541666666666666,7,108.94129206900118,0.07318401845757247
432,0.4646938775510204,0,25000,377,432,0.8726851851851852,8,111.26234368765132,0.08562675471693623
432,0.4646938775510204,1,25000,374,432,0.8657407407407407,16,110.51091763447286,0.08574258354999502
432,0.48489795918367345,0,25000,372,432,0.8611111111111112,15,110.80490711661221,0.08944087291643982
432,0.48489795918367345,1,25000,384,432,0.8888888888888888,10,113.90017675572389,0.08839295057592514
432,0.5051020408163265,0,25000,380,432,0.8796296296296297,11,113.20573731105968,0.09096785277754577
432,0.5051020408163265,1,25000,376,432,0.8703703703703703,11,111.86051652362514,0.09053668241870053
432,0.5253061224489796,0,25000,380,432,0.8796296296296297,7,113.40121859438995,0.09171700575343417
432,0.5253061224489796,1,25000,382,432,0.8842592592592593,8,114.04095161651495,0.09108847204439884
432,0.5455102040816326,0,25000,385,432,0.8912037037037037,8,114.28774889226673,0.09231419686623334
432,0.5455102040816326,1,25000,378,432,0.875,12,113.07929733739984,0.09203221173240923
432,0.5657142857142857,0,25000,377,432,0.8726851851851852,14,113.12641923323369,0.09270342239136002
432,0.5657142857142857,1,25000,381,432,0.8819444444444444,14,114.1163281657073,0.09266784794653676
432,0.5859183673469388,0,25000,386,432,0.8935185185185185,9,114.37097661907978,0.09271314195829833
432,0.5859183673469388,1,25000,381,432,0.8819444444444444,10,113.99078430316658,0.0921301164414798
432,0.6061224489795918,0,25000,373,432,0.8634259259259259,11,112.9951358196697,0.09182356289545789
432,0.6061224489795918,1,25000,390,432,0.9027777777777778,7,115.95036792911549,0.09159430745070574
432,0.6263265306122449,0,25000,381,432,0.8819444444444444,7,114.15858336617092,0.09181540194927479
432,0.6263265306122449,1,25000,370,432,0.8564814814814815,12,113.05222431415373,0.09105367568152561
432,0.6465306122448979,0,25000,380,432,0.8796296296296297,13,113.68521264712611,0.0903758546924895
432,0.6465306122448979,1,25000,393,432,0.9097222222222222,7,116.7087837664192,0.08854479368348242
432,0.666734693877551,0,25000,381,432,0.8819444444444444,9,114.47114712409248,0.08789191231572419
432,0.666734693877551,1,25000,383,432,0.8865740740740741,13,117.4237705417987,0.08056854404435866
432,0.6869387755102041,0,25000,379,432,0.8773148148148148,11,114.75094451992734,0.08510630904352813
432,0.6869387755102041,1,25000,394,432,0.9120370370370371,9,119.61331041280377,0.0774754395408511
432,0.7071428571428571,0,25000,387,432,0.8958333333333334,11,117.10774770365217,0.08079184594268779
432,0.7071428571428571,1,25000,393,432,0.9097222222222222,15,126.60806005394457,0.0366158622214285
432,0.7273469387755102,0,25000,409,432,0.9467592592592593,10,92.71561050382925,0.04501758643232314
432,0.7273469387755102,1,25000,410,432,0.9490740740740741,8,93.68663038644783,0.04271365188465126
432,0.7475510204081632,0,25000,397,432,0.9189814814814815,10,132.6889019995794,0.030607477834466032
432,0.7475510204081632,1,25000,394,432,0.9120370370370371,12,118.91566318754869,0.04102695518806739
432,0.7677551020408163,0,25000,404,432,0.9351851851851852,8,128.1399004148984,0.030703974107511765
432,0.7677551020408163,1,25000,393,432,0.9097222222222222,13,124.86844181825144,0.031045680795568752
432,0.7879591836734694,0,25000,408,432,0.9444444444444444,10,122.54336745949348,0.03690287655387576
432,0.7879591836734694,1,25000,404,432,0.9351851851851852,12,123.12773302278784,0.03411779160984384
432,0.8081632653061224,0,25000,410,432,0.9490740740740741,10,120.8528013662096,0.03515113761864587
432,0.8081632653061224,1,25000,407,432,0.9421296296296297,12,122.12039967564476,0.03412395132859668
432,0.8283673469387755,0,25000,402,432,0.9305555555555556,12,115.26608330727866,0.03807458803302936
432,0.8283673469387755,1,25000,404,432,0.9351851851851852,8,113.95424595752664,0.040192790132345536
432,0.8485714285714285,0,25000,409,432,0.9467592592592593,11,119.7100806282709,0.03333040605083747
432,0.8485714285714285,1,25000,404,432,0.9351851851851852,5,116.7438538114003,0.03422232789588537
432,0.8687755102040816,0,25000,409,432,0.9467592592592593,9,121.84542393142266,0.03313354630011498
432,0.8687755102040816,1,25000,415,432,0.9606481481481481,6,117.13024447118644,0.0345213660482207
432,0.8889795918367347,0,25000,408,432,0.9444444444444444,7,121.06725034515665,0.0341107706601408
432,0.8889795918367347,1,25000,408,432,0.9444444444444444,10,127.24098795729807,0.03305696099376426
432,0.9091836734693878,0,25000,415,432,0.9606481481481481,7,128.09591796616542,0.03276723629311107
432,0.9091836734693878,1,25000,413,432,0.9560185185185185,8,127.27002476767832,0.033097610239899364
432,0.9293877551020407,0,25000,412,432,0.9537037037037037,10,138.48664298391998,0.02545458972388421
432,0.9293877551020407,1,25000,412,432,0.9537037037037037,15,138.62968845509525,0.025101472509731028
432,0.9495918367346938,0,25000,419,432,0.9699074074074074,7,139.72819098216388,0.02544508584558306
432,0.9495918367346938,1,25000,423,432,0.9791666666666666,6,140.8216214029212,0.02527195047377169
432,0.9697959183673469,0,25000,425,432,0.9837962962962963,4,141.52437812430563,0.02484555400698052
432,0.9697959183673469,1,25000,420,432,0.9722222222222222,4,140.34590117083633,0.025400770106958907
432,0.99,0,25000,428,432,0.9907407407407407,3,140.93762232029695,0.02522794933786581
432,0.99,1,25000,429,432,0.9930555555555556,4,141.6385795458487,0.024996666126589927
448,0.0,0,25000,138,448,0.3080357142857143,38,65.43573782495116,0.0524073034304101
448,0.0,1,25000,134,448,0.29910714285714285,43,65.43958480953107,0.05119597354619017
448,0.02020408163265306,0,25000,160,448,0.35714285714285715,34,73.09064470291878,0.059061304701715875
448,0.02020408163265306,1,25000,155,448,0.34598214285714285,38,71.9754470439236,0.04936159451750758
448,0.04040816326530612,0,25000,181,448,0.40401785714285715,34,78.3104613608451,0.046626486913024824
448,0.04040816326530612,1,25000,182,448,0.40625,31,79.11426679458633,0.04712523219822036
448,0.06061224489795918,0,25000,198,448,0.4419642857142857,24,84.02197045575178,0.056065929803780674
448,0.06061224489795918,1,25000,194,448,0.4330357142857143,27,82.43313623706828,0.04952849558889842
448,0.08081632653061224,0,25000,222,448,0.4955357142857143,22,89.18384761680144,0.052515115514835994
448,0.08081632653061224,1,25000,210,448,0.46875,33,87.20530685222441,0.04526619363188433
448,0.1010204081632653,0,25000,225,448,0.5022321428571429,23,92.53681501566635,0.04506020334880825
448,0.1010204081632653,1,25000,225,448,0.5022321428571429,28,93.49066597650281,0.042030043966970326
448,0.12122448979591836,0,25000,238,448,0.53125,27,98.27999352945929,0.045095747307435874
448,0.12122448979591836,1,25000,245,448,0.546875,23,100.52986881979868,0.03986618041006264
448,0.14142857142857143,0,25000,251,448,0.5602678571428571,21,101.57167160310452,0.04224867355013549
448,0.14142857142857143,1,25000,246,448,0.5491071428571429,22,102.36682671361788,0.037359369654524355
448,0.16163265306122448,0,25000,250,448,0.5580357142857143,26,103.43419002140823,0.042035759974743556
448,0.16163265306122448,1,25000,262,448,0.5848214285714286,21,105.95969450415389,0.038305143025948354
448,0.18183673469387754,0,25000,258,448,0.5758928571428571,18,106.75286835477107,0.039879064485882576
448,0.18183673469387754,1,25000,268,448,0.5982142857142857,21,109.76361391389104,0.034715532043389334
448,0.2020408163265306,0,25000,271,448,0.6049107142857143,23,109.44885826531926,0.034934460585936564
448,0.2020408163265306,1,25000,278,448,0.6205357142857143,18,110.93543932719945,0.03288331137416939
448,0.22224489795918367,0,25000,276,448,0.6160714285714286,24,111.4691261024878,0.033429461346248676
448,0.22224489795918367,1,25000,286,448,0.6383928571428571,19,114.06116398144222,0.031198205826810575
448,0.24244897959183673,0,25000,291,448,0.6495535714285714,18,116.02102548132615,0.03155128886744148
448,0.24244897959183673,1,25000,287,448,0.640625,15,115.63844646983611,0.030375553186031898
448,0.2626530612244898,0,25000,294,448,0.65625,18,117.12490292809883,0.030186382231972973
448,0.2626530612244898,1,25000,300,448,0.6696428571428571,18,117.52239251320236,0.029350245245172768
448,0.28285714285714286,0,25000,311,448,0.6941964285714286,11,120.56573265670995,0.029349004509382933
448,0.28285714285714286,1,25000,317,448,0.7075892857142857,12,121.31804317440566,0.027855902196733357
448,0.3030612244897959,0,25000,313,448,0.6986607142857143,14,121.77901367812413,0.028309565627656384
448,0.3030612244897959,1,25000,318,448,0.7098214285714286,16,122.8736554252203,0.027453193693935153
448,0.32326530612244897,0,25000,341,448,0.7611607142857143,17,126.62910674883423,0.027386208819560498
448,0.32326530612244897,1,25000,324,448,0.7232142857142857,17,124.01491103639553,0.026663269360587546
448,0.34346938775510205,0,25000,329,448,0.734375,10,126.16889569735358,0.026971395488551632
448,0.34346938775510205,1,25000,341,448,0.7611607142857143,13,127.07891367892621,0.026697392235193598
448,0.3636734693877551,0,25000,339,448,0.7566964285714286,9,127.30933325984289,0.026776165023102684
448,0.3636734693877551,1,25000,350,448,0.78125,11,129.8869831347144,0.025673125917698533
448,0.38387755102040816,0,25000,350,448,0.78125,12,130.25421646158597,0.0258341780458001
448,0.38387755102040816,1,25000,339,448,0.7566964285714286,6,127.09066727217211,0.02791327531513521
448,0.4040816326530612,0,25000,343,448,0.765625,14,121.51497875091093,0.042794512397321544
448,0.4040816326530612,1,25000,345,448,0.7700892857142857,10,116.24614246544661,0.044535861144088446
448,0.42428571428571427,0,25000,393,448,0.8772321428571429,12,120.89155228803948,0.04296539909950928
448,0.42428571428571427,1,25000,373,448,0.8325892857142857,9,116.81883573892864,0.04535706459944343
448,0.44448979591836735,0,25000,384,448,0.8571428571428571,10,117.34128724065951,0.06731433331337563
448,0.44448979591836735,1,25000,386,448,0.8616071428571429,8,117.28731963667605,0.07012166081853058
448,0.4646938775510204,0,25000,390,448,0.8705357142857143,13,119.8977094042705,0.07866265137772059
448,0.4646938775510204,1,25000,387,448,0.8638392857142857,9,118.3250232440889,0.07912160542195765
448,0.48489795918367345,0,25000,388,448,0.8660714285714286,14,118.86930145079904,0.08221472491013714
448,0.48489795918367345,1,25000,386,448,0.8616071428571429,12,119.37552696508047,0.08172493186424126
448,0.5051020408163265,0,25000,385,448,0.859375,12,118.7875103701302,0.08368883365712393
448,0.5051020408163265,1,25000,388,448,0.8660714285714286,12,119.5472297061078,0.08183263893672033
448,0.5253061224489796,0,25000,388,448,0.8660714285714286,7,120.61391004982676,0.0834314938824248
448,0.5253061224489796,1,25000,393,448,0.8772321428571429,14,120.25339693160377,0.08256661265430311
448,0.5455102040816326,0,25000,386,448,0.8616071428571429,11,120.16684404863153,0.08437622906228476
448,0.5455102040816326,1,25000,384,448,0.8571428571428571,11,119.38386165110491,0.08403892417753488
448,0.5657142857142857,0,25000,388,448,0.8660714285714286,12,121.22030392599872,0.08438793973650484
448,0.5657142857142857,1,25000,391,448,0.8727678571428571,11,121.29051257772485,0.08026986788469755
448,0.5859183673469388,0,25000,389,448,0.8683035714285714,10,121.01283958551615,0.08398668772061847
448,0.5859183673469388,1,25000,397,448,0.8861607142857143,10,122.55435617187057,0.08355371085757418
448,0.6061224489795918,0,25000,397,448,0.8861607142857143,13,122.06581638965979,0.08382464816512707
448,0.6061224489795918,1,25000,396,448,0.8839285714285714,11,122.52076426429718,0.08135555350576038
448,0.6263265306122449,0,25000,394,448,0.8794642857142857,7,122.61525771191133,0.08228795889332494
448,0.6263265306122449,1,25000,408,448,0.9107142857142857,11,125.45037648834435,0.07526979357607111
448,0.6465306122448979,0,25000,397,448,0.8861607142857143,5,124.04506042625323,0.07682575951143951
448,0.6465306122448979,1,25000,401,448,0.8950892857142857,11,125.59526380684085,0.07365605778655035
448,0.666734693877551,0,25000,395,448,0.8816964285714286,11,125.2348549670217,0.0718835050495633
448,0.666734693877551,1,25000,395,448,0.8816964285714286,11,125.40299659227523,0.06939856072780724
448,0.6869387755102041,0,25000,394,448,0.8794642857142857,11,125.37668020094915,0.0710568004708717
448,0.6869387755102041,1,25000,397,448,0.8861607142857143,15,126.10478813727454,0.06354500987965273
448,0.7071428571428571,0,25000,409,448,0.9129464285714286,8,130.4592605072692,0.03577387723999184
448,0.7071428571428571,1,25000,404,448,0.9017857142857143,12,129.65257686458696,0.04887191015435358
448,0.7273469387755102,0,25000,424,448,0.9464285714285714,14,104.73343936991185,0.03895282441397376
448,0.7273469387755102,1,25000,419,448,0.9352678571428571,5,109.62913678191666,0.04114533244684755
448,0.7475510204081632,0,25000,425,448,0.9486607142857143,11,129.4453106698424,0.038379951517374555
448,0.7475510204081632,1,25000,421,448,0.9397321428571429,10,130.91140790491153,0.04001530213437921
448,0.7677551020408163,0,25000,417,448,0.9308035714285714,11,125.1559930999361,0.03379227800295519
448,0.7677551020408163,1,25000,415,448,0.9263392857142857,10,131.8197978524119,0.0320746035480533
448,0.7879591836734694,0,25000,421,448,0.9397321428571429,9,121.81714747453302,0.03674449511774487
448,0.7879591836734694,1,25000,407,448,0.9084821428571429,8,111.77377636062323,0.03771188430724165
448,0.8081632653061224,0,25000,420,448,0.9375,5,116.20238638017008,0.03488437159970009
448,0.8081632653061224,1,25000,419,448,0.9352678571428571,6,122.74626765370601,0.03455561134632212
448,0.8283673469387755,0,25000,421,448,0.9397321428571429,6,117.2815040669353,0.035574854757344045
448,0.8283673469387755,1,25000,414,448,0.9241071428571429,8,116.79651769103197,0.038686111445177813
448,0.8485714285714285,0,25000,428,448,0.9553571428571429,5,118.49988697816755,0.035834927562935666
448,0.8485714285714285,1,25000,421,448,0.9397321428571429,9,115.23258167380871,0.036296683229420965
448,0.8687755102040816,0,25000,424,448,0.9464285714285714,11,119.04937128389983,0.03697002507941211
448,0.8687755102040816,1,25000,423,448,0.9441964285714286,11,116.15609758923588,0.03670695106363876
448,0.8889795918367347,0,25000,420,448,0.9375,5,125.38190511811021,0.0358382451388769
448,0.8889795918367347,1,25000,433,448,0.9665178571428571,5,121.5880766905723,0.03570842922064828
448,0.9091836734693878,0,25000,420,448,0.9375,9,135.08910828005227,0.031138427527998072
448,0.9091836734693878,1,25000,424,448,0.9464285714285714,8,134.69801509444483,0.032992544325821674
448,0.9293877551020407,0,25000,433,448,0.9665178571428571,6,144.9926398222712,0.024592746806571773
448,0.9293877551020407,1,25000,423,448,0.9441964285714286,3,143.77601997887407,0.024523161482738455
448,0.9495918367346938,0,25000,431,448,0.9620535714285714,5,145.01511326254203,0.024453392530204857
448,0.9495918367346938,1,25000,431,448,0.9620535714285714,6,144.30884411937103,0.02470993299979026
448,0.9697959183673469,0,25000,441,448,0.984375,5,147.52096461475574,0.023967481549209264
448,0.9697959183673469,1,25000,431,448,0.9620535714285714,7,144.53522497578678,0.02443260318250523
448,0.99,0,25000,442,448,0.9866071428571429,4,146.27815290230757,0.02433193838429941
448,0.99,1,25000,437,448,0.9754464285714286,7,145.37778726710326,0.024609507934976925
464,0.0,0,25000,138,464,0.2974137931034483,41,68.29541024040671,0.05585590858331607
464,0.0,1,25000,143,464,0.3081896551724138,35,69.11484986106476,0.04934704046716647
464,0.02020408163265306,0,25000,161,464,0.34698275862068967,37,75.28985129573019,0.0492444152748641
464,0.02020408163265306,1,25000,157,464,0.33836206896551724,35,75.19612436492798,0.05271050929430707
464,0.04040816326530612,0,25000,180,464,0.3879310344827586,33,81.05696813696052,0.04841939473768321
464,0.04040816326530612,1,25000,179,464,0.3857758620689655,39,81.70189420187006,0.043950168312443666
464,0.06061224489795918,0,25000,203,464,0.4375,28,87.9909771289698,0.04561422016364913
464,0.06061224489795918,1,25000,197,464,0.4245689655172414,31,86.59888988551634,0.047212777047550426
464,0.08081632653061224,0,25000,216,464,0.46551724137931033,28,92.22573266937775,0.04360243796910179
464,0.08081632653061224,1,25000,211,464,0.4547413793103448,27,91.50920502421118,0.04277785214815047
464,0.1010204081632653,0,25000,223,464,0.48060344827586204,26,95.67614152886435,0.045488814653479204
464,0.1010204081632653,1,25000,232,464,0.5,23,97.87706807373709,0.03994671594395118
464,0.12122448979591836,0,25000,237,464,0.5107758620689655,26,100.81849610374908,0.040903326705763965
464,0.12122448979591836,1,25000,249,464,0.5366379310344828,26,102.57097762746622,0.04238629044476222
464,0.14142857142857143,0,25000,249,464,0.5366379310344828,27,104.9663399394428,0.038703023904565086
464,0.14142857142857143,1,25000,247,464,0.5323275862068966,29,103.09946266569622,0.04083369045138738
464,0.16163265306122448,0,25000,265,464,0.5711206896551724,28,108.70067802383883,0.03694204678578633
464,0.16163265306122448,1,25000,260,464,0.5603448275862069,25,106.92897373546836,0.03772995914254343
464,0.18183673469387754,0,25000,270,464,0.5818965517241379,20,112.2583351726584,0.03386291063067165
464,0.18183673469387754,1,25000,271,464,0.584051724137931,22,112.42888541471733,0.03518099221204915
464,0.2020408163265306,0,25000,274,464,0.5905172413793104,18,113.8025876246705,0.03331794059564597
464,0.2020408163265306,1,25000,278,464,0.5991379310344828,25,113.26473302536652,0.032919236409080316
464,0.22224489795918367,0,25000,297,464,0.6400862068965517,16,118.96510249490086,0.031339908867326245
464,0.22224489795918367,1,25000,286,464,0.6163793103448276,20,116.23083158898109,0.03110596194244921
464,0.24244897959183673,0,25000,291,464,0.6271551724137931,18,118.52808848093474,0.029946530082477593
464,0.24244897959183673,1,25000,290,464,0.625,23,118.41653487243897,0.028682679207353637
464,0.2626530612244898,0,25000,303,464,0.6530172413793104,13,121.84424171776938,0.02828431820937875
464,0.2626530612244898,1,25000,313,464,0.6745689655172413,19,123.6793562487785,0.028245514507871012
464,0.28285714285714286,0,25000,327,464,0.7047413793103449,16,126.09785379510083,0.027507720125143357
464,0.28285714285714286,1,25000,315,464,0.6788793103448276,20,123.89774634830486,0.027773083293539755
464,0.3030612244897959,0,25000,323,464,0.6961206896551724,11,126.5355777514302,0.026931883960219907
464,0.3030612244897959,1,25000,319,464,0.6875,13,125.70211129660552,0.027015376862480987
464,0.32326530612244897,0,25000,332,464,0.7155172413793104,14,128.28040920885388,0.02590686810047669
464,0.32326530612244897,1,25000,341,464,0.7349137931034483,11,129.9394305773257,0.026114933136428466
464,0.34346938775510205,0,25000,350,464,0.7543103448275862,10,131.60088550058725,0.02592942394376055
464,0.34346938775510205,1,25000,342,464,0.7370689655172413,10,130.903055671387,0.02561711661342065
464,0.3636734693877551,0,25000,350,464,0.7543103448275862,12,131.16247948274236,0.025492412386619596
464,0.3636734693877551,1,25000,351,464,0.7564655172413793,17,132.0900054949825,0.02571078901375634
464,0.38387755102040816,0,25000,361,464,0.7780172413793104,11,134.83570901707168,0.025675676294154993
464,0.38387755102040816,1,25000,363,464,0.7823275862068966,10,133.88641416320638,0.025470539280329628
464,0.4040816326530612,0,25000,366,464,0.7887931034482759,9,116.76557290534055,0.05052495263033044
464,0.4040816326530612,1,25000,370,464,0.7974137931034483,10,114.40012823548818,0.04792037091075416
464,0.42428571428571427,0,25000,391,464,0.8426724137931034,9,124.68246591030031,0.040962023281554155
464,0.42428571428571427,1,25000,404,464,0.8706896551724138,10,126.92461660484611,0.04089534780923158
464,0.44448979591836735,0,25000,392,464,0.8448275862068966,9,124.38367027994018,0.05953853278512822
464,0.44448979591836735,1,25000,395,464,0.8512931034482759,11,124.8143751452613,0.06076020356076045
464,0.4646938775510204,0,25000,402,464,0.8663793103448276,7,126.51560133329937,0.07057892049732695
464,0.4646938775510204,1,25000,406,464,0.875,13,127.15004099585335,0.07036820243044548
464,0.48489795918367345,0,25000,404,464,0.8706896551724138,7,128.7849466802373,0.07306280695356905
464,0.48489795918367345,1,25000,393,464,0.8469827586206896,12,126.62051729299893,0.0735152664281265
464,0.5051020408163265,0,25000,406,464,0.875,11,128.77530518498202,0.07429643690785558
464,0.5051020408163265,1,25000,402,464,0.8663793103448276,9,128.34501840553708,0.07456924978261655
464,0.5253061224489796,0,25000,405,464,0.8728448275862069,16,130.34289911216808,0.07446049219460021
464,0.5253061224489796,1,25000,402,464,0.8663793103448276,11,129.19458626612044,0.07481960493338435
464,0.5455102040816326,0,25000,409,464,0.8814655172413793,8,130.10530471957122,0.07525441976778888
464,0.5455102040816326,1,25000,411,464,0.8857758620689655,11,130.73688264316957,0.0739557242924868
464,0.5657142857142857,0,25000,393,464,0.8469827586206896,8,127.27561799903964,0.07620285663626139
464,0.5657142857142857,1,25000,416,464,0.896551724137931,12,131.33908900390165,0.0728473913347441
464,0.5859183673469388,0,25000,406,464,0.875,15,130.11766124742405,0.07468227392925128
464,0.5859183673469388,1,25000,396,464,0.853448275862069,15,128.73052276798944,0.07141399173847282
464,0.6061224489795918,0,25000,408,464,0.8793103448275862,13,130.03445523696405,0.07525768301109824
464,0.6061224489795918,1,25000,398,464,0.8577586206896551,17,130.2439215465278,0.06755168170802989
464,0.6263265306122449,0,25000,406,464,0.875,13,130.32966064945282,0.07411151668025989
464,0.6263265306122449,1,25000,405,464,0.8728448275862069,16,131.7394479816586,0.06692370510319048
464,0.6465306122448979,0,25000,411,464,0.8857758620689655,15,130.78236376248185,0.071926333685432
464,0.6465306122448979,1,25000,400,464,0.8620689655172413,10,131.36701323704057,0.06542388968509857
464,0.666734693877551,0,25000,417,464,0.8987068965517241,10,133.21543008530477,0.06606144309726023
464,0.666734693877551,1,25000,409,464,0.8814655172413793,17,135.1587641184209,0.046968584313304945
464,0.6869387755102041,0,25000,413,464,0.8900862068965517,20,134.07933088948275,0.04778927622833121
464,0.6869387755102041,1,25000,409,464,0.8814655172413793,11,145.32689608156443,0.023478722031205747
464,0.7071428571428571,0,25000,405,464,0.8728448275862069,9,143.61974647678102,0.023403438701273042
464,0.7071428571428571,1,25000,412,464,0.8879310344827587,15,144.8313556353745,0.023673535558396408
464,0.7273469387755102,0,25000,413,464,0.8900862068965517,11,131.8724715246716,0.03590725490727437
464,0.7273469387755102,1,25000,424,464,0.9137931034482759,8,116.79685302925054,0.03806813635782705
464,0.7475510204081632,0,25000,437,464,0.9418103448275862,6,97.482191217456,0.04260967311234879
464,0.7475510204081632,1,25000,430,464,0.9267241379310345,8,90.65644911617372,0.04528737765147556
464,0.7677551020408163,0,25000,437,464,0.9418103448275862,6,122.14456309589963,0.036450590056205545
464,0.7677551020408163,1,25000,434,464,0.9353448275862069,8,123.50050376818072,0.037316026302182434
464,0.7879591836734694,0,25000,428,464,0.9224137931034483,12,117.15616993403223,0.0365518235092953
464,0.7879591836734694,1,25000,435,464,0.9375,10,120.49923124045608,0.03600447275281059
464,0.8081632653061224,0,25000,431,464,0.9288793103448276,10,117.71339603749415,0.0373306881786195
464,0.8081632653061224,1,25000,430,464,0.9267241379310345,7,115.9668644944493,0.03687712547740361
464,0.8283673469387755,0,25000,437,464,0.9418103448275862,4,118.87245922495505,0.037143136911123545
464,0.8283673469387755,1,25000,441,464,0.9504310344827587,4,121.28056034506568,0.03712642127974735
464,0.8485714285714285,0,25000,438,464,0.9439655172413793,7,123.32748645116155,0.03682432849910041
464,0.8485714285714285,1,25000,435,464,0.9375,7,113.18981068281099,0.038526389433001365
464,0.8687755102040816,0,25000,431,464,0.9288793103448276,7,123.79282152312732,0.03723219699272023
464,0.8687755102040816,1,25000,436,464,0.9396551724137931,11,122.3196225351213,0.03680991438750235
464,0.8889795918367347,0,25000,430,464,0.9267241379310345,12,128.63931359923117,0.034685044683508685
464,0.8889795918367347,1,25000,435,464,0.9375,8,134.82667135568147,0.034689414197317275
464,0.9091836734693878,0,25000,438,464,0.9439655172413793,9,144.59784518887574,0.026456761122704855
464,0.9091836734693878,1,25000,436,464,0.9396551724137931,15,147.14981613509497,0.025395266340948127
464,0.9293877551020407,0,25000,450,464,0.9698275862068966,6,150.25403508320198,0.023692474002166508
464,0.9293877551020407,1,25000,445,464,0.959051724137931,8,149.37004237403184,0.023888978930146524
464,0.9495918367346938,0,25000,443,464,0.9547413793103449,6,149.40818290652425,0.023844085646368033
464,0.9495918367346938,1,25000,452,464,0.9741379310344828,5,149.96234555347598,0.023874903336476072
464,0.9697959183673469,0,25000,446,464,0.9612068965517241,6,148.98486966006215,0.02392295491488805
464,0.9697959183673469,1,25000,449,464,0.9676724137931034,4,150.08578244069315,0.023753054864006532
464,0.99,0,25000,451,464,0.9719827586206896,5,149.71894283217006,0.02401929637440866
464,0.99,1,25000,455,464,0.9806034482758621,5,150.10284380484302,0.02406987417734859
480,0.0,0,25000,147,480,0.30625,38,72.50612522201135,0.05830512788744672
480,0.0,1,25000,141,480,0.29375,38,70.94831580447263,0.048640953515661334
480,0.02020408163265306,0,25000,162,480,0.3375,37,78.34264351862075,0.055715354967898645
480,0.02020408163265306,1,25000,165,480,0.34375,41,79.92846182047435,0.044228897973291645
480,0.04040816326530612,0,25000,181,480,0.3770833333333333,35,84.8164069930569,0.04364630001422916
480,0.04040816326530612,1,25000,179,480,0.3729166666666667,33,83.76271959315311,0.042293661095734326
480,0.06061224489795918,0,25000,196,480,0.4083333333333333,24,90.22033859090266,0.04913065331162026
480,0.06061224489795918,1,25000,197,480,0.41041666666666665,24,89.22959046685455,0.04156054488184254
480,0.08081632653061224,0,25000,213,480,0.44375,26,95.41798578891621,0.0483789174268211
480,0.08081632653061224,1,25000,211,480,0.4395833333333333,22,95.04838415042843,0.04020275242827051
480,0.1010204081632653,0,25000,216,480,0.45,26,97.62912103818365,0.041087288146956946
480,0.1010204081632653,1,25000,223,480,0.46458333333333335,27,99.28193960138117,0.040537757697451854
480,0.12122448979591836,0,25000,246,480,0.5125,24,104.69607200703541,0.04147183971896857
480,0.12122448979591836,1,25000,236,480,0.49166666666666664,23,104.22922550972064,0.03754992025633626
480,0.14142857142857143,0,25000,251,480,0.5229166666666667,26,108.28751637289605,0.03948701561709221
480,0.14142857142857143,1,25000,253,480,0.5270833333333333,22,109.19335233500905,0.03553692002164717
480,0.16163265306122448,0,25000,251,480,0.5229166666666667,27,109.04741805862183,0.03694735721417012
480,0.16163265306122448,1,25000,260,480,0.5416666666666666,23,111.65409505585049,0.03426588353118307
480,0.18183673469387754,0,25000,267,480,0.55625,17,113.7035295653504,0.03262241404460195
480,0.18183673469387754,1,25000,267,480,0.55625,24,113.56631649326295,0.034454992364142775
480,0.2020408163265306,0,25000,281,480,0.5854166666666667,24,118.16568391215716,0.030662486617214754
480,0.2020408163265306,1,25000,292,480,0.6083333333333333,18,121.59178090603126,0.030038349130653827
480,0.22224489795918367,0,25000,300,480,0.625,20,122.39068712561496,0.029434455263908567
480,0.22224489795918367,1,25000,283,480,0.5895833333333333,25,119.43163337391115,0.031244349313192588
480,0.24244897959183673,0,25000,307,480,0.6395833333333333,14,124.79321748179399,0.02733414898877719
480,0.24244897959183673,1,25000,303,480,0.63125,20,123.57300334113634,0.029929192298885233
480,0.2626530612244898,0,25000,320,480,0.6666666666666666,17,127.80771450244545,0.027053411554792156
480,0.2626530612244898,1,25000,309,480,0.64375,12,126.14540035522039,0.02772442592031458
480,0.28285714285714286,0,25000,332,480,0.6916666666666667,11,130.41722913445437,0.02627780497261573
480,0.28285714285714286,1,25000,327,480,0.68125,7,130.03325775494972,0.026275378839682575
480,0.3030612244897959,0,25000,337,480,0.7020833333333333,14,131.20740191851155,0.026046060143167862
480,0.3030612244897959,1,25000,337,480,0.7020833333333333,12,131.18001715601514,0.025870352504209243
480,0.32326530612244897,0,25000,351,480,0.73125,10,134.18063129482638,0.02530098575035953
480,0.32326530612244897,1,25000,355,480,0.7395833333333334,9,134.89630510910598,0.025209660091498855
480,0.34346938775510205,0,25000,358,480,0.7458333333333333,11,136.27556402711554,0.02508404573938964
480,0.34346938775510205,1,25000,349,480,0.7270833333333333,5,134.5016355541572,0.025134763391197024
480,0.3636734693877551,0,25000,366,480,0.7625,9,137.18325485762207,0.024600558005976172
480,0.3636734693877551,1,25000,374,480,0.7791666666666667,9,138.23996722081176,0.024705331320360648
480,0.38387755102040816,0,25000,380,480,0.7916666666666666,8,139.38066138166687,0.02589934574967489
480,0.38387755102040816,1,25000,366,480,0.7625,8,136.7593803972764,0.026356704790296122
480,0.4040816326530612,0,25000,398,480,0.8291666666666667,7,91.21894544823749,0.05967265156517063
480,0.4040816326530612,1,25000,394,480,0.8208333333333333,7,100.27063880746277,0.05641010264373173
480,0.42428571428571427,0,25000,408,480,0.85,15,133.64191001334888,0.035841205722763635
480,0.42428571428571427,1,25000,400,480,0.8333333333333334,12,131.2732738521973,0.0366956360544469
480,0.44448979591836735,0,25000,401,480,0.8354166666666667,11,132.2689081176054,0.05080472981615187
480,0.44448979591836735,1,25000,408,480,0.85,15,133.86124958763483,0.053460064295116516
480,0.4646938775510204,0,25000,430,480,0.8958333333333334,10,139.47105415093876,0.06001308453202181
480,0.4646938775510204,1,25000,420,480,0.875,12,135.82152149159577,0.06077042614552726
480,0.48489795918367345,0,25000,406,480,0.8458333333333333,17,134.7392779404433,0.06254081804044087
480,0.48489795918367345,1,25000,419,480,0.8729166666666667,8,137.11172646544762,0.06202242111814062
480,0.5051020408163265,0,25000,410,480,0.8541666666666666,13,137.60764116642156,0.06238894382446586
480,0.5051020408163265,1,25000,415,480,0.8645833333333334,10,136.1816768610352,0.06237332778799371
480,0.5253061224489796,0,25000,419,480,0.8729166666666667,13,137.6454977842579,0.06342876880386035
480,0.5253061224489796,1,25000,421,480,0.8770833333333333,8,138.91161197023646,0.06176999495899153
480,0.5455102040816326,0,25000,423,480,0.88125,13,139.08382914470974,0.06336074076948656
480,0.5455102040816326,1,25000,420,480,0.875,12,138.55734852090092,0.0626260069377286
480,0.5657142857142857,0,25000,423,480,0.88125,14,139.16052602109193,0.06330598946937846
480,0.5657142857142857,1,25000,422,480,0.8791666666666667,9,138.6123710986963,0.061271171254365396
480,0.5859183673469388,0,25000,419,480,0.8729166666666667,13,139.08389371823574,0.062422233426532234
480,0.5859183673469388,1,25000,416,480,0.8666666666666667,11,138.17344964421295,0.060532550575738114
480,0.6061224489795918,0,25000,412,480,0.8583333333333333,15,137.56757105215922,0.06095193777011824
480,0.6061224489795918,1,25000,413,480,0.8604166666666667,14,137.919501482699,0.05956610177406396
480,0.6263265306122449,0,25000,413,480,0.8604166666666667,13,137.74401416071282,0.055979589691276525
480,0.6263265306122449,1,25000,416,480,0.8666666666666667,9,138.59396875207193,0.05406956366531941
480,0.6465306122448979,0,25000,412,480,0.8583333333333333,9,139.63033167778147,0.047481194535438254
480,0.6465306122448979,1,25000,418,480,0.8708333333333333,13,142.63682449047002,0.032902267373603786
480,0.666734693877551,0,25000,424,480,0.8833333333333333,17,147.98848700663885,0.02338788100611823
480,0.666734693877551,1,25000,416,480,0.8666666666666667,11,147.9769160045056,0.02329313723463622
480,0.6869387755102041,0,25000,429,480,0.89375,20,151.14360218021767,0.022868147932932088
480,0.6869387755102041,1,25000,421,480,0.8770833333333333,14,149.21781597114386,0.022788135745288707
480,0.7071428571428571,0,25000,426,480,0.8875,11,149.5377801149977,0.02327034864463707
480,0.7071428571428571,1,25000,428,480,0.8916666666666667,16,150.69984934878437,0.022696240322532264
480,0.7273469387755102,0,25000,432,480,0.9,14,147.35213696388675,0.030195052776425133
480,0.7273469387755102,1,25000,428,480,0.8916666666666667,14,135.20992398385465,0.03739381259962962
480,0.7475510204081632,0,25000,446,480,0.9291666666666667,11,93.82030262818645,0.045891736906875855
480,0.7475510204081632,1,25000,452,480,0.9416666666666667,11,94.67196715253007,0.04729531301598546
480,0.7677551020408163,0,25000,451,480,0.9395833333333333,11,117.88567396358617,0.04567170018731992
480,0.7677551020408163,1,25000,459,480,0.95625,5,82.67759435444151,0.052761612052688825
480,0.7879591836734694,0,25000,446,480,0.9291666666666667,9,120.93834863386091,0.0405841353870809
480,0.7879591836734694,1,25000,458,480,0.9541666666666667,7,108.93134488368477,0.04431346186939584
480,0.8081632653061224,0,25000,448,480,0.9333333333333333,8,127.74801664489108,0.03647850290743034
480,0.8081632653061224,1,25000,443,480,0.9229166666666667,11,122.1104987909474,0.03762291716478425
480,0.8283673469387755,0,25000,442,480,0.9208333333333333,9,124.0451968617507,0.03691917511426806
480,0.8283673469387755,1,25000,452,480,0.9416666666666667,6,128.60300431758327,0.037011223032237896
480,0.8485714285714285,0,25000,448,480,0.9333333333333333,10,125.47122847919559,0.036462138491994464
480,0.8485714285714285,1,25000,450,480,0.9375,4,132.67308101040734,0.03623249374847287
480,0.8687755102040816,0,25000,439,480,0.9145833333333333,10,128.86120780951543,0.036468301691534956
480,0.8687755102040816,1,25000,443,480,0.9229166666666667,9,134.18037321324036,0.03432904360420095
480,0.8889795918367347,0,25000,440,480,0.9166666666666666,10,139.86655515774675,0.03642686924414927
480,0.8889795918367347,1,25000,447,480,0.93125,8,141.9172435594769,0.03635287960066406
480,0.9091836734693878,0,25000,456,480,0.95,9,150.3864933778107,0.028543985692361343
480,0.9091836734693878,1,25000,454,480,0.9458333333333333,7,149.12362462245343,0.026916969973120375
480,0.9293877551020407,0,25000,457,480,0.9520833333333333,5,152.6454872756625,0.024860834571040102
480,0.9293877551020407,1,25000,456,480,0.95,6,152.02737679185717,0.02429308420171073
480,0.9495918367346938,0,25000,462,480,0.9625,4,154.36657453230652,0.023470264897204635
480,0.9495918367346938,1,25000,465,480,0.96875,8,153.6749395417977,0.024360251989214675
480,0.9697959183673469,0,25000,464,480,0.9666666666666667,9,155.03212198390287,0.023077833211498984
480,0.9697959183673469,1,25000,467,480,0.9729166666666667,6,154.80100536102037,0.023151995163726496
480,0.99,0,25000,464,480,0.9666666666666667,3,153.42815830496488,0.024095469901561754
480,0.99,1,25000,474,480,0.9875,3,156.14284597969518,0.023426701208306783
48,0.0,0,25000,21,48,0.4375,10,7.640046650153673,0.36096932234683576
48,0.0,1,25000,23,48,0.4791666666666667,11,7.993505597934316,0.36074543265865766
48,0.02020408163265306,0,25000,22,48,0.4583333333333333,11,7.963164236179373,0.35981316869837726
48,0.02020408163265306,1,25000,23,48,0.4791666666666667,11,7.681318443288925,0.3688872102933249
48,0.04040816326530612,0,25000,21,48,0.4375,12,8.012727870422516,0.35837288302424253
48,0.04040816326530612,1,25000,21,48,0.4375,11,7.780804445657335,0.3675573539452829
48,0.06061224489795918,0,25000,23,48,0.4791666666666667,14,8.866209832715272,0.3450643919167607
48,0.06061224489795918,1,25000,21,48,0.4375,12,8.206606632623547,0.3577122735663817
48,0.08081632653061224,0,25000,21,48,0.4375,12,8.350701302084207,0.3478784846996703
48,0.08081632653061224,1,25000,23,48,0.4791666666666667,15,8.702574540396316,0.35341435124277415
48,0.1010204081632653,0,25000,25,48,0.5208333333333334,17,9.474916556465345,0.3355782471715938
48,0.1010204081632653,1,25000,24,48,0.5,15,9.027664632325848,0.3450514050549905
48,0.12122448979591836,0,25000,23,48,0.4791666666666667,17,9.366876383407497,0.33285840841043285
48,0.12122448979591836,1,25000,23,48,0.4791666666666667,15,8.827307248422946,0.34813077177339447
48,0.14142857142857143,0,25000,23,48,0.4791666666666667,16,9.253928519374346,0.3325720306314992
48,0.14142857142857143,1,25000,24,48,0.5,17,9.333646223270406,0.3390819842716682
48,0.16163265306122448,0,25000,25,48,0.5208333333333334,19,9.928694978314919,0.3249951116732845
48,0.16163265306122448,1,25000,23,48,0.4791666666666667,18,9.273009856794644,0.3370214185194038
48,0.18183673469387754,0,25000,24,48,0.5,16,9.496350975024942,0.32539498926852617
48,0.18183673469387754,1,25000,24,48,0.5,17,9.640819752856114,0.331468366928711
48,0.2020408163265306,0,25000,23,48,0.4791666666666667,19,9.960893845283305,0.31554575016838
48,0.2020408163265306,1,25000,25,48,0.5208333333333334,20,9.929724365345555,0.32737570046454584
48,0.22224489795918367,0,25000,25,48,0.5208333333333334,18,10.160931639705698,0.3117404559201222
48,0.22224489795918367,1,25000,26,48,0.5416666666666666,22,10.323344408106093,0.3187820297249803
48,0.24244897959183673,0,25000,26,48,0.5416666666666666,23,10.25696743511244,0.3090297128456827
48,0.24244897959183673,1,25000,23,48,0.4791666666666667,20,9.683306545734764,0.3235095057181717
48,0.2626530612244898,0,25000,28,48,0.5833333333333334,24,10.861505427046339,0.3010067318850147
48,0.2626530612244898,1,25000,27,48,0.5625,23,10.524785079973238,0.3114312801929987
48,0.28285714285714286,0,25000,25,48,0.5208333333333334,24,10.470094705591084,0.3010466371913145
48,0.28285714285714286,1,25000,28,48,0.5833333333333334,21,10.767578677460467,0.3073635757020313
48,0.3030612244897959,0,25000,25,48,0.5208333333333334,19,10.39330719781696,0.29787968473687443
48,0.3030612244897959,1,25000,28,48,0.5833333333333334,25,11.136157680706498,0.300414231117966
48,0.32326530612244897,0,25000,30,48,0.625,23,11.744311666606498,0.28704107724523137
48,0.32326530612244897,1,25000,29,48,0.6041666666666666,22,10.947504496527365,0.29921187515139314
48,0.34346938775510205,0,25000,28,48,0.5833333333333334,22,10.56808026098361,0.2925501850473067
48,0.34346938775510205,1,25000,29,48,0.6041666666666666,23,10.903146691084451,0.2962863777169101
48,0.3636734693877551,0,25000,27,48,0.5625,22,10.90268647642533,0.2880515225268562
48,0.3636734693877551,1,25000,32,48,0.6666666666666666,22,10.847705406098676,0.2917785669707593
48,0.38387755102040816,0,25000,32,48,0.6666666666666666,21,10.807494561927731,0.2819565387205549
48,0.38387755102040816,1,25000,33,48,0.6875,25,11.082720927877464,0.28737610483382203
48,0.4040816326530612,0,25000,36,48,0.75,20,10.321047119439239,0.2846860016660938
48,0.4040816326530612,1,25000,36,48,0.75,21,10.87784754856304,0.2835316640910148
48,0.42428571428571427,0,25000,36,48,0.75,18,9.541527681146707,0.2878811453899991
48,0.42428571428571427,1,25000,35,48,0.7291666666666666,18,8.82196331228216,0.301221664855733
48,0.44448979591836735,0,25000,37,48,0.7708333333333334,16,8.309250439825542,0.2925488155995339
48,0.44448979591836735,1,25000,38,48,0.7916666666666666,19,8.787985686019795,0.28994057920601674
48,0.4646938775510204,0,25000,39,48,0.8125,15,7.766773642045878,0.2891773589350054
48,0.4646938775510204,1,25000,39,48,0.8125,16,7.768029683397883,0.2918920729539499
48,0.48489795918367345,0,25000,40,48,0.8333333333333334,15,6.907605651972082,0.2985091506963033
48,0.48489795918367345,1,25000,42,48,0.875,15,7.384711548622035,0.2914513875411754
48,0.5051020408163265,0,25000,41,48,0.8541666666666666,15,7.025519346857076,0.29100517899523215
48,0.5051020408163265,1,25000,41,48,0.8541666666666666,12,6.468945252897253,0.3071893404574695
48,0.5253061224489796,0,25000,45,48,0.9375,14,6.951204768985155,0.29383328877650045
48,0.5253061224489796,1,25000,45,48,0.9375,13,6.405893327238934,0.3135377984413342
48,0.5455102040816326,0,25000,43,48,0.8958333333333334,11,5.969199999541914,0.32096527280562454
48,0.5455102040816326,1,25000,43,48,0.8958333333333334,10,5.552412235202154,0.34089339125363205
48,0.5657142857142857,0,25000,44,48,0.9166666666666666,9,5.391570912789944,0.35024049866515883
48,0.5657142857142857,1,25000,46,48,0.9583333333333334,10,5.736383722831265,0.34119469096168537
48,0.5859183673469388,0,25000,45,48,0.9375,8,5.327340787286626,0.3642901360861364
48,0.5859183673469388,1,25000,48,48,1.0,9,5.586573366010859,0.35706967924043276
48,0.6061224489795918,0,25000,46,48,0.9583333333333334,7,5.107932658102365,0.38170206412723084
48,0.6061224489795918,1,25000,47,48,0.9791666666666666,8,5.416682842388264,0.36637732537030343
48,0.6263265306122449,0,25000,47,48,0.9791666666666666,5,4.99040029715858,0.41350761569809164
48,0.6263265306122449,1,25000,47,48,0.9791666666666666,6,5.1243678318739025,0.3926797044710268
48,0.6465306122448979,0,25000,48,48,1.0,3,5.395427592845934,0.4357761901871815
48,0.6465306122448979,1,25000,47,48,0.9791666666666666,4,5.225636786274972,0.4241373656013179
48,0.666734693877551,0,25000,47,48,0.9791666666666666,3,5.092571751313767,0.45781475418059936
48,0.666734693877551,1,25000,47,48,0.9791666666666666,4,5.293552467350361,0.42224432036118276
48,0.6869387755102041,0,25000,48,48,1.0,2,6.808547088650444,0.43140917429713566
48,0.6869387755102041,1,25000,47,48,0.9791666666666666,3,6.065859402487262,0.4444559327906821
48,0.7071428571428571,0,25000,48,48,1.0,3,9.208469049981787,0.37314765552177476
48,0.7071428571428571,1,25000,45,48,0.9375,4,8.10418055509189,0.40097990825563057
48,0.7273469387755102,0,25000,47,48,0.9791666666666666,14,9.961210581172013,0.34902009620357966
48,0.7273469387755102,1,25000,48,48,1.0,2,8.672012827566295,0.3865417588209252
48,0.7475510204081632,0,25000,46,48,0.9583333333333334,20,10.581978351548507,0.3292708556976218
48,0.7475510204081632,1,25000,47,48,0.9791666666666666,17,10.085211543179678,0.34761620149171435
48,0.7677551020408163,0,25000,48,48,1.0,48,16.24403045392241,0.15254517758533603
48,0.7677551020408163,1,25000,48,48,1.0,48,16.27385384017819,0.15227689639544723
48,0.7879591836734694,0,25000,47,48,0.9791666666666666,47,16.1844736567831,0.14739360136714488
48,0.7879591836734694,1,25000,48,48,1.0,48,16.444575218047024,0.14845435757141587
48,0.8081632653061224,0,25000,48,48,1.0,48,16.620453570786218,0.14544190783407546
48,0.8081632653061224,1,25000,48,48,1.0,47,16.42771979282556,0.14564077963414743
48,0.8283673469387755,0,25000,48,48,1.0,47,16.835058592957175,0.13965531098965656
48,0.8283673469387755,1,25000,48,48,1.0,48,16.48451465936583,0.14624052530333545
48,0.8485714285714285,0,25000,47,48,0.9791666666666666,47,16.47563230494005,0.14083731265768107
48,0.8485714285714285,1,25000,48,48,1.0,48,16.744854985581338,0.14139583585534335
48,0.8687755102040816,0,25000,48,48,1.0,48,16.596673439576872,0.14360021485170982
48,0.8687755102040816,1,25000,48,48,1.0,48,16.660481335844807,0.14135889897799947
48,0.8889795918367347,0,25000,48,48,1.0,48,16.540111254491773,0.14186073673213467
48,0.8889795918367347,1,25000,48,48,1.0,48,16.551852015489366,0.14208006368062134
48,0.9091836734693878,0,25000,47,48,0.9791666666666666,47,16.874568737331025,0.1375712165023779
48,0.9091836734693878,1,25000,48,48,1.0,48,16.558156706460945,0.14249951852930015
48,0.9293877551020407,0,25000,48,48,1.0,48,17.17386987939842,0.13505372995689122
48,0.9293877551020407,1,25000,48,48,1.0,48,17.249870590841773,0.133722838197873
48,0.9495918367346938,0,25000,47,48,0.9791666666666666,47,16.941541876714584,0.13749571252948167
48,0.9495918367346938,1,25000,48,48,1.0,48,17.315450922097696,0.13364205523018952
48,0.9697959183673469,0,25000,48,48,1.0,48,17.237080653292224,0.13458782388257673
48,0.9697959183673469,1,25000,48,48,1.0,48,17.094616961376435,0.13544923234422812
48,0.99,0,25000,48,48,1.0,48,17.368710486978046,0.13298917948659827
48,0.99,1,25000,48,48,1.0,48,17.25841267588859,0.1341361169399588
496,0.0,0,25000,150,496,0.3024193548387097,41,75.92018191332252,0.0500007291372549
496,0.0,1,25000,148,496,0.29838709677419356,40,75.91607809407839,0.045596717761232995
496,0.02020408163265306,0,25000,166,496,0.3346774193548387,39,82.98957994010439,0.051422310765945556
496,0.02020408163265306,1,25000,161,496,0.3245967741935484,32,82.36153237584486,0.04159596044656494
496,0.04040816326530612,0,25000,183,496,0.3689516129032258,30,88.70183449120555,0.05020147254355126
496,0.04040816326530612,1,25000,178,496,0.3588709677419355,33,87.04209905592879,0.04986417928870237
496,0.06061224489795918,0,25000,194,496,0.3911290322580645,30,92.33166693520076,0.051036525437802384
496,0.06061224489795918,1,25000,197,496,0.3971774193548387,31,93.00041668282412,0.04351369412818782
496,0.08081632653061224,0,25000,217,496,0.4375,24,100.18868197137107,0.04278129598303239
496,0.08081632653061224,1,25000,211,496,0.4254032258064516,25,98.95112938534281,0.04037726420598352
496,0.1010204081632653,0,25000,222,496,0.4475806451612903,25,102.56525764941009,0.03707310928417999
496,0.1010204081632653,1,25000,232,496,0.46774193548387094,22,105.6657967609568,0.03468021482694347
496,0.12122448979591836,0,25000,238,496,0.4798387096774194,22,108.43414051640629,0.03563587114205201
496,0.12122448979591836,1,25000,238,496,0.4798387096774194,22,108.61043416313085,0.034603871869308876
496,0.14142857142857143,0,25000,263,496,0.530241935483871,28,114.95855070711244,0.03260159971808425
496,0.14142857142857143,1,25000,257,496,0.5181451612903226,22,112.94488627273175,0.0339223389430858
496,0.16163265306122448,0,25000,270,496,0.5443548387096774,19,117.86519200961355,0.03183924990943206
496,0.16163265306122448,1,25000,264,496,0.532258064516129,24,116.10700533013828,0.0329353802436458
496,0.18183673469387754,0,25000,282,496,0.5685483870967742,23,119.5875434663385,0.03259465565818828
496,0.18183673469387754,1,25000,282,496,0.5685483870967742,22,119.47198475761759,0.030875198340450303
496,0.2020408163265306,0,25000,296,496,0.5967741935483871,17,123.26195105130765,0.030602335082554947
496,0.2020408163265306,1,25000,286,496,0.5766129032258065,24,121.70220256032549,0.029464905822402885
496,0.22224489795918367,0,25000,314,496,0.6330645161290323,14,128.25512183760418,0.028702975955528398
496,0.22224489795918367,1,25000,298,496,0.6008064516129032,19,124.51475434732507,0.02890271360433657
496,0.24244897959183673,0,25000,315,496,0.6350806451612904,10,128.68824773526654,0.028049220736145082
496,0.24244897959183673,1,25000,319,496,0.6431451612903226,11,130.0312900662239,0.02670407119216601
496,0.2626530612244898,0,25000,324,496,0.6532258064516129,10,131.58289757805565,0.027179951772465977
496,0.2626530612244898,1,25000,338,496,0.6814516129032258,9,134.15929007538156,0.025695041096279986
496,0.28285714285714286,0,25000,340,496,0.6854838709677419,14,133.52104089908755,0.026384968683078977
496,0.28285714285714286,1,25000,326,496,0.657258064516129,14,131.10326749606892,0.02572937216398863
496,0.3030612244897959,0,25000,350,496,0.7056451612903226,17,135.33253971910426,0.026043550542962327
496,0.3030612244897959,1,25000,355,496,0.7157258064516129,8,137.62993024002225,0.024636156487552144
496,0.32326530612244897,0,25000,365,496,0.7358870967741935,8,138.95969016696796,0.025277139055507162
496,0.32326530612244897,1,25000,366,496,0.7379032258064516,14,138.22738490960236,0.024557065575866552
496,0.34346938775510205,0,25000,369,496,0.7439516129032258,8,139.86461582984484,0.024835172083419073
496,0.34346938775510205,1,25000,383,496,0.7721774193548387,10,141.40800578321355,0.024402690173563033
496,0.3636734693877551,0,25000,371,496,0.7479838709677419,8,140.205357005885,0.024524847458299914
496,0.3636734693877551,1,25000,381,496,0.7681451612903226,9,141.9604002043136,0.02386863957081828
496,0.38387755102040816,0,25000,370,496,0.7459677419354839,7,138.58829664541912,0.027686373741640867
496,0.38387755102040816,1,25000,370,496,0.7459677419354839,6,138.44254865997937,0.02802905122038333
496,0.4040816326530612,0,25000,441,496,0.8891129032258065,1,68.45018197478348,0.07510694755949861
496,0.4040816326530612,1,25000,459,496,0.9254032258064516,2,69.42440620158649,0.07478776235985382
496,0.42428571428571427,0,25000,415,496,0.8366935483870968,11,139.37578873522557,0.03100217446147753
496,0.42428571428571427,1,25000,413,496,0.8326612903225806,12,138.94684149611132,0.030776135285899286
496,0.44448979591836735,0,25000,431,496,0.8689516129032258,9,143.63196120175962,0.03871384610957401
496,0.44448979591836735,1,25000,414,496,0.8346774193548387,18,140.57159681311288,0.03883496687075329
496,0.4646938775510204,0,25000,419,496,0.844758064516129,9,143.94604250089589,0.045581234429286493
496,0.4646938775510204,1,25000,415,496,0.8366935483870968,12,141.2511361703257,0.045726132817946546
496,0.48489795918367345,0,25000,423,496,0.8528225806451613,16,144.29077666743285,0.047191790961960856
496,0.48489795918367345,1,25000,425,496,0.8568548387096774,12,144.08480644847253,0.04771898327309754
496,0.5051020408163265,0,25000,419,496,0.844758064516129,14,144.48581169096119,0.04782710850010739
496,0.5051020408163265,1,25000,435,496,0.8770161290322581,11,147.28076838408566,0.04753296472525567
496,0.5253061224489796,0,25000,421,496,0.8487903225806451,13,145.36794601260573,0.047788977174187786
496,0.5253061224489796,1,25000,417,496,0.8407258064516129,13,145.29617683284798,0.04787415532339398
496,0.5455102040816326,0,25000,429,496,0.8649193548387096,17,147.27230714220545,0.047739897307817226
496,0.5455102040816326,1,25000,428,496,0.8629032258064516,13,146.1551720169826,0.0474299315412557
496,0.5657142857142857,0,25000,448,496,0.9032258064516129,16,150.95394557124547,0.04668005653993526
496,0.5657142857142857,1,25000,433,496,0.8729838709677419,11,147.35624380772987,0.044843062717236364
496,0.5859183673469388,0,25000,427,496,0.8608870967741935,12,147.7563515329811,0.0454588826443249
496,0.5859183673469388,1,25000,444,496,0.8951612903225806,14,150.49301461967588,0.03857328900981105
496,0.6061224489795918,0,25000,422,496,0.8508064516129032,15,146.28923898621372,0.038885928704169175
496,0.6061224489795918,1,25000,429,496,0.8649193548387096,9,148.40419092594402,0.03713586489307648
496,0.6263265306122449,0,25000,431,496,0.8689516129032258,16,147.49114337038088,0.039083758686916645
496,0.6263265306122449,1,25000,424,496,0.8548387096774194,12,151.52535388986496,0.023007864206012175
496,0.6465306122448979,0,25000,437,496,0.8810483870967742,10,149.7903522146536,0.038602159175400094
496,0.6465306122448979,1,25000,433,496,0.8729838709677419,10,153.836154078427,0.022495335995591392
496,0.666734693877551,0,25000,431,496,0.8689516129032258,12,152.88228605549142,0.022573413227529752
496,0.666734693877551,1,25000,427,496,0.8608870967741935,13,147.57345745744192,0.03874226886380467
496,0.6869387755102041,0,25000,436,496,0.8790322580645161,10,154.77398951732513,0.02242394096813043
496,0.6869387755102041,1,25000,438,496,0.8830645161290323,13,155.01807574886567,0.022191540144148328
496,0.7071428571428571,0,25000,443,496,0.8931451612903226,13,149.7448939042506,0.02969658678579439
496,0.7071428571428571,1,25000,429,496,0.8649193548387096,8,152.9102676163231,0.02233827181080786
496,0.7273469387755102,0,25000,453,496,0.9133064516129032,10,130.3129923617435,0.03658708915363819
496,0.7273469387755102,1,25000,436,496,0.8790322580645161,8,146.54128744959974,0.031937085109086286
496,0.7475510204081632,0,25000,446,496,0.8991935483870968,12,129.92231118557106,0.04203407460402919
496,0.7475510204081632,1,25000,439,496,0.8850806451612904,8,123.00818028986947,0.04408606210147484
496,0.7677551020408163,0,25000,458,496,0.9233870967741935,9,102.99737899482199,0.04867016974204029
496,0.7677551020408163,1,25000,458,496,0.9233870967741935,13,101.29069747703443,0.05099910567531466
496,0.7879591836734694,0,25000,461,496,0.9294354838709677,11,96.59725393835473,0.049159837752173
496,0.7879591836734694,1,25000,466,496,0.9395161290322581,7,95.23586663066271,0.04962770351456227
496,0.8081632653061224,0,25000,455,496,0.9173387096774194,10,90.37789360998084,0.04892866529766317
496,0.8081632653061224,1,25000,454,496,0.9153225806451613,11,89.35093590990977,0.04736380547349962
496,0.8283673469387755,0,25000,461,496,0.9294354838709677,4,109.96313877628029,0.04397666654294366
496,0.8283673469387755,1,25000,469,496,0.9455645161290323,7,108.53541190106102,0.043190781075368605
496,0.8485714285714285,0,25000,463,496,0.9334677419354839,10,112.51480432830206,0.04212919559891437
496,0.8485714285714285,1,25000,462,496,0.9314516129032258,5,111.90224573512157,0.04219979424099704
496,0.8687755102040816,0,25000,461,496,0.9294354838709677,10,131.8728489040482,0.036398803324138994
496,0.8687755102040816,1,25000,459,496,0.9254032258064516,5,140.67221780467375,0.03491942458533051
496,0.8889795918367347,0,25000,467,496,0.9415322580645161,7,151.63782114319116,0.029533183546873697
496,0.8889795918367347,1,25000,476,496,0.9596774193548387,6,153.38214626587484,0.029297366871020677
496,0.9091836734693878,0,25000,474,496,0.9556451612903226,10,155.1961047509872,0.02767807865176755
496,0.9091836734693878,1,25000,466,496,0.9395161290322581,9,154.85271652502433,0.025907476719320054
496,0.9293877551020407,0,25000,468,496,0.9435483870967742,10,154.66068938409393,0.025823902098599246
496,0.9293877551020407,1,25000,472,496,0.9516129032258065,6,156.28702213970394,0.026390525203258852
496,0.9495918367346938,0,25000,468,496,0.9435483870967742,8,155.39904047405423,0.024741175743224028
496,0.9495918367346938,1,25000,472,496,0.9516129032258065,7,157.8605355389602,0.022859446838173158
496,0.9697959183673469,0,25000,481,496,0.969758064516129,3,159.14606428345672,0.02271830379692727
496,0.9697959183673469,1,25000,475,496,0.9576612903225806,7,158.31945018459845,0.0228391205081008
496,0.99,0,25000,467,496,0.9415322580645161,11,156.3467776788909,0.023035181392394195
496,0.99,1,25000,474,496,0.9556451612903226,10,157.27448295957782,0.023056970548687463
512,0.0,0,25000,142,512,0.27734375,4,62.77813501493594,0.06895901489089137
512,0.0,1,25000,144,512,0.28125,7,64.70410242253482,0.06479418781078397
512,0.02020408163265306,0,25000,162,512,0.31640625,10,75.58557425022391,0.05249279587251091
512,0.02020408163265306,1,25000,161,512,0.314453125,8,71.87487700918163,0.0546926162633325
512,0.04040816326530612,0,25000,175,512,0.341796875,9,81.51771848648298,0.04876874422504843
512,0.04040816326530612,1,25000,176,512,0.34375,14,82.0591580500901,0.04916927997839873
512,0.06061224489795918,0,25000,195,512,0.380859375,6,88.35857984456622,0.05289519470783449
512,0.06061224489795918,1,25000,193,512,0.376953125,18,90.46210544324063,0.04531382424929578
512,0.08081632653061224,0,25000,204,512,0.3984375,16,94.60657997430427,0.04606085953590436
512,0.08081632653061224,1,25000,216,512,0.421875,10,96.2869515790899,0.044440672026156355
512,0.1010204081632653,0,25000,224,512,0.4375,18,103.44836612763447,0.04251532902227703
512,0.1010204081632653,1,25000,224,512,0.4375,21,101.94394780258682,0.03728710484912067
512,0.12122448979591836,0,25000,230,512,0.44921875,15,105.10279764667982,0.03939850064325599
512,0.12122448979591836,1,25000,234,512,0.45703125,17,106.21743388758381,0.0365892561509097
512,0.14142857142857143,0,25000,258,512,0.50390625,14,110.3386020157987,0.03426254998330258
512,0.14142857142857143,1,25000,256,512,0.5,16,112.86722086504591,0.03365437590340297
512,0.16163265306122448,0,25000,271,512,0.529296875,17,117.6357409063825,0.032972674521380876
512,0.16163265306122448,1,25000,266,512,0.51953125,19,117.17230241198097,0.03309129226059498
512,0.18183673469387754,0,25000,285,512,0.556640625,16,120.89585532015934,0.03162290755508762
512,0.18183673469387754,1,25000,283,512,0.552734375,20,120.62743754985235,0.03214616807965543
512,0.2020408163265306,0,25000,294,512,0.57421875,24,125.15650703278429,0.030671149782046058
512,0.2020408163265306,1,25000,293,512,0.572265625,14,123.603206239611,0.028699067303727503
512,0.22224489795918367,0,25000,299,512,0.583984375,15,125.55505687109925,0.028760146300146918
512,0.22224489795918367,1,25000,313,512,0.611328125,19,128.21267092826827,0.027828061320557894
512,0.24244897959183673,0,25000,320,512,0.625,13,129.79874393506196,0.027581625487519933
512,0.24244897959183673,1,25000,316,512,0.6171875,21,128.94403955907876,0.02691765136735047
512,0.2626530612244898,0,25000,336,512,0.65625,19,134.72851188356142,0.02662599082631433
512,0.2626530612244898,1,25000,335,512,0.654296875,10,134.0943648951694,0.025841592760744877
512,0.28285714285714286,0,25000,353,512,0.689453125,14,137.42513964897617,0.025989030789305957
512,0.28285714285714286,1,25000,351,512,0.685546875,12,137.54857179642016,0.025034190668509045
512,0.3030612244897959,0,25000,353,512,0.689453125,10,138.19299663739667,0.025041914507355455
512,0.3030612244897959,1,25000,351,512,0.685546875,14,138.70842454069066,0.024420676964171058
512,0.32326530612244897,0,25000,367,512,0.716796875,16,139.5882166741307,0.024715282657589183
512,0.32326530612244897,1,25000,374,512,0.73046875,9,141.31309667307158,0.024365434964640206
512,0.34346938775510205,0,25000,371,512,0.724609375,18,141.36428317813122,0.02429941511846605
512,0.34346938775510205,1,25000,373,512,0.728515625,3,143.57624552044553,0.02367013554105249
512,0.3636734693877551,0,25000,380,512,0.7421875,9,143.1018883337328,0.02406714720094725
512,0.3636734693877551,1,25000,384,512,0.75,7,145.05813726015282,0.023478178495219708
512,0.38387755102040816,0,25000,385,512,0.751953125,12,140.65810478698353,0.031076884407455787
512,0.38387755102040816,1,25000,393,512,0.767578125,5,145.5420927986197,0.02556508956474121
512,0.4040816326530612,0,25000,456,512,0.890625,8,93.19234569725226,0.06523630473301262
512,0.4040816326530612,1,25000,444,512,0.8671875,4,123.11185426320986,0.054249161777735866
512,0.42428571428571427,0,25000,429,512,0.837890625,13,149.17532686157506,0.023988672830459436
512,0.42428571428571427,1,25000,429,512,0.837890625,11,149.0054692281076,0.024274570060554994
512,0.44448979591836735,0,25000,427,512,0.833984375,13,149.78280787041626,0.023446819649083857
512,0.44448979591836735,1,25000,427,512,0.833984375,9,150.27654195392552,0.02374411332383032
512,0.4646938775510204,0,25000,418,512,0.81640625,11,151.03549431303418,0.022738726520635792
512,0.4646938775510204,1,25000,436,512,0.8515625,12,153.04490543534197,0.023896283498009964
512,0.48489795918367345,0,25000,445,512,0.869140625,16,155.85477448177858,0.023770130812255597
512,0.48489795918367345,1,25000,441,512,0.861328125,13,154.5983314823109,0.02360210001883448
512,0.5051020408163265,0,25000,445,512,0.869140625,10,156.01936052785533,0.0242606380021243
512,0.5051020408163265,1,25000,431,512,0.841796875,13,154.05708929265472,0.024135468878770824
512,0.5253061224489796,0,25000,444,512,0.8671875,12,156.1259751246523,0.024002413090250828
512,0.5253061224489796,1,25000,432,512,0.84375,15,154.1458633231597,0.024230327454093543
512,0.5455102040816326,0,25000,442,512,0.86328125,15,156.21186171793954,0.02390754332424088
512,0.5455102040816326,1,25000,444,512,0.8671875,12,156.2072921938318,0.024102057962097523
512,0.5657142857142857,0,25000,440,512,0.859375,15,156.8996668097744,0.02409009237440815
512,0.5657142857142857,1,25000,441,512,0.861328125,15,156.0319281021362,0.023974555227325015
512,0.5859183673469388,0,25000,447,512,0.873046875,10,157.31485732583212,0.02421147455401045
512,0.5859183673469388,1,25000,433,512,0.845703125,10,154.89357905015666,0.02423068960216379
512,0.6061224489795918,0,25000,442,512,0.86328125,17,156.77016183454367,0.02367229810079522
512,0.6061224489795918,1,25000,434,512,0.84765625,12,154.78587231582708,0.02395726661955776
512,0.6263265306122449,0,25000,449,512,0.876953125,11,158.0087070805577,0.023848706582820234
512,0.6263265306122449,1,25000,445,512,0.869140625,13,157.38967181647035,0.02387974266882876
512,0.6465306122448979,0,25000,449,512,0.876953125,14,157.0399855340614,0.024328034868753658
512,0.6465306122448979,1,25000,440,512,0.859375,16,156.33144850908707,0.023991298315126187
512,0.666734693877551,0,25000,441,512,0.861328125,12,155.1834263925823,0.02434520211641859
512,0.666734693877551,1,25000,447,512,0.873046875,14,157.36569333609134,0.02381544977687982
512,0.6869387755102041,0,25000,439,512,0.857421875,12,155.09971118475386,0.02436639478167936
512,0.6869387755102041,1,25000,444,512,0.8671875,13,157.21611874860028,0.02405254540841867
512,0.7071428571428571,0,25000,452,512,0.8828125,11,158.99660188913748,0.02196380246700652
512,0.7071428571428571,1,25000,447,512,0.873046875,18,157.79315926019206,0.022461224955554655
512,0.7273469387755102,0,25000,452,512,0.8828125,9,158.81842476742406,0.023906837832548593
512,0.7273469387755102,1,25000,441,512,0.861328125,17,157.2504786698447,0.022054509028174567
512,0.7475510204081632,0,25000,445,512,0.869140625,15,158.76339296591914,0.021708843914198916
512,0.7475510204081632,1,25000,454,512,0.88671875,17,158.798347534323,0.022146233583269608
512,0.7677551020408163,0,25000,449,512,0.876953125,16,158.27295891343363,0.022150371492524714
512,0.7677551020408163,1,25000,457,512,0.892578125,9,160.3781001123532,0.021606868592495734
512,0.7879591836734694,0,25000,449,512,0.876953125,15,158.8872086108069,0.022085960271838914
512,0.7879591836734694,1,25000,457,512,0.892578125,17,159.9627645841233,0.021679879542998628
512,0.8081632653061224,0,25000,461,512,0.900390625,10,160.44280717951824,0.021976092197520357
512,0.8081632653061224,1,25000,467,512,0.912109375,11,161.41569294056762,0.02185515081544625
512,0.8283673469387755,0,25000,463,512,0.904296875,15,162.62376961159555,0.02173395599981983
512,0.8283673469387755,1,25000,464,512,0.90625,10,162.1238991331157,0.021636051981636695
512,0.8485714285714285,0,25000,467,512,0.912109375,12,162.0629801401393,0.021682536469546036
512,0.8485714285714285,1,25000,463,512,0.904296875,11,161.59699277774945,0.021647371877444255
512,0.8687755102040816,0,25000,464,512,0.90625,14,160.5340203464172,0.022038782988522236
512,0.8687755102040816,1,25000,474,512,0.92578125,12,163.42599607020605,0.021588700012405218
512,0.8889795918367347,0,25000,464,512,0.90625,17,160.72649706004813,0.022083130751434907
512,0.8889795918367347,1,25000,479,512,0.935546875,10,164.25583772572702,0.021491503568296766
512,0.9091836734693878,0,25000,480,512,0.9375,4,164.42081188435077,0.021533544953487922
512,0.9091836734693878,1,25000,472,512,0.921875,5,162.77448840762167,0.021572419089229168
512,0.9293877551020407,0,25000,478,512,0.93359375,9,163.61915761102486,0.021820292409288365
512,0.9293877551020407,1,25000,478,512,0.93359375,9,163.9106082564738,0.021988651624867107
512,0.9495918367346938,0,25000,486,512,0.94921875,9,164.97472637106983,0.021590044559564453
512,0.9495918367346938,1,25000,478,512,0.93359375,6,164.50773931667626,0.021472000840084778
512,0.9697959183673469,0,25000,487,512,0.951171875,10,164.35912089605068,0.021693240448057965
512,0.9697959183673469,1,25000,486,512,0.94921875,9,163.5886808036296,0.022341547961562555
512,0.99,0,25000,475,512,0.927734375,10,154.6640500786778,0.024458244786612453
512,0.99,1,25000,480,512,0.9375,5,156.15084522068338,0.024188372299009296
64,0.0,0,25000,25,64,0.390625,11,8.980403719262874,0.3330642639342739
64,0.0,1,25000,26,64,0.40625,10,8.659894471402437,0.3373692405408496
64,0.02020408163265306,0,25000,26,64,0.40625,11,9.744094956787249,0.3177506832730131
64,0.02020408163265306,1,25000,26,64,0.40625,11,9.060379105946605,0.332507558024804
64,0.04040816326530612,0,25000,26,64,0.40625,12,9.637039303203593,0.31797364862968125
64,0.04040816326530612,1,25000,27,64,0.421875,13,10.021144677460768,0.32558384113965455
64,0.06061224489795918,0,25000,26,64,0.40625,16,10.556259753015762,0.30487514931990717
64,0.06061224489795918,1,25000,26,64,0.40625,15,10.075793895689603,0.3179578536516842
64,0.08081632653061224,0,25000,27,64,0.421875,16,10.819522289240027,0.3030056045042978
64,0.08081632653061224,1,25000,27,64,0.421875,16,10.344753281655962,0.3156950777076617
64,0.1010204081632653,0,25000,26,64,0.40625,16,10.911216265561496,0.29923016121596446
64,0.1010204081632653,1,25000,27,64,0.421875,17,10.740021573243231,0.3096582215701787
64,0.12122448979591836,0,25000,27,64,0.421875,18,11.281401515154046,0.29398090319723363
64,0.12122448979591836,1,25000,28,64,0.4375,16,11.148763509774795,0.30101012811252426
64,0.14142857142857143,0,25000,28,64,0.4375,18,11.57158453004411,0.2915743980617272
64,0.14142857142857143,1,25000,29,64,0.453125,18,11.681033578537038,0.29173996286346604
64,0.16163265306122448,0,25000,30,64,0.46875,21,12.554441151188133,0.2816156178862386
64,0.16163265306122448,1,25000,29,64,0.453125,20,12.196864128719197,0.28722107196044444
64,0.18183673469387754,0,25000,30,64,0.46875,18,12.078371558519748,0.284622325359504
64,0.18183673469387754,1,25000,29,64,0.453125,20,12.32064549756015,0.28006533043463727
64,0.2020408163265306,0,25000,33,64,0.515625,19,13.075754894086675,0.2740890220292225
64,0.2020408163265306,1,25000,32,64,0.5,21,13.071343230614046,0.27472167178877505
64,0.22224489795918367,0,25000,32,64,0.5,19,12.412179842527705,0.2805426486373317
64,0.22224489795918367,1,25000,33,64,0.515625,21,13.175008461046364,0.26972296957478364
64,0.24244897959183673,0,25000,33,64,0.515625,23,13.480277213368955,0.2684684463299345
64,0.24244897959183673,1,25000,32,64,0.5,23,13.242836189958435,0.26530509271466274
64,0.2626530612244898,0,25000,35,64,0.546875,23,14.061960937101897,0.2625946471637503
64,0.2626530612244898,1,25000,31,64,0.484375,23,13.344333747419437,0.2614428469901332
64,0.28285714285714286,0,25000,34,64,0.53125,23,13.560915122031181,0.2637001385598454
64,0.28285714285714286,1,25000,35,64,0.546875,23,13.498411389048808,0.25990549512141237
64,0.3030612244897959,0,25000,37,64,0.578125,22,13.780712457910079,0.26166186742162073
64,0.3030612244897959,1,25000,38,64,0.59375,22,14.31435280789039,0.2510565377852371
64,0.32326530612244897,0,25000,43,64,0.671875,27,14.456544569534339,0.25052333025751583
64,0.32326530612244897,1,25000,43,64,0.671875,23,13.824566655247153,0.24993445850693546
64,0.34346938775510205,0,25000,47,64,0.734375,21,13.46410883533331,0.257326399249898
64,0.34346938775510205,1,25000,47,64,0.734375,22,13.496794720894519,0.24953838503117115
64,0.3636734693877551,0,25000,54,64,0.84375,22,14.32523559425671,0.24394270770282603
64,0.3636734693877551,1,25000,50,64,0.78125,21,13.988673894226734,0.24049885848083796
64,0.38387755102040816,0,25000,53,64,0.828125,18,12.968352757469185,0.250191360894897
64,0.38387755102040816,1,25000,55,64,0.859375,20,13.761381747491422,0.24175512147395894
64,0.4040816326530612,0,25000,52,64,0.8125,16,10.801575644449782,0.2672234460588624
64,0.4040816326530612,1,25000,55,64,0.859375,18,11.577171518132527,0.2504878520137209
64,0.42428571428571427,0,25000,53,64,0.828125,20,9.285352953071502,0.2700667568214294
64,0.42428571428571427,1,25000,55,64,0.859375,22,10.205142592863208,0.25516387037886257
64,0.44448979591836735,0,25000,56,64,0.875,18,9.09375060222509,0.261676392155022
64,0.44448979591836735,1,25000,53,64,0.828125,19,9.31079798179002,0.2500951443359059
64,0.4646938775510204,0,25000,55,64,0.859375,15,8.132398216748935,0.2646250115548525
64,0.4646938775510204,1,25000,55,64,0.859375,17,8.249040032770658,0.25933052139438917
64,0.48489795918367345,0,25000,56,64,0.875,14,7.50722656157283,0.2754200517702805
64,0.48489795918367345,1,25000,56,64,0.875,14,7.7327439721464035,0.268996681960875
64,0.5051020408163265,0,25000,55,64,0.859375,11,7.326718933011997,0.28106215446761895
64,0.5051020408163265,1,25000,59,64,0.921875,16,7.844422848654069,0.2676457751285422
64,0.5253061224489796,0,25000,60,64,0.9375,11,7.0133656532348345,0.30310284565789547
64,0.5253061224489796,1,25000,61,64,0.953125,13,7.566165032889394,0.28005591115414863
64,0.5455102040816326,0,25000,63,64,0.984375,12,7.436882159316046,0.29459719542827495
64,0.5455102040816326,1,25000,62,64,0.96875,11,7.09649675347508,0.3070336367500285
64,0.5657142857142857,0,25000,62,64,0.96875,9,6.797329277771618,0.3287083745180446
64,0.5657142857142857,1,25000,60,64,0.9375,8,6.5644101043322385,0.32814600631820334
64,0.5859183673469388,0,25000,63,64,0.984375,7,6.582815435316213,0.3528375482288239
64,0.5859183673469388,1,25000,63,64,0.984375,8,6.7185565900271405,0.3412471542872456
64,0.6061224489795918,0,25000,62,64,0.96875,6,6.473672371963603,0.3684477999043836
64,0.6061224489795918,1,25000,63,64,0.984375,5,6.073857456138185,0.3993314469774195
64,0.6263265306122449,0,25000,64,64,1.0,4,6.798510402940089,0.3839921788700784
64,0.6263265306122449,1,25000,64,64,1.0,4,6.613364941782442,0.39334345029226603
64,0.6465306122448979,0,25000,64,64,1.0,1,8.630951443653515,0.39251966451597053
64,0.6465306122448979,1,25000,64,64,1.0,3,7.19910695793332,0.3972903664568129
64,0.666734693877551,0,25000,63,64,0.984375,2,9.222353565445014,0.3814457061783801
64,0.666734693877551,1,25000,64,64,1.0,2,8.342855927272232,0.3933231526585157
64,0.6869387755102041,0,25000,62,64,0.96875,3,8.082813596219715,0.3956406974784191
64,0.6869387755102041,1,25000,64,64,1.0,1,10.629657458884427,0.35680678713983177
64,0.7071428571428571,0,25000,63,64,0.984375,3,10.948553984353193,0.347819741034877
64,0.7071428571428571,1,25000,64,64,1.0,2,10.493066657943022,0.353562449156974
64,0.7273469387755102,0,25000,63,64,0.984375,3,11.942742188957538,0.32914523840867616
64,0.7273469387755102,1,25000,64,64,1.0,61,22.77650091219744,0.10981201324473326
64,0.7475510204081632,0,25000,62,64,0.96875,8,12.44364449431275,0.3189195873962129
64,0.7475510204081632,1,25000,63,64,0.984375,58,20.838007259104444,0.1250124472066061
64,0.7677551020408163,0,25000,63,64,0.984375,56,21.28623790898249,0.11809311137985025
64,0.7677551020408163,1,25000,64,64,1.0,59,21.391434366359732,0.12236036605826817
64,0.7879591836734694,0,25000,64,64,1.0,61,21.37871693160465,0.1205627803994909
64,0.7879591836734694,1,25000,62,64,0.96875,57,21.9380736501176,0.11206701453271163
64,0.8081632653061224,0,25000,64,64,1.0,61,21.60531295154832,0.11966224567171181
64,0.8081632653061224,1,25000,64,64,1.0,59,21.62384802105538,0.12086643177572604
64,0.8283673469387755,0,25000,64,64,1.0,58,21.811058837126634,0.11468507851325355
64,0.8283673469387755,1,25000,64,64,1.0,63,21.896858675743204,0.11452651628533138
64,0.8485714285714285,0,25000,63,64,0.984375,61,21.64598680827789,0.11585629188228179
64,0.8485714285714285,1,25000,63,64,0.984375,59,21.687982387494568,0.11540218707914182
64,0.8687755102040816,0,25000,64,64,1.0,60,21.742021379677542,0.1161386817453181
64,0.8687755102040816,1,25000,64,64,1.0,60,22.110740424832276,0.111972161170766
64,0.8889795918367347,0,25000,63,64,0.984375,60,21.924117055565027,0.11324315658704777
64,0.8889795918367347,1,25000,64,64,1.0,60,22.10888940897255,0.11199690948780038
64,0.9091836734693878,0,25000,64,64,1.0,63,21.897237146307894,0.11447753368458388
64,0.9091836734693878,1,25000,64,64,1.0,62,22.055806682983025,0.11287427722971885
64,0.9293877551020407,0,25000,64,64,1.0,60,22.40656872381885,0.1095070673780211
64,0.9293877551020407,1,25000,64,64,1.0,60,22.848258870151206,0.1075296118475781
64,0.9495918367346938,0,25000,63,64,0.984375,59,22.30359465115567,0.11022683160920368
64,0.9495918367346938,1,25000,64,64,1.0,63,22.423294086230477,0.10988452464009466
64,0.9697959183673469,0,25000,63,64,0.984375,61,22.49683265380466,0.10964541417240056
64,0.9697959183673469,1,25000,64,64,1.0,62,22.708484842409334,0.10738180201852732
64,0.99,0,25000,63,64,0.984375,62,22.390382978315223,0.10908664980898702
64,0.99,1,25000,64,64,1.0,63,22.555985824588642,0.10894758652392514
80,0.0,0,25000,27,80,0.3375,11,9.897322944919054,0.3013391496982718
80,0.0,1,25000,28,80,0.35,11,10.134824495456833,0.3036948176628658
80,0.02020408163265306,0,25000,28,80,0.35,11,10.333813553797402,0.29680809676923203
80,0.02020408163265306,1,25000,29,80,0.3625,13,10.456062909472042,0.3017308872398766
80,0.04040816326530612,0,25000,28,80,0.35,14,11.363958657219698,0.2874412106127279
80,0.04040816326530612,1,25000,30,80,0.375,14,11.477739005337014,0.2909799606700058
80,0.06061224489795918,0,25000,27,80,0.3375,14,11.422903519337435,0.28634906472909716
80,0.06061224489795918,1,25000,30,80,0.375,15,11.991150008432776,0.2854100089079727
80,0.08081632653061224,0,25000,30,80,0.375,16,12.436015433953612,0.27841583178602713
80,0.08081632653061224,1,25000,30,80,0.375,15,12.127053009050027,0.2815961351461524
80,0.1010204081632653,0,25000,29,80,0.3625,17,12.191465933764027,0.277400098862557
80,0.1010204081632653,1,25000,31,80,0.3875,16,12.515710374243948,0.2780634781602579
80,0.12122448979591836,0,25000,30,80,0.375,19,12.96458502560714,0.26795097184624106
80,0.12122448979591836,1,25000,30,80,0.375,17,12.797851042243044,0.2696224576111799
80,0.14142857142857143,0,25000,32,80,0.4,20,13.626469623773703,0.2621428844604777
80,0.14142857142857143,1,25000,29,80,0.3625,21,13.450344070467786,0.26066428852888246
80,0.16163265306122448,0,25000,31,80,0.3875,23,14.109356896973763,0.2536458094408016
80,0.16163265306122448,1,25000,33,80,0.4125,25,14.63691417379249,0.2530507976435404
80,0.18183673469387754,0,25000,34,80,0.425,20,14.541953636758354,0.25053630317371645
80,0.18183673469387754,1,25000,34,80,0.425,25,15.029561743321477,0.24750300032573325
80,0.2020408163265306,0,25000,35,80,0.4375,22,14.983442005322406,0.24560514143105736
80,0.2020408163265306,1,25000,34,80,0.425,24,15.038939850455403,0.24445952332281937
80,0.22224489795918367,0,25000,37,80,0.4625,23,15.25714656560095,0.24290890991442576
80,0.22224489795918367,1,25000,39,80,0.4875,23,15.747542768513243,0.24338695674289368
80,0.24244897959183673,0,25000,40,80,0.5,24,15.712638327386589,0.23966906645425257
80,0.24244897959183673,1,25000,38,80,0.475,29,16.089320841085424,0.2374510251483385
80,0.2626530612244898,0,25000,48,80,0.6,23,16.672943700169107,0.23054415068158568
80,0.2626530612244898,1,25000,47,80,0.5875,25,16.159649519863898,0.23449372330737617
80,0.28285714285714286,0,25000,55,80,0.6875,22,16.170375008376915,0.23323545287938852
80,0.28285714285714286,1,25000,54,80,0.675,24,16.106346612519175,0.23390651752953817
80,0.3030612244897959,0,25000,57,80,0.7125,23,15.908154711501393,0.23202314002759222
80,0.3030612244897959,1,25000,58,80,0.725,21,16.209492398785144,0.2251478069024147
80,0.32326530612244897,0,25000,69,80,0.8625,26,17.50502624402387,0.21828919924226275
80,0.32326530612244897,1,25000,66,80,0.825,23,16.95138312434981,0.22106310491428977
80,0.34346938775510205,0,25000,69,80,0.8625,19,17.47661037506049,0.210776771264864
80,0.34346938775510205,1,25000,70,80,0.875,19,17.408541983496136,0.21523105670431555
80,0.3636734693877551,0,25000,73,80,0.9125,17,17.42361402333987,0.2104648881895352
80,0.3636734693877551,1,25000,76,80,0.95,18,18.46605968154222,0.21236715815399146
80,0.38387755102040816,0,25000,73,80,0.9125,17,14.698868958125257,0.21807619993556013
80,0.38387755102040816,1,25000,75,80,0.9375,22,15.118389435923735,0.22026972594997973
80,0.4040816326530612,0,25000,73,80,0.9125,18,12.226031707714416,0.23368294231539286
80,0.4040816326530612,1,25000,73,80,0.9125,18,11.407792388698287,0.24662276465899524
80,0.42428571428571427,0,25000,72,80,0.9,20,10.498792247635713,0.2331504548109304
80,0.42428571428571427,1,25000,71,80,0.8875,19,9.72123807671868,0.24749453970915547
80,0.44448979591836735,0,25000,72,80,0.9,18,9.591534668160612,0.24038927972803859
80,0.44448979591836735,1,25000,70,80,0.875,17,9.445979811985868,0.23976063533083297
80,0.4646938775510204,0,25000,71,80,0.8875,14,8.78588807538949,0.2470722655793508
80,0.4646938775510204,1,25000,73,80,0.9125,15,9.141757260341503,0.24268603207862505
80,0.48489795918367345,0,25000,73,80,0.9125,13,8.701119108280622,0.2544084288356723
80,0.48489795918367345,1,25000,72,80,0.9,12,8.406103246964722,0.2644257635810047
80,0.5051020408163265,0,25000,75,80,0.9375,11,8.427021163214812,0.27062889555691017
80,0.5051020408163265,1,25000,74,80,0.925,12,8.181287752191231,0.28295469039792664
80,0.5253061224489796,0,25000,76,80,0.95,11,8.363718034968183,0.28717670511520776
80,0.5253061224489796,1,25000,76,80,0.95,12,8.655354901974324,0.27940431458531395
80,0.5455102040816326,0,25000,78,80,0.975,8,7.9827896638304745,0.32323404620821744
80,0.5455102040816326,1,25000,79,80,0.9875,11,8.486004754208112,0.28966495356158956
80,0.5657142857142857,0,25000,80,80,1.0,8,8.530730308273341,0.31581489599460555
80,0.5657142857142857,1,25000,78,80,0.975,6,8.026203065314032,0.3431071988767528
80,0.5859183673469388,0,25000,78,80,0.975,5,7.87271530121129,0.38066423755146905
80,0.5859183673469388,1,25000,78,80,0.975,7,8.500598817189694,0.31842320930294865
80,0.6061224489795918,0,25000,78,80,0.975,3,8.660621068489966,0.3650882287806513
80,0.6061224489795918,1,25000,77,80,0.9625,4,8.173473045026276,0.3668074956940234
80,0.6263265306122449,0,25000,80,80,1.0,2,9.837064544621512,0.36414836070020606
80,0.6263265306122449,1,25000,77,80,0.9625,2,9.491154508577873,0.3721152201243819
80,0.6465306122448979,0,25000,78,80,0.975,2,9.691878940133515,0.36586293817521154
80,0.6465306122448979,1,25000,78,80,0.975,1,11.808693852271254,0.3389406890062091
80,0.666734693877551,0,25000,78,80,0.975,2,11.536701633053717,0.3361999919312935
80,0.666734693877551,1,25000,78,80,0.975,1,12.066025584570202,0.3328351696908234
80,0.6869387755102041,0,25000,80,80,1.0,1,12.612093962096111,0.3226720682302727
80,0.6869387755102041,1,25000,79,80,0.9875,2,12.662656692564028,0.32340269542375727
80,0.7071428571428571,0,25000,78,80,0.975,2,13.749865995299896,0.30676978054690895
80,0.7071428571428571,1,25000,78,80,0.975,5,16.5460610794671,0.2799525389034773
80,0.7273469387755102,0,25000,79,80,0.9875,4,14.533022833238505,0.2979090162527535
80,0.7273469387755102,1,25000,79,80,0.9875,5,16.81458662984933,0.2725707403751542
80,0.7475510204081632,0,25000,80,80,1.0,63,26.756137190822717,0.10350521168745468
80,0.7475510204081632,1,25000,76,80,0.95,62,27.20046746905924,0.09558473146163449
80,0.7677551020408163,0,25000,80,80,1.0,62,25.79588458586398,0.10573170312947568
80,0.7677551020408163,1,25000,79,80,0.9875,64,26.014386825626353,0.10707003846847046
80,0.7879591836734694,0,25000,79,80,0.9875,64,26.48117306251654,0.10176015792157254
80,0.7879591836734694,1,25000,79,80,0.9875,64,26.29330130389757,0.10322056377210609
80,0.8081632653061224,0,25000,80,80,1.0,69,26.956239373942797,0.10104721688735828
80,0.8081632653061224,1,25000,78,80,0.975,66,26.56414650002197,0.10133245624904397
80,0.8283673469387755,0,25000,80,80,1.0,72,27.265310750616656,0.09837861339941759
80,0.8283673469387755,1,25000,80,80,1.0,61,26.86366077401745,0.10033848695179827
80,0.8485714285714285,0,25000,80,80,1.0,67,27.215803318223408,0.09687925316402443
80,0.8485714285714285,1,25000,80,80,1.0,69,26.915037380556623,0.09670262971256222
80,0.8687755102040816,0,25000,80,80,1.0,66,27.294111301772396,0.09471837662464244
80,0.8687755102040816,1,25000,80,80,1.0,63,27.288325028447865,0.0965028444836983
80,0.8889795918367347,0,25000,80,80,1.0,62,27.46408021343126,0.09373159255515702
80,0.8889795918367347,1,25000,80,80,1.0,66,27.20525529155514,0.0962395078328902
80,0.9091836734693878,0,25000,79,80,0.9875,64,27.36287571337752,0.09383780306565612
80,0.9091836734693878,1,25000,80,80,1.0,67,27.727638985181848,0.09313023298041687
80,0.9293877551020407,0,25000,79,80,0.9875,67,27.84732884754569,0.09066825735609119
80,0.9293877551020407,1,25000,79,80,0.9875,61,27.841157667327003,0.09150547713677372
80,0.9495918367346938,0,25000,80,80,1.0,63,28.028928476076707,0.09257548180512525
80,0.9495918367346938,1,25000,80,80,1.0,72,27.962718994199037,0.0919553007736624
80,0.9697959183673469,0,25000,78,80,0.975,64,27.56930179573735,0.09278802043896119
80,0.9697959183673469,1,25000,79,80,0.9875,67,27.679659691267958,0.09214081955611622
80,0.99,0,25000,80,80,1.0,67,27.847710433911313,0.0929552807775833
80,0.99,1,25000,80,80,1.0,70,27.878009783613244,0.09202066937628411
96,0.0,0,25000,30,96,0.3125,11,11.123310889731734,0.2747118790142802
96,0.0,1,25000,31,96,0.3229166666666667,11,11.28430377616862,0.27918472213174306
96,0.02020408163265306,0,25000,31,96,0.3229166666666667,13,11.481011876722876,0.27258314981159015
96,0.02020408163265306,1,25000,29,96,0.3020833333333333,14,11.46681244462107,0.27843902781527086
96,0.04040816326530612,0,25000,30,96,0.3125,14,12.306800508655297,0.27141977820736884
96,0.04040816326530612,1,25000,31,96,0.3229166666666667,14,12.178812259835563,0.27643164637630896
96,0.06061224489795918,0,25000,32,96,0.3333333333333333,16,13.045546194694364,0.2663894366829112
96,0.06061224489795918,1,25000,32,96,0.3333333333333333,16,13.032142037030477,0.26671436060863024
96,0.08081632653061224,0,25000,31,96,0.3229166666666667,17,13.084524320739384,0.2630869725873256
96,0.08081632653061224,1,25000,32,96,0.3333333333333333,16,13.318460491281096,0.2673328014397621
96,0.1010204081632653,0,25000,32,96,0.3333333333333333,17,13.865742054836332,0.25550872590437673
96,0.1010204081632653,1,25000,35,96,0.3645833333333333,16,13.885535324508497,0.26039572706691355
96,0.12122448979591836,0,25000,35,96,0.3645833333333333,17,14.509638192871204,0.2529748047638006
96,0.12122448979591836,1,25000,34,96,0.3541666666666667,19,14.87981697121025,0.2510382969124788
96,0.14142857142857143,0,25000,35,96,0.3645833333333333,20,15.17503899946698,0.24231673355846683
96,0.14142857142857143,1,25000,36,96,0.375,21,15.51010069549635,0.2456017247251176
96,0.16163265306122448,0,25000,36,96,0.375,24,16.045120262616503,0.23245412636183793
96,0.16163265306122448,1,25000,38,96,0.3958333333333333,23,16.30220737470992,0.23986053072367422
96,0.18183673469387754,0,25000,39,96,0.40625,25,16.99456404416609,0.22208587862866036
96,0.18183673469387754,1,25000,39,96,0.40625,23,16.395336342228287,0.23939976344920727
96,0.2020408163265306,0,25000,44,96,0.4583333333333333,29,17.783350368119585,0.21713114823648805
96,0.2020408163265306,1,25000,48,96,0.5,25,17.44874424918981,0.23520408848473845
96,0.22224489795918367,0,25000,55,96,0.5729166666666666,24,18.495898663839093,0.21447057954882828
96,0.22224489795918367,1,25000,53,96,0.5520833333333334,25,17.780489280648084,0.22853488423256121
96,0.24244897959183673,0,25000,62,96,0.6458333333333334,24,18.7475939353342,0.20936788810514498
96,0.24244897959183673,1,25000,62,96,0.6458333333333334,23,17.966771326495884,0.22413893148675512
96,0.2626530612244898,0,25000,66,96,0.6875,18,17.6794620050169,0.20750837261864596
96,0.2626530612244898,1,25000,72,96,0.75,21,18.521038024509586,0.21890668021045678
96,0.28285714285714286,0,25000,74,96,0.7708333333333334,25,19.31102571228432,0.1991103200237489
96,0.28285714285714286,1,25000,77,96,0.8020833333333334,20,18.846135913919845,0.21247203977898316
96,0.3030612244897959,0,25000,81,96,0.84375,19,19.9104916290833,0.1930146481268309
96,0.3030612244897959,1,25000,83,96,0.8645833333333334,20,19.49457129256733,0.20367349387837
96,0.32326530612244897,0,25000,88,96,0.9166666666666666,15,21.825006330682992,0.18481029871708737
96,0.32326530612244897,1,25000,90,96,0.9375,17,22.775390188565495,0.1861079717210073
96,0.34346938775510205,0,25000,92,96,0.9583333333333334,19,23.071933983419115,0.17565260035288915
96,0.34346938775510205,1,25000,93,96,0.96875,18,23.67112043529896,0.1795623360136691
96,0.3636734693877551,0,25000,92,96,0.9583333333333334,19,21.25969722766918,0.1794704330746014
96,0.3636734693877551,1,25000,92,96,0.9583333333333334,14,18.666267737676442,0.20146623625752502
96,0.38387755102040816,0,25000,91,96,0.9479166666666666,13,15.426973124330694,0.19946172236514537
96,0.38387755102040816,1,25000,94,96,0.9791666666666666,19,16.007992574878617,0.20502911500280724
96,0.4040816326530612,0,25000,89,96,0.9270833333333334,18,12.923910288708313,0.21791851591258177
96,0.4040816326530612,1,25000,88,96,0.9166666666666666,16,11.756579925035444,0.23030650451709483
96,0.42428571428571427,0,25000,89,96,0.9270833333333334,17,11.034405997495762,0.21755555832052356
96,0.42428571428571427,1,25000,87,96,0.90625,17,10.30679989101905,0.22963107009500777
96,0.44448979591836735,0,25000,87,96,0.90625,16,9.881756587349797,0.23367765992780648
96,0.44448979591836735,1,25000,86,96,0.8958333333333334,17,10.389445027829355,0.22408955425887472
96,0.4646938775510204,0,25000,88,96,0.9166666666666666,14,10.085843040064262,0.2355377318241391
96,0.4646938775510204,1,25000,89,96,0.9270833333333334,15,10.20735576586155,0.23769402849704324
96,0.48489795918367345,0,25000,90,96,0.9375,11,9.933778635579603,0.2513636421857741
96,0.48489795918367345,1,25000,90,96,0.9375,12,10.115548103981034,0.25268817078840466
96,0.5051020408163265,0,25000,93,96,0.96875,12,10.632837716602122,0.2521011894246221
96,0.5051020408163265,1,25000,94,96,0.9791666666666666,11,10.268216441340352,0.26359319018011745
96,0.5253061224489796,0,25000,92,96,0.9583333333333334,11,10.135724414619663,0.2793607389749596
96,0.5253061224489796,1,25000,91,96,0.9479166666666666,8,9.877996591555442,0.30463629126482317
96,0.5455102040816326,0,25000,95,96,0.9895833333333334,6,10.000500569408231,0.3209514308619015
96,0.5455102040816326,1,25000,91,96,0.9479166666666666,8,9.886720905997183,0.3173675000174738
96,0.5657142857142857,0,25000,90,96,0.9375,4,9.571402606052281,0.35469018095103566
96,0.5657142857142857,1,25000,93,96,0.96875,5,10.286521235014899,0.32711518380224874
96,0.5859183673469388,0,25000,95,96,0.9895833333333334,2,12.541903425666398,0.3238764144234245
96,0.5859183673469388,1,25000,94,96,0.9791666666666666,3,10.800626409892644,0.3380141941409881
96,0.6061224489795918,0,25000,95,96,0.9895833333333334,2,13.154137790366033,0.31652877074699975
96,0.6061224489795918,1,25000,93,96,0.96875,2,12.665595869072579,0.3251074753312859
96,0.6263265306122449,0,25000,94,96,0.9791666666666666,3,14.371735130116061,0.3041490737667447
96,0.6263265306122449,1,25000,94,96,0.9791666666666666,2,12.649120995045603,0.3228265772231566
96,0.6465306122448979,0,25000,93,96,0.96875,1,13.263005346354324,0.31251309808954786
96,0.6465306122448979,1,25000,93,96,0.96875,3,14.342026106691286,0.3057365488466215
96,0.666734693877551,0,25000,95,96,0.9895833333333334,1,14.102898950803336,0.30362369056688465
96,0.666734693877551,1,25000,93,96,0.96875,2,14.355910517033152,0.3023453208954577
96,0.6869387755102041,0,25000,94,96,0.9791666666666666,3,14.732441813691988,0.2950548404637937
96,0.6869387755102041,1,25000,94,96,0.9791666666666666,2,14.916728003751672,0.2942085934947568
96,0.7071428571428571,0,25000,95,96,0.9895833333333334,2,16.753331965038534,0.2771725521772571
96,0.7071428571428571,1,25000,94,96,0.9791666666666666,1,15.147243321433837,0.28874085142863865
96,0.7273469387755102,0,25000,91,96,0.9479166666666666,5,17.63964230975556,0.26537428806225216
96,0.7273469387755102,1,25000,95,96,0.9895833333333334,3,16.429073443042576,0.27661671438564545
96,0.7475510204081632,0,25000,94,96,0.9791666666666666,59,30.771934702500214,0.09812869540881158
96,0.7475510204081632,1,25000,90,96,0.9375,50,31.210214662375645,0.08781991379903129
96,0.7677551020408163,0,25000,94,96,0.9791666666666666,51,31.494374171134496,0.08822471309898267
96,0.7677551020408163,1,25000,95,96,0.9895833333333334,54,30.774724612208026,0.09547313097168925
96,0.7879591836734694,0,25000,94,96,0.9791666666666666,55,31.84314882126068,0.08608411561286067
96,0.7879591836734694,1,25000,96,96,1.0,58,31.911523335368518,0.08875515321528689
96,0.8081632653061224,0,25000,95,96,0.9895833333333334,56,31.816007424818253,0.08971315204172878
96,0.8081632653061224,1,25000,94,96,0.9791666666666666,59,31.93969920556087,0.08533546799302585
96,0.8283673469387755,0,25000,95,96,0.9895833333333334,54,32.54134393669658,0.08439820839447748
96,0.8283673469387755,1,25000,95,96,0.9895833333333334,54,32.10215477917954,0.08573748018952276
96,0.8485714285714285,0,25000,96,96,1.0,55,32.465688168264776,0.08479685907203413
96,0.8485714285714285,1,25000,96,96,1.0,58,32.0261453344561,0.08616520020141209
96,0.8687755102040816,0,25000,96,96,1.0,58,32.59665837305788,0.08316074366328721
96,0.8687755102040816,1,25000,94,96,0.9791666666666666,58,31.5158241227433,0.08698954052886007
96,0.8889795918367347,0,25000,95,96,0.9895833333333334,59,32.33448021941385,0.08416190209963328
96,0.8889795918367347,1,25000,96,96,1.0,63,32.863991064434344,0.08175103173472541
96,0.9091836734693878,0,25000,94,96,0.9791666666666666,57,32.622061216215045,0.08123759844238036
96,0.9091836734693878,1,25000,95,96,0.9895833333333334,60,32.58783145499095,0.08164755149473274
96,0.9293877551020407,0,25000,94,96,0.9791666666666666,63,32.78023728948148,0.08105732652170919
96,0.9293877551020407,1,25000,94,96,0.9791666666666666,56,32.70195195474467,0.08096310928692899
96,0.9495918367346938,0,25000,95,96,0.9895833333333334,61,32.734353522453546,0.08116594065627027
96,0.9495918367346938,1,25000,93,96,0.96875,53,32.481501124650286,0.08136650239597468
96,0.9697959183673469,0,25000,95,96,0.9895833333333334,55,32.92255480650797,0.08129043734887008
96,0.9697959183673469,1,25000,96,96,1.0,62,32.95957128443004,0.08115589136761413
96,0.99,0,25000,96,96,1.0,61,33.07014251595847,0.08112668725636094
96,0.99,1,25000,96,96,1.0,61,33.037080192494734,0.080269682121963
